ID,Volume,Part,Page,Date,Date_cleaned,Date_certainty,Author,Author_certainty,Author_Wkdt,sex or gender,VIAF cluster ID,Title,Imprint,Quotation,Headnote,Index_keywords,language
part1_p271_a2,Vol.1,Part I,p271-272,[a. 1700.,[a. 1700,low,"Cobb, Samuel.]",medium,Samuel Cobb,male,7731760,"Poetæ Britannici. A Poem,","p. 10. [A pamphlet, folio, no title page; from internal evidence (Dryden, old, but alive, &c.) it must have been written just before 1700. It is reprinted in Poems on Several Occasions, by Samuel Cobb, 3rd edition, London, 1710, pp. 188-9, under the title Of Poetry. 1. Its Antiquity. 2. Its Progress. 3. Its Improvement.]","Sunk in a Sea of Ignorance we lay,
Till Chaucer rose, and pointed out the Day,
A joking Bard, whose Antiquated Muse
In mouldy Words could solid Sense produce.
Our English Ennius He, who claim’d his part
In wealthy Nature, tho' unskilld in Art.
The sparkling Diamond on his Dung-hill shines,
And Golden Fragments glitter in his Lines.
Which Spencer gather'd for his Learning known,
And by successful Gleanings made his own.
So careful Bees, on a fair Summer's Day,
Hum o’er the Flowers, and suck the sweets away.
Of Gloriana, and her Knights he sung,
Of Beasts, which from his pregnant Fancy sprung.
O had thy Poet, Britany, rely'd
On native Strength, and Foreign Aid deny'd!
Had not wild Fairies blasted his design,
Mœonides and Virgil had been Thine!
Their finish’d Poems he exactly view'd,
But Chaucer’s steps Religiously pursu’d.
He cull’d and pick’d, and thought it greater praise
T’adore his Master, than improve his Phrase.
Twas counted Sin to deviate from his Page;
So sacred was th' Authority of Age!
The Coyn must sure for currant Sterling pass
Stamp’d with old Chaucer's Venerable Face.
But Johnson found it of a gross Alloy,
Melted it down and flung the Scum away.
He dug pure Silver from a Roman Mine
And prest his Sacred Image on the Coyn.","[The 1710 edn. omits 'Of Gloriana, and her Knights he sung and the following line, and reads 'Dross' for 'Scum' in the 3rd line from the bottom. In the Bodleian Catalogue there is an edn. of Cobb's 'Poems on Several Occasions' printed in 1709. Allibone and Watts mention a Collection of Poems 1707.]","criticism,qualities,humourWit/imitations,particularImitators,spenser",en
part1_p272_a1,Vol.1,Part I,p272-285,1700.,1700,high,"Dryden, [John].",high,John Dryden,male,68937979,"Fables Ancient and Modern, Translated into Verse from Homer, Ovid, Boccace & Chaucer : With Original Poems. Preface,","sign. *A 1 to *D 2 b. (Dryden’s works, ed. Sir W. Scott, revised G. Saintsbury, 1882-93, vol. xi, 1885, Preface, pp. 208-44; also Dryden's Essays, ed. W. P. Ker, 1900, vol. ii, pp. 246-73.)","[sign. *A 1] ... Spencer and Fairfax both flourish’d in the Reign of
Queen Elizabeth : Great Masters in our Language... Milton
was the Poetical Son of Spencer, and Mr. Waller of Fairfax;
for we have our Lineal Descents and Clans, as well as other
Families: Spencer more than once insinuates, that the Soul of
Chaucer was transfus'd into his Body; and that he was be¬
gotten by him Two Hundred years after his Decease. Milton
has acknowledg'd to me that Spencer was his Original;...
But to return: Having done with Ovid for this time, it came
into my mind, that our old English poet, Chaucer, in many
[sign.
*A 1 b]
Things resembled him, and that with no disadvantage on the
Side of the Modern Author, as I shall endeavour to prove when
I compare them: And as I am, and always have been studious
to promote the Honour of my Native Country, so I soon resolv'd
to put their Merits to the Trial, by turning some of the Canter¬
bury Tales into our Language, as it is now refin'd: For by this
Means, both the Poets being set in the same Light, and dress’d
in the same English habit, Story to be compared with Story, a
certain Judgment may be made betwixt them, by the Reader,
without obtruding my Opinion on him: Or if I seem partial to
my Country-man, and Predecessor in the Laurel, the Friends of
Antiquity are not few : And, besides many of the Learn’d, Ovid
has almost all the Beaux, and the whole Fair Sex his declar'd
Patrons. Perhaps I have assum’d somewhat more to my self
than they allow me; because I have adventur'd to sum up the
Evidence; but the Readers are the Jury; and their Privilege
remains entire to decide according to the Merits of the Cause:
Or, if they please, to bring it to another Hearing, before some
other Court. In the mean time, to follow the Thrid of my
Discourse (as Thoughts, according to Mr. Hobbs, have always
some Connexion,) so from Chaucer I was led to think on
Boccace, who was not only his Contemporary, but also pursu'd
the same Studies; wrote Novels in Prose, and many Works in
Verse; particularly is said to have invented the Octave Rhyme,
or Stanza of Eight Lines, which ever since has been maintain'd
by the Practice of all Italian Writers, who are, or at least
assume the title of Heroick Poets: He and Chaucer, among
other Things, had this in common, that they refin'd their
Mother-Tongues; but with this difference, that Dante had
begun to file their Language, at least in Verse, before the time
of Boccace, who likewise receiv’d no little Help from his Master
Petrarch: But the Reformation of their Prose was wholly
owing to Boccace himself; who is yet the Standard of Purity
in the Italian Tongue, though many of his Phrases are become
obsolete, as in process of Time it must needs happen. Chaucer
(as you have formerly been told by our learn’d Mr. Rhymer)
first adorn’d and amplified our barren Tongue from the
Provençall, which was then the most polish'd of all the
Modern Languages : But this Subject has been copiously treated
by that great Critick, who deserves no little Commendation
from us his Countrymen. For these Reasons of Time, and
Resemblance of Genius, in Chaucer and Boccace, I resolv'd to
join them in my present Work; to which I have added some
Original Papers of my own; which whether they are equal or
inferiour to my other Poems, an Author is the most improper
Judge; and therefore I leave them wholly to the Mercy of the
Reader: I will hope the best, that they will not be con¬
demn'd; but if they should, I have the Excuse of an old
Gentleman, who, mounting on Horseback before some Ladies,
when I was present, got up somewhat heavily, but desir'd of
the Fair Spectators, that they would count Fourscore and
eight before they judg’d him....
[sign. *B1] I proceed to Ovid, and Chaucer; considering the former
only in relation to the latter. With Ovid ended the Golden
Age of the Roman Tongue: From Chaucer the Purity of the
English Tongue began. The Manners of the Poets were not
unlike: Both of them were well-bred, well-natur'd, amorous,
and Libertine, at least in their Writings, it may be, also in their
Lives. Their Studies were the same, Philosophy, and Philology.
Both of them were knowing in Astronomy; of which Ovid’s
Books of the Roman Feasts, and Chaucer's Treatise of the
Astrolabe, are sufficient Witnesses. But Chaucer was likewise
an Astrologer, as were Virgil, Horace, Persius, and Manilius.
Both writ with wonderful Facility and Clearness; neither were
great Inventors : For Ovid only copied the Grecian Fables; and
most of Chaucer's Stories were taken from his Italian Contem¬
poraries, or their Predecessors: Boccace his Decameron was
first publish’d, and from thence our Englishman has borrow'd
many of his Canterbury Tales: Yet that of Palamon and
Arcite was written in all probability by some Italian Wit, in
a former Age; as I shall prove hereafter : The tale of Grizild
was the Invention of Petrarch; by him sent to Boccace; from
whom it came to Chaucer : Troilus and Cressida was also
[sign.
written by a Lombard Author; but much amplified by our
*B1b]
English Translatour, as well as beautified; the Genius of our
Countrymen, in general, being rather to improve an Invention
than to invent themselves; as is evident not only in our Poetry,
but in many of our Manufactures. I find I have anticipated
already, and taken up from Boccace before I come to him : But
there is so much less behind; and I am of the Temper of most
Kings, who love to be in Debt, are all for present Money, no
matter how they pay it afterwards : Besides, the Nature of a
Preface is rambling; never wholly out of the Way, nor in it.
This I have learn’d from the Practice of honest Montaign,
and return at pleasure to Ovid and Chaucer, of whom I have
little more to say. Both of them built on the Inventions of
other Men; yet since Chaucer had something of his own, as The
Wife of Baths Tale, The Cock and the Fox, which I have trans¬
lated, and some others, I may justly give our Countryman the
Precedence in that Part; since I can remember nothing of
Ovid which was wholly his. Both of them understood the
Manners; under which Name I comprehend the Passions, and,
in a larger Sense, the Descriptions of Persons, and their very
Habits: For an Example, I see Baucis and Philemon as perfectly
before me, as if some ancient Painter had drawn them; and all the
Pilgrims in the Canterbury Tales, their Humours, their Features,
and the very Dress, as distinctly as if I had supp'd with them
at the Tabard in Southwark: Yet even there, too, the Figures of
Chaucer are much more lively, and set in a better Light : Which
though I have not time to prove; yet I appeal to the Reader,
and am sure he will clear me from Partiality. The Thoughts
and Words remain to be consider'd, in the Comparison of the
two Poets; and I have sav'd my self one half of that Labour, by
owning that Ovid liv'd when the Roman Tongue was in its
Meridian; Chaucer, in the Dawning of our Language : There¬
fore that Part of the Comparison stands not on an equal
Foot, any more than the Diction of Ennius and Ovid; or of
Chaucer and our present English. The Words are given up
as a Post not to be defended in our Poet, because he wanted
the Modern Art of Fortifying. The Thoughts remain to be
consider'd: And they are to be measur'd only by their
Propriety; that is, as they flow more or less naturally from the
Persons describ'd, on such and such Occasions. The Vulgar
Judges, which are Nine Parts in Ten of all Nations, who call
Conceits and Jingles Wit, who see Ovid full of them, and
Chaucer altogether without them, will think me little less than
mad for preferring the Englishman to the Roman: Yet, with
their leave, I must presume to say, that the Things they admire
are only glittering Trifles, and so far from being Witty, that in
a serious Poem they are nauseous, because they are unnatural.
Wou'd any Man, who is ready to die for Love, describe his
Passion like Narcissus? Wou’d he think of inopem me copia
fecit, and a Dozen more of such Expressions, pour'd on the
Neck of one another, and signifying all the same Thing? If
this were Wit, was this a Time to be witty, when the poor
Wretch was in the Agony of Death? This is just John Little¬
wit, in Bartholomew Fair, who had a Conceit (as he tells you)
left him in his Misery; a miserable Conceit. On these
Occasions the Poet shou’d endeavour to raise Pity : But, instead
[sign. *B 2]
*B2]
of this, Ovid is tickling you to laugh. Virgil never made use
of such Machines when he was moving you to commiserate the
Death of Dido: He would not destroy what he was building.
Chaucer makes Arcite violent in his Love, and unjust in the
Pursuit of it: Yet, when he came to die, he made him think
more reasonably: He repents not of his Love, for that had
alter'd his Character; but acknowledges the Injustice of his
Proceedings, and resigns Emilia to Palamon. What would
Ovid have done on this Occasion? He would certainly have
made Arcite witty on his Death-bed. He had complain'd he was
further off from Possession, by being so near, and a thousand
such Boyisms, which Chaucer rejected as below the Dignity of
the Subject. They who think otherwise, would by the same
Reason, prefer Lucan and Qvid to Homer and Virgil, and
Martial to all Four of them. As for the Turn of Words, in
which Ovid particularly excels all Poets; they are sometimes a
Fault, and sometimes a Beauty, as they are us'd properly or
improperly; but in strong Passions always to be shunn’d,
because Passions are serious, and will admit no Playing. The
French have a high Value for them; and, I confess, they are
often what they call Delicate, when they are introduc'd with
Judgment; but Chaucer writ with more Simplicity, and follow’d
Nature more closely, than to use them. I have thus far, to the
best of my Knowledge, been an upright Judge betwixt the
Parties in Competition, not medling with the Design nor the
Disposition of it; because the Design was not their own; and
in the disposing of it they were equal. It remains that I say
somewhat of Chaucer in particular.
In the first place, as he is the Father of English Poetry, so
I hold him in the same Degree of Veneration as the Grecians
held Homer, or the Romans Virgil: He is a perpetual
Fountain of good Sense; learn'd in all Sciences; and, there¬
fore speaks properly on all Subjects : As he knew what to
say, so he knows also when to leave off; a Continence which
is practis'd by few Writers, and scarcely by any of the
Ancients, excepting Virgil and Horace. One of our late
great Poets is sunk in his Reputation, because he cou'd never
forgive any Conceit which came in his way; but swept like
a Drag-net, great and small. There was plenty enough, but
the Dishes were ill sorted; whole Pyramids of Sweet-meats
for Boys and Women; but little of solid Meat for Men : All
this proceeded not from any want of Knowledge, but of Judg¬
ment; neither did he want that in discerning the Beauties
and Faults of other Poets; but only indulg'd himself in the
Luxury of Writing; and perhaps knew it was a Fault, but
hoped the Reader would not find it. For this Reason, though
he must always be thought a great Poet, he is no longer
esteemed a good Writer: And for Ten Impressions, which his
Works have had in so many successive Years, yet at present a
hundred Books are scarcely purchased once a Twelvemonth:
For, as my last Lord Rochester said, though somewhat profanely,
Not being of God, he could not stand.
Chaucer follow’d Nature every where, but was never so bold
to go beyond her: And there is a great Difference of being
Poeta and nimis Poeta, if we may believe Catullus, as much as
betwixt a modest Behaviour and Affectation. The Verse of
sign.
*B2b]
Chaucer, I confess, is not Harmonious to us; but ’tis like the
Eloquence of one whom Tacitus commends, it was auribus
istius temporis accommodata: They who liv'd with him, and
some time after him, thought it Musical; and it continues so
even in our Judgment, if compar'd with the Numbers of
Lidgate and Gower, his Contemporaries: There is the rude
Sweetness of a Scotch Tune in it, which is natural and pleasing,
though not perfect. 'Tis true, I cannot go so far as he who
publish'd the last Edition of him; for he would make us
believe the Fault is in our Ears, and that there were really
Ten Syllables in a Verse where we find but Nine: But this
Opinion is not worth confuting; 'tis so gross and obvious an
Errour, that common Sense (which is a Rule in everything
but Matters of Faith and Revelation) must convince the Reader,
that Equality of Numbers, in every Verse which we call
Heroick, was either not known, or not always practis'd, in
Chaucer's Age. It were an easie Matter to produce some
thousands of his Verses, which are lame for want of half a
Foot, and sometimes a whole one, and which no Pronunciation
can make otherwise. We can only say, that he liv’d in the
Infancy of our Poetry, and that nothing is brought to Per¬
fection at the first. We must be Children before we grow
Men. There was an Ennius, and in process of Time a Lucilius,
and a Lucretius, before Virgil and Horace; even after Chaucer
there was a Spencer, a Harrington, a Fairfax, before Waller
and Denham were in being : And our Numbers were in their
Nonage till these last appear'd. I need say little of his
Parentage, Life, and Fortunes : They are to be found at large
in all the Editions of his Works. He was employ'd abroad,
and favour'd by Edward the Third, Richard the Second,
and Henry the Fourth, and was Poet, as I suppose, to all
Three of them. In Richard’s Time, I doubt, he was a little
dipt in the Rebellion of the Commons; and being Brother¬
in-Law to John of Ghant, it was no wonder if he follow'd the
Fortunes of that Family; and was well with Henry the Fourth
vhen he depos'd his Predecessor. Neither is it to be admir'd,
that Henry, who was a wise as well as a valiant Prince, who
claim’d by Succession, and was sensible that his Title was not
sound, but was rightfully in Mortimer, who had married the
Heir of York; it was not to be admir'd, I say, if that great
Politician should be pleas'd to have the greatest Wit of those
Times in his Interests, and to be the Trumpet of his Praises.
Augustus had given him the Example, by the Advice of
Mecænas, who recommended Virgil and Horace to him; whose
Praises helped to make him Popular while he was alive, and
after his Death have made him Precious to Posterity. As
for the Religion of our Poet, he seems to have some little
Byas towards the Opinions of Wicliff, after John of Ghant
his Patron; somewhat of which appears in the Tale of Piers
Plowman: Yet I cannot blame him for inveighing so sharply
against the Vices of the Clergy in his Age: Their Pride,
their Ambition, their Pomp, their Avarice, their Worldly
Interest, deserv'd the Lashes which he gave them, both in
that, and in most of his Canterbury Tales : Neither has his
Contemporary Boccace, spar'd them. Yet both those Poets
liv'd in much esteem, with good and holy Men in Orders:
For the Scandal which is given by particular Priests reflects
[sign. *C1]
not on the Sacred Function. Chaucer's Monk, his Chanon,
*C1]
and his Fryar, took not from the Character of his Good
Parson. A Satyrical Poet is the Check of the Laymen on bad
Priests......
I have followed Chaucer, in his Character of a Holy Man,
and have enlarg'd on that Subject with some Pleasure, re¬
serving to myself the Right, if I shall think fit hereafter, to
describe another sort of Priests, such as are more easily to
be found than the Good Parson; such as have given the
last Blow to Christianity in this Age, by a Practice so contrary
to their Doctrine. But this will keep cold till another time.
In the mean while, I take up Chaucer where I left him.
He must have been a Man of a most wonderful comprehen¬
sive Nature, because, as it has been truly observ'd of him, he
has taken into the Compass of his Canterbury Tales the
various Manners and Humours (as we now call them) of the
whole English Nation, in his Age. Not a single Character has
escap’d him. All his Pilgrims are severally distinguish'd from
each other; and not only in their Inclinations, but in their
[sign.
very Phisiognomies and Persons. Baptista Porta could not
*C1]
have describ'd their Natures better, than by the Marks which
the Poet gives them. The Matter and Manner of their Tales,
and of their Telling, are so suited to their different Educations,
Humours, and Callings, that each of them would be improper
in any other Mouth. Even the grave and serious Characters
aro distinguish'd by their several sorts of Gravity: Their
Discourses are such as belong to their Age, their Calling, and
their Breeding; such as are becoming of them, and of them
only. Some of his Persons are Vicious, and some Virtuous;
some are unlearn’d, or (as Chaucer calls them) Lewd, and
some are Learn'd. Even the Ribaldry of the Low Characters
is different : the Reeve, the Miller, and the Cook, are several
Men, and are distinguish'd from each other, as much as the
mincing Lady-Prioress, and the broad-speaking, gap-toothed
Wife of Bathe. But enough of this: There is such a Variety
of Game springing up before me, that I am distracted in my
Choice, and know not which to follow. 'Tis sufficient to say
according to the Proverb, that here is God’s Plenty. We have
our Fore-fathers and Great Grand-dames all before us, as they
were in Chaucer's Days; their general Characters are still
remaining in Mankind, and even in England, though they are
call’d by other Names than those of Moncks, and Fryars, and
Chanons and Lady Abbesses, and Nuns: For Mankind is ever
the same, and nothing lost out of Nature, though everything
is alter'd. May I have leave to do myself the Justice, (since
my Enemies will do me none, and are so far from granting me
to be a good Poet, that they will not allow me so much as to
be a Christian, or a Moral Man), may I have leave, I say, to
inform my Reader, that I have confined my Choice to such
Tales of Chaucer as savour nothing of Immodesty. If I desir'd
more to please than to instruct, the Reve, the Miller, the
Shipman, the Merchant, the Sumner, and above all, the Wife
of Bathe, in the Prologue to her Tale, would have procur'd me
as many Friends and Readers, as there are Beaux and Ladies
of Pleasure in the Town. But I will no more offend against
Good Manners: I am sensible as I ought to be of the Scandal
I have given by my loose Writings; and make what Reparation
I am able, by this Public Acknowledgment. If anything of
this Nature, or of Profaneness, be crept into these Poems, I
am so far from defending it, that I disown it. Totum hoc
indictum volo. Chaucer makes another manner of Apologie for
his broad speaking, and Boccace makes the like; but I will
follow neither of them. Our Country-man, in the end of his
Characters, before the Canterbury Tales, thus excuses the
Ribaldry, which is very gross in many of his Novels.
But firste, I pray you of your courtesy,
That ye ne arrete it nought my villany,
Though that I plainly speak in this mattere, [etc.].
[quotes 11. 725-42 of Prologue.]
[sign. *C2] Yet if a Man should have enquir'd of Boccace or of Chaucer,
what need they had of introducing such Characters, when
obscene Words were proper in their Mouths, but very undecent
to be heard; I know not what Answer they could have made:
For that Reason, such Tales shall be left untold by me. You
have here a Specimen of Chaucer's Language, which is so
obsolete, that his Sense is scarce to be understood; and you
have likewise more than one Example of his unequal Numbers,
which were mention'd before. Yet many of his Verses consist
of Ten Syllables, and the Words not much behind our present
English : as for Example, these two Lines, in the Description of
the Carpenter's Young Wife:
Wincing she was, as is a jolly Colt,
Long as a Mast, and upright as a Bolt.
I have almost done with Chaucer, when I have answer'd some
Objections relating to my present Work. I find some People
are offended that I have turn'd these Tales into modern
English; because they think them unworthy of my Pains,
and look on Chaucer as a dry, old-fashion'd Wit, not worth
receiving [edn. of 1723 'reviving']. I have often heard the
late Earl of Leicester say, that Mr. Cowley himself was of that
opinion; who, having read him over at my Lord’s Request,
declared he had no Taste of him. I dare not advance my
Opinion against the Judgment of so great an Author: But I
think it fair, however, to leave the Decision to the Publick.
Mr. Cowley, was too modest to set up for a Dictatour; and,
being shock’d perhaps with his old Style, never examin'd
into the depth of his good Sense. Chaucer, I confess, is
a rough Diamond, and must first be polish’d, e’er he shines.
I deny not likewise, that, living in our early Days of Poetry,
he writes not always of a piece; but sometimes mingles
trivial Things with those of greater Moment. Sometimes also,
though not often, he runs riot, like Ovid, and knows not
when he has said enough. But there are more great Wits
besides Chaucer, whose Fault is their Excess of Conceits, and
those ill sorted. An Author is not to write all he can, but
only all he ought. Having observ’d this Redundancy in
Chaucer, (as it is an easie Matter for a Man of ordinary
Parts to find a Fault in one of greater,) I have not ty'd
my self to a Literal Translation; but have often omitted what
I judg'd unnecessary, or not of Dignity enough to appear in
the Company of better Thoughts. I have presum'd farther
in some Places, and added somewhat of my own where I
[sign. *C 2b]
thought my Author was deficient, and had not given his
*C 2 b]
Thoughts their true Lustre, for want of Words in the Beginning
of our Language. And to this I was the more embolden'd,
because, (if I may be permitted to say it of my self) I found I
had a Soul congenial to his, and that I had been conversant in
the same Studies. Another Poet, in another Age, may take the
same Liberty with my Writings; if at least they live long
enough to deserve Correction. It was also necessary some¬
times to restore the Sense of Chaucer, which was lost or
mangled in the Errors of the Press : Let this Example suffice
at present in the Story of Palamon and Arcite, where the
temple of Diana is describ’d, you find these Verses in all the
Editions of our Author:
There saw I Danè turned unto a Tree,
I mean not the goddess Diane,
But Venus Daughter, which that hight Danè.
Which, after a little Consideration, I knew was to be reform'd
into this Sense, that Daphne, the daughter of Peneus, was
turn'd into a Tree. I durst not make thus free with Ovid,
lest some future Milbourn should arise, and say, I varied from
my Author, because I understood him not.
But there are other Judges, who think I ought not to have
translated Chaucer into English, out of a quite contrary Notion:
They suppose there is a certain Veneration due to his old
Language; and that it is little less than Profanation and
Sacrilege to alter it. They are farther of opinion, that some¬
what of his good Sense will suffer in this Transfusion, and
much of the Beauty of his Thoughts will infallibly be lost,
which appear with more Grace in their old Habit. Of this
Opinion was that excellent Person, whom I mention’d, the
late Earl of Leicester, who valued Chaucer as much as Mr.
Cowley despis’d him. My Lord dissuaded me from this
Attempt, (for I was thinking of it some Years before his Death,)
and his Authority prevail’d so far with me, as to defer my
Undertaking while he liv’d, in deference to him: Yet my
Reason was not convinc’d with what he urg’d against it. If
the first End of a Writer be to be understood, then, as his
Language grows obsolete, his Thoughts must grow obscure,
multa renascuntur, quæ nunc cecidere; cadentque quæ nunc
sunt in honore vocabula, si volet usus, quem penes arbitrium est
et jus et norma loquendi. When an ancient Word for
its Sound and Significancy, deserves to be reviv'd, I have
that reasonable Veneration for Antiquity, to restore it. All
beyond this is Superstition. Words are not like Land-marks,
so sacred as never to be remov'd: Customs are chang’d, and
even Statutes are silently repeal’d, when the Reason ceases
for which they were enacted. As for the other Part of the
Argument, that his Thoughts will lose of their original Beauty
by the innovation of Words; in the first place, not only their
Beauty, but their Being is lost, when they are no longer
understood, which is the present Case. I grant that something
must be lost in all Transfusion, that is, in all Translations; but
the Sense will remain, which would otherwise be lost, or at
least be maim’d, where it is scarce intelligible; and that but to
a few. How few are they who can read Chaucer, so as to
[sign. *D1]
*D1]
understand him perfectly? And if imperfectly, then with
less Profit, and no Pleasure. 'Tis not for the Use of some old
Saxon Friends, that I have taken these Pains with him: Let
them neglect my Version, because they have no need of it. I
made it for their sakes, who understand Sense and Poetry, as
well as they; when that Poetry and Sense is put into Words
which they understand. I will go farther, and dare to add,
that what Beauties I lose in some Places, I give to others
which had them not originally : But in this I may be partial to
my self; let the Reader judge, and I submit to his Decision.
Yet I think I have just Occasion to complain of them, who be¬
cause they understand Chaucer, would deprive the greater part
of their Countrymen of the same Advantage, and hoord him up,
as Misers do their Grandam Gold, only to look on it themselves,
and hinder others from making use of it. In sum, I seriously
protest, that no Man ever had, or can have, a greater Venera¬
tion for Chaucer than my self. I have translated some part
of his Works, only that I might perpetuate his Memory, or at
least refresh it, amongst my Countrymen. If I have alter’d
him anywhere for the better, I must at the same time acknow¬
ledge, that I could have done nothing without him : Facile est
inventis addere, is no great Commendation; but I am not so
vain to think I have deserv’d a greater. I will conclude
what I have to say of him singly, with this one Remark:
A Lady of my acquaintance, who keeps a kind of Correspond¬
ence with some Authors of the Fair Sex in France, has been
inform'd by them, that Mademoiselle de Scudery, who is as old
as Sibyl, and inspir'd like her by the same God of Poetry, is at
this time translating Chaucer into modern French. From which
I gather, that he has been formerly translated into the old
Provençall; (for, how she should come to understand Old Eng¬
lish, I know not). But the Matter of Fact being true, it makes
me think that there is something in it like Fatality; that, after
certain Periods of Time, the Fame and Memory of Great Wits
should be renew’d, as Chaucer is both in France and England.
If this be wholly Chance, 'tis extraordinary; and I dare not
call it more, for fear of being tax'd with Superstition.
Boccace comes last to be consider'd, who, living in the
same Age with Chaucer, had the same Genius, and followed
the same Studies: Both writ Novels, and each of them culti¬
vated his Mother-Tongue: But the greatest Resemblance of
our two Modern Authors being in their familiar Style, and
pleasing way of relating Comical Adventures, I may pass it
over, because I have translated nothing from Boccace of that
Nature. In the serious part of Poetry, the Advantage is wholly
on Chaucer's Side; for though the Englishman has borrow'd
many Tales from the Italian, yet it Appears, that those of Boccace
were not generally of his own making, but taken from Authors
of former ages, and by him only modell’d: So that what there
was of Invention, in either of them, may be judg'd equal.
But Chaucer has refin'd on Boccace, and has mended the
Stories, which he has borrow’d, in his way of telling; though
Prose allows more Liberty of Thought, and the Expression is
more easie, when unconfin'd by Numbers. Our Countryman
carries Weight, and yet wins the Race at disadvantage. I
desire not the Reader should take my Word; and, therefore, I
[sign.
*D1b]
will set two of their Discourses, on the same Subject, in the
same Light, for every Man to judge betwixt them. I trans¬
lated Chaucer first, and amongst the rest, pitch'd on The Wife
of Bath's Tale; not daring, as I have said, to advance on her
Prologue, because 'tis too licentious: There Chaucer intro¬
duces an old Woman of mean Parentage, whom a youthful
Knight of Noble Blood, was forc’d to marry, and consequently
loath'd her: The Crone being in bed with him on the
wedding Night, and finding his Aversion, endeavours to win
his Affection by Reason, and speaks a good Word for herself,
(as who could blame her?) in hope to mollifie the sullen Bride¬
groom. She takes her Topiques from the Benefits of Poverty,
the Advantages of old Age and Ugliness, the Vanity of Youth,
and the silly Pride of Ancestry and Titles, without inherent
Vertue, which is the true Nobility. When I had clos’d
Chaucer, I return’d to Ovid, and translated some more of his
Fables; and, by this time, had so far forgotten The Wife of
Bath's Tale, that when I took up Boccace, unawares I fell
on the same Argument of preferring Virtue to Nobility of
Blood, and Titles, in the Story of Sigismonda; which I had
certainly avoided for the Resemblance of the two Discourses,
if my Memory had not fail’d me. Let the Reader weigh both;
and if he thinks me partial to Chaucer, 'tis in him to right
Boccace.
I prefer in our Countryman, far above all his other Stories,
the Noble Poem of Palamon and Arcite, which is of the
Epique kind, and perhaps not much inferior to the Ilias or
the Æneis: the Story is more pleasing than either of them, the
Manners as perfect, the Diction as poetical, the Learning as
deep and various; and the Disposition full as artful : only it
includes a greater length of time; as taking up seven years at
least; but Aristotle has left undecided the Duration of the
Action; which yet is easily reduc'd into the Compass of a
year, by a Narration of what preceded the Return of Palamon
to Athens. I had thought for the Honour of our Nation,
and more particularly for his, whose Laurel, tho' unworthy,
I have worn after him, that this Story was of English Growth,
and Chaucer's own : But I was undeceiv'd by Boccace; for
casually looking on the End of his seventh Giornata, I found
Dioneo, (under which name he shadows himself,) and Fiametta,
(who represents his Mistress, the natural Daughter of Robert,
King of Naples) of whom these Words are spoken. Dioneo e
Fiametta gran pezza cantarono insieme d’Arcita, e di Palemone:
by which it appears, that this Story was written before the
time of Boccace; but the Name of its Author being wholly
lost, Chaucer is now become an Original; and I question not
but the Poem has receiv’d many Beauties, by passing through
his Noble Hands. Besides this Tale, there is another of his
own Invention, after the manner of the Provençalls, call’d The
Flower and the Leaf; with which I was so particularly pleas'd,
both for the Invention and the Moral, that I cannot hinder
myself from recommending it to the Reader.
. . . . . . . . . . .
[sign. A1] [Poem] To Her Grace The Dutchess of Ormond.
Madam,
The Bard who first adorn’d our Native Tongue
Tun'd to his British Lyre this ancient Song:
Which Homer might without a Blush reherse,
And leaves a doubtful Psalm in Virgil's Verse:
He match’d their Beauties, where they most excell;
Of Love sung better, and of Arms as well.
[sign. A1b]
Vouchsafe, Illustrious Ormond, to behold
What Pow'r the Charms of Beauty had of old;
Nor wonder if such Deeds of Arms were done,
Inspir'd by two fair Eyes, that sparkled like your own.
If Chaucer by the best Idea wrought,
And Poets can divine each others Thought,
The fairest Nymph before his Eyes he set;
And then the fairest was Plantagenet;
Who three contending Princes made her Prize,
And rul’d the Rival-Nations with her Eyes:
. . . . . . . .
Thus, after length of Ages, she returns,
Restor'd in you, and the same Place adorns;
[sign. A 2]
Or you perform her Office in the Sphere,
Born of her Blood, and make a new Platonick Year.
O true Plantagenet, O Race Divine,
(For Beauty still is fatal to the Line,)
Had Chaucer liv’d that Angel-Face to view,
Sure he had drawn his Emily from You;
Or had You liv’d to judge the doughtful Right;
Your noble Palamon had been the Knight:
And Conqu’ring Theseus from his Side had sent
Your Gen’rous Lord, to guide the Theban Government.
Time shall accomplish that; and I shall see
A Palamon in Him, in You an Emily.
. . . . . . . . . . .
Palamon and Arcite, or the Knight's Tale from Chaucer.
The Cock and the Fox; or The Tale of the Nun's Priest from
[pp. 1-90.]
Chaucer.
[pp. 223-53.]
The Flower and the Leaf; or The Lady in the Arbour. A
Vision.
[pp. 383-405.]
The Wife of Bath Her Tale.
[pp. 477-99.]
The Character of a Good Parson. Imitated from Chaucer and
Inlarg'd.
[pp. 531-36.]
[Chaucer's original versions of the above Tales are given later,
on pp. 567 to 646.]",,"criticism,general,/criticism,qualities,observationCharacter/criticism,qualities,learning/criticism,qualities,indecencyFrivolity/criticism,qualities,anticlericalism/criticism,qualities,realism/criticism,comparisons,boccaccio/criticism,comparisons,ovid/criticism,verse,thoughtIrregular/criticism,language,obsoleteRude/criticism,language,corruptedEnglish/modernizations,particular,dryden/works,canterburyTales,nunsPriestTale/works,canterburyTales,knightTale/works,canterburyTales,wifeBathTale/works,canterburyTales,criticism/works,canterburyTales,criticism",en
part1_p286_a1,Vol.1,Part I,p286,1700.,1700,high,"Tanner, Rev.",high,Thomas Tanner,male,11058091,Letter,"to Dr. Arthur Charlett, [dated] May 6, 1700. [printed in] The Prose Works of John Dryden... [ed.] Edmond Malone... 1800, vol. i, part 1, p. 368, note 2.","[Dryden to be buried] with Chaucer, Cowley, &c., at
Westminster-Abbey on Munday next.",,,en
part1_p286_a2,Vol.1,Part I,p286,1700.,1700,high,"Playford, Henry.",high,Henry Playford,male,42680649,Advertisement,"[in] The Postboy, Tuesday, May 7, 1700. [printed in] The Prose Works of John Dryden, [ed.] Edmund Malone, 1800, vol. i, p. 382, note 9.","The death of the famous John Dryden Esq.,... being
a subject capable of employing the best pens; and several
persons of quality, and others, having put a stop to his inter¬
ment, which is designed to be in Chaucer's grave, in West-
minster-Abbey; this is to desire the gentlemen of the two
famous Universities, and others, who have a respect for the
memory of the deceased, and are inclinable to such per¬
formances, to send what copies they please, as Epigrams, &c.,
to Henry Playford... and they shall be inserted in a Collec¬
tion....
[This collection was published on June 19, 1700, under
the title of Luctus Britannici, see below.]",,"biography,episodes,tomb-epitath",en
part1_p286_a3,Vol.1,Part I,p286,1700.,1700,high,Unknown.,high,Unknown,,,Notice of Dryden's funeral,"[in] The Postboy, May 7, 1700. Account of Dryden's funeral [in] The Postman, May 14, 1700. Ditto [in] The Flying Post, May 14, 1700. [all printed in] The Prose Works of John Dryden, [ed.] Edmond Malone, 1800, vol. i, part 1, pp. 367, note 1, 378-9, note 8.",[Dryden buried near Chaucer.],,"biography,episodes,tomb-epitath",en
part1_p286_a4,Vol.1,Part I,p286,1700.,1700,high,"Ward, Edward.",high,Ned Ward,male,24631271,Account of John Dryden's funeral,"[in] London Spy, p. 422. [pr. in] The Prose Works of John Dryden, [ed.] Edmond Malone, 1800, vol. i, part I, p. 379.",,,,en
part1_p286_a5,Vol.1,Part I,p286-287,1700.,1700,high,"Hall, Henry.",high,Henry Hall,male,64197335,"[Verses] To the Memory of John Dryden, Esq.,","[in] Luctus Britannici: or the Tears of the British Muses for the Death of John Dryden, Esq.... written by the most Eminent Hands in the two Famous Universities, and by several Others. London... 1700, pp. 18, 19.","Nor is thy latest Work, unworthy Thee.
New Cloath'd by You, how Chaucer we esteem;
When You've new Polish'd it, how bright the Jem!
And lo, the Sacred Shade for thee make's room,
Tho' Souls so like, should take but up one tomb.
..........
Let us look back, and Noble Numbers trace
Directly up from Ours, to Chaucer’s days;
Chaucer, the first of Bards in Tune that Sung,
And to a better bent reduc’d the stubborn Tongue.",,"biography,episodes,tomb-epitath",en
part1_p287_a1,Vol.1,Part I,p287,1700.,1700,high,Unknown.,high,Unknown,,,"[Verses] To Dr. Samuel Garth, occasioned by the much Lamented Death of John Dryden, Esq.,","[in] Luctus Britannici, pp. 54-5.","But if the Greek, and if the Latin share
The Bounties of his Favours, and his Care,
If Foreign Tongues have His assistance known,
What Thanks are owing to Him from his own?
. . . . . . . . . .
Rugged, and rough, the Bard her Language found,
Without a Meaning, or a proper sound,
As Saxon Syllabs Choak’d the Roads of Sence,
And Foreign Words were all Her Tongues Defence.
But Dryden’s Diligence, and Dryden’s Thought,
Chas’d back the Troops, which false Invaders brought,
New stamp’d the Language with another Face,
And gave it Majesty as well as Grace,
. . . . . . . . . .
Yet though his Works are all sublimely Great;
. . . . . . . . . .
Though, All H' [Dryden] has done dares Envy’s Nicest Test,
And His worst Poem’s better than our Best.
His latest Work, though in His last decays,
As far exceeds His former as Our Praise.
And Chaucer shall again with Joy be Read,
Whose Language with its Master lay for Dead,
Till Dryden, striving His Remains to save,
Sunk in His Tomb, who brought him from his Grave.",,"biography,episodes,tomb-epitath",en
part1_p287_a2,Vol.1,Part I,p287,1700.,1700,high,Unknown.,high,Unknown,,,"[Verses] To the Memory of John Dryden, Esq.;","[in] Luctus Britannici, p. 36.","Methinks I see the Reverend Shades prepare
With Songs of Joy, to waft thee through the Air
. . . . . . . . . .
Where Chaucer, Johnson, Shakespear, and the rest,
Kindly embrace their venerable Guest.
. . . . . . . . . .
Whilst we in pensive Sables clad below
Bear hence in solemn Grief, & pompous Woe,
Thy sacred Dust to Chaucer's peaceful Urn.",,"biography,episodes,tomb-epitath",en
part1_p288_a1,Vol.1,Part I,p288,1700.,1700,high,Unknown.,high,Unknown,,,A Description of Mr. D[ryde]n's Funeral.,"A Poem ... p. 8, [a separate tract bound up with the B. M. copy of Luctus Britannici].","A Crowd of Fools attend him to the Grave,
A Crowd so nauseous, so profusely lewd,
With all the Vices of the Times endu’d,
That Cowley's Marble wept to see the Throng,
Old Chaucer laugh’d at their unpolish’d Song,
And Spencer thought he once again had seen
The Imps attending of his Fairy Queen.",,"biography,episodes,tomb-epitath",en
part1_p288_a2,Vol.1,Part I,p288,1700.,1700,high,Unknown.,high,Unknown,,,Gallus,"[Latin Verses in Memory of John Dryden, bound as a supplement with the B.M. copy of Luctus Britannici] signed Ex Aul. C. [probably Catherine Hall, Cambridge], p. 5.",,,"biography,episodes,tomb-epitath",en
part1_p288_a3,Vol.1,Part I,p288,1700.,1700,high,"H., N.",high,Unknown,,,[Latin verses] In obitum celeberrimi Joannis Dryden...,"in Gallus [bound up with] Luctus Britannici, p. 15.",,,,en
part1_p288_a4,Vol.1,Part I,p288,1700.,1700,high,"Higgons, Bevill.",high,Bevil Higgons,male,39724994,"[Latin verses] In celeberrimum Joannem Dryden Chauceri Sepulchro Intectum,","[in] Gallus [bound up with] Luctus Britannici, p. 8.",,,,en
part1_p288_a5,Vol.1,Part I,p288,1700.,1700,high,"Vernon, Henry.",high,"Vernon, Henry.",male,,[Latin verses] In Memoriam Johannis Dryden ...,"in Gallus [bound up with] Luctus Britannici, p. 18.",,,,en
part1_p288_a6,Vol.1,Part I,p288,1700.,1700,high,"W., P., Trin. Coll. Cant.",high,Unknown,,,[Latin verses in memory of John Dryden],"in Gallus [bound up with] Luctus Britannici, p. 19.",,,,en
part1_p288_a7,Vol.1,Part I,p288,1700.,1700,high,Unknown.,high,Unknown,,,"The New Wife of Beath [sic], much better Reformed, Enlarged, and Corrected, than it was formerly in the old uncorrect Copy. With the Addition of many other Things.",Glasgow.,"In Beath, once dwelt a worthy Wife,
Of whom brave Chaucer mention makes....
[An enlargement, ultimately, of the ballad “The Wanton
Wife of Bath"" (q.v. below, Appendix A, c. 1670), but the first
words of the address “To the Reader,"" “Courteous Reader,
What was Papal or Heretical in the former copy is left out here
in this second edition,"" must refer to an intermediate version.
The address to the reader was omitted in later editions. That
of [1785?] has the misprint ""Sanquer"" for ""Chaucer."" It
was reprinted in Fugitive Poetical Tracts, ed. W. C. Hazlitt,
1875, Ser. ii, No. xxviii.]",,,en
part1_p289_a1,Vol.1,Part I,p289,1700.,1700,high,"Wesley, Samuel.",high,Samuel Wesley,male,49247050,An Epistle to a Friend Concerning Poetry.,"London. Printed for Charles Harper at the Flower de Luce in Fleetstreet, MDCC, p. 12.","Of CHAUCER'S Verse we scarce the Measures know,
So rough the Lines, and so unequal flow;
Whether by Injury of Time defac'd,
Or careless at the first, and writ in haste;
Or coursly, like old Ennius, he design’d
What After-days have polish’d and refin'd.",,"criticism,comparisons,ennius/criticism,verse,thoughtIrregular",en
part1_p289_a2,Vol.1,Part I,p289,1701.,1701,high,"Collier, Jeremy.",high,Jeremy Collier,male,8269751,"The Great Historical, Geographical, Genealogical, and Poetical Dictionary....","[chiefly] collected from ... Lewis Morery his Eighth Edition. The Second Edition, Revis’d, Corrected and enlarged to the Year 1688, vol. i, sign B.b.b.2. [Life of] Jeffrey Chaucer.","CHAUCER (Jeffrey), born at Woodstock in Oxfordshire, in
the Fourteenth Century. He was called The English Homer,
and was not only a Poet but a Mathematician, and under¬
stood, according to the Talent of his Time, the Polite Part of
Learning. He died in 1440, and has a Tomb in Westminster¬
Abby. His Works are Printed in Folio, at London in 1561.
Besides these, he left a Manuscript, in which he Laments the
Liberties he had taken in some Part of his Poems, incon¬
sistent with Modesty and Religion. This Manuscript is now
in the Hands of the Reviser.
[Authorities] Leland, Bale, Cambden.",,,en
part1_p289_a3,Vol.1,Part I,p289,1701.,1701,high,"Le Neve, Peter.",high,Peter Le Neve,male,62331564,"Letter to Sir John Perceval,","[printed in] Report on the Manuscripts of the Earl of Egmont, vol. ii (Hist. MSS. Comm.), 1909, p. 198.","This I am sure of, that at Henham Hall and Park by the
road side, the lovers of antiquity will find occasion of con¬
templation, when they recollect that the famous Charles
Brandon, Duke of Suffolk, in Henry VIII's time lived here;
and before him the family of Kederston, whose estate devolved
by heirs female to Thomas Chaucer, Esq., a descendant of the
famous poet of that name...",,"biography,family,other-holders",en
part1_p289_a4,Vol.1,Part I,p289,1701.,1701,high,Unknown.,high,Unknown,,,"Chaucer's Whims: Being some select Fables and Tales in Verse, very applicable to the Present Times.",[See specially the] Preface.,"If I have not done Justice to Chaucer by putting his
Name to Fables and Stories which are Collected by another
Hand; I have several Precedents to excuse me....",,"bookTitles,,",en
part1_p290_a1,Vol.1,Part I,p290,1701.,1701,high,"Wanley, [Humphrey].",high,Humfrey Wanley,male,61580649,"Letter to Dr. [Arthur] Charlett, May 21, 1701,","[printed in] Letters written by eminent persons, 1813, vol. i, p. 127.","[The letter is on the meaning of the title ""Dan"" in connection with the song of ""Dan Hew.""] And this Monk is all
along called by his Christian name in the rude song about
him, as Absolom, Nicholas, and others in Chaucer; Sirnames
being not yet universally received.",,,en
part1_p290_a2,Vol.1,Part I,p290,1701.,1701,high,"White, John.",high,"White, John.",male,,The Country-Man’s Conductor in Reading and Writing True English... by John White.,"Sometime Master of Mr. Chilcot's English-Free-School in Tiverton, and now Master of a Boarding School in Butterly, near Tiverton aforesaid. ... Exeter, 1701, p. 125.","From this Age [the time of Robert of Gloster] 'till
Chaucer's time, I find but little variation in the English;
his Works are extant, and the Readers of any thing of Anti¬
quity will find him often quoted in Examples of his own
English. He was a great Refiner of our English, as Leland
saith,
Our England honoureth Chaucer Poet, as principal,
To whom our Country Tongue doth owe her Beauties all.
Chaucer died in October 1400, aged about 72 years : Such
as have his Works may find a great alteration in his own
English; his Lamentation of Mary Magdalen being much
finer than his Works done in his younger days. You may
read his life in Mr. Winstanly’s Worthies. [q.v. above, 1660.
p. 238.]",,,en
part1_p290_a3,Vol.1,Part I,p290-291,1702.,1702,high,"Bysshe, Edw[ard].",high,Edward Bysshe,male,89852936,"The Art of English Poetry, containing, I, Rules for making Verses. II, A Dictionary of Rhymes. III, A Collection of the most Natural, Agreable, and Noble Thoughts, viz: Allusions; Similes, Descriptions, and Characters, of Persons and Things; that are to be found in the best English Poets.",Preface sign *2b *3; p. 25.,"[sign
*2b]
[Bysshe says he has inserted quotations from all our modern
poets]; I say of our Modern: For though the Ancient, as
Chaucer, Spencer, and others, have not been excell’d, perhaps
not equall’d by any that have succeeded them, either in Just¬
ness of Description, or in Propriety and Greatness of Thought,
[sign
*2]
yet the Garb in which they are Cloath’d, tho' then Alamode,
is now become so out of Fashion, that the Readers of our
Age have no Ear for them: And this is the Reason that the
Good Shakespear himself is not so frequently Cited in the
following Pages, as he would otherwise deserve to be.   .....
[p. 25]
Thus the Troilus and Cressida of Chaucer is compos’d in
Stanzas consisting of 7 Verses.",,"criticism,language,obsoleteRude",en
part1_p291_a1,Vol.1,Part I,p291,1703.,1703,high,"Hickes, George.",high,George Hickes,male,12463453,"Linguarum Vett. Septentrionalium Thesaurus Grammatico-Criticus et Archæologicus,","1705, pp.17 note, 27 note, 38 and note, 57-58, 65 note, 105. (For p. 65 n. see Urry’s Chaucer, 1721, p. xxi.)","[p. 65,
note]
Legitur hæc Præpositio in veteribus nostris Scriptoribus, ut
in carmine Chauceri, quod inscribitur the Testament of
Creseide.
A bold season til a careful bite
Should correspond—...","[Throughout the book there are numerous references to Chaucer. There are separate title-pages for parts 1 and 2, each dated 1708.]",,en
part1_p291_a2,Vol.1,Part I,p291-292,[a. 1704.],[a. 1704],low,"Brown, Thomas (of Shifnal).",high,Tom Brown,male,19675122,"Letters from the Dead to the Living. The third and last letter of News from Signior Giusippe Hanesio, high German Doctor in Brandipolis, to his Friends at Will’s Coffee-house. ...","[in] The Works of Mr. Thomas Brown, ed. James Drake, 1707, vol. ii, the third part, pp. 206-7. [The title page of the 2nd vol. states that the 3rd pt. was never before printed. Brown died in 1704.]","[A dialogue in one of the coffee-houses of hell, between
Dryden and Chaucer.]  Sir, cries he [Chaucer], you have
[p. 207] done me a wonderful Honour to Furbish up some of my
old musty Tales, and bestow modern Garniture upon them,
and I look upon my self much oblig’d to you for so
undeserv’d a favour; however, Sir, I must take the Free¬
dom to tell you that you overstrain’d Matters a little, when
you liken’d me to Ovid, as to our Wit and manner of Versi¬
fication. Why, Sir, says Mr. Dryden, I maintain it, and
who then dares be so sawcy as to oppose me? But under
favour, Sir, cries the other, I think I should know
Ovid pretty well, having now conversed with him almost
three hundred Years, and the Devil’s in it if I don’t know my
own Talent, and therefore tho’ you past a mighty compliment
upon me in drawing this Parallel between us, yet I tell you
there’s no more resemblance between us as to our manner
of Writing, than there is between a Jolly well complexion’d
Englishman and a black-hair’d thin-gutted Italian. Lord, Sir,
says Dryden to him, I tell you that you’re mistaken, and your
two Stiles are as like one another as two Exchequer Tallies.
But I, who should know it better, says Chaucer, tell you the
contrary.",,"criticism,comparisons,ovid/criticism,language,obsoleteRude",en
part1_p292_a1,Vol.1,Part I,p292,1705.,1705,high,"Hearne, Thomas.",high,Thomas Hearne,male,29543710,"Extracts from his Diary,","Nov. 19, Dec. 15, 1705, (in Remarks and Collections of Thomas Hearne, ed. C. E. Doble, Oxford Hist. Soc., 1885, vol. i, pp. 87, 129.)","in Remarks and Collections of Thomas Hearne, ed. C. E.
Doble, Oxford Hist. Soc., 1885, vol. i, pp. 87, 129.)
Nov. 19 (Mon.) ... In the story of Thebes compiled by
John Lidgate, pag. 374, at yᵉ End of Chaucer’s Works, is a
Testimony of Martianus Capella; wᶜʰ yᵉ Gentleman of
Cambridge (of Queen’s Col. viz: Mʳ Wasse) who is publishing
Capella anew should remember to put down among yᵉ
Testimonia.
Dec. 15.  Quære  wᵗ Armes are now in the Church of
Ewe-Elme in Oxfordshire. There are several of them in the
last Editions of Sr. Jeoff Chaucer’s Works. His Arms were
parted per Pale, Argent and Gules, a Bend Counter-changed ...",,,en
part1_p292_a2,Vol.1,Part I,p292,1705.,1705,high,Unknown.,high,Unknown,,,The Tale of a Tub revers’d for the universal improvement of Mankind,"[a rehandling of Furetière’s Nouvelle allégorique des troubles arrivés au royaume d’éloquence], p. 35.","Not a part of the Poetick Country, but shewed their hearty
Zeal upon this occasion, nay Chaucer himself, notwithstand¬
ing his Age, march’d at the head of his Invalides to Queen
Rhetorick’s Assistance; and for the convenience of being
supplied with an interpreter, had leave to take his post near
Dryden.",[The only copy of this book now known is at Lambeth. Information was kindly supplied by Mr. A. Guthkelch.],,en
part1_p292_a3,Vol.1,Part I,p292-293,1705.,1705,high,"Wanley, Humphrey.",high,Humfrey Wanley,male,61580649,Codices Anglo-Saxonici Bibliothecæ Bodleaianæ,"[in] Antiquæ literaturæ Septentrionalis. Liber alter, seu Humphredi Wanleii Librorum Vett. Septentrionalium ... Catalogus, [being the second volume of] Linguarum Vett. Septentrionalium Thesaurus ... auctore Georgio Hickesio. Oxoniæ, 1705, vol. ii, p. 102.","Jun. 26.  Superioris Dictionarii  Saxonico-Anglici ...
[William Lambarde’s note in the beginning of this Dictionary
is then quoted, as given by Hearne 1711, see above, p. 104,
below, p. 316.]
Libri impressi à cl. Junio notati & emendati.
Jun. 9.  Galfridi Chauceri opera, edit. Lond. 1598. ad quœ
pariter pertinet opus Junii manu scriptum, & Jun. 6. sig-
natum, in quo omnes obsoletœ apud Chaucerum voces collectœ
sunt, prœter illas quœ incipiunt à littera A, quœ desiderantur.
[Cf. a. 1677, Junius, above, p. 253.]",,"manuscripts,,",la
part1_p293_a1,Vol.1,Part I,p293,1706.,1706,high,"Harrison, William.",high,William Harrison,male,67758689,"Woodstock Park, a Poem,","[in] A Collection of Poems by several hands, ed. R. Dodsley, 1758, vol. v, pp. 192-3.","Goddess, proceed; and as to relicks found Altars we raise, and consecrate the ground, Pay thou thy homage to an aged seat, Small in itself, but in its owner great; Where Chaucer (sacred name!) whole years employ'd Coy Nature courted, & at length enjoy'd; Mov'd at his suit, the naked goddess came, Reveal'd her charms, & recompens'd his flame. Rome's pious king with like success retir'd, And taught his people, what his Nymph inspir'd. Hence flow descriptions regularly fine, And beauties such as never can decline: Each lively image makes the reader start, And poetry invades the painter's art. This Dryden saw, and with his wonted fate (Rich in himself) endeavour'd to translate; Took wond'rous pains to do the author wrong, And set to modern time his ancient song. Cadence, and sound, which we so prize, and use, Ill suit the majesty of Chaucer's Muse; His language only can his thoughts express, Old honest Clytus scorns the Persian dress. Inimitable bard! In raptures loud I would thy praises tell, And on th' inspiring theme for ever dwell.","[A copy of Harrison's poem is in the Bodleian (Gough, Oxford, 103). The title runs : Woodstock Park, a poem, by William Harison [sic], of New College. Oxon, 1706. See D.N.B.]","modernizations,general,condemned/modernizations,particular,dryden",en
part1_p293_a2,Vol.1,Part I,p293-294,1706.,1706,high,Unknown.,high,Unknown,,,"The British Warrior, a poem addressed to Lord Cutts,","Oct. 30, 1706.","The British muse in Chaucer first began,
All nature list'ning to the wondrous Man,
Our rugged youth upon his accents hung,
And melted at the musick of his song;
Strong was his voice, and sprightly were his lays,
Which warm'd, but wanted still the' pow'r to raise,
Till the muse taught the following Bards to soar
Thro' beauteous worlds of Wit unknown before,
The tree he planted took a gen'rous root,
Shot into boughs and bent with golden fruit;
Under whose fair suspicious shade were seen
An Eden lost and won, a Fairy Queen,
A Moor to doubts betray'd, and lofty Cataline [sic].
. . . . . .","[The beginning of this poem is written by J. Haslewood in his interleaved copy of Winstanley's Lives of the Poets, to face p. 23. See below, c. 1833.]",,en
part1_p294_a1,Vol.1,Part I,p294,c. 1707.],c. 1707],medium,"Hughes, Jabez.",high,Jabez Hughes,male,31861053,[Verses] Upon Reading Mr. Dryden's Fables,"[printed in] Miscellanies in Verse and Prose, by Mr. Jabez Hughes, 1737, pp. 95-97. (Appendix A, No. ix, in G. Saintsbury's revision of Sir Walter Scott's edition of the Works of John Dryden, 1893, vol xviii, p. 237.)","Upon Reading
Mr. Dryden's Fables.
Our great Forefathers in Poetic Song,
Were rude in Diction, tho' their Sense was strong;
Well-measur'd Verse they knew not how to frame,
Their Words ungraceful, and the Cadence lame:
Too far they wildly rang'd to start the Prey,
And did too much of Fairy Land display;
And in their rugged Dissonance of Lines,
True manly thought debas'd with Trifles shines.
. . . . . . . . .
Such was the Scene, when Dryden came to found
More perfect Lays, with Harmony of Sound:
What lively Colours glow on ev'ry Draught!
How bright his Images, how rais'd his Thought!...
. . . . . . . . .
[p. 97] Revolving Time has injur'd Chaucer's Name,
And dimm'd the brilliant Lustre of his Fame;
Deform'd his Language, and his Wit depress'd,
His serious Sense oft sinking to a Jest;
Almost a Stranger ev'n to British Eyes,
We scarcely knew him in the rude Disguise:
But cloath'd by Thee, the burnish'd Bard appears
In all his Glory, and new Honours wears.
Thus Ennius was by Virgil chang'd of old;
He found him Rubbish, and he left him Gold.",,"criticism,comparisons,ennius/criticism,language,obsoleteRude/modernizations,particular,dryden",en
part1_p295_a1,Vol.1,Part I,p295,1707.,1707,high,Unknown.,high,Unknown,,,Of the Old English Poets and Poetry; An Essay,"[in] The Muses Mercury of Monthly Miscellany, for the Month of June, vol. i, no. 6, pp. 127-33.",". . . . the French stand in as much need of a Dictionary to
understand the old Poem, call'd the Romance of the Rose,
which is one of their oldest Pieces in Verse, as we do to read
Robert of Gloucester; not to say Chaucer, with whom how-
[p. 128] ever his Readers will now and then be puzzl'd, if they
don't know a little French and a little Dutch too, there is
so much of the Saxon or German Tongue in his Language.
…The French… As for their Romance of the Rose, of which
they talk as much as we do of Chaucer's Poems, we have
more Right to it than they, for the Author was an English-
man, his name John Moon: He was a Student in Paris, and
there writ that Poem, which Chaucer translated into English…
The English, till Chaucer's time, might be look'd upon to be
no more than a confus'd Mixture of Saxon and the Norman
Jargon….
[p. 130] About 70 years after Longland [sic] came Chaucer, the
Father of the English Poesy, of whom an old Historian
writes, He was a Man so exquisitely learn'd in all Sciences
that his Match was not easily found anywhere in those
days, etc., etc. [i.e. John Pits, see below, p. 659, Appendix
A, a. 1616.]
Chaucer, as much as he reform'd our Tongue, found it
so rude, that he left a great deal to be done by those that
came after him. His Numbers are in some places as hobling
as his Contemporaries; in others as harmonious as ours.
follows a comparison between Chaucer and Lydgate, greatly
[p. 131] in favour of the latter, including this remark :] Let the Wit
of this Monk be what it will, his English, and his Numbers,
are more polish'd than his Master's….",,"criticism,verse,thoughtIrregular/criticism,verse,praised/criticism,language,refiningEnglish",en
part1_p295_a2,Vol.1,Part I,p295,1708.,1708,high,"Downes, John.",high,John Downes,male,75331646,"Roscius Anglicanus or an Historical Review of the Stage,",p. 30.,"The Man's the Master, Wrote by Sir William Davenant,
being the last Play he ever Wrote, he Dying presently after;
and was Bury'd in Westminster-Abbey, near Mr. Chaucer's
Monument, Our whole Company attending his Funeral.",,,en
part1_p295_a3,Vol.1,Part I,p295-296,1708.,1708,high,"[Freind, Robert. Atterbury, Francis. Smalridge, George.]",medium,"[Freind, Robert. Atterbury, Francis. Smalridge, George.]",male,,Monument to John Philips in Westminster Abbey erected by Simon Harcourt Knight.,"Westmonasterium by John Dart, 1742, vol. i, pp. 82-4.]","[The long latin inscription contains the following lines :]
O Poesis Anglicanæ Pater atque Conditur [sic] CHAUCERE
Alterum Tibi latus claudere
Vatum certe Cineres Tuos undique stipantium
Non dedecebit Chroum.",[Philips died in Feb. 1708. The article under his namein D. N. B. states that this inscription has been attributed to all three of the above.],,en
part1_p296_a1,Vol.1,Part I,p296,1708.,1708,high,"[Hatton, Edward.]",medium,Edward Hatton,male,10198647,"A New View of London or an ample account of that City,","vol. ii, pp. 527-8.","St. Peter's Westminster,... Geoffrey Chaucer, a learned
and admirable Poet, his Monument is on the E. side of the
S. Cross....
[Then follow a description of the Monument, a copy of
the inscription and references to John Weever's account of
the tomb. See above, 1631, p. 204.]",,"biography,episodes,tomb-epitath/criticism,qualities,learning",en
part1_p296_a2,Vol.1,Part I,p296,1708.,1708,high,"Hearne, Thomas.",high,Thomas Hearne,male,29543710,"Extract from his Diary, Sept. 29, 1708.","[in] Remarks and Collections of Thomas Hearne, ed. C. E. Doble, Oxford Hist. Soc., vol. iii, 1886, p. 136.","Look upon Chaucer's Translation of Boëthius de Consolatione,
in 8vo, p[r]inted at yᵉ Exempt Monastery of Tavistoke in
Denshire…
At yᵉ end of yᵉ Translation of Boethius by Chaucer (quære)
4°. L. 21, Art. in Bibl. Bodl. [Here Hearne gives the colophon.]",,"bibliography,,",en
part1_p296_a3,Vol.1,Part I,p296,1708.,1708,high,"Hearne, Thomas.",high,Thomas Hearne,male,29543710,"Letter to Mr. Bagford,","[dated] Oxon, Dec. 20, 1708, [in] Robert of Gloucester's Chronicle, ed. T. Hearne, 1724, vol. ii, Glossary, p. 708.","[The letter describes an edition of John Walton of Osney's
translation of Boethius, 1525.] When I first saw this Book,
I guess'd, that it might have been Chaucer's; but I presently
recollected, that his is in Prose.
[See above, 1410, pp. 20-1.]",,"bibliography,,",en
part1_p296_a4,Vol.1,Part I,p296-297,1708.,1708,high,"Prior, Matthew.",high,Matthew Prior,male,68976517,"The Turtle and Sparrow. An Elegiac Tale Occasioned by the Death of Prince George,","1708. (Prior's Poetical Works, ed. R. Brimley Johnson (Aldine edn.), 1892, vol. ii, p. 209.)","Those fowl who seem alive to sit,
Assembled by Dan Chaucer's wit,
In prose have slept three hundred years:
Exempt from worldly hopes and fears,
And, laid in state upon their hearse,
Are truly but embalm'd in verse.","[This poem was printed separately in 1723 as ""The turtle and the sparrow, a poem by the late Matthew Prior."" It did not appear in the 1718 edn. of his poems, but the title given is in the edn. of 1892.]",,en
part1_p297_a1,Vol.1,Part I,p297,1708.,1708,high,"Rymer, Thomas.",high,Thomas Rymer,male,1146634308841930849,"Foedera, etc.,","1704-32, vol. vi (1708), pp. 567, 756.","[p. 567. Grant to Chaucer of 20 marks yearly, 20 June,
1367; see above, p. 1. Ib., p. 756: Commission, appoint¬
ing Chaucer and others as envoys to treat with the Duke,
citizens and merchants of Genoa, 12 Nov., 1372; see above,
p. 2.]",,"biography,life-records,",en
part1_p297_a2,Vol.1,Part I,p297,1709.,1709,high,"Bagford, John.",high,John Bagford,male,53999086,Letters,"dated April 14 and May 3, 1709. MS. Rawl. Lett: 21, ff. 8 and 9. [abstracts in] Remarks and Collections of T. Hearne, Oxford Hist. Soc., vol. ii, ed. C. R. Doble, 1886, pp. 186, 192.","[To T. Hearne] Apr. 14. ... as for yᵉ Chausier I neuer
intended the returne of it nor any thin else I euer send if
ther [sic] are worth you exceptance and paying yᵉ Carridge in
a lettle time I shall send you a shet of paper by me Collected
Relating to yᵉ seuirall Imprison of Chausier which will geue
you less trouble. ...
May 3. I geue you my hartey thanks for your last kind
Letter and next thursday you will receue a parsell by yᵉ Cayrier
with my obseruations and yᵉ seuirall Impresiones of Chausers
Workes which I am apt to thinke none hetherto as I haue
herd of hath taken yᵉ like paynes and all of them from yᵉ
Booked themselues which haue run throw my handes.
I would not haue you Rune ouer yᵉ MSS. of Chausier
[sic] Workes but onley to know what [MS. torn] n[um]ber:
you haue & whare lodged for that would be an enless [sic]
worke.
My desier is onley to haue yᵉ printed Copeyes loked ouer
with yᵉ dates & printers Names.",,"bibliography,,",en
part1_p297_a3,Vol.1,Part I,p297-302,1709.,1709,high,"Hearne, Thomas.",high,Thomas Hearne,male,29543710,"Extracts from his Diary,","April 18, 24, May 9. 12, 18, 24, 1709 [in] Remarks and Collections of Thomas Hearne, ed. C. E. Doble, Oxford Hist. Soc. vol. ii, 1886, pp. 188, 190, 194-202.","[p.188] April 18 (Mon.) ... Chaucers in yᵉ Bodlej. Library, MS.—
Laud G. 69. His Canterbury Tales.—K. 50. His Canterbury
Tales, except yᵉ Plow-man's Tale.—Of yᵉ Astrolabe Digby,
72. — N.E.  D.1.16.  Of yᵉ  Astrolabe.—Super  Art.  A. 32.
His Tales. — Archiv. Seld. B. 24.  His Troylus, with other
Poëms of his.— Arch. Seld.B.30. His Tales.—Seld. Supra
56.  His Troilus and Cressida. —Seld. Supra 60. His Workes
printed by Richard Pynson. —Mus. 64.  Of yᵉ Astrolabe.—
Fairfax 16.  Some Poëms by Chaucer, & others. —Charles
Hatton. Numb 1.  Chaucer’s Works. —Junius 9. His Works,
with some Marginal notes MS. by Junius. —About Sʳ. G.
Chaucer in Leland’s Itin. vol. II, fol. 6. —Pedigree of Geff.
Chaucer. See at yᵉ Beginning of his Works. Edit. opt. ...
—Chaucer in his Man of Lawes Tale, Part 2ᵈ. calleth yᵉ
Baptisterium the Font-Stone. —Mauricius at Fontstone they
hym calle.
[p. 190]
April 24 (Sun).  [Notes from Chaucer in the Clerke of
Oxenfordes Prologue] ...
[p 194]  May 9 (Mon.). Arch. Seld. B. 30. Chaucer’s Canterbury
Tales. A very good MS. written in Velam, I believe not long
after yᵉ time that Chaucer liv’d. [Here follows the order of
[p. 195] the Tales, and the conclusion of the MS. ＂Here enden the
Talis of Caunturbury, and next thautour taketh leve＂...
＂the booke of Seint Valenty.＂] The Conclusion conteyning
Chaucer’s acknowledgement of his Faults &c. not in the Print.
The Booke of Seint Valenty, & the Booke of xxv Ladies
(unless it be the same with the Assembly of Ladies) not in
his Printed Works. List of yᵉ Canterbury Tales, alphabetical,
from the last Edition. ¹
The Wife of Bathe’s Tale. 1. 2. 3. 4. 5.
The Chanon’s Yeoman’s T. 1. 2. 4. 5. deest 3.
Chaucer’s T. 1. 2. 4. 5. deest 3.
The Cookes T. 1. 2. 3. 4. 5.
The Frankeleine’s T. 1. 2. 3. 4. 5.
The Freres T. 1. 2. 3. 4. 5.
The Knight’s T. 1. 2. 3. 4. 5.
The Man of Laws T. 1. 2. 3. 4. 5.
The Manciple’s T. 1. 2. 4. 5. deest 3.
The Marchant’s T. 1. 2. 3. 4. 5.
The Miller’s T. 1. 2.  3. 4. 5.
The Monke’s T. 1. 2. 4. 5. deest 3.
¹ The Mark 1. denotes MS. Arch. Seld. B. 30.  When only 1. or 2.
&c., is put it shows that tale is in the MS. : but the deest added it shews that
the same Tale is wanting. — The Mark 2. Laud K. 50. —3. Cod. super.
Art. A. 32. —4. Pynson’s Edition of yᵉ Tales. 5. MS. Caroli Hatton
num. 1. [Hearne’s note.]
The Second Nonne’s T. 1. 2. 3. 4. 5.
[p. 196]
The Nonne’s Priest’s T. 1. 2. 4. 5. deest 3.
The Clerk of Oxenford’s T. 1. 2. 3. 4. 5.
The Pardoner’s T. 1. 2. 3. 4. 5.
The Parson’s . 1. 2. 4. 5. deest 3.
The Doctor of Phisick’s T. 1. 2. 3. 4. 5.
The Plowman’s T. deest 1. 2. 3. 4.
The Prioresse’s T. 1. 2. 3. 4. 5.
The Prologues to yᵉ whole. 1. 2. 3. 4. 5.
The Reve’s T. 1. 2. 3. 4. This is call’d the Carpenter’s
Tale in Cod. 5.
The Shipman’s T. 1. 2. 3. 4. 5.
The Sompnour’s T. 1. 2. 3. 4. 5.
The Squire’s T. 1. 2. 3. 4. 5.
The Rime of Sʳ. Topas. 1. 2. 3. 4. 5.
The Plowman’s Tale is not in the MSS. If it were
Chaucer’s, it was left perhaps out of his Canterbury Tales,
for yᵉ Tartness against the Popish Clergy. It is very probable
that it was severally written by Chaucer, and not as one of the
Tales; which were supposed to be spoken, & not written. [Here
follow some remarks, with quotation from Plowman’s Tale, as
at end of Hearne’s Letter to Bagford q.v below, p. 309] ...
..........
At the Beginning of the Astrolabe of the last Ed. —
This Booke ( written to his Sonne in the year of our Lord
1391, and in the 14 of K. Richard 2) standeth so good at this
day, especially for the Horizon of Oxford, as in the opinion of
the learned, it cannot be amended.
It was therefore written 9 years before his Death, viz. in
the 63 year of his age, he being 72 Years old when he died.
See his Life, written it was to his son Lewis, whom he calleth
his little sonne Lewys, at yᵉ beginning.
Arch. Seld. B. 24. Troilus & Cressida, and several other
Pieces of Chaucer. At the End of Troilus is this Note,
written in yᵉ same Hand with yᵉ Book, viz. Nativitas principis
nostri Jacobi quarti anno Domini miiijᵒ. lxxijᵒ. & vij die
mensis Marcij, viz. in festo Sancti Patricij Confessoris In
Monasterio sanctæ Crucis prope Edinburgh. That wᶜʰ is in
yᵉ Print call’d The Complaint of the blacke Knight is here
call’d the Maying and Disporte of Chaucere.
The Parson’s Tale in Chaucer’s Cant. Tales in MS. Hatton
(Caroli) num. 1, wᶜʰ MS. seems to have been written either
in the author’s Life Time, or very soon after, concludes thus:
[quotes the ending, ‘ This blisfull regne’ ...‘ Qui cum
patre, &c.’ ].
[p. 197] Chaucer not of Oxfordsh. —or Barksh. as Leland supposed,
but of London, as appears from his Testament of Love. His
Father suppos’d to be Rich. Chaucer vintner of Lond. in
the 23 of Ed. 3. Eliz. Chaucer, in Rich.  IIᵈˢ. time, a
Nunne, who was perhaps his sister, or at least one of his
Relations. The nobili loco of Leland & Bale to be under¬
stood of the Place of his Nativity, he being not of great Birth,
as appears from his arms, wᶜʰ were parted per Pale arg. & g.
a Bend counterchang’d. Yet this argument rejected by the
writer of his Life. Chaucer came in withe yᵉ Conqueror, as
appears from the Roll of Battle-Abbey. Some think his
Father was a Merchant, but yᵗ is uncertain. ’Tis however
certain that his Parents were wealthy, otherwise they could
not have given their son such Education as to render him fit
for the Court, & to qualify for Business of State abroad. He
was educated both at Oxford and Cambridge.
May 12 (Th.).   .......
[p. 198] Troilus and Creseida of Chaucer MS. in Bibl. Bodl. Seld.
supra 56. written anno Dni. 1441, anno Regni H. VI. 19. —
MS. Fairfax 16. contains several Poetical Pieces. Some
bear Chaucer’s Name, others have no Name, but I conjecture
that they were however written by him, tho’ not amongst his
printed Pieces.
[p. 199] May 18 (Wed.). Leland saith that Chaucer was nobili loco
natus, & summæ  spei juvenis. —William Botevil alias Thinne
Esqʳ. publish’d Chaucer & dedicated it to K. Hen. VIII.
anno 1540. After yᵗ in 1560 John Stow corrected the same
with divers MSS., and added several Pieces not printed
before. Afterwards in 1597 he added to it several Pieces of
Lidgate, and drew up an Account of Chaucer’s Life, Prefer¬
ment, Issue & Death, collected out of Records in yᵉ Tower
& other Places, wᶜʰ he communicated to Thomas Spight
[sic] to be publish’d, wᶜʰ was accordingly performed. Stow’s
Annals Edit. fol. p. 326. —Thinne found the Editions before
his time of Chaucer very faulty, wᶜʰ he therefore corrected
according to MSS. See his Ded. to K. Hen. 8. His Edition was
printed at Lond. in 1540. by Thomas Bertholet [sic] as appears
from Leland. —Mr. Ashmole p. 227. of his Theatrum Chem.
Lond. 1652, 4ᵒ. has printed Geoff. Chaucer’s Tale of yᵉ
Chanon’s Yeoman, and before it he has added Chaucer’s
Picture and Epitaph from Westminster Abbey. Pitts says
Chaucer was born of Noble Parents, and that Patrem habuit
equestris ordinis virum, his Father was a Knight.—
The Plough-Man’s Tale. Shewing by yᵉ Doctrine and lives
of the Romish Clergie that the Pope is anti-christ and they
his ministers, written by sir Geffrey Chaucer, Knight, amongst
his Canterburie Tales: and now set apart from the rest, with
short exposition of the words & matters, for yᵉ capacitie and
understanding of yᵉ simpler sort of Readers. Lon. 1606,
printed by G. E. for Samuell Macham & Matthew Cooke. 4ᵒ.
S. 77, Art. Seld. There is no Preface, nor any Account of
yᵉ Publisher in this Copy. At yᵉ Beginning the Author of yᵉ
Notes (wᶜʰ are very good) says, ... [quotes from these: ＂In
the former Editions ... written near to Chawcer’s time.＂
See above, p. 177, Ploughman’s Tale, 1606]. The Title Page of
our Pynson’s Edition of Chaucer’s Tales, amongst Mr. Selden’s
MSS. is wanting, as is also the date. But there is the
Preface of Mʳ. Pynson. From yᵗ Preface it appears that he
printed these Tales according to a Copy prepared in due
Method by Mʳ. Wᵐ. Caxton, but I much doubt whether
Caxton ever printed all yᵉ Tales, & am of opinion that he
printed only some Pieces of his works, notwithstanding what
Stow and others say.
In the Bodl. Library is a Collection of old Romantick Pieces,
the first of wᶜʰ is The story of yᵉ Noble Kynge Richard Cure de
lyon, pr. at Lond. by Wynkyn de Worde an. 1528, without
[p. 200] yᵉ Author’s Name, but somebody has written at yᵉ Beginning
these words, By Jeffree Chawshed Pooet Laret. It is adorned
with wooden Cutts.  .......
John Shirley Esqr. lyes buried in St. Bartholomew’s Church,
Lond. He was a great Traveller in divers Countries, &
amongst other his Labours, painfully collected the works of
Geffrey Chawcer, John Lidgatex, and other learned writers; wᶜʰ
workes he wrote in sundry volumes, to remain for posterity:
Mʳ. Stow says he had seen them, and that he had some of
them in his Possession. See Survey of London, p. 416. He
died anno 1456.   .......
I believe the Revocation annex’d to the Parson’s Tale in
some Copies of Chaucer not to be genuine, but made by the
Monks, who were strangely exasperated for the Freedom he
took, especially in the Plow-man’s Tale of exposing their
Pride, Loosness and Debauchery.   ... Pitts
mentions among Chaucer’s Works Oratoris (read aratoris)
narratio, wᶜʰ he takes to be the same with Pierce Plow-man,
and tells us ’tis exstant in MS.ᵗ at Oxon.  and Cambridge.
He also mentions Chaucer’s Canterbury Tales, with his
Retractation, as being in MS. in the Lord Lumley’s Library.
[p. 201] May 24 (Tu.). It appeareth from yᵉ Testament of Love
that G. Chaucer was in some Trouble in the days of Rich.
2ᵈ. where he complains very much of his own Rashness in
[p. 202] following the multitude, & of their hatred against him for
bewraying their Purpose. And in that complaint wᶜʰ he makes
to his empty purse Mʳ. Speght found ten times more adjoyned
in a MS.ᵗ of it in Mr. Stowes hands than is in the Print,
making therein great Lamentation for his wrongfull Imprison¬
ment, wishing Death to end his Dayes. And ’tis plain from
a Record in yᵉ Tower that the King took Geff. Chaucer & his
Lands into his Protection in yᵉ 2ᵈ. year of his Reign, because
there was much Danger from him by reason of his favouring
some rash attempt of the common People. —Some of his
Canterbury Tales were translated and penned in the Days of
Rich. 2ᵈ., after the insurrection of Jck Straw, wᶜʰ was in
the 4th year of yᵗ King’s Reign, & whereof Chaucer maketh
Mnetion in the Tale of the Nunne’sv Prest.",,"bibliography,,/manuscripts,,",en
part1_p302_a1,Vol.1,Part I,p302-309,[1709.],[1709],medium,"Hearne, Thomas.",high,Thomas Hearne,male,29543710,"A Letter to Mr. Bagford, containing some Remarks upon Geffry Chaucer and his Writings","[in] Robert of Gloucester’s Chronicle, ed. Thomas Hearne, 1724, vol. ii, Appendix iv, pp. 596-606.","Sir,
§1. A laudable
I cannot but highly commend your In¬
Undertaking, to
dustry, in being so inquisitive into the Life
endeavour to give
an Account of the
and Writings of Geffry Chaucer, the Prince
Life and Writings
of our English Poëts; and I am extremely
of Geffry Chaucer.
oblig’d to you, for the Account you sent me
of the Editions of him, that you have hitherto met with.
Would others but imitate your Diligence, we should under¬
stand this excellent Poët much better than we do, and be
able to give a far more correct Edition of him than has hither¬
to appear’d. Such an Undertaking will derive great Honour
upon those, that shall ingage in it, and will be gratefully
receiv’d by all true Scholars and Antiquaries. For Chaucer
was not only an excellent Poët, but was admirably well
vers’d in most Parts of Learning. And besides his profound
Learning, he was a compleat Gentleman, & skill’d in all the
Arts of Address. These Qualifications made him belov’d and
honour’d, and his Conversation & Acquaintance were courted
by the Greatest Personages, insomuch that he was sent
Ambassadour into Forreign Parts, where he came of [sic] with
as much Applause, as he did in any of his Performances in his
own Native Country. This does not seem to be at all owing
to his Birth, his Father, not withstanding wealthy, being, in
all probability, only  a Merchant; tho’ I know, that Leland,
in which he is follow’d by Bale, tells us, that he was nobili
loco natus, which seems to be a mistake, there being no
Evidence now remaining, that we know of, to confirm such an
[p. 597] Assertion, unless it be that from the Roll of Battle-Abbey we
learn, that the Chaucers came with the Conqueror into
England, and that Pitts tells us, that his Father was a Knight.
Nor are we uncertain only as to his Ancestors, and his Quality,
but there are a great many other Particulars relating to him,
which, at present, we know nothing of, which I am perswaded
we might be satisfied in by a diligent Inspection into antient
Records. I have not time myself to assist in any such
Attempt: and therefore I leave it to your self and others, who
have both leisure and opportunity of going through so desirable
a Work.
§2. In which
We have several eminent Persons for
we have William
Precedents in this usefull Inquiry, which
Caxton, and
several other
cannot but add Life and Vigour to those
eminent Persons
who concern themselves in it. For soon
for Precedents.
after Printing was established in this Island,
William Caxton, besides divers other good Books, set him¬
self carefully about searching out and publishing the several
Pieces of Geffry Chaucer; but I much question whether he
printed divers of them together. For tho’ Stow and some
others inform us that he was the first that publish’d his
Works, yet I believe they are to be understood of some Pieces
printed by him in distinct and small Volumes, and not after
the Method that was follow’d by Successors. For Richard
Pynson, in his Preface to his Edition of the Canterbury Tales
(which we have amongst Mr. Selden’s MSS., and contains
nothing else) acquaints us, that he printed them from a Copy,
that was prepar’d for the Press by his Master William Caxton,
but gives not the least Hint that they had been before
printed. Caxton and Pynson having spent their time so
successfully upon Chaucer, and so much to the Content and
Approbation of learned Men, others were soon animated to
[p. 598] advance and promote what they had begun; and accordingly
several Editions follow’d with Improvements, as you have
particularly specify’d in your Paper: but Caxton and Pynson
were exceeded in their Labours by William Botevil, alias
Thinne, Esq., who having collected all the old Copies of
Chaucer that he could any ways procure, and having with great
Exactness corrected a vast number of Places, and made con¬
siderable Additions, amongst which must not be passed by his
Notes and Explications, publish’d the Work in one Volume in
Folio in the Year¹ MDXL. (not in MDXLII. as Mr. Wood insinu¬
ates²) which was printed at London by Thomas Bertholet [sic],
as is noted by Mr. Leland,³ and dedicated to K. H. VIII.
Twenty Years after this John Stow⁴ the Antiquary collated
this edition with several MSS. (some of which, I suppose,
are part of those that had been collected a great many Years
before by John Shirley Esq., who died in the Year MCCCCLVI⁵
and not in MCCCCLXV. as you mistake) added some Pieces not
printed before, and in the Year MDXCVII. joyn’d to him divers
Poëms of Lidgate; which being done, he drew up an Account
of Chaucer’s Life, of his Prefermentc, Issue and Death, collected
out of Records in the Tower and other Places, which he at
length communicated to Thomas Speght, who publish’d him
the same Year, with the said Improvements of Stow and his
own, and methodiz’d his Life according to his own Judgement.
After this Francis Thinne, Lancaster-Herald at Arms, a
Person very well vers’d in Antiquities, and descended, as it
seems,⁶ from the before mentioned William Thinne, but not
[p. 599] his Son as is affirm’d by Speght in his Life of Chaucer, corrected
this Edition in abundance of Places, drew up several Notes to
it, and put them into the Hands of the said Mr. Speght, who
remitted them into another Edition of Chaucer printed in
Folio in MDCII. which is the most compleat Edition we have
yet, and, besides the Explication of old and obscure Words,
contains great Variety of Improvements, that were not in
former Impressions. But I shall not trouble you with a
Catalogue of the Editions of Chaucer, which you are acquainted
¹ See Stow’s Annals Edit. fol. p. 326, and Mr. Leland de Scriptorib.
in vita Chauceri.
Athenæ Oxon., vol. i, col. 53.  ³Loco citato.
⁴ See his Annals loc. cit.
⁶ See Wood’s Athenæ Oxon., vol. i, col. 320.
⁵ See Stow’s Survey of London, p. 416.
with far better than I can pretend to. I shall, however, if I
meet with any Edition, that you have not specify’d, let you
know of it; and in the mean time I must take notice, that I
have seen some Pieces of him printed separately that you
have not mention’d, and ’tis likely I may meet with others
hereafter in my Searches. Amongst Mr. Selden’s printed
Books in the Bodleian Library is a Quarto Collection of old
Romantick Pieces, the first of which is, The story of the noble
Kynge Richard Cure de Lyon, pr. at London by Wynkyn de
Worde an. MDXXVIII.  The Author’s name is not added, and
therefore ’tis put down in Dr. Hyde’s Catalogue as an
anonymous Tract; but, upon consulting the Book, I find, that
some body, perhaps one that was formerly Owner of it, has
writ the following Words at the Beginning, By Jeffree Charsher
Pooet Laret. What Authority he had for this, I will not
pretend to guess; but I thought fit to give you an account of
it, that you may, at your leisure, examine into it. In the
same Library we have another Collection of old English Pieces,
which was also Mr. Selden’s, in which is the Ploughman’s
Tale, with a short Exposition of the Words and Matters, pr.
at Lond, MDCVI. Quarto. This Exposition is very usefull, and
the Author, who, it may be, was the said Francis Thinne,
[p. 600] shews himself to be a Man of Skill, and to have been a Master
of Chaucer. Besides these two Pieces, I must hint to you,
that the famous Mr. Elias Ashmole has printed, The Tale of
the Chanon’s Yeoman, in his Theatrum Chem.¹ [see above, 1652,
p. 227]  (before which he has put Chaucer’s Picture and
Epitaph from Westminster-Abbey) and that in his Museum
at Oxford is The Miller’s Tale, and The Tale of the Wife of
Bath, with Comments, pr. at London in MDCLXV. [see ante, 1665,
p. 242] which last I have not yet seen; but I shall take the
first opportunity to do it, and I will not fail to let you
know the Issue of my Inquiry.
§3. Whonever-
theless have not
But notwithstanding these excellent
been so exact in
Persons Labours were so successfull, as that
their Editions,
they may seem, perhaps, to some to have
but that they
might be still cor¬
superseded all future Attempts, yet I may
rected and sup¬
with Modesty assert, that a much more
ply’d from MSS.
and some Tracts
correct and compleat Edition of Chaucer
added that were
might be given than any that has hitherto
never yet pub¬
lish’d.
appear’d. I have consulted some of our
Oxford MSS. and find that the Print is in a
¹ Pag. 227.
great many Places corrupted, that in other Places whole Verses
are wanting, which might by these Helps be supply’d, that
sometimes the Titles of the Tales are chang’d, and that, lastly,
intire Tracts might be added, that were never yet made publick.
I took more particular notice of one MS. there, ¹ which is a
Collection of Poëms, some whereof bear Chaucer’s name, and
others have no name at all, which, nevertheless, I take to
have been written by him, as being in the same Style, and all
in the same Hand, which I guess to have been of the very
Age of Chaucer. From this Collection, from those that were
in Mr. Stow’s Library, from that mention’d by Mr. Edw.
Philips in his Theatrum Poëtarum [see above, 1675, p. 250],
[p. 601] and from a multitude of others, we might, in all likelyhood,
make another intire Volume of Chaucer in Folio.
§4. A Frag¬
I shall not give myself the Trouble of
ment of The
Squire’s Tale,
multiplying Instances, to confirm what is
with a Passage at
before asserted, since those cannot but be
the End of The
Parson’s Tale, by
obvious to every one, that shall have the
which Chaucer
Curiosity to inspect and examine a little the
revokes some of
MSS.  Yet I think it proper at present to
his Works.
inform you, that as the Prologue of the
Squire’s Tale, in an excellent MS. of Mr. Selden’s,² is quite
different from that in the Print, so there are eight Verses in
the Tale itself, which are not in the Common Editions. For
whereas we have receiv’d as yet but two Verses of the third
Part, with a Note signifying, that none of the rest, notwith¬
standing diligently sought after, could be recover’d, we have
here the following ones, which immediately precede the two
already printed, viz.
But I here now wol maken a knotte,
To the tome it come nexte to my lotte.
for here ben felawes behynde an hepe truly,
That wolden talke fnl besily,
And habe here sporte, as wel as I,
And the day passith certeynly.
Therefore Oste taketh now good hede,
Who shal nexte telle, and late him spede.
And whereas you mention a Passage, intit’led Penitentia ut
dicitur pro fabula Rectoris, by which Chaucer revok’d several
¹ Inter Codd. Fairfaxii, num. 16.
³ Arch. B. 30, in Bibl. Bodl.
of his Books, that you found printed in an Edition of his
Poëms with Mr. Tanner, which you have not seen in any
other, I must, withall, acquaint you, that I have found the
[p. 602] same Revocation in a¹ MS. in the Bodleian Library, which
because it is fuller than that you mention, and somewhat
different, I shall transcribe at large. How prey I to hem
all, that herken this litul tretise or reden, that if ther be
any thing in it, that liketh hem, that thereof thei thanken
our Lorde Ihesu Crist, of whom procedeth alle witte and
all goodenesse. And if there be anything, that displese
hem, I prey hem also, that thei arrecte it to the defante of
myn unkonnyng, and not to my will, that wold fayne habe
seid better, if I hadde konnyng: for our boke seith, that
al that is written for oure doctrine, & that is myn entent.
... [Here the whole passage is given which is printed at the
end of the Persones Tale, ll. 1082-92.]
This Passage immediately follows these words, And the
rest by trabaile and the life by deth and mortification of
[p. 603] Syn, and is so continued with the Tale, as if it were part of
it; but tho’ this Revocation be also extant in the above men¬
tion’d MS. of Mr. Selden, yet it is written as distinct from the
Tales, which conclude with that of the Parson. For thus
it is brought in, Here enden the Talis of Caunturbury, and
next thautour taketh leue. — How preye I to hem alle &c.
So that it begins just as that which I have transcrib’d
above; but however is much shorter, ending with the Booke
of Seint Valenty.
Besides the Tracts said in this Revocation to have been
written by Chaucer, and the Difference of
§ 5. This Revo¬
cation seems not
the three Copies, viz. our two, and that in
genuine, but to
Mr. Tanner’s Book, we may observe, that
have been added
by the Monks.
the Scribe has intit’led himself to a share in
the Petition: whence I begin to think,
that the Revocation is not genuine, but that it was made
by the Monks. For not only the Regular, but Secular,
Clergy were exasperated against Chaucer, for the Freedom he
had taken to expose their Lewdness and Debauchery; but
nothing gave them so much offense, as the Plowman’s Tale,
in which he has, in lively Colours, describ’d their Pride,
Covetousness, and abominable Lusts, and shew’d that the
¹ Inter Codd.  Caroli Hattoni, num. 1.
Pope is Anti-Christ, and they his Ministers. Such a Satyr,
made by a Person of his Note and Distinction, and so much
celebrated for his wonderfull fine Parts and exquisite Learning
and Judgement, could not but work mightily upon them,
especially when many of them had arriv’d at so high a Pitch
of Wickedness, and were, as it were, drown’d in Sloath and
Luxury, being much worse now than their Predecessors above
three hundred Years before, when most of even the Bishops
themselves were illiterate, tho’ ador’d and flatter’d upon
account of their Dignity and unbounded Wealth, and attended
[p. 604] upon by an amazing Number of Servants and Sycophants.
............
§6. If it be sup¬
But if, notwithstanding, what has been
pos’d to be authen¬
tick, ’tis likely
alleg’d, it be suppos’d, that this Revocation
’twas written by
is authentick, and that ’twas penn’d by
Chaucer towards
the latter end of
Chaucer himself, we may then conjecture,
Richard the
that ’twas done by him towards the latter
second’s Reign, he
end of the Reign of Richard II. when
being then old
and in disgrace,
having lost the favour of his Prince, and
for striking in
most of his noble Friends here, and being,
with the Multi¬
tude in some dan¬
withall, grown old, he retired himself from
[p. 605] gerous Enterprize.
the Pleasures of the World, and reflected
seriously upon the Changes and Infirmities
to which humane Nature is subject. This Consideration, with
the thoughts of a future State, could not but make him
renounce the Vanities of this Life, and retract those Passages,
which he perceiv’d, either bad [done] or might do Mischief to
Religion and Morality. After which he became quite weary
of this Life, and seem’d to have no relish for any thing in it;
tho’ that may be attributed chiefly, perhaps, to the Mis¬
fortunes which happen’d to him, he and his Lands being
taken into the King’s Protection in the second Year of his
Reign, because of some danger that seem’d to threaten from
his favouring and striking in with the rash Attempts of
the common-place. Whatever this Attempt was, whether
Rebellion, or something bordering upon it, ’tis certain he
forfeited the Love of his Prince and most of his Friends,
and he was forced to lead afterwards a melancholy Life,
which often extorted from him grievous Complaints, parti¬
cularly of his own Rashness in following the Multitude, and
sometimes would wish to exchange Life for Death,¹ which
¹ This may be seen in the Complaint he made to his empty Purse, which
Mr. Speght found ten times larger in Mr. Stow’s MS. than in the Print.
Misery, however, was fortunate in this, that it prepar’d him
the better for Eternity, and influenced him to retract all the
loose Things in his Writings.
Now the Plough-man’s Tale having given
§7. The reason
more offence than all the rest of Chaucer’s
why the Plough-
Works, perhaps that is the reason why it
man’s Tale is
found but in few
appears in so few MSS. I have not
MSS. Some think
found it in one of those I have consulted at
’twas not Chau¬
cer’s, but if his,
Oxford, which has made some think, that
it is improperly
’tis not Chaucer’s, and this they believe
call’d a Tale.
confirm’d from the Style, which is different
from his other Poëms. Mr. Pitts confounds it with the
Satyr, that is call’d Piers Plowman; but the Publishers have
skillfully ascrib’d it to him, being warranted from a MS. in
Mr. Stow’s Library; tho’ it must be confessed, that ’tis not
properly term’d a Tale, and it does not seem to have been put
as one of the Tales by the Author himself: for they were
suppos’d¹ to have been spoken and not written, as this is
plainly said to be, the Plowman concluding thus:
To holy Church I will me bow,
Each man to amend him Christ send space:
And for my writing me allow
He, that is almighty, for his Grace.
The same word of writing is there made use of several
times: as, for my writing if I habe blame —and,
Of my writing have me excused: which seems to me an
undeniable Argument, that it was not delivered as all the
rest were.
I might from this occasion insist upon divers others Parti¬
culars, but I have already exceeded the Bounds of a Letter,
and I am afraid I have quite tired your Patience. I hope,
however, you will take what I have said as an instance of my
Readiness to serve you, being, with all sincerity,
Sir,
Your very humble Servant,
Tho. Hearne.
[A MS. note by W. Thomas in Urry’s edn. of Chaucer’s Works, 1721, B.M. pr. m.
643. m. 4, on blank leaf to f. p. 32, states that this letter was written in 1709.]
¹ See a Note at the Beginning of the Tales in MS. (in Bibl. Bodl. inter Codd.
Laud. K. 50) by John Barcham. [See above, 1642, pp. 221-2.]",,"bibliography,,/criticism,qualities,anticlericalism/manuscripts,,/works,canterburyTales,parsonTale",en
part1_p310_a2,Vol.1,Part I,p310,[1709.],[1709],medium,"King, William.",high,William King,male,36927739,The Art of Love: in Imitation of Ovid De Arte Amandi.,"London .. [1709], pp. 59, 60.","Achilles, a Gigantick Boy,
Was wanted at the Siege of Troy:
.......
Venus, although not over virtuous,
Yet still designing to be courteous,
Resolv’d for to procure the Varlet
A flaming and triumphant Harlot;
First stol’n by one she would not stay with,
Then married to be run away with.
Her Paris carried to his Mother,
And thence in Greece arose that Pother,
Of which old Homer, Virgil, Dante,
And Chaucer make us such a Cant.",,,en
part1_p310_a3,Vol.1,Part I,p310,1709.,1709,high,"[Maynwaring or Mainwaring, Arthur.]",medium,Arthur Maynwaring,male,100274526,The Court of Love. A Tale from Chaucer,"[in] Ovid’s Art of Love .... translated into English Verse by Several Eminent Hands ... To which are added The Court of Love ... Printed for Jacob Tonson ... 1709, pp. 351-68.",,"[The central idea of the poem and a few images are all that Maynwaring has given here. See below, 1715, p. 341, Oldmixon, John.]",,en
part1_p310_a4,Vol.1,Part I,p310,1709.,1709,high,"Pope, Alexander.",high,Alexander Pope,male,61551003,"January and May, or the Merchant’s Tale from Chaucer.","[in] Poetical Miscellanies, The Sixth Part, London, Printed for Jacob Tonson, 1709, pp. 177-224. (Works of Alexander Pope, ed. Rev. Whitwell Elwin and W. J. Courthope, 1871, vol. i, pp. 115-53.)",,"[The modern references to Pope are all to this letter edition, and are referred to in the entries below as “ Works, 1871.”]","modernizations,particular,pope/works,canterburyTales,merchantTale",en
part1_p310_a5,Vol.1,Part I,p310-311,[1709.],[1709],medium,"[Pope, Alexander.]",medium,Alexander Pope,male,61551003,"An Essay on Criticism,","Printed for W. Lewis, 1711, p. 28. (Works, 1871, vol. ii, p. 63.)","Short is the date, alas! of modern rhymes,
And ’tis but just to let them live betimes.
No longer now that golden age appears,
When patriarch wits survived a thousand years
Now length of fame (our second life) is lost,
And bare threescore is all ev’n that can boast;
Our sons their fathers' failing language see,
And such as Chaucer is shall Dryden be,","[In ""The Works of Mr. Alexander Pope,"" printed 1717, it states under the title that the Essay on Criticism was written in 1709. See below, p. 314-15, 367, 369, 379, 383.]","criticism,language,obsoleteRude",en
part1_p311_a1,Vol.1,Part I,p311,1709.,1709,high,"Rymer, Thomas.",high,Thomas Rymer,male,1146634308841930849,"Foedera, etc., 1704-1732,","vol. vii (1709), p. 35; vol. viii (1709), pp. 39, 51, 94.","[Vol. vii (1709), p. 35. Grant to Chaucer of a pitcher of wine,
23 April, 1374; see above, p. 3.—Vol. viii (1709), p. 39.
Royal protection for Chaucer for two years, 4 May 1398; see
above, p. 13.—Ib. p. 51. Grant to Chaucer of a butt of wine
yearly, 13 Oct. 1398; see above, p. 13.—Ib. p. 94. Confirma¬
tion by Henry IV to Chaucer of Richard II's two patents of
20 marks and a butt of wine yearly (Feb. 28 and 13 Oct.
1398), 18 Oct. 1399; see above, p. 13.]",,"biography,life-records,",en
part1_p311_a2,Vol.1,Part I,p311,[1709?],[1709?],low,"Smith, Edmund.",high,Edmund Smith,male,14851581,"A Poem on the Death of Mr. John Philips, Author of the Splendid Shilling...","p.7. Reprinted in Miscellaneous Poems and Translations by several Hands, B. Lintot, 1712, p. 156. (Works of the English Poets, by Dr. S. Johnson, additional lives by Alexander Chalmers, vol. ix, 1810, p. 205.)","Rail on, ye Triflers, who to Will's repair
For new Lampoons, fresh Cant, or modish Air;
Rail on at Milton's Son, who wisely bold
Rejects new Phrases, and resumes the old:
Thus Chaucer lives in younger Spencer's Strains,
In Maro’s Page reviving Ennius reigns;
The ancient Words the Majesty compleat,
And make the Poem venerably great.",,,en
part1_p311_a3,Vol.1,Part I,p311,1709.,1709,high,"Steele, Richard.",high,Richard Steele,male,22167754,"The Tatler, No. 110,","col. 2, Dec. 22, 1709. (The Tatler, ed. George A. Aitken, vol. ii, 1898, p. 402.)",I did not care for hearing a Canterbury tale.,,,en
part1_p311_a4,Vol.1,Part I,p311,1709-10.,1709-10,high,"Steele, Richard.",high,Richard Steele,male,22167754,"The Tatler,","No. 132, Feb. 11, 1709. (The Tatler, ed. George A. Aitken, vol. iii, 1899, p. 102.)","I must own, it makes me very melancholy in Company
when I hear a young Man begin a Story; and have often
observed that one of a Quarter of an Hour long in a Man of
Five and Twenty, gathers Circumstances every Time he tells
it, till it grows into a long Canterbury Tale of Two Hours by
that Time he is Threescore.",,,en
part1_p312_a1,Vol.1,Part I,p312,[a. 1710.],[a. 1710],low,"Betterton, Thomas.",high,Thomas Betterton,male,29800138,Chaucer's Characters or the Introduction to the Canterbury Tales—The Miller of Trompington or the Reve’s Tale from Chaucer.,"[Printed in] Miscellaneous Poems and Translations by Several Hands, Printed for Bernard Lintot, 1712, pp. 245-82, and 301-20. Reprinted 1720, 1722. [A very free rendering of Chaucer’s Prologue and Reeve’s tale.]",,"[Betterton died in 1710. Warton relates that Harte told him that Fenton believed this version of the Prologue to be by Pope. See below, p. 590, 1797, Warton, and also Johnson's Lives of the Poets, below, p. 459, 1779-81.]","modernizations,particular,betterton/works,canterburyTales,reeveTale/works,canterburyTales,prologue",en
part1_p312_a2,Vol.1,Part I,p312,1710.,1710,high,"[Gildon, Charles.]",medium,Charles Gildon,male,50128721,Remarks on the Plays of Shakespear,"[in] The works of ... Shakespear, vol. vii, 1710, p. 358.","Shakespear is to be Excus'd in his falsifying the Character
of Achilles, making him and Ajax perfect Idiots,... I say
Shakespear is excusable in this because he follow'd Lollius, or
rather Chaucers Translation of him. But Mr. Dryden who had
Homer to guide him right in this particular, is unpardonable.",,,en
part1_p312_a3,Vol.1,Part I,p312,1710.,1710,high,"Hearne, Thomas.",high,Thomas Hearne,male,29543710,"Extracts from his Diary,","Feb. 19, Aug. 2, Aug. 11, 1710, [in] Remarks and Collections of Thomas Hearne, ed. C. E. Doble, Oxford Hist. Soc., vol. ii, p. 347, vol. iii, pp. 32, 39.","Feb. 19 (Sun.). The Picture of Geofrey Chaucer in a MSᵗ.
of his Tales in Bibl. Bodl. super. Art. A. 32.—
. . . . . . . . . .
Aug. 2 (Wed.).... F. 1. 18. Th.— G. 2. 16. Th. We
have in this Volume Geffry Chaucer's Translation of Boecius,
printed by Caxton in the year I think 1515, & I believe 'tis
not express’d in our Catalogue. Quære. At the End is a large
Memorandum, about Chaucer by Caxton, & his Epitaph.  ...
. . . . . . . . . .
Aug. 11 (Fri.).... 4ᵗᵒ H. 24. Art. Chaucer's Troilus and
Cresseida, in Latin & English. The Latin is a Translation by
Sir Francis Kinaston, & the second Part is dedicated to Mʳ.
John Rouse, Keeper of the Bodlejan Library, the first Part
being dedicated to Patrick Young the King's Librarian.","[See above, p. 207, 1635, Kynaston.]","bibliography,,",en
part1_p312_a4,Vol.1,Part I,p312-313,1710.,1710,high,"[Ruddiman, Thomas.]",medium,Thomas Ruddiman,male,101583814,"Virgil's Æneis translated into Scottish Verse by the famous Gawin Douglas Bishop of Dunkeld. A new edition... to which is added a large Glossary. Edinburgh, 1710.","Preface [pp. 2, 4], Glossary sign. C 2, F 2-G 1, H 1 b., etc.; Y 1.","[Preface]... By the help of the Glossary one may not only
understand this Translation of Virgil, but be also very much
assisted to Read with profit any other book written in the
same Language. Yea Chaucer and the other English Writers
about that time are rendred more plain and easy by it...
[Pref.
p. 4]
Some have blam'd Him for the Inequality of the Measures...
but this has been no less objected against the English Ennius
Chaucer himself...",,"criticism,comparisons,ennius",en
part1_p313_a1,Vol.1,Part I,p313,1710.,1710,high,"Bubb, Geo[rge].",high,"Bubb, Geo[rge].",male,,"The Laurel and the Olive,","Inscrib'd to George Bubb, Esq. by Geo. Stubbes... p. iv. (Quoted by Dr. F. J. Furnivall in his edn. of Phil. Stubbes's Anatomie of Abuses, New Shaks. soc., pt. ii, 882, pp. xxxiˣ-xxxiiˣ.)","To the Author
. . . . . . . .
So when revolving Years have run their Race,
Bright the same Fires in different Bosoms blaze:
Known by his glorious Scars, and deathless Lines,
Again the Hero, and the Poet shines.
In gentler Harison soft Waller sighs,
And Mira wounds with Sacharissa’s Eyes.
Achilles lives, and Homer still delights,
Whilst Addison records, and Churchill fights.
This happy Age each Worthy shall renew,
And all dissolv'd in pleasing Wonder, view
In Ann Philippa, Chaucer shine in You.
Geo. Bubb.",,,en
part1_p313_a2,Vol.1,Part I,p313,[1710.],[1710],medium,"Welsted, Leonard.",high,Leonard Welsted,male,11230694,A Poem to the Memory of the incomparable Mr. J. Philips,"[in] The Works in Verse and Prose of Leonard Welsted... collected... by John Nichols, 1787, pp. 23-4.","[p. 23]
... Rearing with majestick pomp thy tomb,
Swells the big honours of that hallow'd dome,
Where their dark gloomy vaults the Muses keep.
And, lov'd by Monarchs, near those Monarchs sleep;
. . . . . . . . .
[p. 24]
Justly in death with those one mansion have,
Whose works redeem their glories from the grave;
Where venerable Chaucer's antient head,
And Spenser's much-ador'd remains are laid;
Where Cowley’s precious stone, and the proud mould
That glories Dryden's mortal parts to hold,
Command high reverence and devotion just
To their great relicks and distinguish'd dust.",,,en
part1_p313_a3,Vol.1,Part I,p313-314,1710-11.,1710-11,high,"Fenton, El[ijah].",high,Elijah Fenton,male,47705399,"An Epistle to Mr. Southerne from Mr. El. Fenton,","From Kent, Jan. 28, 1710-11, p. 14. (Works of the English Poets, ed. Dr. S. Johnson, additional lives by A. Chalmers, vol. x, 1810, p. 401.)","Chaucer had all that Beauty cou'd inspire,
And Surry's Numbers glow’d with warm Desire:
Both now are priz'd by few, unknown to most,
Because the Thoughts are in the Language lost;
Ev'n Spencer's Pearls in muddy Waters lye,
Rarely discover'd by the Diver's Eye:
Rich was their Imag’ry, till Time defac'd
The curious Works; but Waller came at last.
Waller the Muse with Heavenly Verse supplies...","[Quoted by Samuel Pegge (the Elder) in Anonymiana, 1778, pr. 1809, pp. 344-5, see below, 1778, p. 451; and by Dr. George Sewell, in his Memoirs prefixed to the Poems of Henry Howard, Earl of Surrey, 1717, pp. XV-XVI, see below, 1717, p. 346. In Chalmers the line ""Rarely discover'd...""reads ""Yet soon their beams attract the diver's eye.""]",,en
part1_p314_a1,Vol.1,Part I,p314,1711.,1711,high,"Addison, Joseph.",high,Joseph Addison,male,7413288,"The Spectator for May 24, 1711,","No. 73, fol. 1b. (The Spectator, ed. G. Gregory Smith, 1897-8, vol. i, p. 278.)","This Humour of an Idol is prettily described in a Tale of
Chaucer: He represents one of them sitting at a Table with
three of her Votaries about her, who are all of them courting
her Favour, and paying their Adorations: She smiled upon
one, drank to another, and trod upon the other's Foot which
was under the Table. Now which of these three, says the
old Bard, do you think was the Favourite. In troth, says he,
not one of all the three.
¶ The Behaviour of this old Idol in Chaucer puts me in
mind of the Beautiful Clarinda, one of the greatest Idols
among the Moderns.","[The reference is to the ‘Remedy of Love,’ not by Chaucer, but first printed by Thynne in the 1582 edn. of Chaucer's collected Works.]",,en
part1_p314_a2,Vol.1,Part I,p314-315,[1711.],[1711],medium,"Dennis, John.",high,John Dennis,male,100973436,"Reflections, Critical and Satyrical, upon a late Rhapsody call’d an Essay on Criticism,",pp. 18-20.,"In the 28th Page there are no less than two or three
Absurdities in the compass of four Lines:
Now length of Fame our second Life is lost,
And bare Threescore is all ev'n that can boast.
[p. 19]
Our Sons their Fathers failing Language see
And such as Chaucer is shall Dryden be.
. . . . . . . . . .
That is shall grow obsolete and neglected, and be either forgot
[p. 20] or be read by but a few. ... Mr. Dryden had one Quality
in his Language, which Chaucer had not, and which must
always remain. For having acquir'd some Justness of
Numbers and some Truth of Harmony and of Versification, to
which Chaucer thro' the Rudeness of the Language or want
of Ear, or want of Experience, or rather perhaps a mixture of
all, could not possibly attain, that Justness of Numbers, and
Truth of Harmony and of Versification can never be destroy’d
by any alteration of Language; and therefore Mr. Dryden,
whatever alteration happens to the Language, can never be
like Chaucer.","[This extract is not complete. See above, pp. 310-11, 1709, A. Pope, and below, pp. 367, 369, 379, 388.]","criticism,language,obsoleteRude",en
part1_p315_a1,Vol.1,Part I,p315-317,1711.,1711,high,"Hearne, Thomas.",high,Thomas Hearne,male,29543710,"Extracts from his Diary,","April 28, Aug. 27, Sept. 20, Nov. 16, Dec. 5, 1711, [in] Remarks and Collections of Thomas Hearne, ed. C. E. Doble, Oxford Hist. Soc., vol. iii, pp. 155-6, 217, 234, 264, 274.","[p.155] April 28 (Sat.).... Note out of Sʳ Fra. Kinaston of
Oatly in Salop his Comments on Chaucer's Troilus & Cresida
[see above, 1635, p. 207]. (The said Sʳ. Fr. turn'd that piece
into Latin Rhyme, & writ also Latin Notes upon it.)
For Chaucer's Personage it appears by an excellent piece
of him, limm'd by the Life by Thomas Occleve his Schollar
and now remaining as a high priz'd Jewell in the Hands of
my honoured Friend Sʳ. Thomas Cotton Kᵗ. and Bart. that
Chaucer was a Man of an even Stature, neither too high
nor too low, his Complection sanguine, His Face fleshie, but
pale, his Forehead broad, but comly smooth and even.
His Eyes rather little than great cast most part downward,
with a grave Aspect, His Lipps plump and ruddy & both
of an equal thickness, the hair on the upper being thin and
short ot a wheat Colour, on his Chin 2 thin forked Tuffs.
His Cheeks of like coller with the rest of his Face being
either shaved or wanting Hair. All which considered
together with his Witt and Education in yᵉ Cort, and his
Favour among Great Ladys one of whose Women he married:
it was his Modesty made him speake of his Unlikeliness to
be a Lover.
This Note I took out of a Book of Mr. Urry of Xᵗ. Church,
who transcrib'd several things of the English Comment from
the MS. in the Dean of Xᵗ. Church (Dr. Aldrich’s) Study.
. . . . . . . . . .
[p. 156] Ibid. [i.e. Kinaston’s Comments] 157. passed prime.
Our Ancestours in Chaucer's time and before divided their
Morning Devotions into two Space 1° fr. 6 of the Morning
’till nine & it was called Spacium orationum primarum. The
other from 9 o’ clock 'till twelve, wᶜʰ was call’d Spacium
Orationum nonarum & hence we have our word NOON. ...
. . . . . . . . . .
Ibid.] 159. Game in mine hood.]
In Chaucer's time they had but found out the Invention of
Felt & Beaver Hatts. Before that time they either wore
Knitt Capps or Silk, or Cloath Hoods, as you may see in the
prologues. The Invention of Hatts there you may see (in the
Description of the Merchant, who wore a Flanders Bever
Hatt [1. 272]). His Meaning is that Cresid should find in or
under his Hood some Waggery or Merry Conceits.
. . . . . . . . . .
[p. 216] Aug. 27 (Mon.). ...Mr. Wᵐ. Lambard writ a Saxon
Dictionarie [see above, p. 104], wᶜʰ we have in MS. in Bodley,
inter Codd. Seld. supra n. 63, at yᵉ Beginning of wᶜʰ he hath
this Note:
For the Degrees of the Declination of the old Inglishe, or
Saxon tongue, reade 1. The Lawes before the Conquest.
2. The Saxon Chron. of Peterborough, after the Conquest.
3. The Saxon Writte of H. 3. to Oxfordshyre : in the litle
Booke of olde Lawes, fo. 4. The Pater nostre, & Crede, of
Rob. Grosted: in the Booke of Patrices Purgatiorie &c.
5. The Rythme of Jacob: in the Booke called flos florum.
[p. 217]
6. The Chronicles called Brute: Gower, Chaucier, &c.
By the wᶜʰ, and such like it may appeare, how, and by what
Stepe, our Language is fallen from the old Inglishe, and
drawen nearer to the Frenche. This may vell be lightened
by shorte Examples, taken from theise Bookes, and is meete to
be discover'd when this Dictionarie shal be emprinted.
W. Lambarde 1570.
Seld supra 57. Romanz de la Rose in French. Wᶜʰ hath
been translated by Chaucer & is to be found in his Works.
In this MSᵗ. are abundance of Pictures, from one of wᶜʰ it
appears yᵗ women rid astride when 'twas written.
. . . . . . . . . .
[p. 234] Sept. 20 (Th.). Mr. Urry tells me that he saw a MS.
Chaucer in the Study of the Lᵈ. Treasurer Harley, written,
he believes, in, or very near, the time in which Chaucer liv'd,
and that several things of the Cooks Tale are in this MSᵗ.
that are not in the common Editions.
. . . . . . . . . .
[p. 264] Nov. 16 (Fri.). ...De re literaria promovenda valde est
sollicitus, & ut Ædis Xᵗᶦ, alumni bonæ notæ scriptores
recenseant, notisque brevibus, sed necessarijs, illustrent sæpe
monet atque incitat. Quin & D. Joannem Urrium, amicum
nostrum probum integrumque ut novam Galfridi Chauceri
operum Editionem aggrediatur hortatus est. Ut Urrius opus
istud in se suscipiat ideo optandum esse puto, quod linguæ
Anglo-Saxonicæ & vocum obsoletarum nostrarum apprime sit
peritus, & in hisce studijs non mediocriter versatus. Unus
porro ex intimis Hickesij est familiaribus, qui proculdubio
consilijs commodis Urrium sublevabit, & locos paullo
difficiliores pro virili elucidabit.—
. . . . . . . . .
[p. 273] Dec. 5 (Wed.). Yesterday Mʳ. Urry came to the Bodlejan
Library on purpose to look over Junius's MSS. he having had
[p. 274] Matter) that an Edition of Chaucer was there in great measure
a Letter from Dʳ. Hickes (whose Advice he ask’d about the
done to his Hands. Num. 9ᵗʰ of those MSS. is a printed
Chaucer in Folio, with divers MSS. Notes throughout by
Junius's own Hand, & divers of his other Books will be of
signal Service in the Work, especially the Etymologicon of the
English Tongue, & the Original of old English Words, wᶜʰ
are distinctly handled in three Volumes, wᶜʰ Mr. Urry designs
carefully to read over. ... [see above, 1677, p. 253].","[See above, p. 292, 1705, Wanley, Humphrey.]","biography,portraits,original/bibliography,,/manuscripts,,",en
part1_p317_a1,Vol.1,Part I,p317-318,1711.,1711,high,"Nicols, William.",high,William Nicols,male,20021612,"De Literis Inventis Libri Sex,","London... 1711. Lib. ii, p. 49. [The B. M. copy has 1716 pasted on the title-page over 1711, which was the original date. This passage is referred to in Memoirs of Literature, 2nd edition, 1722, vol. iv, article 70, p. 422.","Aut quam nunc Anglis sunt hæc quæ nobilis olim
Vates Chaucerus carmina scripta dedit,
Chaucerus (quo olim tantum Woodstoca superba
Civè fuit, quantum Mantua Virgilio),
Jam lectore caret; dum tot post secla leguntur
Tityrus, & segetes, armaque clara ducum.
. . . . . . . .
Pauca manent nobis lingua monumenta Britanna,
Quæ modo Chauceri tempore scripta forent,
Quamvis ter centum vatis non amplius amnis
Temporibus duris abfuit ille meis.
Nulla diu vivent, quae vulgi condita lingua
Quamvis nec careant arte nec ingenio:
At quae Romano sublimia carmina felix
Eloquio condas, sæcula cuncta legent.
Cambdeno. Ibid. N."": but this has not been found.
[This Index also gives under Chaucer, “Homerus Anglicus
below, 1722, Delaroche, p. 362.]
For a review of this work and reference to Chaucer, see",,"criticism,language,obsoleteRude",la
part1_p318_a1,Vol.1,Part I,p318,1711.,1711,high,"Pope, Alexander.",high,Alexander Pope,male,61551003,The Temple of Fame: A Vision,"Printed for Bernard Lintot 1715, p. 5, sign. A 3, advertisement, p. 46 Notes. The Works of Alexander Pope, Esq. Printed for H. Lintot, 1736. The Temple of Fame, vol. iii, pp. 1-35. [In this edn. another sentence is added to the Advertisement and also on each page there are numerous passages drawn from Chaucer. In the 1717 edn. of Pope’s Works, and in several subsequent ones, the remark, “written in 1711"" is placed under the Title “The Temple of Fame.""] (Works, 1871, vol. i, pp. 185-230.)","[Works,  Advertisement. The hint of the following piece was taken
p.187]  from Chaucer's House of Fame. The design is in a manner
entirely altered, the descriptions and most of the particular
thoughts my own: yet I could not suffer it to be printed
without this acknowledgment, or think a concealment of this
nature the less unfair for being common. The reader who
would compare this with Chaucer, may begin with his third
Book of Fame, there being nothing in the two first books
that answers to their title. [The following sentence, and the
parallel passages from Chaucer were not added until 1736.]
Whenever any hint is taken from him, the passage itselt is
set down in the marginal notes.
[Note by Pope to 1st edn. Speaking of allegory :—]
[Works, . . . Chaucer introduced it here, whose Romaunt of the
p. 189.]  Rose, Court of Love, Flower and the Leaf, House of Fame,
and some others of his writings, are master pieces of this sort.
In epic poetry, it is true, too nice and exact a pursuit of the
allegory is justly esteemed a fault; and Chaucer had the
discernment to avoid it in his Knight’s Tale, which was an
attempt towards an epic poem.",,"modernizations,particular,pope",en
part1_p318_a2,Vol.1,Part I,p318-319,1711.,1711,high,"Pope, Alexander.",high,Alexander Pope,male,61551003,"Letter to Henry Cromwell, Esq.,","July 24th, 1711 [in] Miscellanea in 2 vols, Never before published. London. Printed in the year 1727. Letter xxi, vol. i, pp. 59-60. (Works, 1871, vol. vi, p. 124.)","Your heroick Intention of Flying to the Relief of a distressed
Lady, was glorious and noble; such as might be expected from
your Character, for as Chaucer says (I think) As noblest Metals are most soft to melt
So Pity soonest runs in gentle Minds.","[The second line is a paraphrase of Chaucer, Knight's Tale, l. 903, Merchant's Tale. l. 742, Squire's Tale, l. 471, and Legend of Good Women, B., l. 503.]",,en
part1_p319_a2,Vol.1,Part I,p319,1712.,1712,high,"Cobb, Samuel.",high,Samuel Cobb,male,7731760,The Carpenter of Oxford or The Millers Tale from Chaucer. Attempted in Modern English. To which are added Two Imitations of Chaucer by Matthew Prior.,"London. Printed for E. Curll, R. Gosling, and I. Pemberton, 1712. (Also in The Canterbury Tales of Chaucer Modernis'd, by Several Hands. Published by Mr. Ogle, 1741, vol. i, pp. 191- 228, see below, 1741, pp. 389-90.)",,,"works,canterburyTales,millerTale",en
part1_p319_a3,Vol.1,Part I,p319,1712.,1712,high,"[Gay, John.]",medium,John Gay,male,2480890,Verses addressed,"to Bernard Lintot [in] Miscellaneous Poems and Translations by several Hands, [published by Lintot], 1712, pp. 168, 171, 172. [For Thomas Betterton's Chaucerian contribution to this volume, see above, 1710, p. 312.] (Poetical... and Miscellaneous Works of John Gay, in 6. vols. ... printed for Edward Jeffrey... 1795, vol. vi, p. 80.)","On a Miscellany of Poems. To Bernard Lintott.
. . . . . . . . .
So, Bernard, must a Miscellany be
Compounded of all kinds of Poetry;
. . . . . . .
Let Prior's Muse with soft'ning Accents move,
Soft as the Strains of constant Emma's Love:
Or let his Fancy chuse some jovial Theme,
As when he told Hans Carvel’s jealous Dream;
Prior th' admiring Reader entertains,
With Chaucer's Humour, and with Spenser's Strains.",,"criticism,qualities,humourWit",en
part1_p319_a4,Vol.1,Part I,p319-321,1712.,1712,high,"Hearne, Thomas.",high,Thomas Hearne,male,29543710,"Extracts from his Diary,","Jan. 4, 24, March 3, April 9, May 21, 24, June 9, Aug. 7, Sept. 3, Dec. 26, [in] Remarks and Collections of Thomas Hearne, ed. C. E. Doble, Oxford Hist. Soc., vol. iii, 1889, pp. 288, 295, 317-18, 330, 363, 365, 373, 425, 444, vol. iv, ed. D. W. Rannie, 1898, p. 42.","[p. 288] Jan. 4 (Fri.). An old Geffrey Chaucer in Mʳ. Urry's Hands
(belonging to my Lᵈ. Harley) printed by Rich. Rele [Kele]
dwellyng in Lombard Street. [See above, 1542, p. 83.] In it
is a MSᵗ, Bill of Fare at yᵉ Beginning wᶜʰ may be of use.
soon after.
it seems to have been by the Hand in tem. Reg. Eliz. or
[p. 295] Jan. 24 (Th.). The word Stele is in Geffery Chaucer's Tale
. . . . . . . . . .
of the Miller. It signifies an Handle. I find it so written
in the MSS.
[C. Tales, A, l. 3785.]
[p. 317] March 3 (Mon.)... On the Prologue to Chaucer's Franke¬
. . . . . . . . . .
leyn’s Tale about the Welch or British Songs upon their
Instrumᵗˢ.
[p. 318] Ashmole 6928. The Cook's Tale, written by Mʳ. Ashmole's
. . . . . . . . . .
own hand. 43. 4.—6937. Chaucer's Piller, or the Squire's
Tale found out by John Lane, 1630. 4ᵗᵒ. 53. [See above,
1614, p. 189.]
[p. 330] April 9 (Wed.).... Mʳ. Urry... hath got a Chaucer
. . . . . . . . . .
MS. from Mʳ. Pepys in wᶜʰ are some Fragments not printed.
. . . . . . . . . .
[p. 363] May 21 (Wed.). Dʳ. Sloane hath lent Mʳ. Urry (who is pre¬
paring for the Press a new Edition of Chaucer's Works) a MS.
call’d The Conclusions of the Astrolabye Compiled by Geffray
Chaucer newlye amendyd [now Sloane MS. 261]. The Author
of these Emendations was Walter Stevins, as appears from his
Dedication of the Work to the right honorable & his vearie
good Lorde Edwarde (Courtney) Earle of Devonshire. Mʳ.
Stevins, of whose Composition I never saw nor heard of any
thing before, hath added a Comment or Paraphrase all along:
Quære what this Stevins was, & whether he was of any
University, & particularly whether of Oxford? [See above,
c. 1555, p. 192.]
[p. 364] May 24 (Sat.)... Mʳ. Urry hath borrow'd of Dʳ. Sloane a
. . . . . . . . . .
Qᵗᵒ. MS. [now Sloane 314] which is written in Paper, and at
[p. 365] the Beginning is thus intitled, Tractatus Astrologico-Magicus,
with a Discourse written by Sʳ. Geoffrey Chaucer's own Hand
of the Astrolabe. I know not what Ground there was for
saying the Discourse of the Astrolabe was written by Chaucer's
own Hand; for tho' he was the Author of it, & it be written
in an Hand of about the Age of Hen. IVᵗʰ. yet 'tis certain
from the Faults and Corruptions of the MS. that it cannot
have been written with his own Hand. Some Body or other
(perhaps some body that publish’d Chaucer's Works) hath
made Corrections and observations throughout. 'Tis possible
the Person that put that Title had no other Ground for what
he did than these Words that are added by some Body just at
the Beginning of Chaucer's Discourse, viz. 1391. Sʳ. Jeffery
Chawser's Worke. There had been another Discourse in this
MS. but 'tis intirely cut out all but the first Page which is
the 2ᵈ. Page of the last Leaf of Chaucer, & is thus intitled,
Experimentum bonum Magistri Johannis de Belton...
. . . . . . . . . .
[p. 373] June 9 (Mon.).... Dʳ. Sloane hath an imperfect Copy of
William Caxton’s Ed. of Chaucer's Canterbury Tales. It is
now in Mʳ. Urry’s hands. Caxton’s Name does not appear.
But, I think, there is no doubt of his being the Printer, the
Letter agreeing with the other Pieces I have seen printed by
Caxton.  ...
[p. 425]
Aug. 7 (Th.). To Mʳ. Urry.
Sir,—I haue at last sent you three Copies of the 8ᵗʰ Vol. of
Leland’s Itin.  ... I hope you continue to meet with excellent
Materials for your Edition of Chaucer.
[p. 444]
Sept. 3 (Wed.).... The following old Fragments given
me by Thomas Rawlinson, Esqʳ.—Two old Love Songs. I
know not who the Author. Perhaps Chaucer.  .... Two
other Love Songs. Perhaps also by Chaucer.
. . . . . . . . . .
[Vol. iv.
p. 42]
Dec. 26 (Fri.). Hesterna die D. Urry ex Æde Xᵗᶦ mihi
ostendit vetustam Editionem Chauceri, sed mutilam cum ad
initium tum ad finem. Est in folio, multis adjectis quæ non
comparent in Edd. Caxtoni & Pynsoni. Quisnam Editor fuit
mihi non constat. Edisci tamen, ni fallor, potest è schedula
quadam mecum à Bagfordo communicata. Typi sunt alij ab
ijs qui in ceteris, quas vidi, Edd. habentur. In una parte libri
hæc verba constat W. Thynne leguntur. An fuerit olim
Thynni illius, qui prelo Chaucerum paravit? De qua re consul¬
endus Stoveus in Annalibus. Hoc etiam Urry indicavi. Sed
Annales hosce non penes se habuit.","[With regard to the two Fragments referred to above, Doble adds the following note, iii, 444: On vellum, two leaves: pasted in. Printed: Reliquiæ Hernianæ (1869), i, p. 265 seq.]","bibliography,,",en
part1_p322_a1,Vol.1,Part I,p322,[1712?],[1712?],low,"Johnson, Maurice.",high,Maurice Johnson,male,41722742,An Introduction to the Minute Books of the Spalding Society;,"being an Historical Account of the State of Learning in Spalding, Elloe, Holland, Lincolnshire.. written by Maurice Johnson, Junior, Secretary to the Society. [Printed by John Nichols in] Literary Anecdotes of the 18th century, vol. vi, 1812, pp. 45, 46.","[p. 45] Thus this house [Priory at Spalding] flourished; but never
more than under the influence of its great and proper patron
John of Gaunt... who.... made frequent visits to this
Convent, with his brother Geffrey Chaucer, who married his
lady’s sister. No question but learning then flourished in this
place when honoured by such company, the fathers of our
kings, our language, and our verse; and most probably this
place was the scene of action of that severest satire of Chaucer,
mentioned by Mr. Dart in his life of that poet before Mr.
Urry's edition from Mr. Speght which yet hath not been
published, beginning thus:
In Lincolnshire fast by a fenne
Standeth a religious house who doth it kenne.","[The Society was founded in 1712, when Maurice Johnson junr. was among the Members, and Mr. Lyon was elected President. This introduction to the Minute books is addressed to Mr. Lyon, so possibly the date is 1712, it is certainly before 1721, when Urry's Chaucer was published. See Literary Anecdotes, vi, pp. 29, 34, 37.]","biography,episodes,other-episodes",en
part1_p322_a2,Vol.1,Part I,p322,[a. 1712.],[a. 1712],low,"King, William.",high,William King,male,36927739,"Adversaria; or Occasional remarks on men, manners, & books;","[printed in] Remains of Dr. William King, 1732, pp. 45-6; [and in] The Original Works of William King, LL.D., 1776, vol. i, p. 235.","He [William Cartwright the poet] has a Copy of Verses on
Sir Francis Kynaston’s Translation of Troilus and Cressida...
[See above, 1635, p. 207.]
Criticisms and Remarks in Poetry, &c. as might tend to the
Honour of the British Name and Literature.
To collect some of Spencer's; particularly an Eclogue of
Colin, very well turned into Latin verse. Kynaston's Chaucer,
a peculiar Piece of Poetry; Dean Aldrich has taken Pains to
give us Notes. The first Book only published.",,,en
part1_p322_a3,Vol.1,Part I,p322-323,[1712?,[1712?,high,"Oldmixon, John.]",medium,John Oldmixon,male,54178623,"Reflections on Dr. Swift's Letter to the Earl of Oxford about the English Tongue,",[n. d.] pp. 24-5.,"[p. 24] When a Tongue is come to any degree of Perfection, who¬
ever writes well in it will Live; ther’es [sic] a Thirst after Wit
in all Ages, and those that have a Taste of it will distinguish
[p. 25] the Thought from the Diction. Chaucer will, no doubt, be
admir'd as long as the English Tongue has a Being; and the
changes that have happen’d to our Language have not hinder'd
his Works out living their Contemporary Monuments of Brass
or Marble.","[Swift wrote his letter, entitled, A Proposal for correcting, improving and ascertaining the English tongue, in Feb. 1712, printed in May 1712. It was addressed to Robert Harley, Earl of Oxford. Various answers were published on its appearance, amongst others Oldmixon's–whose name, however, does not appear. There are no references in Swift's letter to early English writers, and but one passing mention of Spenser.]","criticism,language,obsoleteRude",en
part1_p323_a1,Vol.1,Part I,p323,1712.,1712,high,"Pope, Alexander.",high,Alexander Pope,male,61551003,"Letters of Mr. Pope to Mr. Gay, Dec. 24, 1712,","[in] Letters of Mr. Pope and Several Eminent Persons. London. Printed and sold by the Booksellers of London and Westminster, 1735, p. 120. (Works, 1871, vol. vii, p. 410.)","He who is forced to live wholly upon those ladies' favours,
is indeed in as precarious a condition as any He who does
what Chaucer says for sustenance. [Cokes Tale]","[This edition, known as the P. T. edition, is in 2 vols. bound together. The letters to Gay are the last in the book, and begin on p. 117; the preceding page being numbered 194.]",,en
part1_p323_a2,Vol.1,Part I,p323-324,1712.,1712,high,"Prior, Matthew.",high,Matthew Prior,male,68976517,"Two Imitations of Chaucer: viz. I. Susannah and the Two Elders; II. Earl Roberts’ Mice, by Matthew Prior, Esq.","London. Printed 1712 [with] Samuel Cobb's The Carpenter of Oxford, or The Miller's Tale from Chaucer, sign. H 1.-H 2 b. [See above, p. 319.] (Prior's poetical Works, R. Brimley Johnson (Aldine edn.) 1892, vol. ii, pp. 1-4. The text in this edn. is from Prior's Poems, published 1718, pp. 287-9, our extract is from the original of 1712.)","[sign. H i] Susannah and the Two Elders, in Immitation of Chaucer.
Earl Robert's Mice.
[sign. H 2] TWA MICE, full Blythe and Amicable
Batten beside Earl Robert's Table.
. . . . . . . .
... Eftsoons the Lord
Of BOLING, whilome JOHN the SAINT,
. . . . . . . .
Laugh'd Jocound, and aloud he cry'd
TO MATTHEW seated on the other side;
[sign. H 2 b]
To thee lean Bard it doth pertain
To understand these Creatures Twain.
Come frame us now some clean Device,
Or pleasant Rhyme on yonder Mice:
They seem, God shield me, Mat. and Charles,
Bad as Sir TOPAZ,* or Squire QUARLES.
MATTHEW did for the nonce reply
At Emblem, or Device am I,
But could I Chant or Rhyme pardie,
Clear as Dan CHAUCER, or as Thee,
Ne Verse from me, so God me shrive,
On Mouse, or any Beast alive.
[Note] * A sort of Ballad Rhymes, so call’d by CHAUCER.","[The two versions on Susannah were reprinted in Miscellaneous Poems. Translations by Several Hands. B. Lintot, 1712, p.74.]","imitations,particularImitators,prior",en
part1_p324_a1,Vol.1,Part I,p324,1712.,1712,high,"Tickell, [Thomas].",high,Thomas Tickell,male,225563028,"A Poem to His Excellency The Lord Privy Seal, on the Prospect of Peace,","pp. 10, 11, 19, [published Oct. 1712, dated 1713]. (English Poets, by Dr. S. Johnson, with additional lives by A. Chalmers, vol. xi, pp. 104, 5.)","[p. 11]
From Fields of Death to Woodstock's peaceful glooms
The Poets Haunt, Britannia's Hero [Duke of Marl¬
borough] comes:
Begin, my Muse, and Softly touch the String:
Here Henry lov'd; and Chaucer learn'd to sing.
Hail fabled Grotto! hail Elysian Soil!
Thou fairest Spot of fair Britannia's Isle!
Where Kings of old conceal’d forgot the Throne,
And Beauty was content to shine unknown,
Where Love and War by turns Pavilions rear,
And Henry's Bowr's near Blenheim’s Dome appear;
Thy weary’d Champion lull in soft Alcoves,
The noblest Boast of thy Romantick Groves.
Oft, if the Muse presage, shall He be seen
By Rosamonda fleeting o’er the Green,
In Dreams be hail’d by Heroes mighty Shades
And hear old Chaucer warble through the glades.
[p. 19]
. . . . . . . . .
Nor, Prior, hast thou hush’d the Trump in vain,
Thy Lyre shall now revive her mirthful Strain,
New Tales shall now be told; if right I see,
The Soul of Chaucer is restor'd in Thee.",,,en
part1_p324_a2,Vol.1,Part I,p324,1712.,1712,high,Unknown.,high,Unknown,,,"Parliament of Birds,",1712.,"[A satire in verse, with no reference to Chaucer, the only connection with him being similarity of title.]",,,en
part1_p325_a1,Vol.1,Part I,p325-326,1712.,1712,high,"Urry, John.",high,John Urry,male,25743892,"Letter to Lord Harley,","[printed in] Report on the Manuscripts of his Grace the Duke of Portland, preserved ath Welbeck Abbey, vol. v (Historical MSS. Commission), 1899, pp. 247-8.","[p. 247] 1712, November 24–Mr. Dean of Christ Church tells me
from Mr. Broxholm, your honour has found out another Tale
[p. 248] of Chaucer’s, that never was in print. I need not tell you I
shall be glad to see it, and hope you will favour me with a
sight of it when I come to Christ Church, which will be very
soon.   . . . Last week the Honourable Mrs. Thynn of Cawston
sent me a MS. Chaucer, which she has lately purchased; it
belonged to Mr. Long, Prebendary of Exeter Church. ’Tis all
unbound and wants several leaves, and some whole Tales, but
yet there are two in it that I have not met with anywhere
else. The one is what passed at the inn at Canterbury,
and how the Pilgrims disposed of themselves, and the Par¬
doner's misadventure with the Tapster of that inn [Prologue
to Beryn]. The other is the Merchant's tale as they return
from Canterbury; 'tis long; I have not read it, but after it
are these two lines in the same hand with the rest of the
MS—
Nomen autoris presentis cronica Romæ
Et translatoris filius Ecclesiæ Thomæ.
If what you have discovered is one of these, I shall be the
better enabled to put it forth from two MSS., but if it is
different from these, I shall thereby enlarge my collection of
Chaucer’s works, and that will be some commendation to the
edition I am preparing. I transcribe every line, so that I,
that am not a swift penman, find I have set myself a tedious
task. I am advanced a great way in the Tales, and have
taken as great care of the versification as I can, being per¬
suaded Chaucer made them exact metre, but the transcribers
have much injured them. In his Troilus and Creseide he says
to his book–
And for there is so great diversitie
In English and in writing of our tonge,
So pray I God, that none miswrite the
Ne the mismetre for default of tonge.
So that if I, by the help of MSS. and several printed editions
can restore him to his feet again, I shall have done, though
no great matter, as much as I am able to do, and that in a
good measure I think I shall do.
I shall make no complaints of the difficulties I meet with in
this trifling business. I shall reserve them to a paragraph in
the preface, and there I'll magnify my labours and talk as big,
though but a paltry editor, as if I were the very author him¬
self. But Chaucer was a modest man, and boasting will not
become me. However, you will give me leave, I hope, to
mention how much I am beholden to you in procuring me
that valuable MS. from my Lord Treasurer's library, and
promising to get me the habits of the pilgrims, and finding
out a new Tale to grace the edition, and many other favours,
for all which I most humbly thank your Lordship, and with
all respect kiss your hands.","[Mrs. Thynne's MS. afterwards passed to the Northumberland Collection at Alnwick. See below, Horwood and Martin, 1872.]","manuscripts,,",en
part1_p326_a1,Vol.1,Part I,p326,1713.,1713,high,"Diaper, [William].",high,William Diaper,male,39369601,"Dryades; or the Nymphs Prophecy. A Poem,",p. 2.,"How happy, when I view'd the calm Retreat,
And Groves o’er-look'd by Winchcomb's ancient Seat?
Here the smooth Kennet* takes his doubtful Way
In wanton Rounds the lingring Waters play,
And by their circling Streams prolong the grateful Stay.
Here good old Chaucer whilom chear'd the Vale,
And sootely sung, and told the jocund Tale.
*A River in Berkshire.",,,en
part1_p326_a2,Vol.1,Part I,p326-328,1713.,1713,high,"Gay, John.",high,John Gay,male,2480890,"The Wife of Bath, a comedy,...",by Mr. Gay. 1713. Prologue.,"If ancient Poets thought the Prologue fit,
To sport away superfluous Starts of Wit;
Why should we Moderns lavish ours away,
And to supply the Proloque starve the Play ?
Thus Plays of late, like Marriages in Fashion,
Have nothing good besides the Preparation.
How shall we do to help our Author out,
Who both for Play and Prologue is in doubt?
He draws his Characters from Chaucer's Days,
On which our Grandsires are profuse of Praise.
. . . . . . . . .
Dramatis Personæ.
Men.
Chaucer.
Doggrell.
Franklyn, a Rich Yeoman of Kent.
Doublechin, a Monk.
Merit in Love with Florinda.
Astrolabe, an Astrologer.
Antony,
William,
Servants to Franklyn.
A Drawer.
Women.
Myrtilla, a Lady of Quality.
Florinda, Franklyn’s Daughter.
Alison, the Wife of Bath.
Busie, Myrtilla's Woman.
Scene, an Inn lying in the
Road between London and
Canterbury.
[Act i, sc. 1, Frank. You must know, Sir, that we came thus far with
sign. B 2]
the Canterbury Pilgrims,–certainly the most diverting
Company that ever travell’d the Road-and my House
lying in the way, I design to invite them all to the
Wedding to Morrow.
Dog. And there is a Nun of Quality, I am told, hath just
now joyned them.
Frank. The Wife of Bath is enough to make any Mortal
split his Sides. She is as frolicksome as a young Wench
in the Month of May, plays at Romps with the Pilgrims
all round, throws out as many quaint Jokes as an Oxford
Scholar;–and, in short, exerts herself so facetiously, that
she is the Mirth of the whole Company.
Dog. But the Support of the Society is Mr. Chaucer-he
is a Gentleman of such inexhaustible good Sense, Breed¬
ing, and Civility, that since I have had the Happiness to
converse with him, he hath honour'd some of my
Productions with his Approbation.","[This original 'Chaucer' form of the 'Wife of Bath' was not a success, so in 1730, Gay altered and revised it, striking out the characters of 'Chaucer' and 'Franklyn,' and substituting the modern characters of 'Sir Harry Gauntlet' and 'Plowdon' in their place. In this 2nd edn. the old Prologue is kept, and there is no word of the reason for the change. See Johnson, in his Life of Gay (Lives of the Poets, 1731), where he says: 'In 1713 he [Gay] brought a comedy called ""The Wife of Bath"" upon the stage, but it received no applause; he printed it, however; and seventeen years after, having altered it, and, as he thought, adapted it more to the public taste, he offered it again to the town; but though he was flushed with the success of the ""Beggar's Opera,"" had the mortification to see it again rejected.' Both versions are reprinted in vol. iii of Gay's Miscellaneous Works, 1772-3. See letter from Gay to Swift, 9 Nov. 1729; also one of 3 March, 1729-30, in which he says, 'My old vamped play [The Wife of Bath] got me no money, for it had no success.' Pope, Works, 1871, pp. 165, 183.]","characterFictionDrama,,",en
part1_p328_a1,Vol.1,Part I,p328-329,1713.,1713,high,"Hearne, Thomas.",high,Thomas Hearne,male,29543710,"Extracts from his Diary,","April 5, Nov. 28, 1713 [in] Remarks and Collections of Thomas Hearne, Oxford Hist. Soc., vol. iv, 1898, ed. D. W. Rannie, pp. 150-1, 261.","April 5 (Sun.). Mr. Urry tells me yᵗ yᵉ Name Cornhil
appears at yᵉ End of the Retractation of Chaucer's Parson's
Tale in a MS. he hath. Who [was] this Cornhill?
In a MS. Chaucer lent by the present Lᵈ, Treasurer to
Mʳ. Urry. ’Tis in Vellam, very near the time in wᶜʰ the Author
[p. 151] family, 1548 to 1585.] At the End of the said Book:
lived: [Here follow a list of births, &c. mostly of the Fox
Edwarde Foxe oweythe this booke ex dono patris sui. In
red Letters this followeth: Here endeth the book of the tales
of Cauntirburye, Compyled by Geffraye Chaucers. Of whos
soule Ihesu Crist have mercye. Amen quod Cornhyll.
At the beginning in a spare Leaf: Thys boke belongith to
me Edmond Foxe felow of Lyncolls Inne.
Equus de stanno for a Horse of Brass in one of the MS.
Chaucers yᵗ Mr. Urry hath, being a note of yᵉ Scribe.
The same ignorant Scribe in the Title of the Dʳ. of
Physick’s Tale, Fabula de le Fisician de Virginius Apius &
Claudius.
In the Tale of the Shipman he writes, fabula cujusd.
Shipman.
In the title of the Manciple’s Tale yᵉ same scribe: Mancipij
fab: de la Crowe.
In yᵉ Margin of a Paper MS. (very much Shattered) of
Chaucer, yᵗ Mr. Urry borrowed of Col. Hen. Worsley at yᵉ
Beginning of the Sergeant of Law's Tale, where he mentions
Europe, this Note: Europa est tercia pars mundi. It is agᵗ
these words of all Europe Queen. Hence, I think, it is plain
yᵗ this Book was written before yᵉ Discovery of America.
[p. 261] Nov. 28 (Sat.).... Mr. Bagford tells me yᵗ Caxton printed
Chaucer's Fragmᵗˢ, in 4ᵗᵒ, wᵗʰout Date wᶜʰ are not taken into
his Ed. of the Tales. This is now in the Hands of yᵉ Bᵖ. of
Ely, who had it of Mʳ. Bagford. Dʳ. Tanner hath seen this
Book. And ’tis certainly a Treasure.—K. Henry VIIIᵗʰ. hath
an Act for reading of the Scriptures, in wᶜʰ also Chaucer's
Canterbury Tales and Gower de Amore are allow'd to be read
by the common People, and likewise the Legenda Aurea.","[See above 1477-8, p. 58, for Caxton, and 1542-3, p. 84, an Acte for thadvauncement of true Religion.]","bibliography,,",en
part1_p329_a1,Vol.1,Part I,p329,1713.,1713,high,"[Oldmixon, John?]",low,John Oldmixon,male,54178623,"Note to The Salisbury Ballad: with curious, learned and critical notes by Dr. Walter Pope.","London. Printed in the year 1713 [in] Poems and translations by Several Hands... printed for J. Pemberton... 1714, p. 8. [The sub-title runs] The Salisbury Ballad With the Learned Commentaries of a friend to the Author's memory. [The dedication to the whole collection is signed by John Oldmixon, who was probably the author of these notes.]","[Text]
With a Cup of Old Sack he'll wind up his *Jack.
[Note] *His Engine wherewith he makes Verses. So CHAUCER.
‘As Winding up makes a Jack go,
So good Wine makes good Verses flow.’",,,en
part1_p329_a2,Vol.1,Part I,p329,[1713-14.],[1713-14],medium,"Montagu, Lady Mary Wortley.",high,Mary Wortley Montagu,female,7394587,"Unfinished Sketches of a larger poem,","[in] The Letters and Works of Lady Mary Wortley Montagu, ed. Lord Wharncliffe, 1837, vol. iii, p. 391.","[Dulness is speaking:]
Shall mortals then escape my power? she cried..
Shall Addison my empire here dispute
So justly founded, lov’d, and absolute,
Explode my children, ribaldry and rhyme,
Rever'd from Chaucer’s down to Dryden’s time?",,"criticism,qualities,indecencyFrivolity",en
part1_p329_a3,Vol.1,Part I,p329,1714.,1714,high,"Fortescue-Aland, John.",high,"John Fortescue Aland, 1st Baron Fortescue of Credan",male,26024696,"The Difference between an Absolute and Limited Monarchy.... being A Treatise Written by Sir John Fortescue. Kt. .... Publish’d with some Remarks by John Fortescue-Aland,","Preface, pp. lxxviii-ix, pp. 2-4, 15, 18, 23, 56, 90.",,"[The above references (except those to the Preface) are to notes on the pages indicated, and are chiefly on similarities of words and expressions between Sir John Fortescue and Chaucer.]",,en
part1_p329_a4,Vol.1,Part I,p329-330,1714.,1714,high,"Gay, John.",high,John Gay,male,2480890,"The Shepherd's Week. In Six Pastorals,","by Mr. J. Gay. London... 1714, Notes, sign. B 2, B 4b, C 5b. (Poetical Works of Gay, ed. John Underhill, 1893, Muses Library, vol. i, pp. 74, 78, 89.)","[First Pastoral]
[Line 3] Welkin, the same as Welken, an old Saxon word signifying
a Cloud; by Poetical License it is frequently taken for the
Element or Sky, as may appear by this Verse in the Dream of
Chaucer, Ne in all the Welkin was no Cloud.
. . . . . . . . . .
[First Pastoral]
[Line 79] Queint has various Significations in the ancient English
Authors. I have used it in this Place in the same Sense as
Chaucer hath done in his Miller's Tale. As Clerkes been
full subtil and queint, (by which he means Arch or Waggish),
and not in that obscene Sense wherein he useth it in the Line
immediately following.
. . . . . . . . . .
[Third Pastoral]
[Line 89] To ken, Scire Chaucero, to Ken; and Kende notus. A.S.
cunnan.  ... This word is of general use, but not very
common, though not unknown to the vulgar... Ray, F.R.S.","[See above, p. 249, 1674, Ray. The reference may be to the 2nd ed. of Ray’s Collection, 1691, with which, however, it does not really correspond.]",,en
part1_p330_a1,Vol.1,Part I,p330,1714.,1714,high,"Hearne, Thomas.",high,Thomas Hearne,male,29543710,"Extract from his Diary, Dec. 27, 1714","[in] Remarks and Collections of Thomas Hearne, Oxford Hist. Soc., vol. v, ed. D. W. Rannie, 1901, p. 7.","Dec. 27 (Mon.). Mr. Urry shew’d me a fine MS. of Chaucer's
Works written in Vellam (in an Hand of that time, as I take
it) at the Beginning of which is Chaucer's Picture in a
Fragment of Ocleve. There are Pictures of some of the
Pilgrims, & there have been others, but they have been taken
out. This Book (which is a great Curiosity), belongs to the
Publick Library of Cambridge, from whence Mʳ. Urry
borrow'd it.",,"bibliography,,",en
part1_p330_a2,Vol.1,Part I,p330,1714.,1714,high,"Pope, Alexander.",high,Alexander Pope,male,61551003,"The Wife of Bath, her prologue, from Chaucer,","[in] Poetical Miscellanies... publish'd by Mr. Steele, 1714, pp. 3-27. (Works, 1871, vol. i, pp. 163-183.)",,,"modernizations,particular,pope/works,canterburyTales,wifeBathPrologue",en
part1_p330_a3,Vol.1,Part I,p330-331,1714.,1714,high,"Urry, John.",high,John Urry,male,25743892,"Sketch of a Preface [to] Edition of Chaucer's Works,","not published until 1721 [q.v. below, pp. 353-6], also some remarks, quoted by Timothy Thomas in his Preface to Urry's Chaucer 1721, [q. v.], also a note before the Coke’s Tale of Gamelyn, Urry's edn. of Chaucer's Works, 1721, p. 36. [For the licence for Urry's edition, dated 20 July, 1714, see below, App. A., 1714.]","[Quoted at end of the Preface as being Urry's own Words to
the Reader:—] If this is the First Edition of Chaucer that
ever thou didst read, it will be to little purpose to tell thee
what pains I have been at to fit out this Edition for thee,
Thou wilt, maybe, not thank me for what I have done, and
complain of me for having left so much undone. All this I do
believe thou mayst do justly : But if thou hast read any of
the former Editions, thou wilt be my witness that I have been
at some trouble in settling the Text, and giving Metre to the
Poet's Verse, in collating many MSS., and not a few Printed
Books, writing out Indexes, looking over a great many
Dictionaries for words I could not find, as well as for words
I could. In short, if thou ever wert an Editor of such Books
thou wilt have some compassion on my failings, being sensible
ot the toil of such sort of creatures; and if thou art not yet
an Editor, I beg truce of thee till thou art one, before thou
censurest my Endeavours.
[Note before Tale of Gamelyn which, in the annotated copy,
has ""Urry"" in Thomas’s handwriting at foot.]
[p. 36] So many of the MSS. have this Tale, that I can hardly
think it could be unknown to the former Editors of this Poet's
Works. Nor can I think of a Reason why they neglected to
publish it. Possibly they met only with those MSS. that had
not this Tale in them, and contented themselves with the
Number of Tales they found in those MSS. If they had any
of those MSS. in which it is, I cannot give a Reason why
they did not give it a Place amongst the rest, unless they
doubted of its being genuine. But because I find it in so
many MSS., I have no doubt of it, and therefore make it
publick, and call it the Fifth Tale. In all the MSS. it is
called the Cooke's Tale, and therefore I call it so in like
manner : But had I found it without an Inscription, and had
been left to my Fancy to have bestow'd it on which of the
Pilgrims I had pleas’d, I should certainly have adjudg’d it to
the Squire's Yeoman; who tho as minutely describ'd by
Chaucer, and characteriz'd in the third Place, yet I find no
Tale of his in any of the MSS. And because I think there is
not any one that would fit him so well as this, I have ventur'd
to place his Picture before this Tale, tho' I leave the Cook in
Possession of the Title.",,"works,editionsCompleteWorks,/works,spuriousWorks,gamelynTale",en
part1_p331_a1,Vol.1,Part I,p331,1714-15.,1714-15,high,"Hearne, Thomas.",high,Thomas Hearne,male,29543710,"Letter to Richard Rawlinson,","dated Feb. 2, 1714-15 (MS. Rawl. Lett. 111, f. 31), [abstract of it printed in] Remarks and Collections of Thomas Hearne, Oxford Hist. Soc., vol. v, ed. D. W. Rannie, 1901, p. 20.","... I find Mr. Urry's Chaucer advertised as being to go to
yᵉ Press in a little time. I have not seen any specimen.",,"bibliography,,",en
part1_p331_a2,Vol.1,Part I,p331-332,1714-15.,1714-15,high,"Hearne, Thomas.",high,Thomas Hearne,male,29543710,"Extracts from his Diary,","Feb. 16, Mar. 19, 1714-15 [in] Remarks and Collections of Thomas Hearne, Oxford Hist. Soc., vol. v, ed. D. W. Rannie, 1901, pp. 23, 33, 34, 36.","[p. 23]
Feb. 16 (Wed.). Last Night Mʳ. Urry shew'd me a very
fine Chaucer in Vellam, the best preserved yᵗ I have seen
which formerly belong'd to Hamon Le Strange, and afterwards
to Sʳ. Nich. Le Strange to whom it belongs at present. [Now
at Chatsworth.]
[p. 33]
March 19 (Sat.). Yesterday about 3 Clock in the Afternoon
died of a Feaver my great and good Friend Mʳ. John Urry,
Student of Christ-Church. This Gentleman was Bachelor of
[p. 34] Arts, & bore Arms against Monmouth in the Rebellion called
Monmouth's Rebellion, as several other Oxford Scholars did.
He was a stout, lusty Man, & of admirable Principles. His
Integrity & Honesty & Loyalty gain'd him great Honour &
Respect. He refused the Oaths, & died a Non-Juror....
He had published Proposals for a new Edition of Chaucer,
which he had almost prepared for the Press before he died, &
[p. 36] he was like to meet with very great Encouragement. ... He
was somewhat above 50 Years of Age, & had begun an
Epitaph upon himself, which was found in his Pocket soon
after his Decease, & is as follows: [Here Hearne quotes the
epitaph, for the last verse of which see immediately below.]",,"bibliography,,",en
part1_p332_a1,Vol.1,Part I,p332,[1714-15?,[1714-15?,high,"Urry, John.]",medium,John Urry,male,25743892,Epitaphium Johannis Urry,"[in MS. on a piece of letter paper, inserted before the title page of Urry's edn. of Chaucer, with notes by T. and W. Thomas, B. M. pr. m. 643, m. 4. The following note is at the end of it : 'This is supposed to have been made by Mr. Urry himself; It was found in his Pockett after his Death (I think it was written in his own Hand). Timᵗ. Thomas, 1717.']","[The epitaph ends thus:]
Et quamvis memorabile
Nihil perfecit unquam,
Jussus tamen est aggressus
Opus ultra vires magnum
Chaucerum, nec absolvit,
Magno sed ausu excidit.","[For the date of above epitaph, see diary of Thomas Hearne for April 1, 1715, in Remarks and Collections of Thomas Hearne, Oxford Hist. Soc., vol. v, ed. D. W. Rannie, 1901, p. 39. 'Mr. Urry made his Epitaph as 'tis supposed a little before he kept his Bed, he being up one whole Night, or at least a good part of one.' Hearne also quotes the epitaph in full, ibid. p. 36.]",,la
part1_p332_a2,Vol.1,Part I,p332,1714-15.,1714-15,high,"Hickes, George.",high,George Hickes,male,12463453,"Letter to Thomas Hearne,","dated March 22, 1714-15, MS. Rawl. Lett. f. 15, (75). [abstract of it in] Remarks and Collections of Thomas Hearne, Oxford Hist. Soc., vol. v, ed. D. W. Rannie, 1901, p. 35.","I am as sensible & sorry for the great Loss of Mr. Urry,
as any Friend he hath left behind him, and desire to know to
whom he hath left his Chaucer.",,,en
part1_p333_a1,Vol.1,Part I,p333,1714-15.,1714-15,high,"Hearne, Thomas.",high,Thomas Hearne,male,29543710,Letter to George Plaxton,"[dated] March 23, 1714-15, MS. Hearne’s Diaries 56, pp. 72-3. [abstract printed in] Remarks and Collections of T. Hearne, Oxford Hist. Soc., vol. v, ed. D. W. Rannie, 1901, pp. 35-6.","Mar. 23. On Saturday Night last I was at the ffuneral of
Mr. John Urry Student of Xᵗ Church, who died of a ffeaver
the Day before. He was a couragious, brave, honest, virtuous
and learned man, and is much lamented. He was about an
Edition of Chaucer, but what will become of it now I cannot
tell. ...",,"bibliography,,",en
part1_p333_a2,Vol.1,Part I,p333-334,1715.,1715,high,Unknown.,high,Unknown,,,"Abstract ofthe Articles for Printing Chaucer's [sic], 26th Aug., 1715.","A MS. sheet inserted at the beginning [before the title page] of the interleaved copy of Urry's edition of Chaucer's Works with MS. notes by T. and W. Thomas [B. M. 643, m. 4].","An Agreement dat. 26. Augᵗ. 1715, Between Mʳ. Wᵐ.
Brome Exʳ. to Mʳ. John Urry, The Dean & Chapter of C. C.
Oxon & Bernᵈ. Lintot Bookseller. Reciting the Queen's
License to Mʳ. Urry for the sole Printing of Chaucer for 14
yʳˢ from 25 July 1714. Assigned over by him to Lintot
17. Decʳ follᵍ, & Mʳ. Urry Dying soon after left Mʳ. Brome
Exʳ. And Reciting Mʳ. Urry’s Intention to Apply part of the
Profits towᵈˢ. Building Peckwater Quadrangle.
Mʳ. Brome assigns his Right to Chaucer, Glossary & License
to Mʳ. Lintot for the Remʳ. of the Term.
The Dean & Chapter and Mʳ. Brome to Deliver to Lintot
a Compleat Copy of Chaucer & Glossary & to Correct yᵉ same
or get a person to Correct it at their Charge.
R.P. 250
Mʳ. Lintot to print off 1250 Copys on Royal papʳ & Demy
S.P.1000
—the No of each papʳ to be determined by yᵉ parties before
1250
—the Printing begins. Mʳ. L. to be at the Charge of printing
Proposals and Recᵗˢ and if the Subscription exceed 1250,
He is at his Charge to furnish Copys so they do not exceed
1500, Mr. L. being to have of the produce of the Subscrip¬
tion Books.
If the Subscriptions do not amount to 1250 Then such
Books are [as ?] remain to be Disposed of to Booksellers & the
Produce to be equally Divided between the Three partys.
The Neat and Clear Share of yᵉ Dean & Chapter to be
apply'd to the Finishing of Peckwater. Subscriptions to be
taken by all the partys & to acco[un]t to one another & Mʳ.
Brome for wᵗ. money had been received by Mʳ. Urry.
Subscriptions to be taken in till publication & then Books
to be Delivered to the Subscribers Complᵗ in Quires on paymᵗ
of their Subscription Money & not otherwise.
Mʳ. Lintot to begin Printing as soon as the Copy is Certifyed
by the Dean & Mʳ. Brome to be Compleat & to finish it with
all convenient Speed & assoon as possible, & he is not to print
nor wittingly or willingly suffer to be printed any more than
1500 Copys as above without Consent of the rest of the
Partys, nor print or suffer to be printed the sᵈ Work, or any
part thereof in any manner then as aforesᵈ, untill this Agree¬
ment be in all respects fulfilled & Compleated.
If any Difference arise, the parties to be Determined by
Mʳ. Arthur Trevor & Dʳ. Henry Levet.
The College Seal annext.
Witnesses G. Brookes
Signed Will Brome
Rob. Philips
J. Holloway
Bernᵈ Lintot
Printed in pursuance of this Agreement}
of the Large paper... ... ...}
250
— Do. Small papʳ... ... .. 1000","[See, in connection with this edn., a letter from Wm. Brome to Mr. Rawlins, 1250 below, June 28, 1733, p. 375.]",,en
part1_p334_a1,Vol.1,Part I,p334,[1715?,[1715?,high,"Thomas, Timothy?]",low,Timothy Thomas,male,73730392,Est. of the produce of the Edⁿ of Chaucer;,a small MS. sheet inserted in beginning of annotated copy of Urry's edition of Chaucer [B. M. 643. m. 4] endorsed as above.,"There are printed 1000 Copys of Chaucer,}
wᶜʰ at £1. 10. p Book (in Small}
1500
Paper).... ... ... ... ...}
250 on Large Paper at £2. 10. ... ...
625
The Gross Product... ... ...
2125
Out of wᶜʰ by the Articles Lintot is to}
have 1/3 for the Charges of Paper, print¬}
708.6.8
ing, Graving &c.
... ... ...
To be Divided between Christ Church}
and Brome, they paying for Correcting}
1416.13.4
& Glossary. ... ... ... ...}
N.B. Lintot tells me he is assured all the Copys will go off.
If you are allowed a proportional part
You may insist on 1/3 of £1416 13 4... 472.4.5 1/2
1/4... ... ... ... 354.3.4
1/5... ... ... ... 283.6.8",,,en
part1_p335_a1,Vol.1,Part I,p335,1715.,1715,high,"Sloane, Sir Hans.",high,Hans Sloane,male,77959,"Three Letters to Thomas Hearne,","dated respectively May 5, June 30, and Oct. 29, 1715. MS. Rawlinson, Lett. 16, ff. 71, 75, 77 [abstracts of them in] Remarks and Collections of Thomas Hearne, Oxford Hist. Soc., vol. v, ed. D. W. Rannie, 1901, pp. 54, 72, 130.","May 5, 1715.  ... I am to begg yoʳ favour in another
matter which is the getting for me some MSS. & printed
copies of Chaucer I lent Mʳ. Urry for forwarding his edition
of that author. He had one in his own handwriting or at
least said to be so, another of the Astrolabe fitted for the
presse in folio & some more. You may find them out by
2 marks either MSS. or a letter of the alphabet in the under
part of the back and a number on the upper. The same
marks are generally on the inside. I should be glad to hear
one of yoʳ qualifications would undertake the publication of
so usefull a work even for the language. I begg pardon for
this trouble and remain.   ...
June 30, 1715.   ... As to my MSS. of Chaucer, I shall
only desire, as occasion offers, that you would (if you can
easily) gett my books.
Oct. 29, 1715.   ... I have at last found the list of my books
in Mr. Urry's hands, viz.:
The works of G. Chaucer London, 1518. in fol., markd
P. 150.
The conclusion of the astrolabe by G. Chaucer mark'd
MS. 324 in fol.
Tractatus Astrologico Magicus wᵗ. a discourse written by
Sʳ. G. Chaucers own hand of the astrolabe mark'd MS. 378.
in 4°.
You will do me a great favour to gett these books for me
from Mʳ. Brome or any body may have the looking into
Mʳ. Urry's papers.  ...","[Sir Hans Sloane had some difficulty in getting back the books he had lent to Urry, Mr. Brome on being applied to says [Brome to Hearne, c., Nov. 1, 1715, MS. Rawl. Lett. 18, f. 139] that all MSS. and printed books lent to Urry which came into his [Brome’s] possession were delivered to Dr. Terry, Subdean of Ch: Ch: Next follows Hearne's letter to Sloane, Nov. 13, 1715, q.v., and Sloane to Hearne, Nov. 15, 1715 [MS. Rawl. Lett. 9, f. 74, and Remarks, etc., ed. Rannie, v. p. 139]. The MS. was finally found with Dr. Keil [see Hearne’s letter to Brome, Nov. 20, 1715], but Sir Hans Sloane did not get all his Chaucers back until Feb. 29, 1716-17, when he writes to Hearne in acknowledgment of them, q.v. Mar. 1, 1716-17. See Remarks and Collections of T. Hearne, vol. v, pp. 130-2, 138-40, 152, 175, 178-9. For present nos. of these MSS. see Skeat's Chaucer, vol. iii, p. lx.]","manuscripts,,/works,editionsCompleteWorks,",en
part1_p336_a1,Vol.1,Part I,p336,1715.,1715,high,"Hearne, Thomas.",high,Thomas Hearne,male,29543710,"Three Letters to Sir Hans Sloane,","dated Nov. 1 and 13, and Dec. 12, 1715. MS. Hearne's Diaries, 58, pp. 54, 68, 106. [abstracts in] Remarks and Collections of T. Hearne, Oxford Hist. Soc., vol. v, ed. D. W. Rannie, 1901, pp. 138, 152. [The Chaucer reference in letter of Nov. 1 is only given in the MS.]","Nov. 1. [Hearne has communicated to Mʳ. Brome par¬
ticulars in H. S.'s letter relating to Chaucer.]
Nov. 13, 1715. ...I have been since my last, with Dʳ.
[Moses] Terry, the Subdean of Xᵗ Church, and look'd over the
Chaucers in his Hands. I find two of these you mention,
viz. that mark’d P. 150 and that mark’d MS. 378, but the
3ᵈ mark'd MS. 324 (which is the Conclusion of the Astro¬
labe) we did not meet with. Dʳ. Terry is ready to deliver
up the two foresaid Books when he hath a Note of Release
from Mr. Brome, to whom he gave his Hand for them, and to
whom I design to write upon this Occasion. I intend also to
ask Dʳ. [Edmund] Halley and Dʳ. [John] Keil, whether either
of them know any thing of the MS. that is wanting. I
mention them, because, if I am not much mistaken, I formerly
heard Mʳ. Urry say that he would let one or both of them
have it for a little while, that he might by that means be
able to receive some Assistance in his Design, these Gentlemen
being great Mathematicians.
Dec. 12. ... [Hearne would have answered sooner Sloane's
letter of Nov. 15 last] had I not waited for Mr. [William]
Brome’s Order to have the two Books of yours that are in Dʳ.
Terry's Hands restored to me. But having receiv'd as yet no
such Order, I could not defer writing to you any longer,
especially since the 3ᵈ Book, mark'd MS. 324 hath been
delivered to me by Dʳ. Keil, who gives you his humble service.
I shall send this Book to-morrow by the Carrier that sets up
at the Oxford Arms, and I will write again to Mʳ. Brome
about the others. ...",,"bibliography,,",en
part1_p336_a2,Vol.1,Part I,p336-337,1715.,1715,high,"Hearne, Thomas.",high,Thomas Hearne,male,29543710,"Letters (1) to William Brome,","dated Nov. 20, 1715; (2) to John Bagford [c. Nov. 28, 1715] MS. Hearne’s Diaries 58, pp. 80, 94. [abstracts in] Remarks and Collections of T. Hearne, Oxford Hist. Soc. vol. v, ed. D. W. Rannie, 1791, pp. 140, 148.","[To W. Brome]
Nov. 20, 1715. Sir, I have been with Dr. Terry, and
found two of Dr. Sloane’s Books. The third is in Dr. Keil's
Hands. I have spoke with Dr. Keil, who is ready to deliver
it to me. Dr. Terry is likewise ready to put the other two
into my Hands, as soon as he hath an order from You. I
therefore desire that you would be pleased to let him have
your leave as soon as you can, and at the same time to give
him leave withall to deliver to me Mr. Bagford’s Chaucer of
Caxton’s Edition, Mr. Bagford having commission'd me to
receive it by virtue of the following Note, viz.
Mr. Hearne, I would have you to demand my Chaucer's
Canterbury Tales, printed by William Caxton, lent to Mr.
Urry sometime since. John Bagford.
... As soon as I have these Books I will deliver them to
the right owners, tho' I wish with all my heart the Edition
were carried on.
[To J. Bagford, c. Nov. 28, 1715.] ... I have writ to Mr.
Brome about your Chaucer. But have recᵈ no Answer as yet.",,"bibliography,,/works,editionsCompleteWorks,",en
part1_p337_a1,Vol.1,Part I,p337,1715.,1715,high,"Hearne, Thomas.",high,Thomas Hearne,male,29543710,"Extract from his Diary,","Oct. 24, [printed in] Remarks and Collections of T. Hearne, Oxford Hist. Soc., vol. v, ed. D. W. Rannie, 1901, p. 128.","Oct. 24 (Mon.). Mr. [Richard] Smith had Chaucer's works
fol. the best Edit, 1602, with a MSᵗ. of a Tale of Gamelyn,
taken out of a MSᵗ, of Chaucer's Works in the University
Library of Oxford, Cat. p. 274.","[See above, 1682, p. 256, Chiswell.]","bibliography,,",en
part1_p337_a2,Vol.1,Part I,p337,1715.,1715,high,"Croxall, Samuel.",high,Samuel Croxall,male,2827440,"The Vision, a poem,","pp. 14, 15.","Hard by, a Turfy Mount with Flowrets spread
Mantled in Green uprais'd its double Head:
. . . . . . . . .
High on the forky Ridge two Rev'rend Sires
Their Voices tun’d, and struck their Golden Lyres;
In Notes so sweet that ev’ry list’ning Ear
Was held attent their gentle Strains to hear:
. . . . . . . . .
Chaucer the Parent of Britannic Lays
His Brow begirt with everlasting Bays,
All in a Kirtle of green Silk array'd
With gleeful smile his merry Lesson play'd.
His fellow Bard beside him Spenser sate
And twitched the sounding chords in solemn State.","[The poet has first a vision of certain of the most famous of the monarchs of England, and it is significant that in the following vision the only two poets he sees are Chaucer and Spencer.]","criticism,qualities,humourWit",en
part1_p338_a1,Vol.1,Part I,p338-339,1715.,1715,high,"Elstob, Elizabeth.",high,Elizabeth Elstob,female,47117288,"The Rudiments of Grammar for the EnglishSaxon Tongue, first given in English: with an Apology for the study of Northern Antiquities. Being very useful toward the understanding our ancient English Poets, and other Writers.","By Elizabeth Elstob... London... 1715. Preface, pp. xvi-xviii, note, xix, xxiv, xxviii-ix.","[Paraphrase of pp. xi-xiii. An Examination of (1) whether
the charge made against the Northern languages is true, that
they consist of nothing but Monosyllables; and (2) whether
the copiousness and variety of Monosyllables may be always
justly reputed a fault. The answer to (1) is that the ancient
Northern languages (Gothick, Saxon and Teutonick) do not
wholly nor mostly consist of Monosyllables. The answer to
(2) is that if copiousness and variety of Monosyllables be a
fault, it is one that might as justly be charged upon Latin and
Greek–here follow examples from Greek and Latin poets.
Not only so, but in modern poets we find great use of mono¬
syllables, even in Dryden, who would have us believe he had
a great aversion to them; note Denham’s lines on Cooper's
Hill, which Dryden so admires.]
[p. xvi] To give greater Probability to what I have said concerning
Monosyllables, I will give some Instances, as well from such
Poets as have gone before him [Dryden], as those which have
succeeded him. It will not be taken amiss by those who
value the Judgment of Sir Philip Sydney, and that of
Mr. Dryden, if I begin with Father Chaucer.
Er it was Day, as was her won to do.
Again,
And but I have her Mercy and her Grace,
That I may seen her at the leste way;
I nam but deed there nis no more to say.
Again,
[p. xvii]
Alas, what is this wonder Maladye:
For heate of colde, for colde of heate I dye.
Chaucer's first Book of Troylus, fol. 159, b. [11. 419-20]
. . . . . . . .
But before, at least contemporary with Chaucer, we find
Sir John Gower, not baulking Monosyllables; . .
. . . . . . . . . .
[p. xviii,
Besides the Purpose for which these Verses are here cited,
note]
it may not be amiss to observe from some Instances of Words
contain'd in them, how necessary, at least useful, the Know¬
ledge of the Saxon Tongue is, to the right understanding
our Old English Poets, and other Writers. For example,
leuest, this is the same with the Saxon leofort, most
beloved, or desirable. Goddes folke, not God his Folk, this
has plainly the Remains of the Saxon Genitive Case, [&c.].
[p. xix] ""Let Lydgate, Chaucer’s Scholar also be brought in for a
. . . . . . .
Voucher;
For Chaucer that my Master was and knew
What did belong to writing Verse and Prose,
Ne’er stumbled at small faults, nor yet did view
With scornful Eye the Works and Books of those
That in his time did write, nor yet would taunt
At any Man, to fear him or to daunt.
Tho' the Verse is somewhat antiquated, yet the Example
ought not to be despised by our modern Criticks, especially
those who have any Respect for Chaucer.
[p. xxvi] To these let me add the Testimony of that Darling of the
. . . . . . . . .
Muses, Mr. Prior, with whom all the Poets of ancient and
modern Times of other Nations, or our own, might seem to
have intrusted the chief Secrets, and greatest Treasures of
their Art. I shall speak only concerning our own Island,
where his Imitation of Chaucer, of Spencer, and of the old
Scotch Poem, inscribed the Nut-Brown Maid, shew how great
a Master he is. ...
. . . . . . . . . .
[p. xxviii] Sir, from these numerous Instances, out of the writings of
our greatest and noblest Poets, it is apparent, That had the
Enmity against Monosyllables with which there are some who
make so great a Clamour, been so great in all Times, we must
have been deprived of some of the best Lines, and finest
Flowers, that are to be met with in the beautiful Garden of
our English Posie [sic]....
I speak not this, upon Confidence of any Judgment I have
in Poetry, but according to that Skill, which is natural to the
[p. xxix] Musick of a Northern Ear, which, if it be deficient, as I shall
not be very obstinate in its Defence, I beg leave it may at
least be permitted the Benefit of Mr. Dryden's Apology, for
the Musick of old Father Chaucer's Numbers, “That there is
the rude Sweetness of a Scotch Tune in it, which is natural
and pleasing, tho' not perfect.",[All the verse quotations are in black letter.],"criticism,language,monosyllables",en
part1_p340_a1,Vol.1,Part I,p340,1715.,1715,high,"Gay, John.",high,John Gay,male,2480890,Letter from Gay and Pope to John Caryll,"[April 1715]. (Pope, Works, 1871, vol. vi, 1871, p. 227.)","Mr. Rowe’s Jane Grey is to be played in Easter week, when
Mrs. Oldfield is to personate a character directly opposite to
female nature—for what woman ever despised sovereignty?
Chaucer has a tale where a knight saves his head by discover¬
ing that it was the thing which all women most coveted.",[The first part of this letter is by Gay.],,en
part1_p340_a2,Vol.1,Part I,p340-341,1715.,1715,high,"Hughes, [John].",high,John Hughes,male,44328034,"Works of Edmund Spenser... publish'd by Mr. Hughes,","six vols., vol. i, Life, pp. ii, xv, xvii, xviii (quotes Camden’s account of Spenser’s tomb: see above, p. 163).—Essay on Allegorical Poetry, pp. xxvi, xxxvii.—Remarks on the Fairy Queen, pp. lxxxvii, xciv,—Remarks on the Shepherd’s Calendar, pp. ciii, cvii, Glossary cxxi, cxxv, etc.","[p. ii] ... Edmund Spenser, the most Eminent of our Poets till
that time, unless we except Chaucer, who was in some respects
his Master and Original.  ...
[Mr. Waller says that a great misfortune which attends
[Essay   English Poets is that they are writing in a tongue which is
on
Alle¬
gorical   changing daily. They should therefore, like wise sculptors,
Poetry,   choose more durable material, and carve in Latin or Greek, if
p. xxvi]
they would have their labours preserved.] Notwithstanding
the Disadvantage he has mention'd, we have two Antient
English Poets, Chaucer and Spenser, who may perhaps be
reckon'd as Exceptions to this Remark. These seem to
have taken deep Root, like old British Oaks, and to
flourish in defiance of all the Injuries of Time and
Weather. The former is indeed much more obsolete in his
Stile than the latter; but it is owing to an extraordinary
native Strength in both, that they have been able thus far to
survive amidst the Changes of our Tongue, and seem rather
likely, among the Curious at least, to preserve the Knowledg
of our Antient Language, than to be in danger of being
destroy'd with it, and bury'd under its Ruins.
Tho Spenser's Affection to his Master Chaucer led him in
many things to copy after him, yet those who have read both
will easily observe that these two Genius's were of a very
different kind. Chaucer excell’d in his Characters; Spenser
[p.
in his Descriptions. The first study'd Humour, was an
xxvil]
excellent Satirist, and a lively but rough Painter of the
Manners of that rude Age in which he liv'd.  ...
. . . . . . . . . .
[Remarks  Before his [Spenser's] time, Musick seems to have been
on the Fairy
Queen, p.  so much a Stranger to our Poetry, that, excepting the Earl
xciv]
of Surry's Lyricks, we have very few Examples of Verses
that had any tolerable Cadence. In Chaucer there is so little
of this, that many of his Lines are not even restrain'd to a
certain Number of Syllables.",,"criticism,qualities,observationCharacter/criticism,comparisons,spenser/criticism,verse,thoughtIrregular/criticism,language,obsoleteRude",en
part1_p341_a1,Vol.1,Part I,p341,1715.,1715,high,"[Oldmixon, John.]",medium,John Oldmixon,male,54178623,"The Life and Posthumous Works of Arthur Maynwaring, Esq.,",pp. 324-6.,"When I was inserting some of his Poetical Works, I should
have remember'd that he was the Author of the Court of
Love, which is annex'd to a Version of Ovid’s Art of Love,
Printed by Mr. Tonson his Friend. I shall repeat only a few
[p. 326] Lines.  ... Whoever will be at the Pains to compare this
Court of Love with the Tale in Chaucer, from whence 'tis
taken, will be extreamly well pleas'd to see how he has
improv'd it; and will find the Poem intire, with Ovid's Art
and Remedy of Love, Printed for Mr. Tonson.","[See above, p. 310, 1709, Maynwaring.]",,en
part1_p341_a2,Vol.1,Part I,p341,1715.,1715,high,"Sewell, [George].",high,George Sewell,male,54200956,"The Life and Character of Mr. John Philips,","written by Mr. Sewell, 2nd edn. 1715, [a small pamphlet], pp. 5, 6, 32, 34; [reprinted in] The Whole Works of Mr. John Philips, 1720, pp. iv, xxxv, xxxvii. [The two last references are to Philips's monument in Westminster; see above, 1708, Freind, etc., p. 295-6, and below, 1823, Neale.]","[p. 5] Nor was he less curious in observing the Force and
Elegancy of his Mother Tongue, but, by the Example of his
Darling Milton, search’d backwards into the Works of our Old
English Poets, to furnish himself with proper, sounding, and
significant Expressions, and prove the due Extent, and Compass
of the Language. For this purpose, he carefully read over
Chaucer, Spenser; and, afterwards, in his Writings, did not
scruple to revive any Words, or Phrases, which he thought
deserv’d it. ...",,,en
part1_p341_a3,Vol.1,Part I,p341-342,1715-16.,1715-16,high,"Brome, William.",high,William Brome,male,,"Letter to Thomas Hearne,","dated Feb. 22. 1715-16, MS. Rawl. Lett. 13, f. 140, [abstract of first part in] Remarks and Collections of T. Hearne, Oxford Hist. Soc., vol. v, ed. D. W. Rannie, 1901, p. 175.","Dear Sir I received yours of Jan. yᵉ 6th ... by the
Bearer of this I intend to write to Dʳ. Terry to deliver the
Books and MSS. belonging to Dr. Sloane and Mr. Bagford to
you; and shall acquaint him that your discharge shall be as
obliging as one under my own hand, so I hope upon your
waiting upon him they will be deliver'd to you, except the
Editors of Chaucer have farther occasion for them, and then I
suppose by your interposition Dr. Sloane will oblige them by
a longer loan of them. ...",,"manuscripts,,",en
part1_p342_a1,Vol.1,Part I,p342-343,1715-16.,1715-16,high,"Hearne, Thomas.",high,Thomas Hearne,male,29543710,Letters (1) to William Brome,"(MS. Rawl. Lett. 13, f. 141), (2) to Hans Sloane (MS. Rawl. Lett. 39, f. 80), both dated Feb. 28, 1715-16, (3) to James Sotheby (MS. Rawl. Lett. 16, f. 92) dated March 1, 1715-16, (4) to Thomas Rawlinson, (MS. Rawl. Lett. 33, f. 16), dated March 13, 1715-16, [abstracts in] Remarks and Collections of T. Hearne, Oxford Hist. Soc., vol. v, ed. D. W. Rannie, 1901, pp. 178-9, 182.","[To W. Brome] Feb. 28 ... Sir, I recᵈ yesterday Dʳ.
Sloane’s two MSS. that were in Dʳ. Terry's Hands, and have
left a note of them with Him. I have sent them this day to
Dʳ. Sloane. At the same time Dʳ. Terry deliver'd me Mʳ.
Bagford’s Copy of Caxton’s Ed... Dʳ. Terry hath not Mʳ.
[Thomas] Rawlinson’s Copy, at least he does not find it. I
remember yᵗ it was a small old MS: but I did not take down
the Title, and have no other note abᵗ it then this, viz. June
16ᵗʰ (Mond.) 1712. Recᵈ, of Mʳ. Rawlinson a Chaucer for
Mʳ Urry, wᶜʰ I delivered to Mʳ. Urry the same day. I
took no note for it of Mʳ. Urry. I hope you will be able
to find it. I will write abᵗ it to Mʳ. Rawlinson himself, who
perhaps can recover the Title. I am, Sir,...
[To H. Sloane] Feb. 28... Honʳᵈ, Sir, I have at last
heard from Mʳ. Brome, and yesterday Dʳ. Terry delivered me
your two Chaucers, viz. (1) The works of G. Chaucer Lond.
1598. in fol. mark’d P. 150. (2) Tractatus Astrologico
Magicus, with a discourse written by Sʳ. G. Chaucers own
hand of the Astrolabe mark’d MS. 378. in 4°.—I sent them to
you by this day's waggon yᵗ sets up at yᵉ Oxford Arms. I
formerly sent you the Conclusion of yᵉ Astrolabe by G.
Chaucer mark'd MS. 324. in fol. so yᵗ now you have all yᵗ
you was pleased to lend Mʳ. Urry. I hope the two I now
send may come safe, and I am,...
[To James Sotheby] Mar. 1.  ... Tell Mʳ. Bagford I have
procured his Copy of Chaucer of Caxton's Ed.
[To Thomas Rawlinson] Mar. 13.  . . . Be pleased to send
me the Title of the little MS. that you lent Mʳ. Urry, I cannot
otherwise procure it for you. I did not put it down. And I
do not find yᵗ they are very ready to return Books unless the
Titles can be given them distinctly.",,,en
part1_p343_a1,Vol.1,Part I,p343,1715-16.,1715-16,high,"Sloane, Hans.",high,Hans Sloane,male,77959,"Letter to Thomas Hearne,","dated March 1, 1715-16. MS. Rawl. Lett. 9, f. 75. [abstract in] Remarks and Collections of T. Hearne, Oxford Hist. Soc., vol. v, ed. D. W. Rannie, 1901, p. 179.","Sʳ., I give you very many thanks for yoʳ favours and the
books [edns. of Chaucer] which I received last night and which
without yoʳ help I should have lost. I am much in yoʳ debt
on that and many other accounts and should be glad to have it
in my power to shew you that I am very sincerely yoʳ most
obedᵗ.  ...",,,en
part1_p343_a2,Vol.1,Part I,p343,[1716.],[1716],medium,"Bridges, John.",high,John Bridges,male,18431861,Letter to Thomas Hearne,"[c. June 5, 1716] (MS. Rawl. Lett. 3, f. 5) [abstract in] Remarks and Collections of T. Hearne, Oxford Hist. Soc., vol. v, ed. D. W. Rannie, 1901, p. 233.","I saw Chaucers Picture, wᶜʰ Mr. Murray mentions to be in his Custody...",,"biography,portraits,original",en
part1_p343_a3,Vol.1,Part I,p343,1716.,1716,high,"Hearne, Thomas.",high,Thomas Hearne,male,29543710,"Letters to Thomas Rawlinson,","dated Mar. 30, and April 27, (MS. Rawl. Lett. 33, f. 20 and 33, f. 21) to John Murray, dated June 3, (MS. Rawl. Lett. 112, f. 71) [abstracts in] Remarks and Collections of T. Hearne, Oxford Hist. Soc., vol. v, ed. D. W. Rannie, 1901, pp. 190-1, 211, 231-2.","[To T. Rawlinson], March 30, 1716.  ... I desired you to
send me the Title of the little MS. of Chaucer yᵗ you lent Mʳ.
Urry.—I urge the Request again, that I may get it again. If
you do not call to mind what it was it will be lost, the Books
being all at Christ-Church in Dʳ. Terry’s Hands, to whom they
were delivered by Mʳ. Broome. I got Dʳ. Sloane’s and Mʳ.
Bagford’s, otherwise theirs would have been lost too.
[To T. Rawlinson], Ap. 27, 1716.  ... I hope you will
take care to retrieve your two Chaucers. I suppose they are
in Dʳ. Terry’s Hands.  ...
[To John Murray], June 3, 1716. I have preserved your
notes about Hoccleve in one of my Books [see below, p. 344,
Diary for June 26, 1716]. I long to see the MS. it self,
particularly the Picture of Chaucer.",,,en
part1_p344_a1,Vol.1,Part I,p344,1716.,1716,high,"Hearne, Thomas.",high,Thomas Hearne,male,29543710,"Extract from his Diary,","June 26, 1716, [in] Remarks and Collections of T. Hearne, Oxford Hist. Soc, vol. v, ed. D. W. Rannie, 1901, p. 241, and App. p. 382.","The Note here pasted in about Occleve I had from Mr.
John Murray of London, who hath got a fine MS. of Occleve
de Regimine Principis, with Chaucer's Picture done by
Occleve :—
Thomas Hoccleve wrote this Book about yᵉ year of our
Lord 1400, and dedicated and presented it to Henry, Duke
of Monmouth. This Hoccleve was Friend and, by his own
Testimony, Scholar of Geofry Chaucer &  Jn° Gower, whose
wit and Eloquence he largely Extolls, and has depicted the
Portraiture of Geofry Chavcer in yᵉ Margin of yᵉ 71 Page,
with yᵉ praises of yᵉ same Chavcer.  ...",,,en
part1_p344_a2,Vol.1,Part I,p344,1716.,1716,high,"Brome, William.",high,William Brome,male,,"Letter to Thomas Hearne,","dated Sept. 19, 1716 (Rawl. 3 130) [abstract in] Remarks and Collections of T. Hearne, Oxford Hist. Soc., vol. v, ed. D. W. Rannie, 1901, pp. 314-5.","If you are acquainted with Mʳ. Tickell of Queen's Coll.
Enquire of him whether he ever lent Mʳ. Urry an old Chaucer,
that if he has, I may look after the Book.",,,en
part1_p344_a3,Vol.1,Part I,p344-345,1716.,1716,high,Unknown.,high,Unknown,,,"Proposals for Printing Chaucer's Works,","dated June 30, 1716, inserted before the title page of the interleaved and annotated copy of Urry's edn. of Chaucer in B. M. [pr. m. 643. m. 4].","Proposals for printing by subscription the Works of the
celebrated and ancient English Poet Jeoffrey Chaucer: Care¬
fully compar'd, not only with former Editions of Value, but
with many rare and ancient MANUSCRIPTS: From the Collating
of which the Text is in a great Measure restor'd and perfected;
many Errors and Corruptions that have crept in, and continued
in all the Editions hitherto printed, are amended; and many
whole Lines, omitted in all the Printed Editions, are inserted
in their proper Places.
Three entire New TALES of this Author in Manuscript
(never yet printed) have been recovered, and will be added
to this Edition; by which Alterations, Amendments, and
Additions, this Work is in a manner become new.
This Work was at first undertaken and was very near com¬
pleated by John Urry, Student of Christ-Church, Oxon, and is
now finish'd from his Papers by a Member of the same College.
A more Useful and Copious Glossary, for the better Under¬
standing of this Poet, than has yet been printed, will be
added at the End by Anthony Hall, A.M., Fellow of Queen's-
College, Oxon.
N.B. One third of the Monies, that shall arise from Sub¬
scriptions, will be Employ'd towards the finishing of Peck¬
Water Quadrangle in Christ-Church; so that all Subscribers
to this Edition will be Benefactors to that College.","[On the back of the page of which we have given the text above, is printed the Queen's Licence to Urry (or his executors) for the sole Printing of Chaucer for 14 years from 25 July 1714 (see below, Appendix A., 1714), and there follows a specimen page of the Prologue to the Canterbury Tales. Timothy Thomas did the Glossary eventually, not Anthony Hall, as advertised.]",,en
part1_p345_a1,Vol.1,Part I,p345,1716.,1716,high,Unknown.,high,Unknown,,,"Brown Bread and Honour, A Tale moderniz’d from an Ancient Manuscript of Chaucer.","London. Printed for John Morphew, near Stationers-Hall, 1716 (Price 3d.).","[There is nothing about Chaucer in the poem, which is a
satire in verse, the title being founded on the Prol. to W. of
Bath's Tale, Il. 143-4;
Lat hem be breed of pured whete-seed,
And lat us wyves hoten barly-breed.]",,"bookTitles,,/works,canterburyTales,wifeBathPrologue",en
part1_p345_a2,Vol.1,Part I,p345,1717.,1717,high,"Catcott, [Alexander Stopford].",high,Alexander Stopford Catcott,male,59476965,The Court of Love. A Vision from Chaucer.,"Oxford, 1717.","[A free paraphrase in heroic couplets of the original poem,
which is not by Chaucer.]",,"modernizations,particular,catcott",en
part1_p345_a3,Vol.1,Part I,p345,[1717.,[1717,high,"Dennis, John.]",medium,John Dennis,male,100973436,A True Character of Mr. Pope.,The Second Edition. p. 3. [Not in first edition.],"... In all his Productions, he has been an Imitator...
His Pastorals were writ in Imitation of VIRGIL... His Temple
of Fame, of CHAUCER.",,,en
part1_p345_a4,Vol.1,Part I,p345,1717.,1717,high,"[Fenton, Elijah.]",medium,Elijah Fenton,male,47705399,A Tale Devised in the plesaunt manere of gentil Maister JEOFFREY CHAUCER,"[no reference to Chaucer in the Poem] Poems on Several Occasions [by Elijah Fenton]. Printed for Bernard Lintot, 1717, p. 169. (The Works of the English Poets, by Dr. Samuel Johnson. Additional Lives by A. Chalmers, 1810, vol. x, p. 412.)",,,"imitations,particularImitators,fenton",en
part1_p345_a5,Vol.1,Part I,p345,1717.,1717,high,"Gay, John.",high,John Gay,male,2480890,An Answer to the Sompner's Prologue of Chaucer In Imitation of Chaucer's Style.,"[published in] Poems on Several Occasions, by Mr. John Gay,... London... 1720, vol. ii, pp. 311-5. (Poems of John Gay, Muses’ Library, ed. John Underhill, 1893, vol. ii, pp. 379-81; the note on p. 378 as to date of first appearance is incorrect.)",,,"imitations,particularImitators,gay/works,canterburyTales,sompnourTale",en
part1_p346_a1,Vol.1,Part I,p346,1717.,1717,high,"Pope, Alexander.",high,Alexander Pope,male,61551003,"Eloisa to Abelard,","[in] The Works of Mr. Alexander Pope, 4°, p. 421. (Works, 1871, vol. ii, p. 241.)","Love, free as air, at sight of human ties,
Spreads his light wings, and in a moment flies.","[The reference is to the Frankeleyn's Tale, ll. 36-88. See below, p. 489.]","modernizations,particular,pope/works,canterburyTales,franklinTale",en
part1_p346_a2,Vol.1,Part I,p346,1717.,1717,high,"[Sewell, George.]",medium,George Sewell,male,54200956,Memoirs,"[prefixed to] Poems of Henry Howard Earl of Surrey, pp. xv-xvi.",,"[Sewell quotes Fenton's lines on Chaucer. See above, 1710-11, p. 313.]",,en
part1_p346_a3,Vol.1,Part I,p346,1717.,1717,high,"Winchelsea, Anne, Countess of.",high,"Anne Finch, Countess of Winchilsea",female,295362208,"To Mʳ Pope, by the Right Honourable Anne, Countess of Winchelsea,","[in] The Works of Mr. Alexander Pope. London. Printed for Bernard Lintot 1717. fol. sign. d. i. (Pope, Works, 1871, vol. i, p. 21.)","Your Tales be easy, natural and gay,
Nor all the Poet in that part display;
Nor let the Critic, there his skill unfold,
For Boccace thus, and Chaucer tales have told.",,,en
part1_p346_a4,Vol.1,Part I,p346,1718.,1718,high,"Dart, John.",high,John Dart,male,283156923,"The Complaint of the Black Knight, from Chaucer,","by Mr. Dart. Preface, sign. a 2, a 5 b.","He [Chaucer] who doubtless was a gentleman indu’d with
all the Accomplishments that could oblige the Learned, and
the Fair; He who was finely turn’d for the Court, and excel¬
lently form’d for Love, seems now [through the obsoleteness
of his language] a very unfashionable courtier and an anti¬
[sign.a 5] quated Lover.  ... I could wish that Gentlemen would
[sign. a    unite their Endeavours to dress him intirely in a more refin'd
5b]
Habit... that he may be fashionable to keep Company
with the Ladies who otherwise are depriv’d of Conversing
with the greatest Poet that England (or perhaps the World)
ever produc’d.","[There are references to Chaucer on every page of the preface. This is really Lydgate's poem, 1402-3 (q. v. above, p. 16), and references to Chaucer's Knight's Tale are on pp. 19-20 of this edition.]","modernizations,general,praisedDefended/modernizations,particular,dart",en
part1_p346_a5,Vol.1,Part I,p346-347,1718.,1718,high,"Gildon, Charles.",high,Charles Gildon,male,50128721,"The Complete Art of Poetry,","vol. i, pp. 67, 82.","[p. 67] [Various objections to Poetry. That it is the mother of Lies,
the Nurse of Abuse] ’Tis farther urged, that Chaucer says, that
before Boers [sic for Poets] had soften'd us, we were full of
Courage, and given to Martial Exercises, the Pillars of
Manlike Liberty, not lull’d asleep in Shady Idleness, and
Poetical Pastimes.
. . . . .       . . .
[p. 32] As for its Rise in England, especially in our native Tongue,
we have very blind Footsteps to trace it; Chaucer, Gower,
and Lydgate, were the first who made any tolerable Figure in
that Dress; of whom Chaucer is the only one who may justly
claim the Name of a Poet. After him, English Poetry was
totally neglected.  ...","[The first part of this book is an essay on Poetry, and the second part a collection of extracts from various poets on different subjects, of the same nature as Bysshe's Art of Poetry, 1702. In vol. ii, to face title page, Chaucer is among the list of ""Authors cited in this Book,"" but all quotations are from Dryden's versions.]",,en
part1_p347_a1,Vol.1,Part I,p347,[1718?],[1718?],low,"Prior, Matthew.",high,Matthew Prior,male,68976517,In the same [i. e. Chaucer's] Style,"[in] Poems on several occasions by M. Prior, 1718, pp. 289-90. (Prior's poetical works, ed. R. Brimley Johnson (Aldine edn.), 1892, vol. ii, p. 3.)","[A poem in 4 accented rhyming couplets, with no Chaucer reference.]",,"imitations,particularImitators,prior",en
part1_p347_a2,Vol.1,Part I,p347-348,1718.,1718,high,"Sewell, George.",high,George Sewell,male,54200956,"The Proclamation of Cupid, or, a Defence of Women, a poem from Chaucer,","by Mr. Sewell. London.. 1718 [a folio pamphlet of 20 pp.]. Sign. *ab., a and ab.","To the LADIES.
To You, bright British Fair, whom she defends,
The Muse her undesigning Verse commends:
Smile, while She makes old Chaucer plead your Cause;
It is no Crime to give the Dead Applause,
For never Man, nor even Woman yet
Made lewd Constructions on a buried Wit.
If Graves and Tombstones don't offend your Ears,
He has been shrowded–full three hundred Years;
And now returns to shame this graceless Age,
Who Libel Woman from the Press, and Stage:...
 . . . . . . . . .
Our Bard, who if from Picture we may trace,
Had Strength, and Vigour, and an English Face,
Scorn'd the Design of Nature’s Gifts to spoil,
And damn his comely Person by his Stile.
He knew, whate’er might be his secret Thoughts
The Sex too well, to tell them half their Faults,
Not that he flatter'd them, and gave Pretence
To those he courted, to suspect his Sense.
 . . . . . . . . .
Chaucer, who shuns the Folly of Extremes,
With Wit and Truth records these common Themes;
Not wholly to the Fair devotes his Pen,
But wisely turns the Satyr on the Men:
Their Arts, their Stratagems at large displays,
And telling them, gives Woman silent Praise.
. . . . . . . . .
The Preface.
[sign. a] This Poem is generally admired by those who can taste it
in the obsolete Language of the Author, which inclin'd me to
believe it would not be unpleasing in a Modern Dress, the
Subject being adapted to all Times, Humours, and almost every
Stage of Life:...
Chaucer knew the State of the Case between the Sexes as
well as the best Poets of any Age, and in this Piece has
plainly shewn what a Master he was of Human Nature:...
[sign. a b] I must not dissemble that in some Editions of Chaucer this
Work is attributed to Thomas Occleve a Scholar of his, and is
said to have bore [sic] this Title, A Treatise of the Conversation
of Men and Women in the little Island of Albion. But this in
all Probability is a mere Fiction; the Title indeed might be
added by Occleve, but Leland positively ascribes Epistolam
Cupidinis to Chaucer, and reckons it among his genuine Pieces.
What makes this more probable is, that Chaucer refers to his
Legend of Good Women in this Poem, and to the Romaunt of
the Rose, which he translated from the French of John de
Mohun. I know the common Story of Occleve's Recantation,
but I believe this Authority enough to overballance that;
beside that Chaucer in his Praise of Woman has much the
Same Thoughts, and goes upon the same Topicks as in this
Letter of Cupid’s.
I cannot call this Attempt of Mine an Imitation, for though
I have commonly had the Poet’s Scheme in my Eye, yet I
have very often taken the Liberty of grafting upon his Stock,
where I fancied it would bear it without forcing Nature too
much. As to the Design, No one ought to be offended since
the Satyr is pretty equally dealt on each Hand; there is
Severity, but the Severity of a Court-Poet; much Wit and
more good Manners. This I speak of the Original...",,"modernizations,particular,sewell",en
part1_p349_a1,Vol.1,Part I,p349-350,1720.,1720,high,"Jacob, Giles.",high,Giles Jacob,male,46785838,An Historical Account of the Lives and Writings of our most Considerable English Poets,"[being the 2nd vol. of the] Poetical Register, 1719, pp. v, 26-30, 36, 55, 66, 93-4, 148-9, 191, 203, 277. [Opposite the title page are the pictures of Milton, Butler, Chaucer, Cowley, Waller; Chaucer's picture, in the middle, is the largest and most prominent.]","[p. v] [Dedication to the Duke of Buckingham.]
If all the Poets, whose writings I have enumerated,...
were yet living, they would approve my choice in Addressing
to Your Grace as to the most proper Patron for a Work of
this Nature: they would all jointly and unanimously trust
the Decision of their Fame to Your Grace's Judgment; and
Chaucer, Spenser, and Milton would stand by the Determina¬
tion of the Duke ot Buckingham.
[pp 26-30] [Life of Chaucer.]
[The usual account of Chaucer, educated at both Univer¬
sities, his Travels, position at Court, &c.]... His liberal
Education at the Universities, and his Improvements in
foreign Countries, rendered him both fit for the Court at
home, and also for the greatest Employments abroad; but it
does not appear that he had any other Preferment than that
of Poet Laureat in the Reigns of Henry the Fourth and
Henry the Fifth. This he obtained by the Interest of John
of Gaunt, the Great Earl of Lancaster (to whom he was allied
by Marriage), and Knighted upon that occasion.  ...
Some Authors, for the sweetness of his Poetry, compare
him to Stesichorus; and as Cethegue was called, Suadœ
Medulla, so Chaucer may be esteemed the Sinews of Eloquence,
and the very Life of all Mirth and Pleasantry in Writing.
He had one Excellency above all other Poets, and wherein,
none, since his time, but the famous Shakespear, has come
near him, viz. Such a lively Description of Persons and
Things, that it seems to surpass Imagination, and you see
everything before your Eyes which you only Read: And
herein his Canterbury Tales are most valued and esteemed.
[Here follow appreciations by Sir Henry Savile, Spenser,
Sidney, Sir John Denham, Sir Richard Baker, Camden,
[p. 29] Leland.] He died in the year 1400 after he had lived above
Seventy two Years...
[p. 36] [Life of Mr. Samuel Cobb, who wrote the Miller's Tale,
from Chaucer. See above, 1712, p. 319.]
[p. 55] [Life of Elijah Fenton, and Works. He wrote A Tale in
the manner of Chaucer. See above 1717, p. 345.]
[p. 66]
[Life of Gower.]
[pp. 93-4] [Life of Lydgate.]... He justly acquired the Reputa¬
tion of the best Author of the Age, wherein he lived; and
if Chaucer's Works had greater Learning, Lydgate's were
superior for Language. His Poetry is so pure, and so easie,
that one might mistake him for a Modern writer.
[pp. 148-9] [Life of Pope. List of his Works.] The Temple of Fame.
... The Hint of this Piece was taken from Chaucer's House
of Fame.
January and May... from Chaucer. The Wife of Bath,
from Chaucer.
[p. 191]
[Life of John Skelton.] During his Restraint, either to
amuse his solitude, or at the Request of the Abbot, he adorn’d
the Monuments of Several great Personages in Westminster
Abbey with Tables and Epitaphs; as those of Sigebert the
Saxon, Henry VII, Chaucer, and others; some of which
still remain, tho' most of them were destroy'd in the grand
Rebellion.
[p. 203]
[p. 277]
[Life of Spenser, buried near Chaucer.]
[Life of N. Rowe, buried near Chaucer.]",,"biography,episodes,education/biography,episodes,other-episodes/criticism,qualities,observationCharacter/criticism,qualities,humourWit/works,canterburyTales,criticism",en
part1_p350_a1,Vol.1,Part I,p350,1720.,1720,high,"Lewis, John.",high,"Lewis, John.",male,,"The History of the Life and Sufferings of the Reverend and Learned John Wicliffe, D.D.,","London, 1720, ch. x, pp. 175, 201.","[Chap. x,   An Account of the principal Persons who favoured Dr.
p. 175]
Wicliffe and his Doctrines.
[Leland Geoffery Chaucer. He is said to have been educated in
de scrip¬
tor. Bri-   Canterbury or Merton College with John Wicliffe, and thereupon
tann.,
p. 420] to have commenced an accute [sic] Logician, a sweet Rhetori¬
cian, a pleasant Poet, a grave Philosopher, and an ingenious
Mathematician, and an holy Divine. He died 1400, æta. 72.","[For Leland's Life see below, Appendix A, c. 1545.]",,en
part1_p350_a2,Vol.1,Part I,p350-352,1720.,1720,high,"[Sewell, George.]",medium,George Sewell,male,54200956,"A Defence of Women of [sic] the Proclamation of Cupid, a poem from Chaucer. The Preface to the Proclamation of Cupid. Preface to The Song of Troilus, and The Song of Troilus","[in] A New Collection of original Poems, never before printed in any Miscellany, by the Author of Sir Walter Raleigh. London, 1720, pp. 16-22, 43 n., 44 n., 82-5.","[The first poem here referred to, and the prefatory verses
and Preface, are an exact reprint from The Proclamation of
Cupid, 1718. See above, p. 347.]
[p. 82] Preface [to the Song of Troilus].
I have often wonder'd that Chaucer, the Father of our
English Poetry, generally acknowledged as such, and frequently
applauded for his Excellence, should be so little read, as
appears from most of our Modern Compositions. His Fame
is taken upon Credit, from the Recommendations of others;
and they who speak of him, rather pay a blind Veneration
to his Antiquity than his intrinsic Worth, which perhaps
may bear a Competition with the Refiners of Poetry in
any other Language. They who seem most to have studied
him, are our incomparable Spenser, Milton, and Dryden;
others have but mimick'd his Garb, without hitting his Air
and Mien. An old Word, or Phrase or two, accidentally
thrown among twenty modern and fashionable ones, have given
an unjust Repute to some Imitations of Chaucer. In the mean
time, the Boldness of his Imagery, the natural Beauty of his
Similitudes, and the Delicacy of his Thoughts, are generally
neglected, though his best Ornaments: They have rubb'd of
his Rust for their own Use, and left the Steel in the Posses¬
sion of the right Owner. Mr. Dryden indeed stands an
exception to this Accusation, he never missing, but improving
[p. 83] every noble Hint of this Author; regardless of the Expres¬
sion, his view is at the Sense, the Spirit, the Figures of
his Predecessor. Before ever he undertook to dress him in
Modern English, it is plain to me, that he was an early
Admirer of him, and transferr'd many of his Beauties into
his own Poems; as commendable a Design, as Virgil’s in
borrowing from Ennius, and Lucretius. I could give many
instances of this; but let one general, and one particular
be sufficient. The manner of reasoning in Verse, which
Mr. Dryden so artfully introduced into his Heroic Plays,
is entirely Chaucer’s, as may be seen even by this little Piece
following. That he used his Images and Thoughts, be this
a Testimony. In the Description of Absalom's Beauty, he
summs up all with this Line;
And Paradise was open'd in his Face.
Chaucer in his Cresseide, says,
That Paradise stood formed in her Eyen.
The Thought in this Song has been used, and diversified a
hundred times since Chaucer's Days; and yet he seems to
have said more, and that more pathetically than any of his
Imitators. It is taken from the First Book of Troilus and
Cresseide; and the Reader by a Comparison may see how
little Variation there is from the Original, and give his
Judgment at Pleasure. I only wish that so excellent a Poet
as Chaucer may be no longer admir'd at a Distance, but
brought into the Acquaintance of the Polite World; and it
it is to be hoped the New Edition of his Works [Urry's
Chaucer, 1721] will compleat that Wish.",,"criticism,evolution,/works,otherSeparateWorks,troilus",en
part1_p352_a1,Vol.1,Part I,p352,1720.,1720,high,"Strype, John.",high,John Strype,male,30463651,"A Survey of the Cities of London and Westminster: ... Written at first in the Year MDXCVIII. By John Stow. ... Since Reprinted and Augmented by the Author; And afterwards by A. M., H. D. and others. Now Lastly, Corrected, Improved, and very much Enlarged: ... By John Strype, M.A. ... The Second Volume. ...","London. ... MDCCXX. ... A Survey of the City of Westminster. Book VI. ... The Monastry of St. PETER, 31.","In the South Ile.
Galfridus Chaucer, Poêta celeberrimus, qui
He Iyeth
buried in the
primus Anglicam Poêsin ita illustravit, ut Anglicus
South Part
Homerus habeatur. Obiit 1400. Anno vero
of the
Church.
1555. Nicholaus Brigham, Musarum nomine
hujus ossa transtulit, & illi novum tumulum ex
marmore, his versibus inscriptis posuit:
Qui fuit Anglorum Vates ter maximus olim,
Galfridus Chaucer, conditur hoc tumulo.
Annum si quœras Domini, si tempora mortis,
Ecce notœ subsunt, quæ  tibi cuncta notant.
25 Octobris, 1400.","[This epitaph is not in the edition of 1598; in the enlarged sixth edition of 1755, it is in vol. ii, p. 604, col. 2.]","biography,episodes,tomb-epitath",la
part1_p352_a2,Vol.1,Part I,p352,1720.,1720,high,"Theobald, [Lewis].",high,Lewis Theobald,male,2479987,"Preface to The Tragedy of King Richard the II. ... altered from Shakespear,","By Mr. Theobald, 1720, sign. Aa 4 b, Bb 1.","Our late Laureat [Dryden], and some Others before him,
have seem’d to be of Opinion that our Poet [Shakespeare] took
his Troilus and Cressida from Lollius and Chaucer, who borrow'd
his Argument from the Lombard. But the Incidents and
Characters of these Poems are so few, their Arguments so
narrow, and confin’d, in Comparison to that Scope which our
Poet takes, that I dare be positive he drew out his Scheme,
and modell’d it from Homer himself.",,,en
part1_p353_a1,Vol.1,Part I,p353,1720.,1720,high,Unknown.,high,Unknown,,,"Article on and reprint of the Cuckow and the Nightingale,","[in] The Free-Thinker, May 24 and May 27, 1720. Nos. ccxxvii & ccxxviii.","[in] The Free-Thinker, May 24 and May 27, 1720. Nos.
cexxvii & coxxviii.
I was not willing to let the present Month, the fairest in
the whole Circle of the Year, pass over, without entertaining
my youthful Readers of either Sex, with something suitable
to the Gayety of the Season. And yet, I should have been
greatly at a Loss for a proper Entertainment, had not a
Gentleman whose Knowledge of the Polite Writers in every
Language is the least of his Commendations, obliged me with
a Piece of fine Invention out of Chaucer, which is properly a
very elegant May-poem....
It is hard to say, whether the copiousness of Chaucer's
Invention, or the Liveliness of his Imagination, is most to
be admired throughout his Writings. He flourished above
Three Hundred Years ago: and yet through the Cloud of
his antiquated Language, his Images still shine out with
greater Brightness than those which appear in any of our
succeeding Poets, if we except Spencer, and Shakespear, and
Milton. He was a great Master of Perspicuity and Sim¬
plicity, in all his Narrations; and his Expression is always
precise to the Justness of his Ideas... Chaucer is, likewise,
a diligent observer of Nature, whether he deals in Realitie
or in Fables.",,"works,spuriousWorks,cuckooNightingale",en
part1_p353_a2,Vol.1,Part I,p353-356,1721.,1721,high,"Chaucer, Geoffrey.",high,Geoffrey Chaucer,male,100185203,"The Works of Geoffrey Chaucer, compared with the Former Editions and many valuable MSS.","Out of which, Three Tales are added which were never before Printed; By John Urry, Student of Christ-Church, Oxon, Deceased: Together with a Glossary, By a Student of the same College. To the Whole is prefixed The Author’s Life, newly written, and a Preface, giving an Account of this Edition. London, Printed for Bernard Lintot, between the Temple Gates. 1721.","CONTENTS: [To face title page, engraved portrait of Urry.]
[Title page, as above, with engraved picture of Chaucer's
tomb.]
[An engraved oval portrait of Chaucer, written above
""Geoffrey Chaucer, our Antient & Learned English Poet,
died 1400, Æta. 72."", and underneath:
”Anglia Chaucerum veneratur nostra Poetam,
Cui veneres debet patria lingua suas.”
Tho. Occleve Contemporar. & discipulus ejusdem Chauceriad
viv. delin. Geo. Vertue sculp. 1717.]
[sign. a-f2] The Life of Geoffrey Chaucer. [By Dart, corrected by
W. Thomas, see below, pp. 358-61.]
[sign. f 2b  Testimonies of Learned Men concerning Chaucer and his
-i 1ᵇ.]
Works. [By W. Thomas.]
[Testimonies from Gower, Lidgate, Occleve, Anonymous
verses taken by Speght from a book of Stow’s, Gawin Douglas,
Leland, Wm. Thynne, the publisher of Lidgate's Trojan war
1555, Roger Ascham, Sir Philip Sidney, Puttenham, Fox,
Surigonius, Camden, Spenser, Verstegan, Francis Beaumont,
Sir Henry Savil, Selden, Sir John Denham, Milton, Sprat,
Skinner, Sir Richard Baker, Peacham, Will. Winstanley,
Edw. Philips, Sir Thos. Pope Blount, Rymer, Dryden—and in
MS. added by W. Thomas, the Description of Chaucer out of
Greene’s Vision c. 1592, Skelton's Phillyp Sparrow, Lilius
Gyraldus Dialogi de Poetis & Flor. 1551, p. 72, Caxton at end
of his edn. of Chaucer’s Boethius, Addison, Alex. Gil, Strype,
and Hearne’s Letter to Bagford.]
[sign. i 2ᵃ-m 2ᵃ]  The Preface. [By T. Thomas, revised by W. Thomas.]
[sign. m 2ᵇ -n 1ᵃ] The Contents [of the Text].
[sign. n 1ᵇ-n 2ᵃ] Eight godely Questions with their Answeres.
[sign 2nᵇ] [The Licence, dated 20 July 1714, q.v. below, App. A, 1714.]
[sign. B (p. 1)
[The text.]
-p. 626]
A Glossary explaining the obsolete and difficult words in
Chaucer [by T. Thomas].
[sign. 8 Q³ to end]
A Short Account of some of the Authors cited by Chaucer.
[Description of an interleaved and annotated copy of the
above edition bound in two volumes [ordinary copies are
in one volume], notes by T. and W. Thomas, in the British
Museum, 643. m. 4.]
[vol. i]
[Inserted at the beginning an Agreement for the printing of
Chaucer, in MS., dated 1715. See above, pp. 333-4.]
Proposals [for printing Chaucer by subscription, two pages
printed folio, dated June 30, 1716. See above, pp. 344-5].
[Title page as above, with engraved picture of Chaucer's
tomb.]
[Inserted between portrait of Urry and title page, two copies
of Urry's epitaph (1714, see above, p. 332), one in Urry's
writing, the other a copy.]
Testimonies of Learned Men concerning Chaucer and his
Works, sign. f 2 b.-i 1 b. [MS. note “collected by W. T.
1720.""]
The Preface, [MS. note “by T. T. with corrections and
additions by W. T.""] sign. i 2-m 2.
description of three MS. copies of the Canterbury Tales
[MS. leaf inserted between sign. 1 ₁ b and 1₂, containing a
belonging to the Earl of Oxford.]
letter from Mr. Wotton, May 5, 1722. See below, p. 363.]
[On blank page before the Glossary extract in MS. from a
[vol. ii] A Glossary explaining the obsolete and difficult words in
Chaucer [MS. note “By Timothy Thomas""], sign. 7 U 2-
8 Q 1.
[Copious MS. notes all through by Timothy Thomas and
by W. Thomas.]","[This edition is, from the point ot view of the text, the worst ever issued. Urry altered, respelt and even added words to Chaucer's text with the greatest freedom, without giving any indication that he had done so–see Preface by Timothy Thomas. Urry apparently did all the work of preparing the text for the press, and then died, on March 18, 1714-15, before the prefaces, glossary &c. were written. The rights of printing the edition were handed over by Urry to his executor Mr. Brome and the Dean and Chapter of Christ-Church and Bernard Lintot, bookseller, and proposals to print the book by subscription were issued in 1716 [q. v., p. 344]. It was not, however, published till 1721, being then completed with Preface, Glossary, etc., by Timothy Thomas, which were revised for press by William Thomas. (See below for W. Thomas' annotated copy.) Urry included in this edition two spurious Tales, which had never before been printed: viz. : The Coke’s Tale of Gamelyn, pp. 36-48, and the Mery Adventure of the Pardonere and Tapstere and Tale of Beryn, one piece, pp. 594-626. For an account of Urry, see extract here given from the diary of Thomas Hearne, Mar. 17, 1714-15, pp. 331-2 above, and also the whole entry in Remarks and Collections of Thomas Hearne, Oxford Hist. Soc., vol. v, ed. D.W. Rannie, 1901, pp. 33-6. See also the account of Urry’s will given by Hearne, May 13, 1715, ibid., p. 58, also pp. 72 and 105. For further information about Urry and the production of this edition, see Literary Anecdotes of the 18th century, by John Nichols, 1812, vol. i, pp. 196-9, where he says, amongst much else, ""About the latter end of the year 1711, it was proposed to Mr. Urry, who was a native of Scotland, by some persons well acquainted with his qualifications (who he thought, had a right to command him) to put out a new edition of Chaucer; which he was persuaded to undertake, though much against his inclinations. This recommendation was, probably, from Dean Aldrich, who well knew the talents of his pupil."" Then follows a full account of the production of the book, Urry's application for a patent, his death, and epitaph, his character, the Agreement for the printing of Chaucer (see under 1715), the Proposals (see under 1716), and the Glossary; also a reference to the copy of Urry's Chaucer annotated by T. Thomas, then in the possession of Mr. A. Chalmers (now in the British Museum, see below), in which Thomas says that Bishop Atterbury was the chief person who proposed to Urry to undertake an edition of Chaucer. Mr. Thomas adds, that the Bishop (then Dean of Christ-Church) ""did by no means judge rightly of Mr. Urry’s talents in this case; who, though in many respects a most worthy person, was not qualifled for a work of this nature."" See also Tyrwhitt, in his Appendix to the Preface to the Canterbury Tales, vol. i, 1776, pp. xix, xx and note. ""I shall say but little of that [Urry's] edition, as a very fair and full account of it is to be seen in the modest and sensible Preface prefxed to it by Mr. Timothy Thomas, upon whom the charge of publishing Chaucer devolved, or rather was imposed, after Mr. Urry's death. The strange licence, in which Mr. Urry appears to have indulged himself, of lengthening and shortening Chaucer's words according to his own fancy, and of even adding words of his own, without giving his readers the least notice, has made the text of Chaucer in his Edition by far the worst that was ever published."" Tyrwhitt adds, in a footnote to p. xx, that he learns Timothy Thomas wrote the preface ""from a MS. note in an interleaved copy of Urry's Chaucer, presented to the British Museum by Mr. William Thomas, a brother, as I apprehend, of Mr. T. Thomas. T. Thomas was of Christ-Church, Oxford, and died in 1757, aged LIX. ... Mr. W. Thomas has taken a great deal of unnecessary pains in collating that copy of Urry's Edit. with several MSS. The best part of the various readings serves only to correct the arbitrary innovations, which Mr. Urry had introduced into the text. He has employed himself to better purpose upon the Glossary, where he has made many emendations and additions, which may be of considerable use, if ever a new Glossary to Chaucer shall be compiled."" In Tyrwhitt's Advertisement to his Chaucer Glossary, published 1778, vol. v. of the Canterbury Tales, p. ii, he acknowledges his debt to T. Thomas, saying he has ""built upon his foundations, and often with his materials.""]","manuscripts,,",en
part1_p356_a1,Vol.1,Part I,p356,1721.,1721,high,"Bailey, Nathan.",high,Nathan Bailey,male,34497937,An Universal Etymological Dictionary.,,"[Occasional references to Chaucer, e. g. Abedge. Chatterton
is known to have used Bailey’s Dictionary; see below, a. 1770,
p. 433.]",,,en
part1_p356_a2,Vol.1,Part I,p356-358,1721.,1721,high,"Thomas, Timothy.",high,Timothy Thomas,male,73730392,Preface and Glossary to The Works of Chaucer...,"printed by John Urry... London, 1721. [MS, note in margin: “by T. T. with corrections and additions by W. T.""] also copious MS. notes to edn. of Urry’s Chaucer [B. M. pr. m. 643. m. 4.]","[sign. i 2] The Reader will meet with no more interruption here, than
will be necessary to acquaint him in some measure with Mr.
Urry's Design in this Edition.... As for my self, I was
equally a stranger to Mr. Urry and his Undertaking, till some
time after his Death; when a Person [in a MS. note in
margin ‘Dr. Smalridge, then Dean of Christ Church’] whose
Commands I was in all Duty bound to obey, put the Works of
Chaucer into my hands, with his Instructions to assist in
carrying on this Edition, and to prepare Matter for a Glossary
to it. Mr. Thomas Ainsworth of Christ-Church had been em¬
ployed by Mr. Urry in transcribing part of the Work for the
Press, and was therefore thought qualified to proceed in
preparing the rest for my perusal. This Gentleman likewise
dyed in August 1719, soon after the whole Text of Chaucer
was printed off.  . . .
About the latter end of the year 1711, some Persons well
acquainted with Mr. Urry's Qualifications [MS. note :— ‘Dr.
Atterbury, Dean of Ch. Ch.'] (who, he thought, had a right to
command him) proposed to him to put out a new Edition of
Chaucer; which he was perswaded to undertake, though much
against his inclination: “For, though (as he says) his skill in
the Northern Language spoken in the Lowlands of Scotland
qualified him to read this Poet with more ease and pleasure
than one altogether bred be-South Trent could do without
more than common Application, yet he assures us, he had not
the least thought of publishing his private Diversions.
Having thus undertaken the Work, he proposed to proceed
in this Method, viz. to correct the Text of Chaucer, and add
what he could find of his Works in MSS. which had not been
printed; to make some Observations upon the Author, and
among other things to shew where he had imitated or borrowed
from the Greek or Latin Poets; to add a more copious
Glossary than had been printed before; to write a fuller
Account of his Life than had been yet published; and to
acquaint the Reader in a Preface what he should have
performed in this Edition.  ....
[sign. i 2b] His chief business was to make the Text more correct and
compleat than before. He found it was the opinion of some
learned Men that Chaucer's Verses originally consisted of an
equal number of Feet; and he himself was perswaded that
Chaucer made them exact Metre, and therefore he proposed in
this Edition to restore him (to use his own Expression) to his
feet again, which he thought might be performed by a careful
Collation of the best printed Editions and good MSS.
He had observed that several Initial and Final Syllables in
use in Chaucer's time, and since, had been omitted or added at
pleasure in the MSS. by unskilful Transcribers, from whence
the same Errors crept into the Printed Editions, whereby
many Verses were rendered unjust in their Measure; so that
the lameness of many of them might easily be remedied by the
discreet Addition or Omission of such Syllables.
The Initial Syllables were chiefly a, i, and y.  ... The
Final Syllables... the chiefest of which... was the
Final è, which he always marked with an accent when he
judged it necessary to pronounce it;.... Whether the
assistance of this Final è be not here too frequently, and
sometimes unnecessarily, called in, is not my business at
present to enquire into.  ... [Other methods used by Urry
of lengthening the words were the pronounciation of the
terminations ed and id in the past tenses of verbs, &c., of en and
in as terminations of verbs, nouns and adverbs, and of the
[sign. k1] plural endings es and is] And in short I find it acknowledged
by him, “That whenever he could by no other way help a
Verse to a Foot, which he was perswaded it had when it came
from the Maker's hands, but lost by the Ignorance of
Transcribers, or Negligence of Printers, he made no scruple to
supply it with some Word or Syllable that serv’d for an
Expletive"": But I find at the same time that he had once a
design of enclosing such words in hooks thus[ ] to distinguish
them from what he found justified by the authority of MSS.,
but how it came to pass that so just, useful and necessary
a Design was not executed, I cannot satisfy the curious
Reader.  ...
[Then follows a complete list and description of the various
MSS. and the printed editions of Chaucer consulted.]","[For some account of T. Thomas, and appreciation of his work, see Tyrwhitt's Preface to the Canterbury Tales, vol. i, 1775, p. xx and note, also Advertisement to Glossary, vol. v, 1778, p. ii, partially reprinted here in the note to Urry's edition, p. 354 above.]","criticism,verse,praised",en
part1_p358_a1,Vol.1,Part I,p358-361,1721.,1721,high,"Dart, John.",high,John Dart,male,283156923,"Life of Geoffrey Chaucer,","prefixed to Urry's edition of Chaucer's Works, 1721, [q. v.], sign. a 1-f. 2.","[sign. b 2] Thus beloved, esteemed and honoured, he spent his younger
years in a constant attendance upon the Court, and for the
most part living near it, when residing at Woodstock, in a
square stone house near the Park Gate, still called Chaucer's
House, That this was the chief place of his abode, appears by
his frequent descriptions of the Park; as particularly a Park
walled with green stone (note Bl. Kn. 42), that being the first
Park walled in England, and not many years before his time.
In most of his pieces, where he designs an imaginary Scene,
he certainly copies it from a real Landskape : So in his Cuckow
and Nightingale, the Morning walk he takes was such as at
this day may be traced from his House through part of the
Park, and down by the Brook into the Vale under Blenheim
Castle, as certainly as we may assert that Maples in stead of
Phylireas, were the ornaments round the Bower; which place
he likewise describes in his Dream, as a white Castle standing
upon a hill; the Scene in that Poem being laid in Woodstock
Park.  ...
[sign. e 2b] When disengaged from publick Affairs, his time was
entirely spent in study and reading: So agreeable to him
was this exercise, that he says, he preferred it to all other
sports and diversions. He lived within himself, neither
desirous to hear nor busy to concern himself with the affairs
of his Neighbours. His course of living was temperate and
regular; he went to rest with the Sun, and rose before it, and
by that means enjoyed the pleasures of the better part of the
day, his morning walk and fresh contemplations. This gave
him the Advantage of describing the Morning in so lively a
manner as he does everywhere in his Works: The springing
Sun glows warm in his lines, and the fragrant Air blows cool
in his descriptions; we smell the sweets of the bloomy Haws,
and hear the Musick of the feathered Choir, when ever we
take a Forrest walk with him. The hour of the day is not
easier to be discovered from the Reflexion of the Sun in
Titian's Paintings, than in Chaucer's Morning Landskapes.
’Tis true those Descriptions are sometimes too long, and (as it
is before observed) when he takes those early rambles, he
almost tires his Reader with following him, and seldom knows
how to get out of a Forrest, when once entered into it : But
how advantageous this beautiful extravagance is, most of his
Successors well know, who have very plentifully lopt off his
exuberant Beauties, and placed them as the chief Ornaments
of their own Writings.
His Reading was deep, and extensive, his Judgment sound,
and discerning : but yet (a thing rarely found in Men of great
Learning and poignant Wit) he was communicative of his
Knowledge, and ready to correct or pass over the Faults of
his Cotemporary Writers. He knew how to judge of, and to
excuse the slips of weaker Capacities, and pitied rather than
exposed the Ignorance of that Age.
In one word, he was a great Scholar, a pleasant Wit, a
candid Critick, a sociable Companion, a stedfast Friend, a
grave Philosopher, a temperate OEconomist and a pious
Christian. He was not unacquainted with the ancient Rules
of Poetry, nor did he disdain to follow them, tho' he thought
it the least part of a Poet’s perfections. As he had a discerning
Eye, he discovered Nature in all her appearances, and stript off
every disguise with which the Gothick Writers had cloathed
her: He knew that those Dresses would change as Times
altered; but that she herself would always be the same, and
that she could never fail to please in her simple attire, nor
that Writer who drew her so; and therefore despising the
mean assistances of Art, he copied her close. He knew what
it was to be nimis Poeta, and avoided it as the most dangerous
extreme. His Strokes are bold, and his Colours lively; but
the first not too much laboured, nor the other too showy or
glaring. There is a wild Beauty in his Works, which comes
nearer the Descriptions of Homer, than any other that followed
him: And though his Pieces have not that regular disposition
as those of the Grecians, yet the several Parts separately
compared, bear an equal value with theirs; and Mr. Dryden,
than whom there was no better Judge of the Beauties of
Homer and Virgil, positively asserts that he exceeded the
latter, and stands in competition with the former. Whoever
reads the Knight's Tale, which is the best of his Performances,
being a finished Epick Poem, and examines the Characters, the
Sentiments, the Diction, Disposition, and Time, will find that
he was not unacquainted with the Rules of that way of
Writing; but this requires an abler hand, and longer time to
enlarge upon it.
That he was a true Master of Satyr, none will deny. It
is true the Persons levelled against, and the Crimes exposed,
would not allow of the severe Scourge Juvenal made use of,
sign f.  exploded : Not but that Chaucer had a Scene of Vice in the
nor was there such a variety of Follies as Horace facetiously
l]
Court of that time, capable of supplying him with matter
sufficient for the sharpest strokes of Satyr; but he was wise
enough not to exasperate a Court by which he was supported
... and having a Court to back him, he has shewn by
severely lashing an ignorant and corrupt Clergy, that he could
(had it been safe) have applied as severe a lash to a vicious
irreligious Laity.  ...
That in the Elegiack Kind of Poetry he was a compleat
Master, appears plainly by his Complaint of the Black Knight,
the Poem called La belle Dame sans mercy, and several of his
Songs. He was an excellent Master of Love-Poetry.  ... His
Troilus and Creseide is one of the most beautiful Poems of
that kind.  ...
It is thought by some that his Verses every where consist of
an equal number of feet, and that if read with a right accent,
are no where deficient; but those nice discerning Persons
would find it difficult with all their straining and working, to
spin out some of his Verses into a measure of ten Syllables.
He was not altogether regardless of his Numbers; but his
thoughts were more intent upon solid sense than gingle, and
he tells us plainly that we must not expect regularity in all
his Verses.
His Language, how unintelligible soever it may seem, is
more modern than that of any of his Cotemporaries, or of
those that followed him at the distance of Fifty or Sixty
years, as Harding, Skelton and others; and in some places
it is to this day so smooth, concise, and beautiful, that even
Mr. Dryden would not attempt to alter it, but has copied
some of his Verses almost literatim: And Chaucer was the
first that adorned and amplified the English Tongue from the
Provençal...","[In the annotated copy of Urry’s Chaucer in B. M. (pr. m. 648. m. 4), Timothy Thomas has written the following note at the head of Dart's Life of Chaucer: “This Life was very uncorrectly drawn up by Mr. Dart, and corrected and enlarged by W. T. [i. e. William Thomas], especially in that part which gives an accoᵗ. of the Author's works, as will appear by the Or[iginal] with W. T.'s corrⁿˢ. reposited wᵗʰ the Rᵗ. Honᵇˡᵉ, Edwᵈ, E. of Oxford &c. in his Library."" See also Dart's remarks on the way his ""Life"" was cut down and altered, below, p. 865.]","biography,general-accounts,english/criticism,qualities,loveNature/criticism,verse,thoughtIrregular",en
part1_p361_a1,Vol.1,Part I,p361,1721.,1721,high,"Atterbury, Francis.",high,Francis Atterbury,male,42631395,"Letter to Pope,","dated Aug. 2, 1721, [printed in] Pope's Works, 1871, vol. ix, p. 26.","I have found time to read some parts of Shakespeare, which
I was least acquainted with. I protest to you in a hundred
places I cannot construe him : I do not understand him. The
hardest part of Chaucer is more intelligible to me than some
of those scenes...",,,en
part1_p361_a2,Vol.1,Part I,p361-362,1721.,1721,high,"Dart, John.",high,John Dart,male,283156923,"Westminster Abbey, a Poem,","1721 [printed in] Westmonasterium, by John Dart, 1742, vol. i, pp. xxxviii-ix.","[vol. i,
To Chaucer's Name eternal Trophies raise,
p. xxxviii]
And load the antique Stone with Wreaths of Bays;
Father of Verse! who in immortal Song
First taught the Muse to speak the English Tongue.
In early Time he rear'd his rev’rend Head,
When Learning was with thickening Mists o’erspread;
When rhyming Monks in barb’rous Numbers try
The Lives of Saints, and Feats of Errantry;
Above such trifling idle Tales as these
His Muse disdain'd by vulgar Ways to please:
On the fam’d Grœcian Bard he fix'd his Sight.
And saw his Beauties thro' a Cloud of Night;
With Flight advent’rous dar'd the darksom Way,
And gave the promise of a following Day;
And that he might his Meaning better meet
He made the Mantuan Verse a Lanthorn to his Feet
Justly design’d, and with a steddy View
And piercing Eye he look'd all Nature thro',
[p. xxxix] Not thro' the gaudy Prism and painted Glass,
But saw her plain, and drew her as she was.
His rough bold Strokes, with rude unpolish'd Pride,
Art’s curious Touch and nicest Care deride:
The Warrior Tale and Arcite’s Love survey
And let the Greek and Roman Bards give way.",[There is no copy of the 1st edn. of this poem in the B. M.],"criticism,qualities,moralPurposeSatire/criticism,qualities,realism",en
part1_p362_a1,Vol.1,Part I,p362,1721.,1721,high,"[Madan, Julia.]",medium,"[Madan, Julia.]",female,,"The Progress of Poetry,","MS. Add, 28, 101, fol. 155b. [first printed in] The Flower Piece. A Collection of Miscellany Poems by Several Hands, 1731, p. 134.","Here [in Britain] CHAUCER first his comic Vein display'd,
And merry Tales in homely Guise convey'd;
Unpolish’d Beauties grac’d the artless Song,
Tho' rude the diction, yet the Sense was Strong.","[Amongst the other poets mentioned are Shakespeare, Cowley, Waller, Milton, Denham, Dryden, Congreve, Addison, Pope, etc. The MS. is dated 1721; the volume in which it is contained is inscribed: ""A. Cowper. The family Miscellany."" This poem was reprinted in The Poetical Calendar, by Francis Fawkes and William Woty, vol. iii, 1764, p. 21; it appeared separately in 1788, but there is no copy in the B.M., and it was also printed (without the author's name) in the Annual Register for 1772, pt. 2, p. 227. A short account of Mrs. Madan will be found in the Gentleman's Magazine, vol. liii, p. 152, 1783.]","criticism,qualities,humourWit",en
part1_p362_a3,Vol.1,Part I,p362-363,1722.,1722,high,"Trapp, Joseph.",high,Joseph Trapp,male,2571864,"Prælectiones Poeticæ,","2nd edn., p. 386. [Chaucer reference is not in 1st edn. of 1711.]","In hoc Scripti genere parum inter se sunt comparandi
Veteres & Neoterici; cum vix quidquam extet Neotericum,
quod Poëmatis Heroici titulum mereatur. Novimus quidem
Angli judicium Drydeni popularis nostri de Poëmate quodam
Chauceri, pulchro sane illo, & plurimum laudando; nimirum
quod non modo vere Epicum sit, sed Iliada etiam, atque
Æneida æquet, imo superet.","[See below, 1779-81, p. 458, Dr. Johnson's reference to Trapp in his Life of Dryden, where he quotes this passage.]",,la
part1_p363_a1,Vol.1,Part I,p363,1722.,1722,high,"Wotton, Rev. William, D.D.",high,William Wotton,male,14804235,"Letter to the Rev. Moses Williams,","dated from Bath, May 5, 1722.","I have lately at by Houres amused my self wᵗʰ the new
Edition of Chaucer. The Glossary I read with great Pleasure;
who ever writ it is a very able Man. He seems to me to
understand Welsh; he quotes Welsh words every now and
then, & always to the purpose. If you know who writ it,
let me know; for I perceive Mr. Urry did little or nothing
in it.","[This extract is copied in MS. in the writing of Timothy Thomas (the author of the Glossary) in his copy of Urry’s Chaucer [B. M. pr. m. 648, m. 4], vol. ii, on the blank page before the Glossary.]",,en
part1_p363_a2,Vol.1,Part I,p363-366,1723.,1723,high,"Dart, John.",high,John Dart,male,283156923,"Westmonasterium,","or the History and Antiquities of the Abbey Church of St. Peter's, Westminster, 2 vols., 1723, [another edn.], 1742, vol. i, pp. 82-4, 86-9.","[p.82]
Next adjoining to Mr. Drayton's, and between that and
Chaucer's Monument, is a curious Cenotaph of White¬
Marble...
[p. 83] ... Adjoining to this of Mr. Philips, is an antient Monu¬
ment of grey Marble in the Wall, erected to the Memory of
the Father of our English Poets, Geoffrey Chaucer, of whom I
have given a large Account in his Life; printed before the
last Edition of his Works; and shall therefore in this Place
give only some Hints of him.
[Here follows the usual description of Chaucer's life, followed
by one of his tomb.]
... His stone of broad Grey Marble, as I take it, was not
long since remaining; but was taken up when Mr. Dryden’s
Monument was erected, and sawn to mend the pavement..
[p. 86]... While I am speaking of Chaucer, give me the Liberty
of one Digression, (for I think I shall not trouble you with
many,) and that is to clear this great Man’s Character, and at
a long Distance — my own. It has been for many Years
believ’d, that Chaucer was the Author of that scandalous
railing Ballad, The Ploughman's Tale, and, I think, it has not
been contested. This, I know, makes him obnoxious to many
Men of Letters, especially those who are Roman Catholicks.
But their Resentment will cease to appear, when I almost
evidently prove to them, that this Piece came from a Quarter
of less Learning, and more ill Manners; and that Chaucer,
who was a fine Gentleman, and one who had a Value for, and
was valu'd by the better Sort of the Clergy of that Time,
would never have fallen so rudely foul on the whole Order,
when his Practice was only to lash those who were obnoxious
to the rest. First then, we must observe, that this Tale is
in none of the antient Manuscripts of Chaucer, not in any one
I have seen, neither in that curious one of my Lord Harley,
nor in those in the King's Library, which were borrow'd for
Mr. Urry: But after the verse, By this the Manciple had his
Tale I ended, &c., comes on The Parson's Prologue and Tale;
whereas they have in the printed Copies thrust this in
between, and, to favour the Deceit, chang’d the very Verse,
and made it, By this the Ploughman had his Tale y ended,
&c. And, indeed, the Tale it self seems to be of a different
Piece, having no Introduction; and this Ploughman seems
abruptly to have fallen in with them by the way, and to be
a different sort of a Creature from that modest, quiet, good
Parishoner, that came with his Parson to them at Southwark;
they are not more different in their Dresses, than in their
Manners and Characters. The first came upon a Horse:
This Fellow is presented with a Pilgrim’s Staff, a cumbersome
Utensil for one that rides. Chaucer has taken care to give
his Farmer the Character of a quiet useful Man to others,
and one that chearfully paid his Tithes; or else indeed I think
he would have been strangely out, to have brought the Parson
with him : But this ill-bred, saucy Fellow minds nothing but
the satisfaction of Gain, having left his Cattle in Grass up to
the Chin; and indeed we may perceive him to be a covetous
[p. 87] Hog, by his railing against Tithes, the too common Cry of
those sordid Wretches. Now if, having set these two Men
before you, you can still think them the same, I'Il tell you
the very Places they came from; and tho' I believe (with
Mr. Stow) that they were both born at a time, yet they had
very different Originals; one had to his Father our learned,
I may safely say, religious, and well-bred Poet, (for the
Obscenity of his Writings, I have sufficiently spoke of both
Prose and ¹Verse, tho' the first, I think, is left out in the
printed Copy of the Life:) The other was the Son of one
1 Poem on Chaucer and his Writings, Lond. 1722
of his Name, a hot warm Incendary, as (pity it is, too many
Creatures of the State-Faction pretending Wickliff's Opinions
were) one Pierse Ploughman. And, I think, this will need
no other Proof than what this Fellow says in his Tale of
another of his Performances, Of Freers I have spoken before
in a making of a Creed, &c. Now this same Pierse Plough¬
man wrote that very thing which is at the end of his Book, and
call’d a Creed of Fryers, which I have by me: For Mr. Fox,
who thinks Jack Upland must be it, or none, has mistaken a
Catechism for a Creed. Mr. Stow is more modest, as he was
more calm, and says, he had seen it in an antient Manu¬
script about Chaucer's Time, and (tho' he believes) does not
positively assert it to be his. These Arguments, or to the
like Purpose, I have laid down in the Life of Chaucer, which
lately was printed before the Christ-Church Edition, the Copy
of which was submitted to their Perusal, or some deputed by
them; and upon the Queries mark’d, I submitted to such
corrections as they thought proper. After which, when the
Book had been some time out, I found upon perusing it, that
all these Arguments were entirely omitted, and I am barely
made to assert, by my own Authority, that Chaucer never
wrote this Piece: Yet the Alterer has made me so modest
(without my knowledge, I am sure,) to refer to the Preface.
Upon which, at least, I expected the ingenious Gentleman
who wrote it, (and, I believe, knew nothing of what was said
in the Life,) had some better Arguments for what I had said.
But suddenly, to my Suprize, old Mr. Fox was set there
to stare me in the Face, and give the Lye, by no more
Authority, than what they allow’d me; and one, who, I
believe, was willing to make all the great Names he could
oppose the Innovations of the Times, and whose Zeal,
Passion, laborious Search, and Hurry, made him (I'm sorry
to say it) guilty of too many errors. This Usage was such
as, I hope, will influence the Reader to excuse my leading
him out of the way. The Life was in other Places alter'd,
as concerning Mr. Packer's Estate at Donington, and some
few other Places, which I cannot now remember: For the
Book I have never seen but upon a Bookseller’s Compter, not
being willing to buy it, when my old one, with my own written
Notes, serv’d me as well. This Usage, I think undeserv'd,
having spar'd no Pains, and was at a very extraordinary
Expence to collect Records, and write as particular and full a
Life as possible, of a Name I ever reverenc’d, and for a Body
of Men who have been always remark'd for a distinguishing
Taste: A Life, which I have been told by no mean Judges,
has not displeas’d. This I here mention to vindicate my self
from those Mistakes of which I am not guilty; and this
indeed was the chief Motive to my Conclusion of a Poem
upon this Man and his Works, with which I shall likewise
close this Account of his Tomb.
Industrious thus to do my Master right,
And save his Actions Time — conceal’d from Night;
Long on the dusty Roll and mould’ring File,
I urg'd the intricate laborious Toil;
Toil ill return'd by this ungenerous Age,
Unthank'd the Labour, and defac'd the Page.
[p. 89]
Yet not discouraged thus, with grateful Fire,
I try at Verse, and reassume the Lyre:
Suspend, great Bard, this Tablet at thy Shrine,
And bribe the World to Fame, by sounding thine.","[There is no copy of the 1st edn. at the B. M. ; Westminster Abbey, a Poem, is prefixed to the edn. of 1742 (see above, 1721, Dart, J., p. 361). The ""Poem on Chaucer and his Writings, 1722,"" is not in the B. M. or Bodl., nor have we been able to trace it. The edn. of 1742 contains also a full-page engraving of Chaucer’s monument.]","biography,episodes,tomb-epitath",en
part1_p366_a1,Vol.1,Part I,p366,1723.,1723,high,"Pope, Alexander.",high,Alexander Pope,male,61551003,"Letter [to Mrs. Judith Cowper],","September 26, 1723 [in] Letters of the late Alexander Pope, Esq. to a Lady. Never before Published. Printed for J. Dodsley, 1769, Letter xii, pp. 79, 80-82. (Works, 1871, vol. ix, pp. 431-32, and see also ibid. p. 430.)","[p. 80] I could wish you tried something in the descriptive way on
any subject you please, mixed with vision and moral; like
pieces of the old provençal poets, which abound with fancy,
and are the most amusing scenes in nature. There are
three or four of this kind in Chaucer's admirable: ‘the
Flower and the Leaf’ every body has been delighted with.
[p. 81]... I think, one or two of the Persian tales would give one
hints for such an invention [a fairy tale]: and perhaps if the
scenes were taken from real places that are known, in order
to compliment particular gardens and buildings of a fine taste
[p. 82] (as I believe several of Chaucer descriptions do, though it is
what nobody has observed), it would add great beauty to the
whole.",,,en
part1_p366_a2,Vol.1,Part I,p366,1724.,1724,high,"[Defoe, Daniel.]",medium,Daniel Defoe,male,2283158188232920260006,"The Fortunate Mistress (Roxana),",p. 359.,"That foolish young girl held us all in a Canterbury story;
I thought she would never have done with it.",,,en
part1_p367_a1,Vol.1,Part I,p367,1724.,1724,high,"Hearne, Thomas.",high,Thomas Hearne,male,29543710,Glossary [to] Robert of Gloucester. ...,"Transcrib'd... by Thomas Hearne, 1724, vol. ii, p. 642.","dighte, sive dight. deck'd, prepared, Qui pottas dightavit
[non dihtavit,, ut Ed. Oxon.] & assas jecerat [non jecerit, ut
Ed. Oxon. ] extra Polemo-Middin per Drummonde. Hac voce
crebro utitur Chaucerus. Vide cl. Gibsoni Notas ad Jacobi v
Christs kirk on the greene, p. 11.  ...","[For Gibson, see below, Appendix A, 1691.]",,la
part1_p367_a2,Vol.1,Part I,p367,1724.,1724,high,"Welsted, [Leonard].",high,Leonard Welsted,male,11230694,"A Dissertation concerning the Perfection of the English Language, the State of Poetry, &c.","[prefixed to] Epistles, Odes, &c. ... By Mr. Welsted,... 1724 pp. x, xii, xiii.","The vulgar Opinion therefore is a vulgar Error, viz. that
our Language will continue to go on from one Refinement to
another, and pass through perpetual Variations and Improve¬
ments, till in Time the English, we now speak, is become as
obsolete and unintelligible as that of Chaucer, and so on, as
long as we are a People; this is what one of our Poets laid
down some years ago as an undoubted maxim,
And what now Chaucer is, shall Dryden be.
But whoever this Writer is [Pope, in his Essay on Criticism,
l. 483; see above, p. 311, and for other references to it see
above, p. 315, and below, pp. 369, 379, 383], he certainly
judg'd the Matter wrong; it is with Languages, as it is with
Animals, Vegetables, and all other Things; they have their
Rise, their Progress, their Maturity, and their Decay.  ...
[p. xii] The Notion I have... is, that the English Language
[p. xiii] does, at this Day, possess all the Advantages and Excel¬
lencies, which are very many, that its Nature will admit
of.  ...","[The same idea, without any mention of Chaucer's name, is expressed in Welsted's Epistle to the Duke of Chandos, ibid. pp. 43-5. The Growth of Learning, like the Growth of Trees, Thrives unobserved, and springs by alow Degrees; Like the famed English Oak, her Head she rears, [p. 44] And gains Perfection thro' a Length of Years; The first Essays in Verse are rudely writ, The Numbers rough, and unchastized the Wit: Thus, BRIDGES, in thy great Forefathers' Times, Harsh was our Language, and untuned our Rhimes; Great SPENCER first, in blest ELIZA’s Days, Smoothed our old Metre, and refined our Lays; Next manly MILTON, Prince of Poets, came, And to our Numbers added Homer's Flame; Since when, in Verse few Wonders have been wrought, And our smooth Cadence flows devoid of Thought. . . . . . . . . . Th' approaching Times my raptured Thought engage; [p. 45] I see arise a New Augustean [sic] Age.]","criticism,language,",en
part1_p368_a1,Vol.1,Part I,p368,[1725 et seq.],[1725 et seq.],medium,"O[ldys, William].",high,William Oldys,male,42182921,MS. note,"MS. note in annotated copy of An account of the English Dramatick Poets, by Gerard Langbaine, 1691 [This is Haslewood’s copy with Oldys’ notes, B. M., pr. m. C. 45. d. 14], to face p. 215. [See above, 1691, p. 262.]","[Beaumont & Fletcher. Two Noble Kinsmen.]
Note. The Story from Chaucer. Warburton says Shake¬
speare wrote only the first act in this Palemon and Arcite. O.",,,en
part1_p368_a2,Vol.1,Part I,p368,1725.,1725,high,"Pope, Alexander.",high,Alexander Pope,male,61551003,"The Works of Shakespear, Collated and Corrected by the former Editions by Mr. Pope.","Printed for J. Tonson, Preface, vol. i, pp. xi-xiii. (Works, 1871, vol. x, pp. 541-2.)","[p. xi]
We may conclude him [Shakespeare] to be no less con¬
versant with the Ancients of his own country, from the use he
has made of Chaucer in Troilus and Cressida, and in the
Two Noble Kinsmen.  ...
[p. xii]
[Reference to Ben Jonson's praise of Shakespeare:] He
[p. xiii] exalts him not only above all his Contemporaries, but above
Chaucer and Spenser.",,,en
part1_p368_a3,Vol.1,Part I,p368,1726.,1726,high,"Sykes, James.",high,Arthur Ashley Sykes,male,100277651,"Letters to Robert Harley, Earl of Oxford, [printed in] Report on the Manuscripts of His Grace the Duke of Portland,","preserved at Welbeck Abbey, vol. vi (Historical MSS. Commission), London, 1901, p. 17.","[Sykes is ordered by his father's executors to apply for
fifteen guineas, due for a picture of Chaucer. Has also
pictures of Jonson, Shakspere and Milton, which he desires
to give the Earl the refusal of. Receipt annexed.]",,"biography,portraits,original",en
part1_p368_a4,Vol.1,Part I,p368,1726.,1726,high,"Theobald, Lewis.",high,Lewis Theobald,male,2479987,"Shakespeare Restored,","pp. 31, 53, 85, 119, 179, 187.","[Theobald quotes Chaucer in support of his emendations in
the text of Shakespeare.]",,,en
part1_p368_a5,Vol.1,Part I,p368,1727.,1727,high,"[Defoe, Daniel.]",medium,Daniel Defoe,male,2283158188232920260006,"A Tour Thro' the Whole Island of Great Britain ... By a Gentleman,","1724-7, vol. iii, 1727, p. 81.","We had a fair View of that antient Whittl-making,
Cutlering Town, called Sheffield; the Antiquity, not of the
Town only, but of the Trade also, is established by those
famous Lines of Geoffry Chaucer on the Miller of Trumpington,
which, however they vary from the print in Chaucer, as now
extant, I give it you as I find it:
At Trumpington, not far from Cambridge,
There dwelt a Miller upon a Bridge;
With a rizzl’d Beard, and a hooked Nose,
And a Sheffield Whittl in his Hose.",,,en
part1_p369_a1,Vol.1,Part I,p369,1727.,1727,high,"Harte, Walter.",high,Walter Harte,male,34803552,"To a Young Lady, with Mr. Fenton's Miscellany, and Notes upon the Sixth Thebaid of Statius,","[in] Poems on Several Occasions. ... London, Printed for Bernard Lintot, pp. 97, 98, 189-90, 195. (The Works of the English Poets, by Dr. Samuel Johnson, additional lives by A. Chalmers, 1810, vol. xvi, p. 330.) For the text of the Notes, see below, App. A., 1727.","Here Spenser’s thoughts in solemn numbers roll,
Here lofty Milton seems to lift the soul.
There sprightly Chaucer charms our hours away
With stories queint, and gentle roundelay.
Muse! at that name each thought of pride recall,
Ah, think how soon the wise and glorious fall!
. . . .   . . .
[p. 98]
Not Chaucer’s beauties could survive the rage
Of wasting envy, and devouring age:
One mingled heap of ruin now we see;
Thus Chaucer is, and Fenton thus shall be!","[Cf. Pope, Essay on Criticism, 1709, ""And such as Chaucer is, shall Dryden be."" See above, pp. 310-11, 315, 367, and below, pp. 379, 383, 468.]",,en
part1_p369_a2,Vol.1,Part I,p369,1727.,1727,high,"Pope, Alexander.",high,Alexander Pope,male,61551003,"A Tale of Chaucer, Lately found in an old Manuscript,","[in] Miscellanies in Prose and Verse, London, Printed for B. Motte, 1727. The Last Volume [vol. 4] pp. 44-5, [generally called Swift's Miscellanies] (Works, 1871, vol. iv, p. 423).",,,"imitations,particularImitators,pope",en
part1_p369_a3,Vol.1,Part I,p369,1727.,1727,high,Unknown.,high,Unknown,,,"Magna Britannia et Hibernia. ... A new Survey of Great Britain wherein to the Topographical account given by Mr. Cambden... is added a more large History... of Cities, Towns...","vol. iv, pp. 374-5.","This town [Woodstock]... is not a little proud, that it is
the Birth-place of our famous English Homer, Jeffrey Chaucer.
Other Places indeed claim that Honour, as they did Homer's,
viz.: Newbury in Berkshire, Dunnington Castle there being
his Inheritance, and London, in which he says he was forth
grown, which may rather imply his Education than Birth; but
Woodstock has the greatest Probability on her Side; Leland,
Pitts and Cambden, our greatest Antiquaries positively assert¬
ing it; and Pitts tells us his Father was a Knight; and since
Authority much strengthens Learning, we may be thoroughly
[p. 375] satisfied that here was he born, and dwelt, because Queen
Elizabeth passed a fair Stone-house in this town, standing near
her Palace, unto the Tenant, by the name of Chaucer's House,
as ’tis called to this Day.","[There is a further reference to ""Chaucer's House"" on p. 374, in connection with the famous ""Polysyllabical Ecchoes.""]",,en
part1_p370_a1,Vol.1,Part I,p370,1728.,1728,high,"Markland, Jeremiah.",high,Jeremiah Markland,male,17571192,"Modernisations of Canterbury Tales,",[in] The Altar of Love.,,"[Advertised (as ""just published"") in ""The Velvet Coffee-woman"" (Anne Rochford, 1728, as “A Collection of Love Poetry."" ""The Tales from Boccace to Chaucer are moderniz'd in a smooth and easy manner by Mr. Markland, of Peterhouse."" The advertisement claims that Pope had “a large share in it."" No copy of this book has been found. See below, p. 389, 1741, Ogle.]","modernizations,particular,markland/works,canterburyTales,friarTale",en
part1_p370_a2,Vol.1,Part I,p370,1728-30.,1728-30,high,"Pope, Alexander.",high,Alexander Pope,male,61551003,"[Sayings reported in] Anecdotes... of Books and Men, collected from the Conversation of Mr. Pope... by the Rev. Joseph Spence.","First published with notes by Samuel Weller Singer, 1820, Section i, pp. 19-21, 23, 49, 50. [See also below, 1734-6, p. 377.]","[p. 19] I read Chaucer still with as much pleasure as almost any
of our poets. He is a master of manners, of description, and
the first tale-teller in the true and enlivened natural way.
[p. 20]
There is but little that is worth reading in Gower: he
wants the spirit of poetry, and the descriptiveness, that are in
Chaucer.
[p. 21]
Mr. Sackville... was the best English poet, between
Chaucer’s and Spenser’s time.
[p. 50]
[Speaking of the Letter to Sacheverel, by Addison. See above,
p. 266.] That was not published till after his [Addison's]
death, and I dare say he would not have suffered it to have
been printed had he been living; for he himself used to speak
of it as a poor thing. He wrote it when he was very young;
and as such, gave the characters of some of our best poets in
it, only by hearsay. Thus his character of Chaucer is dia¬
metrically opposite to the truth; he blames him for want of
humour.",,"criticism,qualities,realism",en
part1_p370_a3,Vol.1,Part I,p370-371,1729.,1729,high,"Carey, H[enry].",high,Henry Carey,male,14965532,"Epilogue intended for Mr. Cibber's new Pastoral called Love in a Riddle. To the Tune of Sally in our Alley,","[in] Poems on Several Occasions... The Third Edition much enlarged, p. 98. [Not in first edition.]","We want, alas! the Voice and Gift
Of charming SENESINI;
Permit us then to make a shift
With Signor CIBBERINI.
What tho' his Lays he cannot raise
To soft CUZZONI's Treble,
Like CHAUCER'S Clark our tuneful Spark
Can squeak a sweet Quinible.",,,en
part1_p371_a1,Vol.1,Part I,p371,1729.,1729,high,"Thomas, Elizabeth.",high,Elizabeth Thomas,female,47147105,Account of John Dryden's funeral.,"[printed by Malone in] Prose Works of Dryden, 1800, vol. i, pt. i, p. 362.",,,,en
part1_p371_a2,Vol.1,Part I,p371,1729-30.,1729-30,high,"Theobald, Lewis.",high,Lewis Theobald,male,2479987,"Letters to [William] Warburton,","March 6, 1729-30, March 31 and Sept. 15, 1730, [in] Illustrations of the Literary History of the 18th century, by John Nichols, 1817, vol. ii, pp. 540, 591, 608.","March 6. [Notes on Shakespeare’s Troilus and Cressida]
And to this old Treatise it is, [viz. The Recuyles and Sieges
of Troy, printed by W. de Worde, 1503] (and not to Lollius,
or Chaucer, as the Editors imagine) that our Author owes his
subject, for hence only could he derive the name of Hector's
horse, Galathe...

March 31. [Speaking of Shakespeare’s use of ""affects"" for
affections] In this he is an imitator of his two great masters,
Chaucer and Spenser.
Sept. 15. [Speaking of Shakespeare’s use of ""gemell"" in
Midsummer Night's Dream “found Demetrius like a gemell.""]
This is so finely guessed, and gives so natural a sense where
before there was none at all, that I wish heartily the word had
ever been used again by Shakespeare; or that I could meet with
it either in Spenser, Chaucer, or any of the old Glossaries.","[See Theobald’s edn. of Shakespeare's Works, 1733, vol. vii, p. 114, where this reference is given, in slightly different words, in a note. See below, p. 375. J. O. Halliwell-Phillipps in his Memoranda on Shakespeare's Tragedy of Troilus and Cressida, 1880, quotes Theobald’s letter of March 6, slightly altering the words.]","works,otherSeparateWorks,troilus",en
part1_p371_a3,Vol.1,Part I,p371-372,[a. 1780.],[a. 1780],low,"Wotyx, W.",high,"Wotyx, W.",male,,A Familiar Epistle from the Shades below giving an Account of the Station of the Poets,"[in] The Shrubs of Parnassus ... by J. Copywell, of Lincoln’s Inn Esq., 1760, pp. 129-130 [The above poem is preceded by this note:] The three following [poems] were written many years since by — Esq; (lately deceased). [It is signed] Parnassus, Sept. 7,1730. [See below, c. 1833, Haslewood’s Collections.]","The Poets, both Grecian and Roman of old,
Of whom we so many fine things have been told,
Live here in great state, are Grandees of the Court
To whom all the Moderns most humbly resort.
Yet few find admittance, or favour with those,
So poor their appearance, so shabby their cloaths:
Some, indeed, a small pittance, or place, may obtain;
But the rest are a sad ragged crew in the main:
 . . . . . . . . .
Old Chaucer and Drayton I found in good plight,
And Shakespear and Spencer appear pretty tight,
They ve each a small freehold, tho' troth bounded in sore,
And live not unlike to our poor Knights of Windsor.
Ben Johnson sells ale on the side o' the hill,
And Beaumont and Fletcher go halves in a mill.",,,en
part1_p372_a1,Vol.1,Part I,p372-373,1730.,1730,high,B.,high,Unknown,,,Letter,"[signed B. and dated Cambridge June 23, 1730, in] Memoirs of the Society of Grub Street, vol. i, no. 26, pp. 138-9, 1737.","Mr. Bavius, [i. e. John Martyn, M.D.] Your just warmth
for restoring the true reading in some of our English poets,
must needs be very agreeable to every lover of criticism.  ...
It would be worth your while to collate all the most ancient
editions, which are commonly the best. Who can make
sense of the following passage concerning VENUS in CHAUCER'S
House of Fame B. i, as it stands in Mr. Urry's edition?
And also on her hedde parde
Her rose garlande, white and redde
And her combe for to kembe her hedde.
Her doves, and dan Cupido.
But in that scarce and valuable edition emprynted by Wyllyam
Caxton the sense is clear,
Rose garlondes smellyng as a mede,
And also flying about her hede
Her Dobes, etc.
That the passage ought to be read thus, may farther appear
by comparing it with the description of the statue of VENUS
in the Knight's tale.
A citriole in her right hande had she
. . . . . . .
Beforne her stoode her sonne Cupido. [ll. 1959-63.]
If your learned Society approve of this reading as I have
restored it, it will be a pleasure to
Your humble Servant B.","[The Grubstreet Journal commenced Jan. 8, 1730, and was continued till 1737. Unfortunately the number which contained this letter has not been preserved with the others in the Bodleian library. The Memoirs of the Society of Grubstreet are, really a reprint of the best papers which appeared in the Journal.]",,en
part1_p373_a1,Vol.1,Part I,p373,1730.,1730,high,Unknown.,high,Unknown,,,Letter,"[signed “Zoilus,” and dated] Trinity College, Cambridge, Aug. 23, 1730, Sunday Afternoon, in Chappel-Time, [in] Grub Street Journal, Sept. 3, 1730. [Inserted by J. Haslewood in his ‘Collections,’ vol. i, p. 204. See below, c. 1833.]","To Mr. Bavius, Secretary to the Grubæan Society. Sir,
Your industrious tho' feeble efforts towards Criticism, mani¬
fested by some so-so emendations of Milton and Chaucer,
have prevailed upon my Knave Humanity to enrich your
Paper [by the Communication of an emendation to Butler's
Hudibras].",,"criticism,language,obsoleteRude",en
part1_p373_a2,Vol.1,Part I,p373,[c. 1730.,[c. 1730,low,"Young, Edward.]",medium,Edward Young,male,49252592,Two Epistles to Mr. Pope.,"See below, App.A.",,,,en
part1_p373_a3,Vol.1,Part I,p373,1731.,1731,high,Unknown.,high,Unknown,,,"Letter,","[dated] March 30, [in] Gentleman's Magazine, March, 1731, vol. i, p. 118.","Another Difficulty started by the writer of the Courant,
is, the Fluctuation of our Language, whereby it may become
unintelligible to Posterity, as Chaucer and Gower are now.","[For an Essay in the September No. see below, App. A.]","criticism,language,obsoleteRude",en
part1_p373_a4,Vol.1,Part I,p373,1731.,1731,high,Unknown.,high,Unknown,,,Article against Law proceedings being,"in English, [in the] Daily Courant, March 4, 1731. [See below, c. 1833, Haslewood, J.]","Many Technical words, or Terms of Art, have been invented
and adapted to Legal Proceedings, which have long since
acquired fixed and settled Meanings... This, with the
fixed meaning of the Latin Tongue, shortens Debates, renders
Judgments intelligible... Whereas if the Records and
Deeds were to be in the Language in Use for the Time being,
in two or three Generations a great Part of the meaning would
be lost, as we see in Chaucer, Gower, and other ancient
English Poets; which although not much above Two Hundred
years old, and wrote in the best language of those Times, are
scarce intelligible at this Day.",,"criticism,language,obsoleteRude",en
part1_p373_a5,Vol.1,Part I,p373-374,1731.,1731,high,Unknown.,high,Unknown,,,[A Newspaper cutting,"inserted by Haslewood in his annotated edn. of Giles Jacob’s Historical Account of the Lives and Writings of our most considerable English Poets, B. M. (pr. m. C. 45. d. 18.) to face p. 26. Sce below, c. 1833, Haslewood.]","From the PEGASUS in Grub-Street [Haslewood has added
in writing] Journal, 11 Mar. 1731.
Mr. T. D. Attorney, who wrote the Letter to a Member of
Parliament, printed in the Courant of Tuesday, Mar. 4, is
desired to consult that accurate Work of our learned Brother
Mr. GILES JACOB, The Poetical Register, Vol. I, where he will
find himself under a great mistake, in asserting that CHAUCER
and GOWER are (as he expresses it) not much above two hundred
years old : the former of whom died in 1400, and the latter
in 1402.","[The Grubstreet Journal is not in the B. M., and this extract is not in the Memoirs of the Society of Grub Street, 2 vols., 1737, a collection of the best pieces from the Journal. The Courant, or The Daily Courant, is also not in the B.M.]",,en
part1_p374_a1,Vol.1,Part I,p374,[a. 1732].,[a. 1732],low,"Herbert, Thomas, 8th Earl of Pembroke [d. 1733].",high,"Thomas Herbert, 8th Earl of Pembroke",male,64332676,MS. Notes,"[in] The Book of Miscellanies, [printed at S. Albans].","[In a second edn. of this book, printed by Winkyn de
Worde in 1529, there is] the Nut brown maid, suppos'd by
Chaucer, as Skelton confirms, by having had a copy given him
by Lidgate... Mr. Prior has made a paraphrase on it, and
has also printed it from the old English but knew not that
it was by Chaucer. [Quoted by Samuel Palmer, q.v., imme¬
diately below.]",,,en
part1_p374_a2,Vol.1,Part I,p374,1732.,1732,high,"Palmer, S[amuel].",high,Samuel Palmer,male,71443140,The General History of Printing.,"Book III. Of English Printing and Printers, p. 136. [Extract from MS. notes by the Earl of Pembroke in The Book of Miscellanies printed at St. Albans in the Pembroke Library [see last entry], pp. 342-4, 378-9. [Edns. of Chaucer's Poems and Works, by Caxton and Winkin de Worde, Robert Toy and John Stowe.]",,[There is a flaw in the pagination of the B. M. copy; pp. 313 to 336 are wrongly numbered pp. 121 to 144; p. 136 should be p. 328.],,en
part1_p374_a3,Vol.1,Part I,p374,1732.,1732,high,"[Theobald, Lewis.]",medium,Lewis Theobald,male,2479987,"A Miscellany on Taste,","by Mr. Pope, &c. [with Remarks by Lewis Theobald]. Remark b. on pp. 3, 4.","b. And Books for Mead,] This worthy Gentleman [Dr.
Richard Mead] has a vast and valuable Library, stor'd with
all sorts of Books Foreign and Domestic... he may very
likely have some, among so prodigious a Collection, which he
has hardly deign’d a reading. But I hope Mr. Pope's Works
are none of that Number, tho' he may well save himself the
Trouble even of looking into them; for whether Mr. Pope
knows it or no, he can read Homer and Statius, nay, and
Chaucer and Shakespear, in their Originals, without Recourse
either to a rhiming Translator or a Modernizer to point him
out their Meaning.",,"modernizations,particular,pope",en
part1_p374_a4,Vol.1,Part I,p374,1732.,1732,high,Unknown.,high,Unknown,,,"Essays,","[in] Gentleman's Magazine. See below, App. A.",,,,en
part1_p375_a1,Vol.1,Part I,p375,1733.,1733,high,"Brome, [William.]",medium,William Brome,male,,"Letter to Mr. [Thomas?] Rawlins,","June 23, 1733, [in] Letters written by Eminent Persons, 1813, vol. ii, pt. i, pp. 95-7.","... I find you a very curious person (inter alia) about
books, for I see your name among Mr. Hearne’s subscribers;
and if your acquaintance be much among the Litterati, as I
suppose it is, you may do me a kindness. One Mr. Urry,
student of Christ Church, was engaged to put out a new edition
of Chaucer with a Glossary, &c. Before he had finished it,
he dies, and leaves me executor with an intention that some
of the profits arising from the impression should go towards
building the new Quadrangle. The College, myself, and Mr.
Lintot, the bookseller, enter into a tripartite agreement upon
these terms. The College and myself to get the copy of
Chaucer, with Prefaces, Indexes, Glossary, &c., for Mr. Lintot.
Mr. Lintot to be at the expense of printing and paper: and
the copies were to be equally divided in three parts between
us. The College oblige scholars upon their entrance to take off
a copy; and by their acquaintance dispose of their share. Mr.
Lintot is in the way of business, and sells off his; but mine
lie upon hand, so that I am like to be a great sufferer. By
our articles we are not to sell a copy under the subscrip¬
tion price, which is, large paper fifty shillings, small paper
thirty shillings, in sheets: the book is adorned with copper
plates before each tale. If any friend of yours wants such a
book, I can supply him at London: but by no means I would
have you importunate with any person on my account. [For
the Agreement, see above, 1715, p. 333.]",,"works,editionsCompleteWorks,",en
part1_p375_a3,Vol.1,Part I,p375-376,1733.,1733,high,"[Theobald, Lewis.]",medium,Lewis Theobald,male,2479987,"The Works of Shakespeare (Troilus and Cressida),","vol. vii, pp. 4, 12, 48, 96, 114 [See above, letter from Theobald to Warburton, March 6, 1729-30, p. 371. For additions in the second edition, see below, 1740, p. 388.]","[Notes on words] Sperre up the sons of Troy [Prol. l. 19].
To sperre or spar... signifies to shut up, defend... And
in this very Sense has CHAUCER used the Term in the 5th
Book of his Troilus and Creseide [l. 531].
[p 12]
Before the Sun rose, he was harness-dight [Act I, sc. ii, l. 8].
... It is frequent with our Poet, from his Masters Chaucer
and Spenser, to say dight for deck'd.
[p 48]
He shent our Messengers [Act II. sc. iii. l. 74].
The word shent, disgraced, shamed... is frequent both in
Chaucer and Spenser.
[pp. 95-6] But by the forge that stythied Mars his helm [Act IV, sc. v,
l. 255]...
A Stithy or Stith signifies an Anvil. So CHAUCER in his
Knight's Tale [l. 2025].  . . . But I own I suspect this not to
have been our Author's Word. [Theobald in the text emended
the word to smithied.]
[p. 114] [Theobald refers to the Destruction of Troy printed by
Caxton, ] from which Book our Poet has borrow'd more
Circumstances of this Play, than from Lollius or Chaucer.","[The Shakespeare references are to the edn., of W. G. Clark and W. A. Wright, vol. xxv, 1893.]",,en
part1_p376_a1,Vol.1,Part I,p376,1734-35.,1734-35,high,"Hearne, Thomas.",high,Thomas Hearne,male,29543710,"Letter to Dr. Richard Rawlinson,","March 13, 1734-5 [in] Letters written by Eminent Persons... 1813, vol. ii, pp. 97-8.","Dear Sir,
I thank you for the large parcel of books I received
from you on Saturday last, the 15th inst. Several of them
are old Chaucers', such as what you mentioned some time
since. The more I look upon such old black-lettered editions,
the more I wish that the late edition had been printed in the
black letter, which was what my friend Mr. Urry intirely
designed, as I have often heard him say, tho' the managers
afterwards, for frivolous reasons, acted contrary to it. Curious
men begin to esteem the old editions more than the new one,
partly upon account of the letter, and partly upon account of
the change that hath been made in the new edition, without
giving the various lections, which would have been of great
satisfaction to critical men. John Stowe was an honest man,
and knowing in these affairs, and would never have taken such a
liberty, and I have reason to think Mr. Urry would (what I
used often to tell him to do) have accounted for the alterations
with a particular nicety, had he lived to have printed the book
himself.  ...",,,en
part1_p376_a2,Vol.1,Part I,p376-377,1735.,1735,high,"Hearne, Thomas.",high,Thomas Hearne,male,29543710,Appendix ad Præfationem. The Publishers Addition to the Account of Dr. Borde in Athenæ Oxon:,"[in] Benedictus Abbas Petroburgensis, De Vita et Gestis Henrici II et Ricardi I [ed. T. Hearne], vol. i, pp. lv-lvi. Robert Burton being so curious and diligent in collecting judicious and merry little pieces, 'tis no wonder, that he procured likewise Dʳ Borde’s right pleasant and merry history of the Mylner of Abington. ... ’Tis probable Dʳ Borde took the hint of this merry piece from Chaucer's Reve's Tale, with which it ought by such as have opportunity to be compared, to see, whether it be not, in great measure, the same.","Robert Burton being so curious and diligent in collecting
judicious and merry little pieces, 'tis no wonder, that he pro¬
cured likewise Dʳ Borde’s right pleasant and merry history of
the Mylner of Abington.  ... ’Tis probable Dʳ Borde took
the hint of this merry piece from Chaucer's Reve's Tale, with
which it ought by such as have opportunity to be compared,
to see, whether it be not, in great measure, the same.",,,en
part1_p377_a1,Vol.1,Part I,p377,1735.,1735,high,"Pope, Alexander.",high,Alexander Pope,male,61551003,"Note to Letter to Henry Cromwell,","[the letter dated] May 7, 1709, [in] Letters of Mr. Alexander Pope and several of his Friends. London. Printed by J. Wright, 1737, p. 43 (Works, 1871, vol. vi, p. 76).",,"[The letter contains an allusion to Jacob Tonson's 6th vol. of Poetical Miscellanies, and the note added by Pope in 1735 states that some of his versions of Homer and Chaucer were first printed there.]",,en
part1_p377_a2,Vol.1,Part I,p377,1735.,1735,high,Unknown.,high,Unknown,,,Essays:,"[in] The Gentleman's Magazine. See below, App. A.",,,,en
part1_p377_a3,Vol.1,Part I,p377,[1734-36.],[1734-36],medium,"Pope, Alexander.",high,Alexander Pope,male,61551003,Sayings [reported in] Anecdotes... of Books and men collected from the conversation of Mr. Pope... by the Rev. Joseph Spence.,"First Published with notes by Samuel Weller Singer, 1820, section iv, pp. 171-2. [p. 171] It is easy to mark out the general course of our poetry. [See also above 1728-30, p. 370.]","Chaucer, Spenser, Milton, and Dryden are the great land
marks for it.
[p.172] Chaucer and his contemporaries, borrowed a good deal from
the Provençal poets.",,,en
part1_p377_a4,Vol.1,Part I,p377,1736.,1736,high,"Byrom, John.",high,John Byrom,male,52488399,Shorthand Journal,"[for May 22, 1736, printed in] The Private Journal and Literary Remains of John Byrom... ed. Richard Parkinson, Chetham Soc., 1856, vol. ii, part i, pp.48-9.","... Went with Taylor White to his room, where he
desired me to write out of Chaucer the character of a good
parson, which I did, and he desired I would put it into verse.",,,en
part1_p377_a5,Vol.1,Part I,p377-378,1736.,1736,high,"Entick, John.",high,John Entick,male,62374519,"Proposals for Printing by Subscription in Two Volumes Folio the Works of that Most Learned Facetious and Ancient English Poet, Sir Geoffrey Chaucer Knt. Poet Laureat. ... Critical, Poetical, Historical and Explanatory Notes, to render the Work both easy and pleasant to the Reader, and, by shewing his unparellel’d Beauties, convince every judicious Englishman that this our Author is no ways inferior to the greatest Poets that have wrote in any Nation or Language, either before or after him. ...",,"The Introduction.
[p. 2,
col. 1]
Poetry in England never flourisht more than in the days of
Sir GEOFFERY CHAUCER, the Riches of his Understanding flow'd
like Nectar on every Word; whose elegant stile adorn'd his
happy Invention, and his Profession obtain'd for him Riches
and Honours.  ... THEREFORE my present Undertaking is to
rescue that famous English Poet, Sir GEOFFERY CHAUCER out
of that Oblivion into which his piratical Imitators have en¬
deavour'd to bring him.  ... [The praises of Chaucer, by
Denham, Lydgate, Spenser, Wm. Thynne, Francis Beaumont,
Peacham, Dryden and Sir Henry Savil, are then quoted.]
[p. 4,
col. 2]
Therefore, as it is agreed upon by all hands that CHAUCER
was accounted the Chief of the English POETS, not only in his
Time, but continues to be so esteem’d in this Age: what shou’d
discourage my Undertaking to publish his WORKS in such a
modern Dress, that it may be justly said I now restore to this
Age the most valuable Treasure of the English-Poetic Library;
so that, from the success we hope this WORK will meet with
from our COUNTRYMEN, as formerly HORACE took the Liberty to
speak of Himself and Works, Methinks I hear CHAUCER say :
‘ ’Tis finish'd; I have rais'd a Monument,
More strong than Brass, and of a vast Extent,
. . . . . .  . . .
Which eating Show’rs, nor North wind’s piercing Blast,
Nor whirling Time, nor Flight of Years can waste:
Whole Chaucer shall not die, his Songs shall save
His greatest Portion from the silent Grave.
. . . . . . . . .
[A specimen of the Prologue then follows, with copious
notes.]",,"works,editionsCompleteWorks,",en
part1_p378_a1,Vol.1,Part I,p378,1736-7.,1736-7,high,"Bernard, John Peter. Birch, Thomas. Lockman, John.",high,"Bernard, John Peter. Birch, Thomas. Lockman, John.",male,,A general Dictionary... in which a New and Accurate Translation of that of the celebrated Mr. Bayle. ... is included [by the above] and other Hands.,"10 vols., 1734-41; vol. iv, 1736, pp. 292-9 [an ordinary life, followed by eulogies from Ascham, Sidney, Beaumont, Milton, etc.]; vol. v, 1737, p. 494 [Gower contemporary with Chaucer.]",,,,en
part1_p378_a3,Vol.1,Part I,p378-379,1737.,1737,high,"[Cooper, Elizabeth.]",medium,Elizabeth Cooper,female,117805353,"The Muses Library; or a Series of English Poetry from the Saxons, to the Reign of King Charles II. ...","Preface, pp. viii, xi, xii, pp. 1, 7, 8, 19, 23, 24-33, 140.","[p. viii]
Those, who read the ensuing Volume with Attention, will
be convinc’d that Sense, and Genius have been of long stand¬
ing in this Island; and ’tis not so much the Fault of our
Writers, as the Language it self, that they are not read with
Pleasure at this Day. This, naturally, provokes an Enquiry,
whether  'tis in the same Vagrant Condition still; or whether
the Fame of our most admir'd Moderns, is not almost as
precarious, as that of their now obsolete Predecessors has
prov'd to be; agreable to that Line in the celebrated Essay on
Criticism,
And what now Chaucer is, shall Dryden be.
[p. xi] Chaucer, not the next Writer, [to Langland] tho' the next
. . . . . . . . . . .
[See above, 1709, pp. 310-11, and pp. 315, 367, 369, and below, p. 383.]
extraordinary Genius, encountered the Follies of Mankind, as
well as their Vices, and blended the acutest Raillery, with
the most insinuating Humour. By his Writings, it plainly
appears that Poetry, and Politeness grew up together; and had
like to have been bury’d in his Grave. ...
. . . . . . . . . . .
[p. xii] ’Tis certain, very Few of these great Men are generally
known to the present Age: And tho' Chaucer, and Spencer
are ever nam’d with much Respect, not many are intimately
acquainted with their Beauties.
[p. 23]
Chaucer, The Morning-Star of the English Poetry!..
[short account of his life]. All agree he was the first Master
of his Art among us, and that the Language, in general, is
much oblig'd to him for Copiousness, Strength and Ornament.
It would be endless, almost, to enumerate the Compliments
that have been paid to his Merit, by the Gratitude of those
Writers, who have enrich’d themselves so much by his
inestimable Legacies.—But his own Works, are his best
Monument. In those appear a real Genius, as capable of
inventing, as improving; equally suited to the Gay, and the
Sublime; soaring in high Life, and pleasant in low:...
[p. 24] Ever both entertaining, and instructive! All which is so well
known, ’tis, in a Manner, needless to repeat:... it is not a
little difficult to chuse one [a quotation] that will do him
Justice: Most of his principal Tales have been already
exhausted by the Moderns, and consequently, neither of them
would appear to Advantage in their antiquated, original
Dress... [The Pardoner’s Prologue is then given.]
[p. 31]
[Occleve] To his Care and Affection is owing the Original
of that Print, which is now so common of Chaucer.",,,en
part1_p379_a1,Vol.1,Part I,p379-380,1737.,1737,high,"Dodd, Charles.",high,Hugh Tootell,male,39400690,The Church History of England from the year 1500 to the year 1688.,"Brussels. Printed in the year MDCCXXXVII, vol. i, Book i, Art i, p. 61; Book ii, Art iii, p. 369.","The courtiers indeed, at this time [the reign of Edward III]
were disposed to buzz many thing[s] in the king’s ear, that were
prejudicial to the Church; in which they were encouraged by
a flattering divine called John Wickliff, and the witty satires
of sir Geoffrey Chaucer, who took all occasions to lessen the
power of churchmen, and ridicule their character... As for
sir Geoffrey Chaucer, he was, according to the stile of those
days, esteemed an excellent poet, and being infected by
Wickliff, could not fail of being acceptable to the libertines of
the court.
[p. 369] Nicholas Brigham... having a natural genius for poetry,
he sported away some of his youthful hours in that way; but
quickly laying that passion asleep, he followed the more useful
studies of law and history. However, the regard he had for
poetry, and particularly for sir Geoffrey Chaucer's memory,
engaged him to be at the expense of beautifying the monu¬
ment of that celebrated person, in the year 1556, and removing
it to a more conspicuous place, in Westminster church, as we
now find it.","[See above, 1556, p. 94.]","criticism,qualities,anticlericalism",en
part1_p380_a1,Vol.1,Part I,p380-381,1737.,1737,high,"Lewis, John.",high,"Lewis, John.",,,Life of Mayster Wyllyam Caxton.,"p. xix. (Testimonies concerning Wylliam Caxton. Joannes Pits. 1600, see below, App. A); pp. 60, 80-1, 92, 102-8, 114, 122-4.","[p. 60] ... Now it was but an hundred and twenty four Years
since that Translation [Trevisa's of the Polychronicon] was
made; whereas Archbishop Parker noted it as very strange,
that our Language should be so changed in four hundred
Years from his time, the Manuscript Book of the Lives of the
Saints, written about A.D. 1200, in old English Verse, now
in Bennet College Library, was so written, that People could
not understand it. This seems owing to the generous
Endeavours of those two great Genius's, Chaucer and Gower,
to polish and improve their Mother-tongue.
[pp. 80-1] He [John Gower] was an intimate Friend and Acquaintance
of that eminent Poet Geoffery Chaucer, as he shews in this Book,
[Confessio Amantis] and used to submit his Lucrubrations [sic]
to his Judgment, as Chaucer did his Loves of Troilus, to the
Censure and Correction of Gower and Strode.
[p. 122] Of all our English Writers, Mʳ. Caxton most admired our
Poet Geoffrey Chaucer. ""In all his works, he sayd, he
excelled, in his opinion, all other writers in our English.""
[Here Lewis quotes Caxton’s Epilogue to the Book of Fame,
see above, 1483, p. 61.]
Accordingly, as a Proof of the Respect which Mr. Caxton
had for this great and worthy Man’s Memory and Writings,
and his Desire to preserve and perpetuate them, one of his
most early Performances was his collecting and printing as
many of his Works as he could get. He likewise procured,
as has been hinted before, an Elegy to be made for him in
Latin Verse, and caused two of the Verses, there being in
all thirty four, to be inscribed on Chaucer's Monument in
Westminster Abby, viz.
Galfridus Chaucer vates et fama Poesis
Materne, hac sacra sum tumulatus humo.
[See above, 1479, p. 59.]
Lastly, Mʳ Caxton desired his Readers, according to the
[p. 124] Superstition of his Time, that of their charite they would
pray for the said worshipful Geffery Chaucer.","[On pp. 102-8 are references to Caxton's edns. of Chaucer's works; on pp. 92, 114 are alight allusions to Chaucer by Lewis.]","criticism,language,refiningEnglish",en
part1_p381_a1,Vol.1,Part I,p381-382,1737.,1737,high,"[Morell, Thomas.]",medium,Thomas Morell,male,79159546,"The Canterbury Tales of Chaucer, in the Original, from the Most Authentic Manuscripts; And as they are Turn'd into Modern Language by Mr. Dryden, Mr. Pope, and other Eminent Hands.","London, 1737, Dedication, pp. iii-vi. William Thynne's dedication to Henry VIII, pp. vii-xiv. Account of the Life of Chaucer [drawn from the Life in Urry’s edn. 1721], pp. xvxx. Preface, pp. xxi-xxxvj. Appendix, pp. 349-452. [The book only contains the general Prologue to the Tales, and the Knight’s Tale. See below, 1771, p. 436, and 1741, p. 389, Ames.]","[Preface
This ancient Poet Jeoffery Chaucer, has now stood the Test
p. xxii]
of above 300 Years, still read, and still admired, notwith¬
standing he hath been so wretchedly abused, miswrote and
mismetred by all his Editors, the last not excepted. I speak
not this to derogate from the Fame of the late Mr. Urry,
who died before he had completed his work.  ... [Quotations
from Thomas’s preface to Urry’s edn.: that Urry was of opinion
that Chaucer wrote in exact Metre, and therefore he proposed,
[p.
xxiv]
‘to restore him to his Feet again.’] But if Chaucer was a
Cripple before Mr. Urry restored him to his Feet,... he was
really born such; 'twas a natural Lameness, and no more a
Blemish in Chaucer's Time, than Round-Shoulders were in the
Days of Alexander the Great.  ...
[p.
xxv]
From this last Line [from the H. of Fame, l. 1098, ‘ ’ Tho
som Verse fail of a Syllable’], I conclude, that an exact
[p.
xxvi]
Numerosity (as Bp. Sprat expresses it in his Life of Cowley,
which, by the way, runs parallel with our Author's in many
Cases) was not Chaucer's main Care; but that he had some¬
times a greater Regard for the Sense, than the Metre: His
Numbers, however, are, by no Means so rough and inhar¬
monious as some People imagine; there is a charming Sim¬
plicity in them, and they are always musical, whether they
[p.
want or exceed their Complement.  ...
xxvii]
As to the final E, it was anciently pronounc’d, no doubt,
in feminine Adjectives, both from the Saxon and French, and
in those Substantives, that from the old Saxon are made
English, by changing a into e.  ... However, our Author
seems to have taken the Liberty to use it or not, as it best
served his Metre; But give me leave to observe, that he has
never used it in any even Place, except the 2d, where it is
allowable, especially if the Accent be strong upon the 4ᵗʰ.
Whanné that Apryl. v. 1.
Thatté no Drop. v. 131.
I say, that the final E, (and I believe I might say the same
of the plural es or is, especially of Monosyllables,...) is
never used in the 4ᵗʰ, 6ᵗʰ, 8ᵗʰ, or last Syllable of the Verse,
which is a Fault that most injudiciously runs thro' Mr. Urry’s
whole edition.
In a Gounè. v. 393.
And in a Glass haddè he, 699.
... [pp. xxviii-xxxiv, remarks on Chaucerian English and
grammar].
[p.
xxxv]
So lively are Chaucer's Descriptions, that only to read them,
is to carry Life back again, as it were, 300 Years, and to join
Conference with his merry Crew in their Pilgrimage to
Canterbury. From whence we may observe, that Nature is
still the same, however alter'd in her outward Dress, and
the Man that, like Chaucer and Shakespear, can trace her in
her most secret Recesses, will be sure, in every Age, to please.",,"criticism,qualities,realism/criticism,verse,praised/criticism,verse,finalE/criticism,language,/works,canterburyTales,knightTale/works,canterburyTales,prologue/works,canterburyTales,criticism",en
part1_p382_a1,Vol.1,Part I,p382-383,1737.,1737,high,"Pope, Alexander.",high,Alexander Pope,male,61551003,The Second Book of the Epistles of Horace. Imitated by Mr. Pope.,"Printed for T. Cooper.—Epistle i, To Augustus, p. 3. (Works, 1871, vol. iii, p. 351.)","[l. 31]
Just in one instance, be it yet confest
Your People, Sir, are partial in the rest.
Foes to all living worth except your own,
[l. 35]
And Advocates for Folly dead and gone.
Authors, like Coins, grow dear as they grow old;
It is the rust we value, not the gold.
Chaucer’s worst ribaldry is learn'd by rote,
And beastly Skelton Heads of Houses quote.",,"criticism,qualities,indecencyFrivolity",en
part1_p383_a1,Vol.1,Part I,p383,1737.,1737,high,Unknown.,high,Unknown,,,Quotation,"[in] Notes and Queries, May 19, 1866, 3rd S. ix, 414.","I met this passage in a book printed in 1737-""In a word
they seemed to strive who should make us yawn first. The
instant one of them had cited a passage from an Ancient
author, the other would begin a long Canterbury story of a
duel he had fought."" Whence this expression? A. D.
[There follows an explanatory note in answer to the above,
very long, but without mention of the source.]",,,en
part1_p383_a2,Vol.1,Part I,p383,1737.,1737,high,Unknown.,high,Unknown,,,Modernization,"[in] The Gentleman's Magazine. See below, App. A.",,,,en
part1_p383_a3,Vol.1,Part I,p383,1738.,1738,high,"Bancks, John.",high,John Bancks,male,95294215,"Miscellaneous works in verse and prose of John Bancks,","vol. i, Preface p. xiii. To Mr. Hogarth... p. 88 and note p. 89. A Critical Epistle... vol. ii, p. 206.","[vol. i.,
p. 88]
Perhaps in CHAUCER’S antient Page
We view the HOGARTH of his Age:
Upon the Canvas first, like Thine,
His deathless Characters might shine.
. . . . . . . .
[vol. ii.,
p. 206]
If DRYDEN must, as POPE has wrote
Lose all the Charms he now has got;
If POPE must grow like Father CHAUCER
Niceness is Nonsense for that Cause, Sir.","[For Pope's remark on Dryden and Chaucer, see above, 1709, pp. 310-11, and for other references to it, see above, pp. 315, 367. 369, 379.]","criticism,qualities,realism/criticism,comparisons,hogarth",en
part1_p383_a4,Vol.1,Part I,p383,[1738.],[1738],medium,"Davies, Sneyd.",high,Sneyd Davies,male,170663240,Letter,"to Timothy Thomas [written c. Feb. 1738, printed in] Illustrations of the Literary History of the 18th century... by John Nichols, vol. i, 1817, p. 522.","I cannot thank you too often for the noble Edition of
Chaucer, valuable in itself, but more so for the sake of the
expositor, and the giver.","[Nichols notes that this was Urry's Chaucer [1721], to which Thomas wrote the Preface and Glossary.]",,en
part1_p383_a5,Vol.1,Part I,p383-384,1738.,1738,high,"[Oldys, William.]",medium,William Oldys,male,42182921,The British Librarian;,"pp. 86-7 n., 88-9, 138, 218, 223, 309, 346-7, 356, 360.","[p. 86]
[An account of W. Webbe’s Discourse of English Poetrie,
see above, 1586, p. 129.] Our end of reviving here, or reviewing
this Discourse, is chiefly for the sake of those Characters,
which our Author has given in it, of the antient, and more
especially the English Poets, from Chaucer and Gower down
to the most considerable of those who flourish'd at the Time
of this Publication; that the critical Reader may better know,
whether the Opinions held of them in those Days, and ours,
correspond.  ...
[p. 88] [Summary of Webbe's criticism of Chaucer, see above, p. 129.]
[p.138] [Account of Hakluyt’s Voyages, 1598, where there is a
[pp. 218,
mention of Chaucer, see above, p. 157.]
223]
[Account of Scot's Discovery of Witchcraft, 1651, with
[p. 309] [Chaucer criticism in A Restitution of decay’d Intelligence
Chaucer reference, see above, 1584, p. 124.]
[pp. 346,
in Antiquities, by R. V[erstegan], 1605, see above, p. 176.]
360]
[Chaucer references in Weever's Ancient Funeral Monu¬
ments, 1631, see above, p. 204.]",,"criticism,language,corruptedEnglish",en
part1_p384_a1,Vol.1,Part I,p384,1738.,1738,high,Unknown.,high,Unknown,,,The Apotheosis of Milton. A Vision,"[in] The Gentleman's Magazine, May 1738, vol. viii, p. 233.","... I percieved [sic] a Door unfold, and a venerable Figure
enter, clothed in a deep Violet-coloured Robe, with a Wand in
his Hand, and proceeding slowly to the Chair at the upper end
of the Table, where he seated himself. That Old Man, said
my Conductor, whose Face you see wears the Furrows of Age,
is the Father of English Poesy: Notwithstanding the Solemn
Figure he makes here, if you were near enough to observe him
aright, you might perceive an Archness in his Looks, and a
certain Vivacity, that is either not to be found, or is very
aukward, in most of his Poetical Descendants. Here my
Conductor was silent, and upon a narrow View of the old
Personage, I could easily perceive that it must be Chaucer.","[For the continuation in February, 1739, see below, App. A.]",,en
part1_p384_a2,Vol.1,Part I,p384-386,1739.,1739,high,"Ogle, George.",high,George Ogle,male,54476382,Gualtherus and Griselda:,"or the Clerk of Oxford’s Tale. From Boccace, Petrarch, and Chaucer. To which are added, A Letter to a Friend, with the Clerk of Oxford’s Character, &c. The Clerk of Oxford’s Prologue from Chaucer. The Clerk of Oxford’s Conclusion, from Petrarch. The Declaration, or L’envoy de Chaucer a les Maris de notre Temps, from Chaucer. The Words of our Host, from Chaucer. A Letter in Latin, from Petrarch to Boccace. By George Ogle, Esq.; London: Printed for R. Dodsley, at Tully's-Head, Pall-Mall. M. D. CC. XXXIX. (Price Three Shillings.)","[p.vi] [In his “Letter to a Friend,” Ogle contends that Chaucer
[p. vii] was one of Petrarch's friends, and conjectures that] the Person
of so much Humanity, whom Petrarch mentions [in his Latin
letter of 1373 to Boccaccio about Grisild] to have seen at
Padua, may be taken for our very Chaucer.
This Tale [of Griselda]... has already pass’d thro' the
Hands of BOCCACE, PETRARCH and CHAUCER; that is, thro' the
Hands of three Men of as great Genius as ever appear’d in one
Age. BOCCACE may be suppos'd to have improv’d on Those He
follow'd; PETRARCH most certainly improv’d on Him; and
our Countryman undeniably improv’d on them Both. ...
[p. viii] I hold Mr. DRYDEN to have been the first Who put the Merit
of CHAUCER into its full and true Light, by Turning Some
of the Canterbury Tales into our Language, as it is now refin’d,
or rather as He himself refin'd it. ...
Treating of CHAUCER (Whom He puts on a Footing of
Comparison in some Instances with Ovid) He observes; that,
among other Excellencies, He was perfect Master of the
Manners....
[p. ix] As to the Point of Characterizing, at which CHAUCER was
most singularly happy; You can name no Author even of
Antiquity, whether in the Comic or in the Satiric Way, equal,
at least superior, to Him. Give Me Leave, only to throw
together a few Touches taken from his Descriptions of the
Pilgrims. [Here follow a large number of quotations in this
style]... The Squire; with Locks curl’d, just fresh from the
Press!. . . The Lady Prioress; Who wept if She saw a Mouse
taken in a Trap!... To conclude, the Doctor of Physic;
whose Study was little in the Bible! And the Serjeant at Law;
Who seemed much busier than he was! All these, I say, are
the Strokes of no common Genius, but of a Man perfectly
conversant in the Turns and Foibles of human Nature.
Observe but his Manner of Throwing Them in, and You will
not think I exaggerate, it I say, these Turns of Satire, are not
unworthy of PERSIUS, JUVENAL, or HORACE himself. Before I
cool upon this Subject, I shall venture (as far as the Ludicrous
may hold Comparison with the Serious) to rank our CHAUCER
with whatever We have of greatest Perfection in this Character
of Painting; I shall venture to Rank Him (making this
Allowance) either with SALUST [sic] or CLARENDON....
[p. x] For it was not to the Distinguishing of Character from
Character, that the Excellence of CHaucer was confin'd; He
was equally Master of Introducing them properly on the
Stage; and after having introduced them, of Supporting them
agreeably to the Part They were formed to personate. In This,
He claims equal Honour with the best Comedians; there is no
Admirer of PLAUTUS, TERENCE, or ARISTOPHANES, that will
pretend to say, CHAUCER has not equally, thro' his Canterbury
Tales, supported his Characters. And all must allow, that the
Plan, by which He connects and unites his Tales, one with
another, is well designed, and well executed. [Here Ogle
gives a sketch of the plan of the Canterbury Tales, with long
quotations.]","[A later edn. of the above appeared in 1741, 12mo, the same year as the Canterbury Tales, with the Title as above, except the place, and publisher, which are “Dublin: Printed for George Faulkner in Essex Street. 1741."" The ""Letter to a Friend "" was reprinted in extenso in Ogle's edn. of the modernised ""Canterbury Tales,"" 1741, see below, pp. 389-90.]","criticism,qualities,observationCharacter/modernizations,particular,ogle/works,canterburyTales,clerkTale",en
part1_p386_a1,Vol.1,Part I,p386,1739.,1739,high,Unknown.,high,Unknown,,,"Review of John Lewis's The Life of Mayster Wyllyam Caxton, 1737,","[in] The History of the Works of the Learned... containing Impartial Accounts and Accurate Abstracts of the Most Valuable Books published in Great Britain and Foreign Parts, 1739, vol. i, pp. 269-70, article xviii [reference to Chaucer’s Works printed by Caxton, see above, 1737, Lewis, pp. 380-1].",,"[In 1736 ""The Literary Magazine or the History of the Works of the Learned,"" ed. by Ephraim Chambers, and “The Present state of the Republick of Letters,"" ed. by Andrew Reid, were converted into ""The History of the Works of the Learned.""]",,en
part1_p386_a2,Vol.1,Part I,p386,1739.,1739,high,Unknown.,high,Unknown,,,"The Apotheosis of Milton,","continued. See below, App. A. ; for the first part see above, 1738, p. 384.",,,,en
part1_p386_a3,Vol.1,Part I,p386,1739.,1739,high,"Vinegar, Tim., pseud.",high,"Vinegar, Tim., pseud.",male,,"Letter to Captain Vinegar,","November 24, 1739, from Tim. Vinegar [in] The Champion, containing a series of papers humourous, moral... London, 1741, vol. i, p. 29.","... No one City in the Universe has produc’d so many
Ornaments of polite Learning as this [London]: and when I
mention the great Names of Chaucer, Spencer, Donne, Milton
and Cowley, with those of Mr. Pope, and Mr. Glouer, all Natives
of London; no Body will presume to treat the Word Citizen,
as a Term of Reproach any more.",,,en
part1_p386_a4,Vol.1,Part I,p386-387,1740.,1740,high,"Alcæus, pseud.",high,"Alcæus, pseud.",male,,Letter,"[in] The Gentleman's Magazine, August 1740, vol. X, p. 404.","Sir,
As there is a very noble Edition of the Prince of our English
Poets, in a modern Dress, preparing for the Publick, it may
not be disagreeable to some of your Readers to present them
with a Specimen of that Undertaking, which I hope the
generous Editor will forgive me for, as it proceeds from an
Apprehension you may receive the Part I send you, more
incorrect from another Quarter.
I am, Sir, yours &c., Alcæus.
[Here follows an extract from Cambuscan, by Ogle, see
below, 1741, pp. 389-90.]",,,en
part1_p387_a1,Vol.1,Part I,p387-388,1740.,1740,high,"Astrophil, pseud.",high,"Astrophil, pseud.",male,,"In Praise of Chaucer, Father of English Poetry","in] The Gentleman's Magazine, Jan. 1740, vol. x, p. 31.","Long veil’d in Gothick mists our Britain lay,
Ere dawning science beam’d a cheering ray,
Dark monkish systems, and dull senseless rhymes
Swell’d the vain volumes of those ruder times:
When Chaucer rose, the Phœbus of our isle,
And bid bright art on downward ages smile;
His genius pierc’d the gloom of error through,
And truth with nature rose at once to view.
In regal courts by princely favours grac’d
His easy muse acquir'd her skilful taste:
A universal genius she displays
In his mixt subject tun’d to various lays.
If in heroic strain he tries his art,
All Homer's fire and strength his strains impart.
Is love his theme? How soft the lays, how warm!
With Ovid’s sweetness all his numbers charm
His thoughts so delicate, so bright his flame,
Not juster praise we owe the Roman name.
What pious strains the heavenly piece adorn,
Where guilty Magdalen is taught to mourne.
Devotion’s charms their strongest powers combine,
And with the poet equal the divine.
When he some scene of tragic woe recites,
Our pity feels the strong distress he writes;
Like Sophocles majestic he appears,
And claims alike our wonder and our tears.
Does he to comic wit direct his aim?
His humour crowns th' attempt with equal fame.
Meer fictions for realities we take,
So just a picture his descriptions make;
So true with life his characters agree,
What e’er is read we almost think we see.
Such Chaucer was, bright mirror of his age
Tho' length of years has quite obscur'd his page;
His stile grown obsolete, his numbers rude,
Scarce read, and but with labour understood.
Yet by fam’d modern bards new minted o’er,
His standard wit has oft enrich’d their store;
Whose Canterbury Tales could task impart
For Pope's and Dryden’s choice-refining art;
And in their graceful polish let us view
What wealth enrich'd the mind where first they grew.
Astrophil.",,"criticism,qualities,observationCharacter/criticism,qualities,pathos/criticism,qualities,piety/criticism,qualities,humourWit",en
part1_p388_a1,Vol.1,Part I,p388,[c. 1740?],[c. 1740?],low,"Clarke, William.",high,William Clarke,male,229030241,"An Impromptu on some of the English Poets,","[first printed by John Nichols in] Literary Anecdotes of the 18th century, vol. iv, 1812, p. 376.","See the Fathers of Verse,
In their rough uncouth dress,
Old Chaucer and Gower array'd
And that Fairy-led Muse,
Which in Spenser we lose,
By Fashion’s false power bewray’d.","[Five more verses, on Shakespeare, Fletcher, Beaumont, Ben Jonson, Milton Cowley, Butler, Waller, Dryden, Prior, Addison and Pope.]",,en
part1_p388_a2,Vol.1,Part I,p388,1740.,1740,high,"Theobald, [Lewis].",high,Lewis Theobald,male,2479987,Notes,"to The Works of Shakespeare, in 8 volumes, 2nd edn., 1740, vol. i, p. 123 [""Gemell"" not used by Chaucer], vi, pp. 80 [""Fumitory"" written ""femetere"" by Chaucer], 237 [quotes glossary to Urry’s Chaucer for or, = before, ere]. [For the first edition see above, 1733, p. 375.]",,,,en
part1_p388_a3,Vol.1,Part I,p388,1740.,1740,high,"Vorio, pseud.",high,"Vorio, pseud.",male,,Verses occasioned by the Translation of Chaucer in your last Magazine,"[in] The Gentleman’s Magazine, Sept. 1740, vol. x, p. 463. [Cambuscan, see above, 1740, Alcaeus, p. 387.]","Æson (says Ovid in his book)
Medea takes in hand to cook,
Him in a kettle first she fixes,
Then powerful charms and juices mixes,
Till warm’d all over up he sprung,
Danc'd with his daughter and was young!
Such Chaucer seems.— The Muse ordains
This fate should mark his endless strains:
That future bards who read his page,
Shall spread his praise from age to age,
Not by their own inferior thought,
But by restoring what he wrote!",,,en
part1_p389_a1,Vol.1,Part I,p389,1741.,1741,high,"Ames, Joseph.",high,Joseph Ames,male,12411440,"MS. Notes from Ames’s collections for the history of printing, and a letter from him to —","[dated] London 19 Aug. [17]41. Add. MS. 5151, ff. 21, 109, 138, 151, 258, etc.","[fol. 258] There is a Curious Edition of Chaucer now lately done by
one Mr. Morell a Clergy man and member of our society,
encouraged much by Mr. Harding Clark of the House of
Com̄s., one vol. is printed of, in 8° (and I purpose to let him
have the use of my MS. of Chaucer’s on the magnet never yet
printed that I know of, it is Joyn'd with that of the astrolabe)
without his name.","[T. Morell’s Canterbury Tales appeared in 1737, see above, p. 331; see also below, 1771, p. 436. The references on the other pages are to various printers of Chaucer's works.]",,en
part1_p389_a2,Vol.1,Part I,p389,[1741?],[1741?],low,"Minshull, Randal.",high,"Minshull, Randal.",male,,Proposals,"for Printing an exact and Ample Account of all the Books Printed by William Caxton... with a Vocabulary of the Old English Words, and an Explanation of them, which will greatly illustrate the Ancient English Language, as it was written in the Reign of Edward III and continued down to Henry VII Kings of England, contained in the Writings of Thomas Woodstock Duke of Glocester, Anthony Woodville Earl Rivers, John Gower, Geoffry Chaucer, John Lydgate, and other famous Persons. By R. Minshull, Library-Keeper to the Right Honourable the Earl of Oxford, deceas’d.",,"[These Proposals were apparently never carried into effect. On the back of a copy ot the Proposals inserted in the beginning of W. Herbert's interleaved copy of Typographical Antiquities [B. M. pr. m. 824. k. 1-6] vol. I. i, there is a receipt by Minshull to Dr. [Richard] Mead for one guinea, being the first half of the subscription, dated March I, 1741.]",,en
part1_p389_a3,Vol.1,Part I,p389,1741.,1741,high,"Betterton, Thomas.",high,Thomas Betterton,male,29800138,"Boyse, Samuel. Brooke, Henry. Cobb, Samuel. Grosvenor, —.(See also below, App. A., 1733.) Markland, Jeremiah. (See also above, 1728, p. 370.)","All took part in modernising the Canterbury Tales, q. v. Ogle, immediately below.",,,,en
part1_p389_a4,Vol.1,Part I,p389-390,1741.,1741,high,"Ogle, George and others.",high,"Ogle, George and others.",male,,"The Canterbury Tales of Chaucer,","modernis'd by several hands. [i e. Betterton, Ogle, Dryden, Cobb, Pope, Markland, Grosvenor, Boyse and Brooke.] Publish'd by Mr. Ogle, 1741.","[Dart's] Life of Chaucer, [as published in Urry’s edn. of
Chaucer, 1721], vol. i, pp. iii-lx.
A Letter to a Friend, with the Poem of Gualtherus and
Griselda, [by George Ogle] vol. iii, pp. v-xxviii [reprinted
from Gualtherus and Griselda, 1739, see above, p. 384.]
[Contents.—Order of the Tales, and names of modernisers.]
[vol. i]
Prologue
modernised by Ogle.
Characters of the Pilgrims
Knight to Merchant
. . . . ,,   ,, Betterton.
Clerk of Oxford.  . . . . . . ,,   ,, Ogle.
Man of Law and Franklin. . . . ,,  ,, Betterton.
Haberdasher to Cook . . . . . ,,  ,, Ogle.
Shipman to Wife of Bath. . . . . ,,  ,, Betterton.
Parson . . . . . . . . ,, ,, Dryden.
Plowman to Pardoner. . . . .  ,,  ,, Betterton.
Prologue to Knight's Tale. . . .  ,,  ,, Ogle.
Knight's Tale. . . . . . . ,,  ,, Dryden.
Prologue to Miller's Tale. . . . . ,,  ,, Ogle.
Miller’s Tale. . . . . . .  ,,  ,, Cobb.
Prologue to Reeve’s Tale.  . . . .  ,,  ,,  Ogle.
Reeve's Tale. . . . . . . ,,  ,, Betterton.
[vol. ii]
Prologue to Cook's Tale . . . . .  ,, ,, Ogle.
Cook's Tale. . . . . . . ,, ,, Boyse.
Prologue to Man of Law . . . . .  ,,  ,, Ogle.
Man of Law's Tale . . . . . .  ,, ,, Brooke.
Prologue to Squire's Tale. . . . .  ,, ,,  Ogle.
Squire's Tale. . . . . . . ,, ,, Boyse.
Squire's Tale (Continued from Spenser)
[vol. iii]
Prologue to Merchant's Tale
. ,, ,, Ogle.
Merchant's Tale. Prologue to W. of Bath . ,, ,, Pope.
Prologue to Wife of Bath (continued) . .  ,, ,, Ogle.
Wife of Bath's Tale . . . . . . ,, ,, Dryden.
Prologue to Friar’s Tale . . . . . ,, ,, Ogle.
Friar’s Tale . . . . . . . ,, ,, Markland.
Prologue to Sumner’s Tale . . . . ,, ,, Ogle.
Sumner's Tale . . . . . . . ,, ,, Grosvenor.
Prologue to Clerk of Oxford’s Tale
Clerk of Oxford’s Tale
Conclusion to Clerk of Oxford's Tale
. . ,, ,, Ogle.","[Another edn. appeared in Dublin in 1742, in 2 vols.; the names of the contributors are given on the title page (Boyse being misprinted ’Boyle’.)]","modernizations,particular,ogle/modernizations,particular,markland/works,canterburyTales,millerTale/works,canterburyTales,friarTale/works,canterburyTales,manLawTale/works,canterburyTales,modernizations/works,canterburyTales,squireTale",en
part1_p390_a1,Vol.1,Part I,p390,1742.,1742,high,"Dart, John.",high,John Dart,male,283156923,Westmonasterium.,"See above, 1721, p. 361; 1723, p. 363.",,,,en
part1_p390_a2,Vol.1,Part I,p390,1742.,1742,high,"Walpole, Horace.",high,"Walpole, Horace.",,,"Letter to Sir Horace Mann,","Chelsea, July 29, 1742. (Letters of Horace Walpole, ed. Mrs. Paget Toynbee, 1903, vol. i, p. 262.)","They have given Mrs. Pulteney an admirable name, and
one that is likely to stick by her–instead of Lady Bath, they
call her the wife of Bath. Don't you figure her squabbling at
the gate with St. Peter for a halfpenny?
[Note by Walpole] In allusion to the old ballad. [See
above, 1700, p. 288, and below, App. A., c. 1670.]",,,en
part1_p390_a3,Vol.1,Part I,p390,1743.,1743,high,"Junius, Franciscus, the younger.",high,Franciscus Junius,male,59225563,Etymologicum Anglicanum.,"[Continual references to Chaucer. Amongst others] ARSENICKE, sig. E.2. BALE, sig. G. WARRY, sig. H h h h h h 1b. WENDE, sig. K k k k k k l.",,,,en
part1_p390_a4,Vol.1,Part I,p390,1743.,1743,high,Unknown.,high,Unknown,,,Article and quotation,"[in] The Gentleman’s Magazine. See below, App. A.",,,,en
part1_p391_a1,Vol.1,Part I,p391,1744.,1744,high,"Thomson, James.",high,James Thomson,male,14778969,Summer,"[in] The Seasons, Printed for A. Millar, in the Strand, 1744, p. 119, ll. 1557-1564. [These lines are not in any of the earlier editions of “Summer."" In that of 1746, which contained Thomson’s final alterations, the references to the above are pp. 115-6, Il. 1557-64. (The Seasons and the Castle of Indolence, ed. J. Logie Robertson, Clarendon Press, 1891, p. 108. [Also notes on pp. 303, 306.])","Nor shall my Verse, that elder Bard forget,
The gentle SPENSER, Fancy’s pleasing Son;
Who, like a copious River, pour'd his Song
O’er all the Mazes of enchanted Ground:
Nor Thee, his antient Master, laughing Sage,
CHAUCER, whose native Manners-painting Verse
Well-moraliz'd, shines thro' the Gothic cloud
Of Time and Language o’er thy Genius thrown.",,"criticism,qualities,realism",en
part1_p391_a2,Vol.1,Part I,p391,1744.,1744,high,"Whitehead, William.",high,William Whitehead,male,39437154,On Nobility.,"See below, App. A., 1744.",,,,en
part1_p391_a3,Vol.1,Part I,p391,[a. 1745.],[a. 1745],low,"Anstis, John.",high,John Anstis,male,6352962,MS. History of the Officers of Arms in the Herald’s Office.,"MS. at the Coll. of Arms, vol. ii, p. 5, under Lancaster, ch. xi, sect. 13, p. 559. (Thynne’s Animadversions, ed. F. J. Furnivall, Chaucer Soc., 1876, p. 137, also ibid. p. cv.)",[This is merely a reference to Francis Thynne’s work on Chaucer.],,,en
part1_p391_a4,Vol.1,Part I,p391,1745.,1745,high,"Montagu, Elizabeth.",high,Elizabeth Montagu,female,45200405,"Letter to the Duchess of Portland,","July 24. (Elizabeth Montagu, by E. J. Climenson, 1906, vol. i, pp. 155-7, 198-9.)","[p. 198] One day this week we rode to Chaucer's Castle [Donning¬
ton] where you will suppose we made some verses no doubt,
and when they showed us Chaucer's well, I desired some
Helicon, hoping thereby to write you a more poetical letter,
but the place having been, during the last Civil War, besieged,
the Muses were frightened away, and forbade this spring to
flow.  ...",,,en
part1_p391_a5,Vol.1,Part I,p391-392,1745.,1745,high,"Thompson, William.",high,William Thompson,male,27926279,"Sickness, a Poem in Three Books.","London, 1745. Book I, p. 18, and Notes p. 43.","[l. 275]
Father of fancy, of descriptive verse,
And shadowy beings, gentle Edmund, hight
Spenser! the sweetest of the tuneful throng,
Or recent, or of eld.
[p. 43]
[Note to above, wrongly printed ver. 267.] The date of
our English poetry may with great justice begin with Spenser.
It is true, Chaucer, Gower, and Lydgate were masters of
uncommon beauties, considering the age they lived in, and
have described the humours, passions &c. with great discern¬
ment. Yet none of them seem to have been half so well
acquainted with the very life and being of poetry, inven¬
tion, painting, and design, as Spenser. Chaucer was the
best before him; but then he borrowed most of his poems,
either from the ancients, or from Boccace, Petrarch, or the
Provençal writers, &c. Thus his Troilus and Cressida, the
largest of his works, was taken from Lollius; and the Romant
of the Rose, was translated from the French of John Noon,
[sic] an Englishman, who flourished in the reign of Richard II.
and so of the rest. As for those who follow'd him, such as
Heywood, Scogan, Skelton, &c. they seem to be wholly ignorant
of either numbers, language, propriety, or even decency itself.
I must be understood to except the Earl of Surry, Sir Thomas
Wiat, Sir Philip Sidney, several pieces in the mirror of
magistrates, and a few parts of Mr. G. Gascoign’s and
Turbervill's works.",,"criticism,comparisons,spenser",en
part1_p392_a1,Vol.1,Part I,p392-393,[c. 1745.],[c. 1745],low,"Thompson, William.",high,William Thompson,male,27926279,"In Chaucer's Boure,","Garden Inscriptions no. vii, [in] The Poetical Calendar... by Francis Fawkes and William Woty, vol. viii, ed. 2, 1763, p. 103. [also in] Poetical Works of William Thompson, ed. Park, British Poets, vol. 26, 1807. p. 181.","In Chaucer's Boure.
Who is this thilke old bard which wonneth here?
This thilke old bard, sirs, is Dan Chaucer:
Full gentle knight was he, in very sooth,
Albee a little japepish [sic] in his youth.
He karoll’d deftly to his new psautry,
And eke couth tellen tales of jollity.
And sangs of solace, all the livelong day,
Soote as the ouzle or throstell in May.
Withouten words mo, a merie maker he,
Ne hopen I his permagall ¹ to see.
Ne Johnny Gay, perdie, ne Matthew Prior,
In diting tales of pleasaunce couth go higher.
Here in this gardyn full of flowers gend,
Betwixt this elder-tree and fresh woodbend,
He hearkeneth the foules' assemblie,
That fro the twigs maken their melodie.
Ye pied daisies, spring neath his feet,
Who sung so sootly, “The daisy is so sweet:""
¹ His equal.
And whilest, “benedicite,"" he sings,
Ryn little beck, in silver murmurings,
O pleasaunt poete, thyselven solace here,
And merie be thy heart, old Dan Chaucer.",,"imitations,particularImitators,thompson",en
part1_p393_a1,Vol.1,Part I,p393,[17]46.,[17]46,high,"Rudd, Abraham Joseph.",high,"Rudd, Abraham Joseph.",,,Two letters,"from S. John's College, Oxford, dated respectively April 21 and 29, [17]46, to Mr. Ames [Joseph Ames, the bibliographer and antiquary] Wapping Street, near the Hermitage, London; describing Caxton’s first edition of the Canterbury Tales [no criticism of Chaucer. These letters are now inserted in the copy of Caxton’s first edn. of the Canterbury Tales in B. M. (pr. m. 167. c. 26).]",,"[See Ames's Typographical Antiquities, 1749, p. 55.]",,en
part1_p393_a2,Vol.1,Part I,p393,1746.,1746,high,Unknown.,high,Unknown,,,Poem,"[in] The Gentleman's Magazine. See below, App. A.",,,,en
part1_p393_a3,Vol.1,Part I,p393,1746.,1746,high,"Upton, John.",high,John Upton,male,61902317,"Critical Observations on Shakespeare,","pp. 193, 327.","[""Fere"" and ""atwain,"" old words used by Chaucer.]","[See the enlarged edn. of 1748, below, p. 396, for many more Chaucer allusions.]",,en
part1_p393_a4,Vol.1,Part I,p393-394,1747.,1747,high,"Mason, William.",high,William Mason,male,95718679,"Musæus, a monody to the memory of Mr. Pope, in imitation of Milton’s Lycidas,",pp. 8-10.,"First, sent from Cam’s fair banks, like Palmer old,
Came TITYRUS¹ slow, with head all silver'd o’er,
And in his hand an oaken crook he bore,
And thus in antique guise short talk did hold.
‘Grete clerk of Fame’is house, whose excellence
Maie wele befitt thilk place of eminence,
Mickle of wele betide thy houres last,
For mich gode wirkè to me don and past.
For syn the daies whereas my Iyre ben strongen,
And deftly many a mery laie I songen,
Old Time, which alle things don maliciously,
Gnawen with rusty tooth continually,
Gnattrid my lines, that they all cancrid ben,
Till at the last thou smoothen ’hem hast again;
Sithence full semely gliden my rymes rude,
As, (if fitteth thilk similitude),
Whannè shallow brooke yrenneth hobling on,
Ovir rough stones it maken full rough song;
But, them stones removen, this lite rivere
Stealen forth by, making plesaunt murmere :
So my sely rymes, whoso may them note,
Thou maken everichone to ren right sote;
¹ i.e. CHAUCER, a name frequently given him by Spenser. [Note by Mason.]
And in thy verse entuneth so fetisely,
That men sayen I make trewe melody,
And speaken every dele to myne honoure,
Mich wele, grete clerk, betide thy parting houre!’
He ceas’d his homely rhyme.
[After Chaucer come Colin Clout (Spenser) and Thyrsis
(Milton).]",,"imitations,particularImitators,mason",en
part1_p394_a1,Vol.1,Part I,p394,1747.,1747,high,Unknown.,high,Unknown,,,An Account of Barkshire or Berkshire.,"[Article in] Universal Magazine, June 1747, vol. i, p. 15.","[The reference is to Chaucer's connection with Donnington
Castle.]",,,en
part1_p394_a2,Vol.1,Part I,p394,1747.,1747,high,"Vertue, George.",high,George Vertue,male,24699291,Remarks of G. Vertue’s on a Letter,"from Mr. G. Stovin to his Son, concerning the body of a Woman and an antique Shoe found in a Morass... Philosophical Transactions [of the Royal Soc.] vol. xliv, no. 484 (1747), p. 575 (see below, 1749, p. 400, Unknown, in The Gentleman’s Magazine).","... Chaucer in his Time mentions the Use of long piked
Shoes, so long as to be tied up by Strings or small Chains to
their Knees.",,,en
part1_p394_a3,Vol.1,Part I,p394,1747.,1747,high,"Warburton, William.",high,William Warburton,male,7398464,"The Works of Shakespeare,",8 vols.,[A few references in the footnotes on words and phrases.],,,en
part1_p394_a4,Vol.1,Part I,p394,1747.,1747,high,"Warton, Thomas, the elder.",high,Thomas Warton the elder,male,24445219,"Hereafter in English Metre ensueth a Paraphrase on the Holie Book entituled Leviticus Chap. xi, vers. 13 &c. Fashioned after the Maniere of Maister Geoffery Chaucer in his Assemblie of Foules:","[a poem in] Poems on Several Occasions, by the Reverend Mr. Thomas Warton... sometime Professor of Poetry in the University of Oxford... London... 1747.",,"[For a specimen of this translation, see below, App. A., 1747.]","imitations,particularImitators,warton",en
part1_p394_a5,Vol.1,Part I,p394-395,1748.,1748,high,"Stanhope, Philip Dormer, 4th Earl of Chesterfield.",high,"Philip Stanhope, 4th Earl of Chesterfield",male,73862914,"Letter to his Son,","Sept. 27, o.s., 1748. Letters written by the... Earl of Chesterfield to his son... published by Mrs. Eugenia Stanhope ... 2 vols., 1774. vol. i, pp. 341-2.","I have always observed, that the most learned people,
that is those who have read the most Latin, write the worst;
and that distinguishes the Latin of a Gentleman scholar, from
that of a Pedant.  ... [A Pedant] will rather use olli than
illi,... and any bad word, rather than any good one,
provided he can but prove, that, strictly speaking, it is Latin;
that is, that it was written by a Roman. By this rule, I
[p. 342] might now write to you in the language of Chaucer or Spenser,
and assert that I wrote English, because it was English in
their days; but I should be a most affected puppy if I did
so, and you would not understand three words of my letter.","[In a letter dated Mar. 2, 1752-53, apropos of reading, Lord Chesterfleld says:""A gentleman should know those which I call classical works, in every language; such as Boileau, Corneille, Racine, Molière, &c., in French; Milton, Dryden, Pope, Swift, &c., in English, and Boccacio, Tasso, and Ariosto in Italian."" This is of interest as mentioning no writer earlier than Milton as an English classic.]",,en
part1_p395_a1,Vol.1,Part I,p395-396,1748.,1748,high,Unknown.,high,Unknown,,,"Biographia Britannica,","vol. ii, pp. 1026 [account of W. Bullein, Dialogue, see above, 1564, p. 98], 1229, 1240-1, 1245-6 [Caxton], 1293-1308 [a long article on Chaucer]. For later volumes see below, App. A., 1757 and 1760.","CHAUCER (Geoffrey) the Father of our English Poets, and
the first great improver and reformer of our language...
as he justly obtained the highest admiration amongst his
contemporaries, so his memory has ever since been highly
honoured. [Here follow the events of his life in great detail,
and a statement of the difficulties of getting at the facts about
it. Sprat, Pits, Leyland, Speght, Dart, Hearne, Ashmole,
Bale, and others are quoted.]...
[p. 1305] If we look upon him as an author, he may truly be
stiled the Father of English Poetry, and perhaps the Prince
of it, for except the unavoidable defects of language, his
Works have still all the beauties that can be wished for
or expected, in every kind of composition. He was not
unacquainted with the antient rules of Poetry, nor was he
incapable of writing up to them, as very clearly appears by
the Knight's Tale, which, as Mr. Dryden very justly says,
is a finished Epick Poem, but he did not always judge this
exactness necessary.   . . .
[p. 1307] We are not however to suppose, that with all these great
qualifications ['true genius, extensive learning, and a free
spirit'], Chaucer could entirely escape the fang of false
criticks... Those who have attacked Chaucer have not
presumed to question his wit, for of this perhaps no writer of
our nation ever had more, neither have they disputed his
poetical abilities, which certainly set his on a level with the
greatest names in antiquity; nor have they dared to throw
any aspersion on his learning, the extent of which is not
greater than the masterly degree of propriety with which it is
everywhere applied : but the point to which they object, is, his
changing, debasing, or corrupting our language, by introducing
foreign words, as if the worth of all languages did not arise
from their being thus enlarged and compounded...
. . . . . . . . . . .
[p. 1308] It is however just to observe, that this reflection never made
any great impression, and that with the best and most elegant
writers in our tongue, Chaucer passes not only for a great
improver, but for the very Father and Founder of it; and it
is not a little to his honour, that amongst those who are of
this opinion we may reckon one of the soundest of our Critics
[Rymer], and one of the correctest writers in our language
[Sprat].","[See above, 1692, p. 265, Rymer, and 1667, p. 244, Sprat.]","biography,general-accounts,english/criticism,language,importationMinimised",en
part1_p396_a1,Vol.1,Part I,p396-398,1748.,1748,high,"Upton, John.",high,John Upton,male,61902317,"Critical Observations on Shakespeare,","the second edition, with Alterations and Additions. Preface, pp. xvi-xxii, xxiv-v, xxvii, 136 note, 184 note, 185 note, 226 note, 232-3, 241 note, 253, 277 note, 297 and note, 298, 327 note, 329 note, 336 note, 346 note, 347 note, 362 note, 363, [Additional notes at end] 403-4, 410. [See above, 1746, p. 393, for 1st edn.]","[Preface, There is an English author, which was much studied by
p. xvi]
[p. xvii] Shakespeare, but very superficially by Shakespeare’s editors
now lying before me. ’Tis well known that the Coke’s Tale
of Gamelyn was the original of the play called As You Like It.
A Midsummer Night's Dream had its origin from The Knight’s
Tale; which I don't remember to have seen, as yet, taken
notice of. There are some passages of Chaucer's Troilus and
Creseide in a play of the same name by our Tragedian; and
several imitations there are likewise, very elegantly inter¬
spersed, in other plays, which some time or other may be
pointed out: at present I shall content myself with the
following in King Lear, Act III. Where the Fool thus
speaks,
""I'll speak a prophecy or ere I go.""
... [Upton then quotes the prophecy, ending:]
[p. xix.] “This prophecy Merlin shall make, for I live before his
time.""
This Merlin is the prophet Dan Geoffrey Chaucer. Among
some verses prefixed to the prologues of the Canterbury tales
are the following, intitled
""When faith faylith in Priest'is sawes,
Chaucer's Prophecie.
And lordes hestes are holde for lawes,
And robberie is holde purchace,
And letcherie is holde solace;
Then shall the lond of Albion
Be brought to great confusion.""
Shakespeare has taken this prophecy; but to make it more
resemble the oracular responses of antiquity, and the prophet¬
ical stile, he has artfully involved it in a seeming confusion:
’Tis ONE prophecy consisting of two parts; the former part
having a relation to what now is; the latter to what never
shall be. The fool to the two lines of Chaucer, has humor¬
ously added two lines of his own, which properly can be
referred only to the former part of the prophecy...
[Upton next points out that in the expression ""bold beating
[p. xx]
oaths"" used by Falstaff in The Merry Wives II; beating is
from the A.S. betan, excitare, as used by Chaucer in the
Reve's Tale, v. 828—
""He was a Markit beter at the full,""
[A, l. 3936.]
or in the Knight's Tale,
""I will don sacrifice, and firis bete.""
[p. xxi] Again, “alder lievest"" as used by Shakespeare in Hen. VI. 2. I,
has the same meaning as in Chaucer's Tr. and Cress. III. v.
240. So with overcome, meaning overcast, and Child Rowland
(K. Lear III) meaning prince; as in Tale of Gamelyn, 225].
. . . . . . . . . . .
[pp. 184
n., 185 n.] [A long note on the use of “fere"" by Chaucer.]
. . . . . . . . . . .
[p. 282]
In Troilus and Cressida. Act I.
""They say he is a very MAN PER SE
And stands alone.""
As plausible as this reading appears, it seems to me originally
to come from the corrector of the press. For our poet I
imagine made use of Chaucer's expression, from whom he
borrowed so many circumstances in this play.  ...
""O faire Creseide the floure and A PER SE
[p. 233]
Of Troie and Greece."" [Test, of Creseide, v. 78.]
Douglas in his preface calls Virgil, The A PER SE, i. e. as the
glossary explains it, an extraordinary or incomparable person,
like the letter A by itself...I would therefore thus read
in Shakespeare,
""They say he is a very A PER SE
And stands alone.”
[Notes,
[Errors in transcription in old writers.] In the Legende of
p. 408]
Hypsipyle and Medæa, l. 308,
""And of thy tongue the infynite graciousnesse?""
Can it be doubted then that Chaucer wrote yfained or
ifained, i. e. feigned, dissembled...? There is another
blunder... in line 381 of the Prologue,
""And pouder Marchant, tarte and galingale,""
[p. 404] I would read
""And purveigh Manchet,""
i. e. They had a cook with them whose business 'twas to boil,
&c., and to provide Manchet, &c.",[The phrases in italics are in black letter in the original.],"criticism,influence,",en
part1_p398_a1,Vol.1,Part I,p398,1748.,1748,high,"Walpole, Horace.",high,"Walpole, Horace.",male,,"Letter to George Montagu,","Strawberry Hill, Aug. 11, 1748. (Letters of Horace Walpole, ed. Mrs. Paget Toynbee, 1903, vol. ii, p. 330.)","... In this search [for his possible descent from the house
of Vere] I have crossed upon another descent, which I am
taking great pains to verify (I don’t mean a pun), and that is
a probability of my being descended from Chaucer, whose
daughter, the Lady Alice, before her espousals with Thomas
Montacute, Earl of Salisbury, and afterwards with William
de la Pole, the great Duke of Suffolk... was married to a
Sir John Philips, who I hope to find was of Picton Castle,
and had children by her; but I have not yet brought these
matters to a consistency; Mr. Chute is persuaded I shall, for
he says anybody with two or three hundred years of pedi¬
gree may find themselves descended from whom they please;
and thank my stars and my good cousin the present Sir J.
Philipps, I have sufficient pedigree to work upon...
Yours ever,
Chaucerides.","[Alice Chaucer was the daughter of Thomas Chaucer, who was probably the poet's son. See D. N. B. She had no children by her first husband, Sir John Philip.]",,en
part1_p398_a2,Vol.1,Part I,p398-399,1749.,1749,high,"Ames, Joseph.",high,Joseph Ames,male,12411440,"Typographical Antiquities,","Preface [p. 3] sign. a 4, pp. 54-58, 60-62, 66, 127-8, 130, 141, 149, 210, 221-2, 263, 296, 404.","to face sign. b 1. Specimen of Caxton's printing of Boethius.
[See above, p. 58.]
pp. 54-8. Extracts from Canterbury Tales and Boethius
by Caxton. [See above, pp. 58-9, 61-3.]
pp. 60-2. Book of Fame, &c., by Caxton. [See above,
p. 61.]
p. 66. Werk of Sapience. [See above, pp. 16, 17.]
pp. 127-8, 130. Pynson's edns. of Chaucer. [See above,
pp. 64, 75, 76.]
p. 141. Godfray's edn. [See above, p. 78.]
pp. 148-9. Rastell’s Terence in Englysh. [See above, p. 73.]
p. 210. Thos. Petit's Chaucer.
p. 221. Robt. Toy's edn. 1546. [See above, p. 86.]
p. 263. Richd. Kele’s edn.
p. 296. John Kingston's edn. 1561. [See above, p. 96.]
p. 404. Robert Robertson’s The northern mother's blessing,
1597. “Written nine years before the death of G. Chaucer.""
[See above, p. 144.]","[For additions in Herbert's 2nd edn. of Ames, see below, 1785, p. 477, 1786, p. 483, and 1790, p. 491, and for Dibdin's 3rd edn., 1810.]","bibliography,,",en
part1_p399_a1,Vol.1,Part I,p399,1749.,1749,high,"B., C.",high,Unknown,,,Note,"[to verses entitled] To the Memory of Mr. Pope, occasioned by reading the Monody wrote by Mr. Mason [in] The Gentleman’s Magazine, vol. xix, 1749, p. 468.","Tho' the works of Chaucer, and Spencer, do justly entitle
them to a place among poets of a distinguished rank, yet is i
for their language, or their sentiments, that we admire them?
If for the latter, which is most assuredly the case, what has
any poet of these days to do with the former?... Those
authors, at the time they wrote, appeared in all the pomp and
splendor of poetry, that the language of the times would admit
of; which then, perhaps, seemed as well suited to the main¬
tenance of their genius as did the ruff of Queen Elizabeth
to that of her person.
–Sed tempora (& lingua) mutantur.—
Instead therefore of thus meanly borrowing their dress, it
would be but justice to them, and to posterity, if we generously
lent them our own. Who can read those embellished tales of
Chaucer, and the no less improved satires of Dr. Donne with¬
out admiring the piety, as well as the poetry of him, who
has rescued from oblivion, what must else have perished in
the ruins of an antiquated style, and given them immortality
by a language, which we trust will never die?
Nottinghamshire.
C.B.",,"modernizations,general,praisedDefended/modernizations,particular,pope",en
part1_p400_a1,Vol.1,Part I,p400,1749.,1749,high,"C., J.",high,Unknown,,,Verses,"[in] The Gentleman's Magazine. See below, App. A.",,,,en
part1_p400_a2,Vol.1,Part I,p400,1749.,1749,high,"Newton, Thomas.",high,Thomas Newton,male,120785893,Paradise Lost... by... John Milton ... with Notes. ...,"vol. i, pp. 60, 71, 340; vol. ii, p. 397.","[All
references to words or expressions used by Chaucer.]",,,en
part1_p400_a3,Vol.1,Part I,p400,1749.,1749,high,"Potter, [Robert].",high,Robert Potter,male,285296479,"A Farewell Hymne to the Country, attempted in the manner of Spenser's Epithalamion,","pp. 15, 16.","Oft too thy hallow'd Sonnes enthroned hie,
O peerlesse Poesie!
Sounding great Thoughts my raptur'd Mind delight;
He first, the glorious Child of Libertie,
Mœonian MILTON, beaming heav’nly bright,
He who full fetously the Tale ytold,
And he above the Pride of Greatness Great,
The Kentish TITYRUS old;
Sweet COWLEY : . . .
[In the 2nd ed. of 1750 the reference to Chaucer (i.e.
Tityrus) is identical; but there is also a list of contents to
face the title page, with the following words :] Leisure¬
philosophic-poetic-Praise of Milton–of Chaucer.",,,en
part1_p400_a4,Vol.1,Part I,p400,1749,1749,high,Unknown.,high,Unknown,,,"[Description of a sandal,","in] Explanation of the Fiqures on the half-sheet Plate [in] The Gentleman’s Magazine, vol. xix, May, 1749, p. 203.","Fig. VIII. The form of a woman’s sandal, found in digging
peat at Amcott's moor, in Lincolnshire... A very particular
account of the discovery is given in the Philos. Trans., No.
484, just published. [See above, 1747, Vertue, George, p. 394.]
... Chaucer mentions long piked men’s shoes, ty'd up at the
knee by strings, or silver chains...",,,en
part1_p400_a5,Vol.1,Part I,p400,[1749.,[1749,high,"Warton, Thomas.]",medium,Thomas Warton,male,44371601,"The Triumph of Isis. A Poem, Occasioned by Isis, an Elegy.","London, printed for W. Owen, at Homer's Head near Temple Bar, p. 12, sign. B. 2 b. (The Triumph of Isis, [in] The Cabinet of Poetry, 1808, vol. vi, p. 326.)","Ev'n now confest to my adoring eyes,
In awful ranks thy [Oxford’s] sacred sons arise:
With ev’ry various flow'r thy temples wreath’d,
That in thy gardens green its fragrance breath'd.
Tuning to knightly tale his British reeds,
Thy crowding Bards immortal CHAUCER leads:
His hoary head o’erlooks the gazing choir,
And beams on all around cælestial fire.",,,en
part1_p401_a1,Vol.1,Part I,p401,1750.,1750,high,"Jackson, A[ndrew.]",medium,"Jackson, A[ndrew.]",male,,"Matrimonial Scenes; consisting of the Seaman's Tale, the Manciple's Tale, the Character of the Wife at [sic] Bath, the Tale of the Wife of Bath and her Five Husbands–all modernized from Chaucer.",,"The first refiner of our native lays
Chaunted these tales in Second Richard's days;
Time grudg'd his vit, and on his language fed,
We rescue but the living from the dead;
And what was sterling verse so long ago
Is here new coined to make it current now.","[The above title and verse are quoted in a note by John Nichols, in his Literary Anecdotes of the 18th century, vol. iii, 1812, pp. 625-6 note. The author, Andrew Jackson, was, says Nichols, well known to many dealers in old books and black letter, and kept a shop for more than 40 years in Clare Court, Drury Lane. In 1740 he published the first book of Paradise Lost in rhyme. In 1751, in conjunction with Charles Marsh, he republished, as Shakespeare’s, a “Briefe conceipte touching the Commonweale of this Realme of England; originally printed in 1581."" He issued Book Catalogues (in rhyme) 1756, 57, 59. He died July 25, 1778. There is no copy of this book in either the B. M. or the Bodleian Library.]","modernizations,particular,jackson",en
part1_p401_a2,Vol.1,Part I,p401,[c. 1750?],[c. 1750?],low,"Johnson, Samuel.",high,"Johnson, Samuel.",male,,Extract from a catalogue,"of publications projected by Johnson at different periods; [printed in] Sir John Hawkins’ Life of Johnson, 1787, p. 82. (This is given also by Boswell, in his Life of Johnson 1799 (vol. iv, p. 405), who adds ""From the Catalogue of intended works presented by Johnson to Mr. [Bennet] Langton, and by him to the King."" See also Essays Biographical... illustrative of the Rambler... by Nathan Drake, 1809 (q.v. below), vol. i, pp. 159, 160. (Boswell’s Johnson, ed. G. Birkbeck Hill, vol. iv, 1887, p. 381.)","Chaucer, a new edition of him, from manuscripts and old
editions, with various readings, conjectures, remarks on his
language, and the changes it had undergone from the earliest
times to his age, and from his to the present: with notes
explanatory of customs, &c., and references to Boccace, and
other authours from whom he has borrowed, with an account
of the liberties he has taken in telling the stories; his life,
and an exact etymological glossary.",,,en
part1_p401_a3,Vol.1,Part I,p401-402,1750.,1750,high,Unknown.,high,Unknown,,,A Panegyrick on the Ladies.,"Being Chaucer's Recantation for ¹ The blind eat many a fly. As it is sung at the Spring Gardens, Vaux Hall, with great applause, [in] The Student, or the Oxford and Cambridge Monthly Miscellany, vol. i, no. vi, June 30, 1750, p. 230.","Recitative
Old Chaucer once to this re-ecchoing [sic] grove
Sung “of the sweet bewitching tricks of love"";
But soon he found, he’d sullied his renown,
And arm’d each charming hearer with a frown;
¹ [Footnote, p. 230.] A song moderniz’d from the old English of Chaucer.
Then self-condemn'd anew his lyre he strung,
And in repentant strains this recantation sung .
Air
I
Long since unto her native sky
Fled heav'n-descended Constancy;
Nought now that's stable's to be had,
The world's grown mutable and mad:
Save WOMEN-They, we must confess,
Are miracles of stedfastness,
And every witty, pretty dame
Bears for her motto-Still the same.
[3 more Stanzas, and Chorus.]","[The above poem was reprinted in The London Magazine , August, 1750 , p. 376.]",,en
part1_p402_a1,Vol.1,Part I,p402,[c. 1750.],[c. 1750],low,Unknown.,high,Unknown,,,"Verses [in] Holkham MS. 667, Canterbury Tales,",imperfect. In the blank 2nd column of fol. 42 (which has its back blank too) is written in an 18th century text hand:,"Poetes haue licence, tis no matter what they write
be it good or bad for both they doe recite
Old Chaucer here hath kept as even a straine
twixt good and bad that alle comend his vaine.",,,en
part1_p319_a1,Vol.1,Part I,p319,1711.,1711,high,Unknown (?).,low,Unknown,,,"Preface to Expostulatoria,","by Thomas Ken, Bishop of Bath and Wells, sign. A 4 b.","Take his [Bishop Ken’s] Character from the following
Lines, in which Mr. Dryden has very accurately and justly
drawn his Picture.
[Here follows Dryden’s version of Chaucer's character of a
Good Parson.]",,,en
part1_p362_a2,Vol.1,Part I,p362,1722.,1722,high,"[De la Roche, Michel? editor.]",medium,"[De la Roche, Michel? editor.]",male,37809284,"Memoirs of Literature,","containing a large account of many valuable books... &c. 2nd edn., 1722, vol. iv, Art. 70, p. 422.","[The writer is reviewing “De Literis Inventis Libri Sex,""
by William Nicols, 1711 (see above, p. 317), and says] Mr.
Nicols having observed, That our Modern Languages are liable
to great Alterations, is afraid the Works of the best English
Poets will not be very lasting, and that their Fate in Future
Ages will be the same with that of Chaucer in our Days.
Nulla diu vivent quæ  vulgi condita lingua
. . . . . . . . . .
Eloquio condas, secula cuncta legent.
Mr. Waller expresses himself to the same Purpose in the
following Verses.","[Here follow Waller's verses without the Chaucer reference. See above, 1668, p. 244.]",,en
part1_p375_a2,Vol.1,Part I,p375,1733.,1733,high,"Grosvenor, —.",high,"Grosvenor, —.",male,,{Untitled}.,"See below, App. A.",,,,en
part1_p378_a2,Vol.1,Part I,p378,1737.,1737,high,Unknown.,high,Unknown,,,"Amatory Poetry selected from Chaucer, Lidgate, Skelton, Surrey, Wyatt Nash, Daniel, etc.",,,[Not in B. M. or Bodl. Known from a dealer's list.],,en
part1_p310_a1,Vol. 1,Part I,p310,1709.,1709,high,"Hearne, Thomas.",high,Thomas Hearne,male,29543710,"Letter to Robert Harley, after Earl of Oxford, May 28, 1709.","MSS. Marquis of Bath, Longleat [in Report iii of Roy. Comm. Hist. MSS., p. 198, col. i, 1872].","[This letter (which is not printed in the Hist. MSS.) con¬
cerns the various edns. and copies of Chaucer’s poems. MSS.
Cod. Fairfax, 16; Cod. Hatton, 1, and Selden MS. B. 30 are
cited.]",,,en
