ID,Volume,Part,Page,Date,Date_cleaned,Date_certainty,Author,Author_certainty,Author_Wkdt,sex or gender,VIAF cluster ID,Title,Imprint,Quotation,Headnote,Index_category,language
part4_p100_a1,Vol.3,Part IV,p100,1794.,1794,high,"[Mathias, Thomas James.]",medium,Thomas James Mathias,male,44371590,"The Pursuits of Literature,",pp. 28-9 n.,['Gibbe our cat.'],"[For other references in the Pursuits of Literature, see above, 1794, pt. i, p. 495, and below, 1797 and 1800.]",,en
part4_p100_a2,Vol.3,Part IV,p100,1794.,1794,high,"P., B.",low,Unknown,,,"Local Expression,","[in] The Gentleman's Magazine, Feb., vol. lxiv, p. 110.",['Nesh.'],,,en
part4_p100_a3,Vol.3,Part IV,p100,1794.,1794,high,"Tooke, John Horne.",high,John Horne Tooke,male,290080297,,"[When in the Tower Tooke had a Chaucer, which he used for notes and minutes. The copy afterwards belonged to Samuel Rogers. See Crabb Robinson’s Diary, 1840, ed. 1869, vol. iii, p. 187.]",,,,N/A
part4_p100_a4,Vol.3,Part IV,p100,1794.,1794,high,Unknown.,low,Unknown,,,"Gualtherus and Griselda,","[modernised version of part of the Clerkes Tale, in] Angelica’s Ladies' Library, pp. 73-104.",,,"modernizations,particular,anonymous/works,canterburyTales,clerkTale",N/A
part4_p100_a5,Vol.3,Part IV,p100,1795.,1795,high,"Z., K.; Unknown; and Sciolus.",high,"Z., K.; Unknown; and Sciolus.",male,,"Articles, etc.,","[in] The Gentle man's Magazine, April, June, Sept., vol. lxv, pp. 282, 495, 728.","[Brief reference; Review of Lipscomb’s Canterbury Tales;
the marriage service in Chaucer.]",,,en
part4_p100_a6,Vol.3,Part IV,p100-101,1795.,1795,high,"Southey, Robert.",high,Robert Southey,male,61576896,"Dunnington-Castle,","a sonnet, [in] Poems: by Robert Lovell and Robert Southey, Bath, p. 61.","Thou ruin'd relique of the ancient pile,
Rear'd by that hoary bard, whose tuneful lyre
First breath’d the voice of music on our isle;
Where, warn’d in life's calm evening to retire,
Old Chaucer slowly sunk at last to night,
Still shall his forceful line, his varied strain,
A firmer, nobler monument remain,
When the high grass waves o’er thy lovely site;
And yet the cankering tooth of envious age
Has sapp'd the fabric of his lofty rhyme;
Though genius still shall ponder o’er the page,
And piercing through the shadowy mist of time,
The festive Bard of Edward’s court recall,
As fancy paints the pomp that once adorn’d thy wall.",,,en
part4_p101_a1,Vol.3,Part IV,p101,[1796?],[1796?],low,"Southey, Robert.",high,Robert Southey,male,61576896,"Essay on the Poetry of Spain and Portugal,","[in] Letters written... in Spain and Portugal, Bristol, 1797, pp. 121, 122.","Chaucer frequently spared himself the trouble of invention,
and adopted the allegories of the Provençal school, and the
licentious humour or the dignified romance of Boccaccio.",,,en
part4_p101_a2,Vol.3,Part IV,p101,1796.,1796,high,Unknown.,low,Unknown,,,"Review of Poems by Minot,","[in] The Gentleman's Magazine, Jan., vol. lxvi, p. 49.",[Tyrwhitt’s discovery of Minot.],,,en
part4_p101_a3,Vol.3,Part IV,p101,1797.,1797,high,"J., J. H.",low,Unknown,,,"Letter on Donnington Castle,","[with a plate, in] The Gentleman’s Magazine, March, vol. lxvii, p. 185.",,,,N/A
part4_p101_a4,Vol.3,Part IV,p101,1797.,1797,high,"[Mathias, Thomas James.]",medium,Thomas James Mathias,male,44371590,"The Pursuits of Literature,","pt. iv, p. 48 n.","What old Chaucer says of poetry,
Tis every dele
A rock of ice and not of steel.","[See also above, 1794, pt. i, p. 495, and App. A, 1794, and below, 1800.]",,en
part4_p101_a5,Vol.3,Part IV,p101,1798.,1798,high,"D'Israeli, Isaac.",high,Isaac D'Israeli,male,37165645,"Curiosities of Literature,","4th edn., 2 vols., 1798; vol. i, p. 479; vol. ii, p. 40. (14th edn., 3 vols., 1849, vol. i. pp. 248, 363.)","[vol. i,
Anecdotes of Fashion.
p. 479]
[Chaucer on prelates' dress quoted.]
[vol. ii,
[This section is headed as follows :]
A Literary Wife.
p. 40]
Marriage is such a rabble rout
That those that are out, would fain get in;
And those that are in, would fain get out.
Chaucer.",,,en
part4_p102_a1,Vol.3,Part IV,p102,1798.,1798,high,Unknown; and Wiccamicus.,high,Unknown; and Wiccamicus.,male,,"Review and Letter,","[in] The Gentleman’s Magazine, Oct., vol. lxviii, pp. 862-4, 38-9","[Saxon words in Chaucer; modernizations, etc.]",,,en
part4_p102_a2,Vol.3,Part IV,p102,1799.,1799,high,"Gilpin, John; An Architect, and Unknown.",high,"Gilpin, John; An Architect, and Unknown.",male,,"Articles, etc.,","[in] The Gentleman's Magazine, March, Aug., Dec., vol. lxix, pp. 180, 670, 1040.",[Brief reference; Chaucer's tomb; Donnington.],,,en
part4_p102_a3,Vol.3,Part IV,p102,1800.,1800,high,"Brydges, Sir Samuel Egerton.",high,"Sir Samuel Egerton Brydges, 1st Bt.",male,27405359,"Preface to Phillips’ Theatrum Poetarum,","pp. xlvii-viii, lvi, lix.",[Chaucer’s innate superiority to his contemporaries.],,,en
part4_p102_a4,Vol.3,Part IV,p102,1800.,1800,high,"Fox, Charles James.",high,Charles James Fox,male,39462521,"Letter to Charles Grey,","[dated] Friday [no month] 1800, [in] Memorials of C. J. Fox, 1854, vol. iii, pp. 310-11.","In defence of my opinion about the nightingales, I find
Chaucer, who of all poets seems to have been fondest of the
singing of birds, calls it a merry note.",,"criticism,qualities,loveNature",en
part4_p102_a5,Vol.3,Part IV,p102,1800.,1800,high,"[Mathias, Thomas James.]",medium,Thomas James Mathias,male,44371590,The Pursuits of Literature.,"[This note is dated Nov. 1800 in the collected edn. of 1812 (p. 359); it is here quoted from the 11th edn., 1801, pp. 441-2.","[Quotation from the Hous of Fame.]
[For other extracts from The Pursuits of Literature, see above, pt. i, 1794, p. 495,
and App. A, 1794 and 1797.]",,,en
part4_p102_a6,Vol.3,Part IV,p102,1800.,1800,high,Unknown.,low,Unknown,,,"Letter,","[in] The Gentleman's Magazine, April, vol. lxx, p. 336.","[Quotation from Antient Scottish Poems; Gower preferred
to Chaucer in their own time.]",,,en
part4_p102_a7,Vol.3,Part IV,p102,1800.,1800,high,"Wordsworth, William.",high,William Wordsworth,male,35723133,"Lyrical Ballads, with other Poems,","preface, p. xii n. (Prose Works, ed. W. Knight, 2 vols., 1896, vol. i, p. 49 n.)","It is worth while here to observe, that the affecting parts
of Chaucer are almost always expressed in language pure
and universally intelligible to this day.—W. W., 1800.",[This preface did not appear in the first edition of 1798.],"criticism,language,refiningEnglish",en
part4_p102_a8,Vol.3,Part IV,p102,1803.,1803,high,"Leyden, John.",high,John Leyden,male,54362232,"Scenes of Infancy,","pt. ii. pp. 45-6; notes, pp. 165, 176.",[Chaucer and the daisy.],,,en
part4_p103_a1,Vol.3,Part IV,p103,1807.,1807,high,"Beloe, William.",high,William Beloe,male,32777686,"Anecdotes of Literature,","vol. ii, pp. 367-8. [For vol. vi, see above, pt. ii.]","[The Knightes Tale and Troilus based on Boccaccio's
Teseide and Filostrato; Chaucer the inventor of the rhyme¬
royal stanza.]",,,en
part4_p103_a2,Vol.3,Part IV,p103,1809.,1809,high,"Dibdin, Thomas Frognall.",high,Thomas Frognall Dibdin,male,71478954,"The Bibliomania,",p. 52 n.,[Pynson’s Chaucer sold at Dr. Askew’s sale.],"[There are many new allusions in the greatly enlarged edition of 1811, q.v. below.]","bibliography,,",en
part4_p103_a3,Vol.3,Part IV,p103,1810.,1810,high,"Scott, Sir Walter.",high,Walter Scott,male,95207079,"The Lady of the Lake,",p. 196 n.,"[Quotation from “The Coke’s Tale of Gamlyn, ascribed to
Chaucer.”]",,,en
part4_p103_a4,Vol.3,Part IV,p103,1811.,1811,high,"Dibdin, Thomas Frognall.",high,Thomas Frognall Dibdin,male,71478954,"Bibliomania,","Motto to pt. 1, pp. 153 n., 157 n., 244 n., 256 n., 319, 507 n., 515 n., 569 n., 594 n.","[The note on p. 515 is the only allusion in the small first
edn. of 1809 (q.v. above, App. A.); the other allusions
appear here for the first time and are reprinted in the 3rd
edn. of 1842, with the addition of two in the account of
Baron Bolland’s books in the First Supplement. Most are
unimportant; that on p. 319 is a laudation of William
Thynne for his love for and work on Chaucer.]",,"bibliography,,",en
part4_p103_a5,Vol.3,Part IV,p103-104,[1811.],[1811],medium,"Landor, Walter Savage.",high,Walter Savage Landor,male,46796707,"Commentary on Memoirs of Mr. Fox,","lately written [by J. B. Trotter], 1812 [actually in 1811], ed. S. Wheeler, 1907, pp. 211-12, 215.","[p.211] ""He entertained a sincere veneration for Chaucer."" He
entertained a sincere veneration for so many, that we have
reason to suppose he had little discrimination.  ... Chaucer
[p. 212] is indeed an admirable poet; until the time of Shakespeare
none equalled him; and perhaps none after, till ours. The
truth of his delineations, his humour, his simplicity, his
tenderness, how different from the distorted images and
gorgeous languor of Spenser! The language, too, of Chaucer
was the language of his day, the language of those English¬
men who conquered France; that of Spenser is a strange
uncouth compound of words.  ...
[p. 215] In Chaucer ... we recognize the strong homely strokes,
the broad and negligent facility, of a great master. Within
his time and Shakespeare’s, there was nothing comparable,
nor, I think, between Shakespeare and Burns, a poet who
much resembles him in a knowledge of nature and manners.","[The unique copy of the original edn. of 1812 belongs to Lord Crowe. See above, pt. ii, sect. i, p. 56, 1811, Trotter; also above, App. A., 1800, Fox.]","criticism,qualities,facility/criticism,comparisons,spenser",en
part4_p104_a1,Vol.3,Part IV,p104,1812.,1812,high,P.,low,Unknown,,,"Tabard Inn,","[with plate, in] The Gentleman's Magazine, Sept. 1812, vol. lxxxii, p. 217.","[The inn, the inscription over the gateway, etc.] Till lately
there was some ancient tapestry in the house representing a
procession to Canterbury. A well-painted sign by Mr. Blake
[? a copy of the Canterbury Pilgrims] represents Chaucer
and his merry company setting out...",,"illustrations,blake,",en
part4_p104_a2,Vol.3,Part IV,p104,1813.,1813,high,"Scott, Sir Walter.",high,Walter Scott,male,95207079,The Bridal of Triermain.,,"Motto on title page.
An elf-quene wol I love I wis
[and five following lines.]
Rime of Sir Thopas.",,,en
part4_p104_a3,Vol.3,Part IV,p104,1815.,1815,high,"Scott, Sir Walter.",high,Walter Scott,male,95207079,"The Antiquary,",chap. xvi.,"Ah! you have looked on the face of the grisly god of
arms, then?–you are acquainted with the frowns of Mars
armipotent?",,,en
part4_p104_a4,Vol.3,Part IV,p104,1819.,1819,high,"Keats, John.",high,John Keats,male,66508882,The Eve of Saint Mark.,"[Composed early in 1819, and published posthumously.] (Works, ed. E. de Sélincourt, 2nd ed., 1907, pp. 243.)","[The following lines, supposed to introduce the mediæval
legend of St. Mark, are clearly imitated from Chaucer:]
—Als writith he of swevenis
Men han beforne they wake in bliss...
And how a litling child mote be
A saint er its nativitie...
He writith; and thinges many mo
Of swiche thinges I may not show
Bot I must tellen veritie
Somdel of Sainte Cicilie,
And chieflie what he auctorethe
Of Sainte Markis life and dethe...",,"imitations,particularImitators,keats",en
part4_p105_a1,Vol.3,Part IV,p105,1821.,1821,high,"Southey, Robert.",high,Robert Southey,male,61576896,"The Vision of Judgment,",p. 33.,"Thee too, Father Chaucer! I saw, and delighted to see thee,
At whose well undefiled I drank in my youth and was
With whose mind immortal so oft I have communed, par¬
strengthen’d;
All its manifold moods, and willingly moved at its pleasure.
taking",,,en
part4_p105_a2,Vol.3,Part IV,p105,1823.,1823,high,"Hunt, James Henry Leigh.",high,Leigh Hunt,male,54166412,The First Canto of the Squire’s Tale.,,"[This is stated above (pt. ii, sect. i, p. 144) to have been
reprinted in 1855. But that reprint is of Hunt’s second
version, first published in Chaucer Modernised, 1841.]",,"modernizations,particular,hunt",en
part4_p105_a3,Vol.3,Part IV,p105,1823.,1823,high,"Markham, Mrs. [ps., i. e. Elizabeth Penrose.]",medium,Elizabeth Penrose,female,43295800,"A History of England, for the Use of Young Persons,","conversation on chap. xix, pp. 174-5 (edn. 1853).","[Chaucer the father of English poetry; this is enlarged
upon, and a few lines (""the busy lark, the messenger of
day,” etc.) quoted and obsolete words explained.]","[Professor Skeat (A Student's Pastime, 1896, pp. xiii-xiv) stated that Mrs. Mark ham's History of England was one of his lesson-books as a child [c. 1845], and that this passage first turned his attention to old English.]",,en
part4_p105_a4,Vol.3,Part IV,p105,[1825.],[1825],medium,"[Keble, John.]",medium,John Keble,male,64093032,"Review [of] The Star in the East,","by Josiah Conder, 1824, [in] The Quarterly Review, June 1825, vol. xxxii, pp. 224-5. [Reprinted, as Sacred Poetry, in Occasional Papers and Reviews by John Keble, 1877, pp. 97-8.]","[p.97] In all ages of our literary history it seems to have been
considered almost as an essential part of a poet's duty to
give up some pages to Scriptural story, or to the praise of
his Maker, how remote soever from anything like religion
the general strain of his writings might be. Witness the
"" Lamentation of Mary Magdalene"" in the works of Chaucer,
[p. 98] and the beautiful legend of “Hew of Lincoln,"" which he has
inserted in the “Canterbury Tales""...",,,en
part4_p105_a5,Vol.3,Part IV,p105,1826.,1826,high,"Cooper, James Fenimore.",high,James Fenimore Cooper,male,27062769,"The Last of the Mohicans,",p. 30.,"The most confirmed gait that he could establish was a
Canterbury gallop with the hind legs.",,,en
part4_p105_a6,Vol.3,Part IV,p105-106,1830.,1830,high,"Cunningham, Allan.",high,Allan Cunningham,male,79253486,"The Lives of the Most Eminent British Painters, Sculptors and Architects,","6 vols., vol. ii, pp. 161-2, 165, 172.","[p.162] The picture [Blake’s Canterbury Pilgrims] is a failure.
Blake was too great a visionary for dealing with such literal
wantons as the Wife of Bath and her jolly companions.
... He gives grossness of body for grossness of mind.",,"illustrations,blake,",en
part4_p106_a1,Vol.3,Part IV,p106,[a. 1834.],[a. 1834],low,"Stothard, Thomas.",high,Thomas Stothard,male,27071936,"Paintings, etc., illustrating Chaucer.",,"[Stothard not only painted the celebrated picture of the
Canterbury Pilgrims, q. v. above, pt. ii, sect. i, 1808, and
Carey, pt. ii, sect. i, p. 35, etc.; at his sale in 1834 three
pictures from Chaucer were sold, and at Samuel Rogers’s
sale in 1856“The Canterbury Pilgrims"" and engravings and
drawings of it, and also another picture, probably one of
those sold in 1834, appear. See Rogers’s Catalogue, pp. 64,
97-8, 103, 115, 181 and 195; and Mrs. Bray's Life of Thomas
Stothard, 1851, pp. 241, 243. He also painted a picture
of the Cock and the Fox. See above, 1836, pt. ii, sect. i,
p. 203.]",,"illustrations,stothard,",en
part4_p106_a2,Vol.3,Part IV,p106,1843.,1843,high,"[Chambers, Robert ?]",low,Robert Chambers,male,61590299,"Chaucer, [in the] Cyclopœdia of English. Literature...","edited by Robert Chambers, Edinburgh, 1844 [preface dated 1843], 2 vols., vol. i, pp. 12-23.","[An account of Chaucer, followed by select passages.
Chaucer the founder of literary English; a man of the
world ; his life (including the exile, etc.); his works, a brief
account of some of the minor works, including some suppo¬
sititious pieces, e. g. The Testament of Love and The Court
of Love; a longer account of the scheme of The Canterbury
Tales. An extract is given from the Proloque, in original
spelling; this is followed by other extracts, mainly from the
Canterbury Tales, in Cowden Clarke’s and other modernized
forms. Illustrated with woodcuts of Chaucer, of his tomb,
and of the Tabard Inn.]",,"biography,general-accounts,english",en
part4_p106_a3,Vol.3,Part IV,p106,1848.,1848,high,"Gaskell, Elizabeth Cleghorn, Mrs.",high,Elizabeth Gaskell,female,39377536,"Mary Barton,","2 vols., vol. i, pp. 70, 80, 96, 127, 157, 211.","[Foot-notes pointing out the survival of Chaucerian words
in Lancashire.]",,"criticism,language,dialects",en
part4_p106_a4,Vol.3,Part IV,p106,[c. 1857-8.],[c. 1857-8],low,"Hunt, James Henry Leigh.",high,Leigh Hunt,male,54166412,"An Essay on the Sonnet,","[in] The Book of the Sonnet, 1867.",,"[This is entered above, pt. ii, sect. ii, p. 22, as [c. 1855]. In the Examiner, 18 May, 1867, it is stated that Hunt finished his part of this work ""a year or two before his death,"" which happened in 1859. The date should therefore read as here given.]",,N/A
part4_p107_a2,Vol.3,Part IV,p107,1577.,1577,high,"Grange, John.",high,John Grange,male,49571001,"The Golden Aphroditis,",conclusion to pt. i.,"[sig.
N 2 b]
If I had Virgilles vayne to indite, or Homers quill, Terence
his familiar kinde of talke, or Chaucers vayne in wryting,
yea, if I were as eloquent as Cicero himself...",,,en
part4_p107_a3,Vol.3,Part IV,p107,1583.,1583,high,"Melbancke, Brian.",high,Brian Melbancke,male,68814989,Philotimus.,,"[sig.
[a]4 b]
If I haue vsed any rare and obsolete words, they are
eyther such as the Coryphees of our English writers, Chaucer
and Lidgate, haue vsed before me, and now are decayed for
want of practice: or else such as by an apt translation out
of the Greekes and Latins... are fitly contriued into our
English language.
[p. 55
(53)]
Fye pleasure, fye, thou cloyest me with delyghte. Nowe
Priams son giue place, thy helens hue is stainde, O Troylus
weepe no more, faire Cressid thyne is lothlye fowle...",[This passage seems to be an imperfect quotation from a poem.],"criticism,language,obsoleteRude/works,otherSeparateWorks,troilus",en
part4_p107_a4,Vol.3,Part IV,p107,1586.,1586,high,"Vulcanius, Bonaventura.",high,Bonaventura Vulcanius,male,77391,"Verses prefixed to A Choice of Emblemes, by Geoffrey Whitney;","imprinted at Leyden, in the house of Christopher Plantyn, by Francis Raphelengius.","[sig. ***1a] Vna duos genuit Galfridos Anglia, Vates
Nomine, Phœbæo numine, & arte pares,
Vnum, Fama suæ patriæ indigitauit Homerum,
Anglicus hic meritò dicitur Hesiodus.
Ac veluti dubiis quondam victoria pennis
Inter Mæoniden Hesiodumque stetit:
Sic, quibus exultat modò læta Britannia alumnis,
Galfridos palma est inter, in ambiguo.
Chauceri versant dudum aurea scripta Britanni:
Aurea Whitnæus sed sua pressit adhuc...
Digitized by Google
UNIVERSITY OF MICHIGAN
Original from",,"criticism,comparisons,homer",la
part4_p108_a1,Vol.3,Part IV,p108,[1596.],[1596],medium,"Shakespeare, William.",high,William Shakespeare,male,96994048,"The Merchant of Venice,","v, i, 3-6.","Troilus methinks mounted the Troyan walls,
In such a night
And sighed his soul toward the Grecian tents
Where Cressid lay that night.","[For other evidences of Shakespeare's debt to Troilus, see above, App. A, 1589 and 1608?]","works,otherSeparateWorks,troilus",en
part4_p108_a2,Vol.3,Part IV,p108,[n.a. 1603.],[n.a. 1603],low,"Elizabeth, Queen.",high,Elizabeth I of England,female,97107753,"Quotation of Reves Tale,",l. 134.,"""The grettest Clerkes been noght the wysest men.""
[Sir Walter Scott reports Queen Elizabeth's quotation of
this line to the Bishop of St. David’s in Tales of a Grandfather
(q.v. above, 1829), and alludes to it in The Monastery and in
Kenilworth (qq.v. above, 1820 and 1821). We have not
been able to identify the occasion or to verify the story,
which may be of Scott’s invention.]",,,en
part4_p108_a3,Vol.3,Part IV,p108,1615.,1615,high,"Tofte, Robert.",high,Robert Tofte,male,71428616,"The Fruits of Jealousie,","[a poem, appended to] The Blazon of Jealousie [translated by Tofte from Benedetto Varchi].","[p. 86]
Be thou a Lazer foule in sight,
To clap thy Dish as Cressid light.",,"works,otherSeparateWorks,troilus",en
part4_p108_a4,Vol.3,Part IV,p108,1621.,1621,high,"Brathwait, Richard.",high,Richard Braithwaite,male,34800407,"Omphale,",[a poem appended to] Natures Embassies.,"[p. 223]
And make thy story worse then Cressida,
Who in contempt of faith (as we do reade)
Reiected Troilus for Diomede!",,"works,otherSeparateWorks,troilus",en
part4_p108_a5,Vol.3,Part IV,p108,1662.,1662,high,"Fuller, Thomas.",high,Thomas Fuller,male,74156025,The Worthies of England.,"Warwickshire, p. 126.","He [Drayton] was born within few miles of William
Shake-speare, his Countryman and fellow-Poet, and buried
within fewer paces of Jeffry Chaucer, and Edmund Spencer.",,,en
part4_p108_a6,Vol.3,Part IV,p108,1708.,1708,high,Unknown.,low,Unknown,,,"Inscription on the tomb of John Phillips,","in Westminster Abbey, next to Chaucer's.",". . . . .
Auso licèt a Tuâ Metrorum Lege discedere,
Fas sit Huic
O Poesis Anglicanæ Pater atque Conditor, CHAUCERE,
Vatum certé Cineres Tuos undique stipantium
Alterum Tibi latus * claudere.
* i.e. the south side, the north being occupied by Cowley.
Non dedecebit Chorum.",,,en
part4_p109_a1,Vol.3,Part IV,p109,1728.,1728,high,"Sterling, James.",high,James Sterling,male,49660675,"The Life of Musœus,",[in his version of] The Loves of Hero and Leander.,"[p. 8] Posterity (the most candid Judge of merit) often carries
its Veneration for great Men, to the minutest Circum¬
stances relating to them. The spot where our old Chaucer
fram'd his Canterbury Tales, will never be forgot...",,,en
part4_p109_a2,Vol.3,Part IV,p109,1757.,1757,high,"Thompson, William.",high,William Thompson,male,27926279,"Preface to An Hymn to May,","[in] Poems on Several Occasions, Oxford, 1757.","[sig.
The most descriptive of our old poets have always used it
U 2b]
[a seven-line stanza, ab ab ccc, ending with an alexandrine]
from Chaucer down to Fairfax, and even long after him.",,"criticism,verse,stanza",en
part4_p109_a3,Vol.3,Part IV,p109,[c. 1787.],[c. 1787],low,"Frere, John Hookham.",high,John Hookham Frere,male,1141974,,"[Imitation of Chaucer made by Frere (?) while at Eton; see below, 1804, ii, 21.]",,,"imitations,particularImitators,frere",N/A
part4_p10_a1,Vol.3,Part IV,p10,[c. 1510.],[c. 1510],low,"Skelton, John.",high,John Skelton,male,29549101,"Skelton Lauriate Defend[er] Agenst M. Garnesche Challenger, et Cetera.","(Works, ed. Dyce, 1843, 2 vols., vol. i, p. 117.)","[Rollins 7.]
... your semely snowte doth passe,
Howkyd as a hawkys beke, lyke Syr Topyas.
[Sir Thopas, ll. 17-18.]
[Skelton possibly had these verses also in mind when he
later wrote of Garnesche (Works, vol. i, p. 130):
For thow hast a long snowte,
A semely nose and a stowte.]",,"works,canterburyTales,sirThopas",en
part4_p10_a2,Vol.3,Part IV,p10-11,1516.,1516,high,"Cornish, William.",high,William Cornysh the Younger,male,223822040,The Story of Troylous and Pandor [sic].,"[Unpublished. See C. W. Wallace, Evolution of the English Drama up to Shakespeare, Berlin, 1912, pp. 48, 50-2, 54.]","[Rollins 8.]
[This comedy was played by fifteen actors on Twelfth
Night, 1515/16. Cornish took the rôle of Calchas. “The
children acted the rôles of Troilus, Cressid, Diomed, Pandor
[sic], Ulysses, and others not named.... The play was a
free adaptation of the love-theme of Chaucer's Troilus and
Criseyde.... Even Chaucer’s 'Criseyda in widowes habite
blak' remained in the account of the furnishings as “Kryssyd
imparylled Iyke a wedow of onour, in blake sarsenet and
other abelements for seche mater.'"" Other borrowings
from Chaucer are also discussed by Professor Wallace.]",,"works,otherSeparateWorks,troilus",en
part4_p11_a1,Vol.3,Part IV,p11,[c. 1520.],[c. 1520],low,Unknown.,low,Unknown,,,"Here is the boke of mayd Emlyn that had .v. Husbandes and all kochaldes,","John Skot, n.d. (Ed. E. F. Rim bault, Percy Society, 1842, vol. vi, pp. 13-29.)","[p. 15]
That had husbandes fyue,
mayde Emlynne,
[Rollins 9.]
And all did neuer thryue.
[p. 16]
[Cf. ""For as an hors I coude byte and whyne.""
She coude byte and whyne.
Wife of Bath's Prologue, i, 386.]
[Rimbault, p. viii, remarks that this poem “bears some
slight resemblance"" to the Wife of Bath’s Prologue. The
resemblance is far from slight. Chaucer's poem no doubt
suggested this Mayd Emlyn. The whole tone of the two
poems is the same, although the author has greatly debased
Emlyn.]",,"works,canterburyTales,wifeBathPrologue",en
part4_p11_a2,Vol.3,Part IV,p11,1523.,1523,high,"Skelton, John.",high,John Skelton,male,29549101,"Skelton, Laureate, &c. How the Douty Duke of Albany. Luke a Cowarde Knyght, Ran Awaye Shamfully, with an Hundred Thousande Tratlande Scottes and Faint Harted Frenchmen, beside the Water of Twede, &c.","(Works, ed. A. Dyce, 1855, ii, 330.)","But hyde thé, sir Topias,
[Rollins 10.]
Nowe into the castell of Bas,
And lurke there, like an as.",,"works,canterburyTales,sirThopas",en
part4_p11_a3,Vol.3,Part IV,p11,1528.,1528,high,"Tyndale, William.",high,William Tyndale,male,87513128,"The Obedience of a Christen Man,","To the Reader, f. xx, recto. (Ed. by R. Lovett [1888], Christian Classics Series, no. v, p. 67.)","They [the ecclesiastical authorities] permitte & sofre you
to reade Robyn hode & bevise of hampton, hercules, hector
and troylus with a tousand histories & fables of love &
vantones & of rybaudry...",,"criticism,qualities,indecencyFrivolity",en
part4_p12_a1,Vol.3,Part IV,p12,1531-2.,1531-2,high,"Gaunte, William.",high,"Gaunte, William.",male,,"Will of 12 March 1531-2 (proved 16 April 1532),","[in] Lincolnshire Wills, 1500-1600, ed A. R. Maddison, 1888, p. 8.","[In this will William Gaunte, of Biddlethorpe, Lincoln¬
shire gives his son John]
Certain inglysh bokes: Legenda aurea, Crownacles,
Canterbury tales, and Iyttylton teners.
[This was perhaps a copy of one of Caxton’s editions.]",,,en
part4_p12_a2,Vol.3,Part IV,p12,[n.a. 1534.],[n.a. 1534],low,Unknown.,low,Unknown,,,The Payne and Sorowe of Euyll Maryage,"Wynkyn de Worke (Percy Society reprint, 1840).","[Rollins 12.]
[Wynkyn de Worde died In 1534.]
[st. 14]
... Salamon sayth there be thynges thre,
Shrewde wyves, rayne, and smokes blake
Make husbandes ofte theyr house to forsake.
[Possibly a reference to Wife of Bath's Prologue, ii, 278
81, but the passage in Proverbs was very often quoted.]
[st. 16]
They them rejoyce to se and to be sene,
And for to seke sondrye pylgrymages,
At greate gaderynges to walke on the grene,
And on scaffoldes to sytte on hygh stages,
If they be fayre to shewe theyr vysages.
[Possibly a reference to Wife of Bath's Prologue, ii, 555-
559.]",,,en
part4_p12_a3,Vol.3,Part IV,p12,1538.,1538,high,"Smyth, Walter.",high,Walter Smyth,male,,Will.,"(P. C. C. Wills, 8 Cromwell, 1538.)","To John More, Chauscer of Talles.","[Walter Smyth, the author ot the Twelve Merry Jests af the Widow Edith, was a member of the household ot Sir Thomas More.]",,en
part4_p12_a4,Vol.3,Part IV,p12,[a. 1542.],[a. 1542],low,"Wyatt, Sir Thomas.",high,Thomas Wyatt,male,65122662,Influence of Chaucer.,,"[The influence on Wyatt of Chaucer's verse as read in
Pynson and Thynne is very marked. See, for a detailed
examination of this, A Study of Sir Thomas Wyatt's Poems,
by A. K. Foxwell, London, 1911, chaps. vi and vii. There
are also resemblances in phrase and in word forms, see ibid.,
pp. 53-6; and one poem of Wyatt’s, 'If thou wilt mighty
be, flee from the rage' (Tottel’s Miscellany, Arber’s reprint,
1895, p. 224) is probably founded on Chaucer’s prose trans¬
lation of Boethius, though it may be translated from the
Latin original; see ibid., p. 57. For Wyatt, see above,
pt. i, p. 83.]",,"criticism,influence,",en
part4_p13_a1,Vol.3,Part IV,p13,1542.,1542,high,"Leland, John.",high,John Leland,male,14849374,"Naeniae in mortem Thomæ Viati equitis incom parabilis,",Aij recto.,"Ioannis Lelandi Antiquarii carmen ad Henricum Houar¬
dum Regnorum comitem iuuenem tum nobiliss. tum doctis,
simum.
Accipe Regnorum comes illustrissime carmen,
Quo mea Musa tuum laudauit moesta Viatum
Non expectato sublatum funere terris.
Nominis ille tui dum vixit magnus amator.
Tu modo non viuum coluisti candidus illum,
Verum etiam vita defunctum carmine tali
Collaudasti, quale suum Chaucerus auitæ
Dulce decus linguæ vel iuste agnosceret esse.",,,la
part4_p13_a2,Vol.3,Part IV,p13-19,[c. 1545.],[c. 1545],low,"Leland, John.",high,John Leland,male,14849374,"[Life of Chaucer in] Commentarii de Scriptor ibus Britannicis,","ed. A. Hall, Oxford, 1709, pp. 419-26.","Cap. DV. De Gallofrido Chaucero.
[p. 419] GALLOFRIDUS Chaucerus, nobili loco natus, & summæ spei
juvenis, Isiacas scholas tam diligenter, quam qui maxime,
celebravit: id quod ut faceret, academiæ vicinitas quodam¬
modo invitavit. Nam quibusdam argumentis adducor ut
[p. 420] credam, Isiacam vel Berochensem provinciam illius natale
solum fuisse. Hinc acutus dialecticus, hinc dulcis rhetor,
hinc lepidus poeta, hinc gravis philosophus, hinc ingeniosus
mathematicus (qua parte & à Joanne Somaeo, & Nicolao
Carmelita Linensi, viris in mathesi eruditis, quos in libro de
Sphœra nominat, instructus fuit) hinc denique sanctus
theologus evasit. Maxima equidem sum locutus; at
quisquis ejus libros curiosa manu evolverit, me bonæ
fidei præconem facile judicabit. Ingenue tamen fatebor
sic eum Isiaci studuisse, ut & alibi etiam longo studiorum
usu multa ad scientiæ cumulum adjecerit. Constat utique
illum circa postremos Richardi secundi, cui non incognitus
erat, annos in Gallia floruisse, magnamque ex assidua in
literis exercitatione gloriam sibi comparasse: tum præterea
eadem opera omnes veneres, lepores, delicias, sales, ac pos¬
tremo gratias linguæ Gallicœ tam alte coimbibisse, quam
cuiquam vix credibile. Laus ista Gallofridum in Angliam
reversum sequebatur, tanquam comes ejus virtutis individua.
Ejusmodi igitur lætus successibus forum Londinense &
collegia leguleiorum, qui ibidem patria jura interpretantur,
frequentavit, ut & ante Galliam cognitam forsitan fecerat.
Illis temporibus inter forenses clarissimus erat Joannes
Goverus, cujus vitam præscripsimus, homo venerandæ ætatis,
& qui mirum in modum Anglicæ linguæ politiei studebat.
Hic, perspecta indole & examinata Gallofridi probitate,
illum in familiarem sibi accivit, illum ulnis amplexus est,
illum etiam in honestis deliciis habuit, illum denique
tanquam numen aliquod modo non veneratus est. Ut ego
taceam, ipsemet Goverus in libro, qui titulo Amantis in¬
scribitur, abunde satis declarat, quanti suum Chaucerum
fecerit; quem accuratissime prius laudatum, eximium vocat
poetam, & sui operis quasi Aristarchum facit. Ecce tibi,
lector, pulcherrimum virtutis certamen, nam ut Goverus,
honorem parum sibi tribuens, lucubrationes, quas consum¬
maverat Gallofridi judicio modeste submisit: sic rursus
Chaucerus Amores Troili Goveri & Strodœi calculis subjecit.
Sed quis hic Strodœus fuerit, apud autorem nullum hactenus
legi. At memini interim legisse me illustria de Strodœo,
Maridunensis societatis ad Isidis Vadum alumno, in poesi
[p. 421] eruditissimo, qui & in catalogo Maridunensium postremis
Eadveardi tertii annis adscribitur. Tantum apparet ex
Gallofridi versiculis philosophiæ studiosum fuisse. Adde
huc, quod quemadmodum Chaucerus admirator simul &
sectator Goveri, ita... [stops as in text] Schoganus, cujus
sepulchrum Visimonasterii extat, vir ad omnes facetias &
sales compositus, Chauceri admirator ac imitator fuit. At
rursus, quanto discipulus Chaucerus major Govero præceptore
suo, tanto minor erat Schoganus Chaucero.
Nunc vero orationis series postulat, ut aperte doceamus
quem scopum Gallofridum studiis præfixerit. Profecto ejus
scopus unicus fuit, ut linguam Anglicam numeris omnibus
quam ornatissimam redderet, viderat enim Goverum in
eodem negotio belle processisse. Quare nullum non moven¬
dum sibi lapidem putabat, quo ad supremam felicitatis
metam perveniret. Et quoniam poesim præter cætera
semper dilexit, amavit, coluit; visum est ei vel commodis¬
simum per illum ad ipsa eloquentiæ culmina viam patefacere.
Tale etenim est poesis, ut tropos, elegantias, ornamenta,
copiam, & quicquid venerum & leporum est, non modo
admittat, verum, quod multo majus, suo quodam jure poscat.
Adde huc, quod Italos &̀ Gallos, qui plurima suis linguis terse,
nitide, ac eleganter scripserunt, in partem operis evocaverit.
Tantum est inclytos habere duces, quos sequaris. Petrarcha
circa hæc tempora in Italia claruit, cujus opera lingua ibidem
vernacula eo elegantiæ perducta est, ut cum ipsa Latina
de eloquentiæ palma contenderit. Quidam etiam Alanus
linguam Gallicam infinitis modis expoliebat. Uterque
istorum (multos alios clarissimæ notæ homines, qui eadem
fecerunt, omitto) calcar Chaucero, alioqui sua sponte satis
currenti, addidit. Bonis igitur avibus incepto operi incubuit,
nunc libellos Gallica lingua compte, ornate, diserte scriptos
in patrium sermonem transferens; nunc Latinos versus
Anglicis, sed docte, sed apte, sed canore exprimens; nunc
multa è suo capite nata, & Latinorum felicitatem æquantia,
victuris chartis commendans; nunc lectori ut prodesset
nervis omnibus contendens, & vicissim ut eundem delectaret
sedulo curans: nec antea finem fecit, quam linguam nostram
ad eam puritatem, ad eam eloquentiam, ad eam denique
brevitatem ac gratiam perduxerat, ut inter expolitas gentium
[p. 422] linguas posset recte quidem connumerari. Itaque in libris
meorum Epigrammatôn his versibus ejus gloriæ assurgo:
Prædicat Aligerum merito Florentia Dantem,
Italia & numeros tota, Petrarche, tuos:
Anglia Chaucerum veneratur nostra poetam,
Cui veneres debet patria lingua suas.
Et rursus:
Dum juga montis aper, frondes dum læta volucris,
Squamiger & liquidas piscis amabit aquas:
Mæonides, Græcæ linguæ clarissimus autor,
Aonio primus carmine semper erit.
Sic quoque Virgilius Romanæ gloria musae
Maxima, vel Phœbo judice, semper erit.
Nec minus & noster Galfridus summa Britannæ
Chaucerus citharæ gratia semper erit.
Illos quis nescit felicia sæcla tulisse,
Hunc talem & tantum protulit hora rudis.
Tempora vidisset quod si florentia musis,
Æquasset celebres, vel superasset avos.
Neque hic pigebit in medium adducere Hendecasyllabos,
ex eodem fonte petitos, quos aliquot ab hinc annis, orante
Thoma Bertholeto, typographo cum diligenti tum erudito,
scripsi:
Cum novum brevis Atticus leporem
Invenisset, & undecunque Græcam
Linguam perpoliisset, insolenter
Barbaros reliquos vocare cœpit.
Cujus vestigia impiger Quirinus
Ter certo pede persequens, Latinum
Sermonem bene reddidit venustum;
Et cum Græco alios rudes vocavit.
At quanto mihi rectius videtur
Fecisse officium suum disertus
Chaucerus, brevitate primus apta
Linguam qui patriam redegit illam
In formam, ut venere & lepore multo,
Ut multo sale, gratiaque multa
[p. 423]
Luceret, velut Hesperus minora
Inter sidera; nec tamen superbe
Linguæ barbariem exprobravit ulli.
Quare vos juvenes manu Britanni
Læta spargite nunc rosas süave¬
Spirantes, violasque molliores,
Et vestro date, candidi, poetæ
Formosam ex hedera [citi] coronam.
Sed jam satis nostrarum nugarum adposuimus. Alius ille
sortis homo erat, quam ut meæ præconio musæ meritas
laudes accipere queat. O quanto citius sub æquo judice à suis
operibus justam consequetur laudem. Ideoque optarem
quidem nostram linguam poetis Latinis familiarem esse: tunc
facile inquam, facile in meam sententiam irent. At quoniam
quod opto vix fieri potest, tantum exoratos volo, ut mihi
Latinarum literarum amatori aliquid in hac parte fidei
habeant. Quo auspicio non gravabor ejus lucubrationum
inscriptiones Latinitate donare; ut sic saltem leonem,
quemadmodum in proverbio est, ex ipsis æstiment unguibus.
Quanquam priusquam id, quod modo sum pollicitus,
præstitero, non alienum meo erit instituto palam facere
Gulielmum Caxodunum, hominem nec indiligentem, nec
indoctum, & quem constat primum Londini artem exercuisse
typographicam, Chauceri opera, quotquot vel pretio vel
precibus comparare potuit, in unum volumen collegisse.
Vicit tamen Caxodunicam editionem Bertholetus noster
opera Gulielmi Thynni; qui, multo labore, sedulitate, ac
cura usus in perquirendis vetustis exemplaribus, multa
primæ adjecit editioni. Sed nec in hac parte caruit Brianus
Tucca, mihi familiaritate conjunctissimus, & Anglicœ linguæ
eloquentia mirificus, sua gloria, edita in postremam im¬
pressionem præfatione elimata, luculenta, eleganti. Sequar
igitur codicem paucis ab hinc annis impressum, & promissum
adponam syllabon.
Fabulæ Cantianæ XXIV.
quarum duæ soluta oratione scriptæ; sed Petri Aratoris
fabula, quæ communi doctorum consensu Chaucero, tanquam
vero parenti, attribuitur, in utraque editione, quia malos
sacerdotum mores vehementer increpavit, suppressa est.
[p. 424]  De Arte amandi, alias Romaunce of the Rose.
Amores Troili & Chrysidis lib. 5.
Testamentum Chrysidis & ejusdem Lamentatio.
Amores Heroidum.
De Consolatione Philosophiæ, soluta oratione.
Somnium Chauceri,
Chorus Avium.
Flos Humanitatis,
qui libellulus à multis, tanquam nothus, rejicitur.
De Pietate mortua, & ejus Sepultura.
Chorus Heroidum.
De Astrolabio ad Ludovicum filium suum, prosa.
Querela Equitis Cogn. Nigri.
Encomium Mulierum.
De Fama lib. 3.
Testamentum Amoris, lib. 3.
Threni Magdalenæ.
De Remedio Amoris.
Querelæ Martis & Veneris.
Epistola Cupidinis.
Cantiones.
Hactenus de nomenclatura ejus librorum, qui hodie passim
leguntur. Præter illos tamen, quos ego recensui, ipsemet
in prologo, Amoribus Heroidum præfixo, fatetur se scripsisse
libellum de Morte Blanchæ ducis: tum etiam Origenis de
Magdalena opusculum transtulisse: quod ego, (si modo
Origenes tale quidquam scripsit) idem esse arbitror cum
Lamentatione Magdalenæ, de qua superius in syllabo men¬
tionem feci.
ego pauca adhuc habeo, quæ Chaucerum posteritati magni¬
Forsitan hic aliquis finem dicendi à me expectaret, sed
fice commendabunt. Nam, quemadmodum Richardo Bur¬
degalensi, Anglorum regi, cognitus, & virtutum nomine
charus fuit; ita etiam Henrico quarto, & ejus filio, qui de
Gallis triumphavit, eisdem titulis commendatissimus erat.
Quid quod & tota nobilitas Anglica illum, tanquam absolu¬
tum torrentis eloquentiæ exemplum, suspexit. Accessit in¬
super ad ejus gloriam, quod sororem habuerit, quæ Gulielmo
Polo (nisi me nomen fallit) Sudovolgiæ duci, nupsit, ac magno
in splendore Aquelmi vitam egit; ubi postea, fatis sic
volentibus, diem quoque obiit, &, ut ego aliquando accepi,
[p. 425] Inter hæc Chaucerus ad canos devenit, sensitque ipsam
sepulta est.
senectutem morbum esse; qua ingravescente, dum is Londini
causas suas curaret, mortuus est, & Visimonasterii in australi
insula basilicæ, D. Petro sacræ, sepultus.
Ludovicum autem reliquit fortunarum suarum, quas
utcunque amplas habebat, hæredem, & præcipue villæ suæ
Vodestochæ, regiæ admodum vicinæ. Aliquanto post tempore
Gulielmus Caxodunus Chauceri monimentum hoc disticho
inscribi fecit.
Galfridus CHAUCER vates, & fama poesis
Maternæ, hac sacra sum tumulatus humo.
Hi duo versus desumpti fuerunt ex quadam nænia, quam
Stephanus Surigonus, Mediolanensis, poeta suo tempore
clarus, rogante Gulielmo Caxtono, scripsit. Quare juvat
totam ipsam næniam, quoniam tersa, canora, & rotunda est,
in præsentia recitare. Sic enim Chaucerus, qui re vera
maximus fuit, nobili testimonio externi scriptoris major
videbitur:
[Quotes Surigo’s Latin epitaph, beginning:
‘Pierides musæ, si possunt numina fletus.’
See a. 1479, vol. i, p. 59, ante.]
[p.426] Habes nunc, humanissime lector, elegos in nivea tabella
depictos, quos Surigonus Visimonasterii columnæ, Chauceri
sepulchro vicinæ, adfixit. Tu sæpe eosdem in nostri vatis
gratiam legas. Sic tibi quisquis eris, faveat suadela,
leposque.
[A translation of this earliest account of Chaucer is given
in Lounsbury's Studies in Chaucer (1892), vol. i, pp. 133-42.]",,"bibliography,,/biography,episodes,tomb-epitath/biography,episodes,education/biography,episodes,education/biography,episodes,education/biography,episodes,death/biography,episodes,birth/biography,episodes,other-episodes/biography,general-accounts,english/criticism,qualities,piety/criticism,comparisons,homer/criticism,language,refiningEnglish/works,otherSeparateWorks,troilus/works,spuriousWorks,collective",la
part4_p19_a1,Vol.3,Part IV,p19,[n.a. 1547.],[n.a. 1547],low,"Howard, Henry, Earl of Surrey,",high,"Henry Howard, Earl of Surrey",male,17378697,"Influence of Chaucer upon,","in The Poems of Henry Howard. Earl of Surrey, [ed. by] F. M. Padelford (Univ. of Washington Publ., Lang. & Lit., vol. i), 1920, critical notes, passim.",,,"criticism,influence,/works,otherSeparateWorks,troilus",N/A
part4_p19_a2,Vol.3,Part IV,p19,[n.a. 1547.],[n.a. 1547],low,"Howard, Henry, Earl of Surrey.",high,"Henry Howard, Earl of Surrey",male,17378697,"Complaint of a diying [sic] louer,","[a poem, in] Songes and Sonettes [Tottel’s Miscellany 1st ed., 5 July, 1557, in Bodl. : 2nd ed, 31 July, 1557, 1st in B.M., sign. Cib. (Ed. E. Arber, 1870, p. 18.)","[Rollins 14.]
Chreseids loue, king Priams sonne, ye worthy Troilus.",,"criticism,influence,/works,otherSeparateWorks,troilus",en
part4_p19_a3,Vol.3,Part IV,p19-21,1548.,1548,high,"Bale, John.",high,John Bale,male,59101333,"[Life of Chaucer, in] Illustrium Maioris Britanniæ Scriptorum... Summarium,","ff. 198, 233.","Galfridus Chaucer, Anglus, eques auratus, uir tam bonis
disciplinis quam armata militia nobilis, exquisita quadam
Anglici sermonis eloquentia, ætatem suam multo quam
antea ornatiorem reddidit. Præter Mathesim quam ingenue
callebat, poeta lepidus erat. Ac talis apud suos Anglos,
quales olim fuere apud Italos, Dantes & Petrarcha. Patrij
sermonis restaurator, potius illustrator (& merito quidem)
habetur adhuc primus. Boetium de consolatione philo¬
sophiæ transtulit ad filium suum Ludouicum Chaucerum,
& poemate uario, in lingua materna perappositæ ac compte
tractatus hos fecit, ut partim uidi, partim ab amico quodam
fideliter accepi.
Trophæum Lombardicum, li. 1.
De principum ruina, li. 1.
Emblemata moralia, li. 1,
Amatoria carmina, li. 1.
De curia Veneris, li. 1. In Mai ocum uirescerent, &c.
Chryseidæ testamentum, trac. 1. Diuturnis horis donec dolo.
Chryseidæ quærimoniam, trac. 1. O tristem & cruentam lethi.
Laudes bonarum mulierum, trac. 1. Mille uicibus accepi muli.
Cleopatræ uitam, trac. 1. Post mortem Ptolemei regis.
Vitam Thysbes Babylonicæ, trac. 1. Babyloniæ quam Semi¬
rannis [sic].
Vitam Didonis Carthaginensis, trac. 1. Tuo sit nomine Vergili.
De Hipsyphile & Medæa, trac. 1. Sinistri amoris radix Iason.
Vitam Lucretiæ Romanæ, trac. 1. Fingendum mihi est
Romano.
De Ariadna Cretensi, trac. 1. Cretensium rex Minos infer.
[fol.  De Phylomela Atheniensi, trac. 1. formarum fabricator, qui.
193b]
De Phyllide Thracensi, trac. 1. Tam argumento quam autori.
De hypermestra Ægyptia, trac. 1. In Græcia duo fratres erant.
Somnium Chauceri, trac. 1. Admirari hercle sat nequeo.
Volucrum conglobationem, trac. 1. Tam brevis est uita, ars.
Vrbanitatis florem, trac. 1. In februario cum luna.
De misericordiæ sepultura, trac. 1. Quæsitam a multis annis.
Carmen facetum, trac. 1. In somno semisepultus au.
De Augea & Telepho, trac. 1. Immictis belligerantium deus.
Choream dominarum, trac. 1. Dum in Septembri uirgulta.
De Astrolabij ratione, trac. 1. Fili mi Ludouice, certis.
Quæremoniam, nigri militis, trac. 1. In Maio dum Flora
regina.
Fœminarum Encomion, trac. 1. Quibus animus est de muli.
Narrationes diuersorum, trac. 1. In comitatu Lyncolniensi.
De Troilo & Chryseida, trac. 1.
De Cæyce & Halcyona, trac. 1.
In obitum Blanchiæ ducissæ, trac. 1.
Tragœdias graues, li. 1.
Comœdias leues, li. 1.
Satyras & Iambos, li. I.
Facecias & Iocos, li. 1.
Elegias & pœmata [sic], li. 1.
De ceteris nihil accepi. A Guilielmo Whyte atque alijs
tunc uerbi ministris talia hausisse fertur, quod monachorum
otia, missantium turbam ingentem, horas non intellectas,
reliquias, ac ceremonias parum probauerit. Ad annum
humane redemptionis, 1450, uixisse perhibetur sub Henrico
sexto.
. . . . . . . .
[fol. 233b.] Thomas Wyet [sic], ex illustri prosapia eques auratus, cum
animi nobilitate literas Cantabrigiæ coniungens, in illu¬
stratione patrij sermonis, Chaucerum plane adæquabat.
[Free translation of above:
Geoffrey Chaucer, an English knight, distinguished both
for his courtesy and military talents, exhibited consummate
skill in the handling of the English language, and adorned
the age in which he lived. Besides mathematics, in which
he was proficient, he excelled as a poet, and rightly enjoys
to this day in England the same reputation as Dante and
Petrarch possessed of old in Italy, as having restored, nay
added, glory to his mother tongue. He translated for his
son, Lewis Chaucer, the treatise of Boethius on the Con¬
solation of Philosophy, and composed in English with great
appositeness and grace, the following poems in various
styles, some of which I have seen and the others heard of
on good authority from a friend.
[List of works follows.]
Of his other works I have not heard. It is related by
William White and other contemporary divines that Chaucer
by no means approved of the idloness of that great crowd
of mumblers, the monks, nor of their unintelligible prayers,
their relics and ceremonies. He is said to have lived until
the year 1450 of the Christian Era, in the reign of Henry VI.
Thomas Wyat, knight, of illustrious ancestry, combined
scholarship, gained at Cambridge, with loftiness of mind,
and equalled Chaucer in adorning his native tongue.]",,"bibliography,,/biography,episodes,death/biography,episodes,other-episodes/biography,general-accounts,english/works,otherSeparateWorks,troilus/works,spuriousWorks,collective",la
part4_p21_a1,Vol.3,Part IV,p21,1557.,1557,high,Unknown.,low,Unknown,,,"A comparison of his loue with the faithful and painfull loue of Troylus to Creside,","([a poem, in] Songes and Sonettes [Tottel’s Miscellany]. (1st ed. 5 June, 1557, in Bodl.; 2nd ed., 31 July, 1557, 1st in B.M., f. 81. Ed. Arber, pp. 192-194.)","[Rollins 16.]
[The author borrowed Chaucer's details up to the point
where Cressid ""yielded grace"" to Troilus. He tells, e.g.,
how Troilus fell in love with Cressid at first sight, and how
he was so lovelorn that]
His chamber with his common walke,
Wherein he kept him se[c]retely,
He made his bedde the place of talke.",,"works,otherSeparateWorks,troilus",en
part4_p21_a2,Vol.3,Part IV,p21-27,1557.,1557,high,"Bale, John.",high,John Bale,male,59101333,"Scriptorum Illustrium Maioris Brytanniæ... Summarium,","Basle, 1557-9, vol. i, pp. 525-7 [Life of Chaucer in Bale’s 2nd edition], 702.","GALFRIDUS CHAVCER, XXIIII
Galfridus Chaucer, nobili loco natus, & summæ spei
iuuenis, Oxonienses scholas tam diligenter quàm qui
maximè celebrauit: id quod ut faceret, academiæ uicinitas
quodammodo inuitauit. Nam quibusdam argumentis
adducebatur Lelandus, ut crederet Oxoniensem uel Baro¬
chensem prouinciam, illius fuisse natale solum. Hinc acutus
dialecticus, hinc dulcis rhetor, hinc lepidus poeta, hinc
grauis philosophus, ac sanctus denique theologus euasit.
Mathematicus insuper ingeniosus erat, à Ioanne Sombo
& Nicolao Lynna, Carmelitis Lynnensibus, uirisque in
Mathesi eruditis instructus: quos ipse in libro suo de
Sphaera celebrat, & clericos reuerendos uocat. Constat
utique, illum circa postremos annos Ricardi secundi in
Galliis floruisse, magnamque illic ex assidua in literis
exercitatione gloriam sibi comparasse. Tum præterea eadem
opera, omnes ueneres, lepôres, delicias, sales, ac postremò
gratias linguæ Gallicæ tam altè imbibisse, quàm cuiquam
uix credibile. Laus ista Galfridum in Angliam reuersum
sequebatur, tanquam comes eius uirtutis indiuidua. Eius¬
modi igitur lætis successibus, forum Londinense & collegia
leguleiorum, qui ibidem patria iura interpretantur, frequent¬
auit, familiaremque amicum inter eos Ioannem Gouerum mox
habuit. Horum duorum unicus erat studiorum scopus, ut
linguam Anglicam numeris omnibus quàm ornatissimam
redderent. Nec antea finem fecerant, quàm linguam illam ad
eam eloquentiam, ad eam denique breuitatem perduxerant,
ut inter expolitas gentium linguas posset rectè quidem
connumerari. Huius Chauceri lucubrationum inscriptiones
non grauabor hic latinitate donare: ut sic saltem leonem,
ut in prouerbio est, homines ex ipsis æstiment unguibus.
Adponam ergo syllabon, composuit enim,
Fabulas Cantianas, 24, Lib. 1. Olim erat, ut ueteres historæ
innuunt.
Præfationes earundem, Lib. 1. Dum imbribus suauibus Aprilis.
Aratoris narrationem, Lib. 1. Agricola tulit aratrum, dum
essent.
De arte amandi, Romane, Lib. 1. Plerique fatentur in som¬
nijs meras.
Amores Troili & Chrysidis, Lib. 5. Vt demonstrarem Troili
duplicem.
Testamentum Chrysidis, Lib. 1. Diuturnis horis donec dolo.
Lamentationem Chrysidis, Lib. 1. O gemitus offella mœrore im.
Amores Heroidum, Lib. 1.
De consolatione philosophiæ, Lib. 5. Carmina quæ quondam
Somnium Chauceri, Lib. 1. Admirorhercle plurimum, quali.
studio.
Chorum auium, Lib. 1. Vita tam breuis est, artis tam.
Vrbanitatis florem, Lib. 1. In Februario cum cornuta esset.
De pietate mortua. Lib. 1. Oh, quod pietatem tandiu quæsi.
Heroidum Chorum, Lib. 1. In Septembri, dum folia uirgulta.
[p. 526] De astrolabio, ad filium, Lib. 1. Fili mi Ludouice, certis signis.
Querelam equitis nigri, Lib. 1. In Maio, dum Flora regina
Encomium mulierum, Lib. 1. Quibus animus est, mulieres.
terram.
De fama, & eius domicilio, Lib. 3. Vertat nobis Deus somnia in.
Testamentum amoris, Lib. 3. Multi sunt qui patulis auribus.
Threnos Magdalenæ, Lib. 1. Mœstitiæ lethiferæ uoraginibus.
De remedio amoris, Lib. 1. Viso multiplici incommodo, quod.
Querelam Martis & Veneris, Lib. 1. Congratulemini amatores,
Epistolam Cupidinis, Lib. 1. Cupido, ad cuius nutum gener.
pullu.
Cantiones quoque, Lib. 1. Mille historias adhuc recensere.
De Melibœo & prudentia, Lib. 1. Iuuenis quidam Melibœus,
De peccatis ac remedijs, Lib. 1. Hieremiæ 6. State super uias.
pontem.
Laudes bonarum mulierum, Lib. 1. Mille uicibus ab hominibus
Cleopatræ uitam, Lib. 1. Post mortem Ptolemæi regis magni.
atque.
Vitam Thisbæ Babylonicæ, Lib. 1. Babyloniæ quandoque con¬
Vitam Didonis Carthaginensis, Lib. 1. Gloriosum sit Vergili
tigit.
De Hypsiphile & Medea, Lib. 1. Dissimulantium amatorum
Mantuane.
Lucretiæ Romanæ uitam, Lib. 1. Narrare nunc oportet
radix.
De Ariadna Cretensi, Lib. 1. Discerne, infernalis Cretæ rex.
auxilium.
De Philomela Atheniensi, Libi. 1. Formarum fabricator qui
formasti.
De Phyllide Thracensi. Lib. 1. Tam argumento quàm authoritate.
De Hypermnestra Aegyptia, Lib. 1. In Græcia aliquando duo
fratres.
Carmen Chauceri, Lib, 1. Probe educationis amantissima.
Super impia domina, Lib. 1. Me dormientem aureus sopor.
De Annelida & Arcyto, Lib. 1. Immitis belligerantium Deus.
De cuculo & philomela, Lib. 1. Amorum Deus, quàm potens.
Octo questiones & responsa, Lib. 1. In Græcia quandoque tam
nobili.
Chronicon conquestus Anglici, Lib. 1. Ea ætate, ut
ueteres annales.
De curia Veneris, Lib. 1. In Maio cum uirescerent, &c.
Epigrammata quoque, Lib. 1. Fugite multitudinem, ueri.
Narrationes diuersorum, Lib. 1. In comitatu Lyncolniensi fuit.
De Ceyce & Halcyona, Lib. 1.
In obitum Blanchiæ ducissæ, Lib. 1.
De Vulcani ueru, Lib. 1.
De leone & eius dignitate, Lib. 1.
Vitam D. Ceciliæ, Lib. 1.
Hymnos amatorios, Lib. 1.
Amores Palæmonis & Arcyti, Lib. 1.
De Thisbæ amore, Lib. 1.
De castello dominarum, Lib. 1.
Comœdias & Tragœdias, Lib. 1.
Facetias & iocos, Lib. 1.
Dantem Italum transtulit, Lib. 1.
Petrarchæ quædam, Lib. 1.
Origenis tractatum, Lib. 1.
Aliaque plura fecit, in quibus monachorum ocia, missan¬
tium tam magnam multitudinem, horas non intellectas,
reliquias, perigrinationes, ac cæremonias parum probauit.
Inter hæc Chaucerus ad canos deuenit, sensitque ipsam
senectutem morbum esse. Qua ingrauescente, dum Londini
[p. 529] causas suas curaret, mortuus est, & Vuestmonasterij in
australi Basilicæ parte sepultus. Vixit anno Domini
1402, ut in charta Cupidinis refert. In quodam libro
suorum Epigrammaton his uersibus Lelandus illum
celebrat:
Prædicat Algerum meritò Florentia Dantem
Italia & numeros tota Petrarche tuos.
Anglia Chaucerum ueneratur nostra poetam,
Cui ueneres debet patria lingua suas.
APPENDIX.
Ex Lelandi Catalogo: Illis temporibus inter Forenses,
clarissimus erat Ioannes Gouerus, historicus ac poeta
moralis, cuius uitam præscripsimus, homo uenerandæ ætatis,
et qui mirum in modum Anglicæ linguæ politiei studebat.
Hic perspecta indole & examinata Galfridi probitate, illum
in familiarem sibi acciuit, illum ulnis amplexus est, illum
etiam in honestis delicijs habuit, illum denique tanquam
numen aliquod propemodum uenerabatur. Et ut ego (inquit)
taceam, ipsemet Gouerus in libro qui titulo Amantis inscribi¬
tur, abundè satis declarat, quanti suum Chaucerum fecerit:
quem accuratissime prius laudatum, eximium poetam uocat,
& sui operis quasi Aristarchum facit. Ecce tibi lector,
pulcherrimum uirtutis certamen. Nam ut Gouerus, homo
parum sibi tribuens, lucubrationes quas consummauerat,
Galfridi iudicio modestè submissit : sic rursus Chaucerus,
Amores Troili, Goueri & Strodi calculis subiecit, &c. Et
quoniam poesim præter cætera semper dilexit, amauit, coluit:
uisum est ei uel commodissimum, per illam ad ipsa eloquen¬
tiæ culmina uiam patefacere. Tale etenim quiddam est
poesis, ut tropos, elegantias, ornamenta, copiam, & quicquid
uenerum & leporum est, non modò admittat: uerùm quod
multo maius est, suo quodam iure poscat. Adde huc, quòd
Italos & Gallos, qui plurima suis linguis terse ac nitidè scrip¬
serunt, in partem operis euocauerit. Dantes & Petrarcha
Italicam linguam, Alanus Gallicam, Ioannes Mena His¬
panicam, atque alij alias, infinitis modis tunc expolierant:
hi Chaucero calcar addiderunt. Bonis igitur auibus incæpto
operi incubuit: nunc libellos Gallica lingua scriptos, in
patrium sermonem transferens : nunc Latinos uersus Angli¬
cis, sed doctè, exprimens: nunc multa è suo capite nata,
& Latinorum fœli[ci]tatem æquantia, uicturis chartis com¬
mendans, lectorique neruis omnibus prodesse contendens.
Accessit etiam ad eius gloriam, quòd sororem habuerit
quæ Guilhelmo Polo Sudouolgiorum duci nupsit, ac magno
in splendore Aquelmi uitam egit, &c.
[p. 702.]
[In list of Nicolas Grimoald’s works:]
Troilum ex Chaucero, comœdiam. Lib. 1.
[Translation of Bale’s Life of Chaucer, 1557-59.
GEOFFREY CHAUCER, a nobleman by birth, gave much promise
as a youth. At Oxford, where he studied, he was one of the most
diligent scholars of his day. The vicinity of the university proved
an incentive to him, if as was surmised by Leland from certain
information, he was a native of Oxfordshire or Berkshire.
an elegant poet, a profound philosopher, and a devout theologian.
He left the university a keen dialectician, a graceful rhetorician,
by John Some and Nicholas Lynn, Carmelite friars of Lynn,
He was, moreover, a clever mathematician, having been taught
and skilled mathematicians. He paid tribute to them in his book
on the Astrolabe, and called them venerable clerics.
It is well known that towards the last years of Richard II's
reign, he attained great fame in France through his diligent
pursuit of letters. Further, he succeeded to an almost incredible
degree by the same means in acquiring the attractiveness, the
grace, the wit, and finally the charm of the French language. This
is the kind of praise which followed Geoffrey upon his return to
England, the inevitable accompaniment, as it were, of his
attainments.
He then frequented the London law-courts, and among the
members of the Inns of Court, where the laws of the country are
studied, he soon found an intimate friend in John Gower. These
two men had but one aim in their studies, which was to enrich the
English tongue in all kinds of verse. Nor did they desist until
they had brought the language to such a degree of eloquence and
brevity that it might be fit to take its place amongst the most
polished languages of all nations.
I shall not deem it troublesome to give the titles of his works
in Latin, for, as the proverb says, you know the lion by his claws.
I shall, therefore, append the list.
And he wrote many other works in which he showed his disap¬
[Here follows the list, see above, Latin version.]
proval of that great multitude of mumblers, the monks, of their
idleness, their unintelligible prayers, their relics, pilgrimages and
ceremonies.
Meanwhile Chaucer grew older, and felt that old age was an
illness, which continued to increase, until one day, while he was
attending to his affairs in London, he died. He was buried in the
south part of Westminster Abbey. He was still alive in the year
1402, as he himself testifies in his letter of Cupid. In his book of
Epigrams Leland praises Chaucer in the following lines— [quotes
Leland’s verses].
APPENDIX.
From the Catalogue of Leland
Among the lawyers in those days the most celebrated was
John Gower, whose life we have written. An historian and a
moral poet, he had attained to a venerable age, and his special aim
was to add finish to the English language.
He, knowing the character of Chaucer, and having proved its
uprightness, admitted him into a close friendship, took him to his
heart, showed him the most honourable affection–in fact, he almost
revered him as a god. Gower himself, in his book entitled Amantis,
gives abundant evidence of the high regard he had for his friend
Chaucer.
Having first of all praised him most fully, he calls him an
excellent poet, and constitutes him a sort of Aristarchus of his
work. Behold, reader, a beautiful rivalry in virtue. For, just as
Gower, thinking little of his own merit, modestly submitted his
works to Chaucer’s criticism, so in turn Chaucer referred the Loues
of Troilus to the criticisms of Gower and Strode. And since he
loved and honoured poetry above all things, it seemed to him to
be the most suitable road through which he could reach the
heights of fame. For this, indeed, is the nature of poetry, that it
not only admits of figures, grace of style, adornments in abundance
and all that is pleasing and beautiful, but that it demands it all as
a right. Add to this that he made use of the Italians and the
French, who have written tersely and beautifully in their own
languages. Dante and Petrarch in Italian, Alain [Chartier] in
French, John Mena in Spanish, and the many others who at that
time had written in polished language, were a spur to Chaucer.
It was, therefore, under good auspices that he set to work upon his
task, now translating books from the French, now skilfully rendering
Latin verses into English, now embodying the numerous creations
of his own imagination in imperishable works, equalling the most
felicitous productions of the Latins, endeavouring in every way to
be of some use to his readers. This also added to his reputation–
that he had a sister, who married William Pole, Duke of Suffolk,
and spent her life in splendour at Ewelme.]",,"biography,general-accounts,english/works,otherSeparateWorks,troilus",en
part4_p27_a1,Vol.3,Part IV,p27-28,1559.,1559,high,"Elderton, William.",high,William Elderton,male,56957890,The panges of Loue and louers F[i]ttes,"[a ballad]. [Reprinted in J. P. Collier's Old Ballads, Percy Society, vol. i, p. 25, and in H. L. Collmann’s Ballads and Broadsides, Roxburghe Club, 1912, p. 111.]","[st. 2]
Know ye not, how Troylus
Languished and lost his joye,
With fittes and feuers meruailous
For Cresseda that dwelt in Troye;
Tyll pytie planted in her brest,
Ladie! ladie!
To slepe with him, and graunt him rest,
My dear ladie.
[This ballad was enormously popular, and is constantly
quoted by Elizabethan writers. A Scottish version is
preserved in the Bannatyne MS. (1568), ed. J. B. Murdoch,
Hunterian Club, vol. iii, p. 612. A moralized version,
""Ane Dissuasion from Vaine Lust,” in The Gude and Godlie
Ballatis, 1567 (ed. A. F. Mitchell, Scottish Text Society,
1897, p. 213), begins :]
Thocht Troylus Cressed did enjoy,
As Paris Helene did Iykewise;
Zit leuit he not lang in Troy,
Bot that Fortoun did him dispise.
Quha wald then wirk accordinglie?
Sic plesoure bringis miserie,
Allace, allace!
As come to pas.",,"works,otherSeparateWorks,troilus",en
part4_p28_a1,Vol.3,Part IV,p28,1561.,1561,high,"Sackville, Thomas, and Norton, Thomas.",high,"Sackville, Thomas, and Norton, Thomas.",male,,"The Tragedie of Ferrex and Porrex [Gorboduc],","imprinted at London by John Daye... (1570? First acted 1561], sign. F ii b.","Then saw I how he smiled with slaying knife
Wrapped under cloke.
[Cf. Chaucer's Knights' Tale, l. 1999. This resemblance
is noted by Hazlitt in his Lectures on the Dramatic Literature
of the Age of Elizabeth. See above, 1820, pt. ii, sect. i, p. 123.]",,,en
part4_p28_a2,Vol.3,Part IV,p28-29,1562.,1562,high,"Bale, John.",high,John Bale,male,59101333,"MS. notes by Bale,","printed by Thomas Hearne in Johannis de Trokelowe, Annales Eduardi II., 1729. Appendix iii, pp. 286-7 [see above, pt. i, p. 97].","[p. 286] Galfridus Chaucer] Hic Tullius minor dicebatur, tam erat
artis dicendi peritus, Thomam Ocklevum Scribam olim
habuit.
Qui fuit Anglorum Vates ter maximus olim,
Epitaphium Chauceri MS.
Galfridus Chaucer, conditur hoc tumulo.
Annum si quæras Domini, si tempora mortis,
Ecce notæ subsunt, quæ tibi cuncta notant.
26 Octobris anno Domini 1400.
Nicolaus Brigam Westmonasterii hos fecit Musarum
nomine sumptus.
Super ejus Sepulchro,
Si rogites, quis eram, forsan te fama docebit,
Quodsi fama negat, Mundi quia gloria transit,
Hæc Monumenta lege.
. . . . .
Thomas Occleve] Joannis Goweri et Galfridi Chauceri
[p. 287] Discipulus erat, ut in suo Libro de Regimine Principum
refert...",,"criticism,comparisons,cicero",la
part4_p29_a1,Vol.3,Part IV,p29-33,1562.,1562,high,"Brooke, or Broke, Arthur.",high,Arthur Brooke,male,3412998,Influence of Chaucer,"in The Tragicall Historye of Romeus and Iuliet, written first in Italian by Bandell, and nowe in Englishe by Ar. Br. [Brooke’s poem was one of the main sources of Shakespeare’s Romeo and Juliet. For a fuller account of Brooke’s debt to Chaucer, see Romeus and Juliet, ‘Shakespeare Classics,’ ed. by J. J. Munro, 1908. Mr. Munro has kindly supplied the following notes:]","[Brooke's debt is of two kinds : (a) where he amplifies a
suggestion in his original (Boaistuau) with the help of
Chaucer's Troilus; and (b) where he derives a suggestion
from Chaucer only.]
(a) Boaistuau (ed. 1559), p. 43: l’amour qu’il portoit à sa
premiere damoiselle demoura vaincu par ce nouueau feu.
Brooke, ll. 207-9:1
And as out of a planke a nayle a nayle doth driue:
So nouell loue out of the minde the auncient loue doth riue
This sodain kindled fyre in time is wox so great : etc.
Troilus & Criseyde, iv, 415:
The newe love out chaceth ofte the olde.
Troilus & Criseyde, iv, 422:
The newe love, labour or other wo,
Or elles selde seinge of a wight,
Don olde affectiouns alle over-go. 2
Boaistuau, p. 45 b: ie suis vostre, estāt preste & diposée
de vous obeyr en tout ce que l’honneur pourra souffrir.
1 The line-references to Brooke are to the 'fourteeners,' each of which
is printed as two lines in the original edition.
a  From Boccaccio’s Filostrato, but originally from Ovid : Successore
novo vincitur omnis amor. (Remed. Amor. 462.) Brooke’s lines were
copied by Shakespere in Two Gentlemen of Verona, Romeo, and Julius
Cæsar.
Brooke, l. 314:
(My honor saued) prest tobay [i. e. to obey] your will, while
life endures.
Troil. iii, 480:
Myn honour sauf, please him fro day to day;
.. . but elles wol I fonde,
Troil. iii, 159:
she...
‘Myn honour sauf,' I wol wel trewely, etc.
.. sayde him softely,
[Juliet in Brooke, and Criseyde in Troilus, both make
frequent insistence that their lovers' conduct must be
honorable.]
Boaistuau, p. 52: de sorte que s’ils eussent peu com¬
mander au ciel comme Iosué fist au soleil, etc.
Brooke, l. 824 :
So that I deeme if they might haue (as of Alcume [sic for
Alcmene we heare)
The sunne bond to theyr will; etc.
Troil. iii, 1427-8:
O right, allas! why niltow over us hove
As longe as whanne Almena lay by Jove? 1
[This under similar circumstances in both poems: i.e. in
connexion with the lovers' nocturnal meeting.]
(b) Brooke, l. 332:
Of both the ylles to choose the lesse,
I wene the choyse were harde.
Troil. ii, 470:
Of harmes two, the lesse is for to chese.
Brooke, l. 393:
[Juliet] A thousand stories more, to teache me to beware,
In Boccace and in Ouids bookes too playnely written are.
Troil. iii, 297:
[Criseyde] A thousand olde stories thee alegge
Of women lost, through fals and foles bost.
Laurence or Pandare, are both like the patient waiting for
[Romeus and Troilus, while waiting for the help of
the leech’s salve.]
Brooke, l. 613:
The wounded man that now doth dedly paines endure:
Scarce pacient tarieth whilst his leech doth make the salue
So Romeus, etc.
to cure.
Troil. i, 1086:
Now lat us stinte of Troilus a stounde,
That fareth lyk a man that hurt is sore,
And is somdel of akinge of his wounde
Y-lissed wel, but heled no del more:
And, as an esy pacient, the lore
Abit of him that gooth aboute his cure;
And thus he dryveth forth his aventure.
[The first night of parting between the lovers.]
Brooke, l : 1537 :
But on his brest her hed doth ioylesse Iuliet lay,
And on her slender necke his chyn doth ruthfull Romeus
stay.
Troil. iv, 1150:
‘Help, Troilus !’ and ther-with-al hir face
Upon his brest she leyde, and loste speche.
[The two scenes throughout are very similar.]
[Brooke’s additions to the Romeo story.
These are not important so far as the story is concerned, but
they form the best cases of borrowing. In the now lost
earlier play (?) on Romeo which Brooke mentions and which
both Brooke and Shakspere appear to have used, there was a
scene at Laurence’s cell in which Romeo lamented. In
Brooke he becomes savage: this is taken from a similar
scene with Troilus just before the entry of Pandare, as the
references show.]
Brooke, l. 1291 :
These heauy tydinges heard, his golden lockes he tare:
And like a frantike man hath torne the garmentes that he
ware.
And as the smitten deere in brakes is waltring found :
So waltreth he, and with his brest doth beate the troden
grounde.
He rises eft, and strikes his head against the wals,
He falleth downe againe, and lowde for hasty death he cals.
Come spedy death (quoth he); etc.
Troil. iv, 239:
Right as the wilde bole biginneth springe
Now here, now there, y-dexted to the herte,
And of his deeth roseth in compleyninge,
Right so gan he aboute the chaumbre sterte,
Smyting his brest ay with his festes smerte;
His heed to the wal, his body to the grounde
Ful ofte he swepte, him-selven to confounde.
. . . . . . . . .
l. 250:
‘O deeth, allas! why niltow do me deye:’
Brooke, l. 1325:
Fyrst nature did he blame, the author of his lyfe,
In which his ioyes had been so scant, and sorowes aye so
ryfe:
The time and place of byrth, he fiersly did reproue,
He cryed out (with open mouth) against the starres aboue:
The fatall sisters three he said, had done him wrong; etc.
. . . . . . . . . .
l. 1335:
And then did he complaine on Venus cruel sonne.
. . . . . . . . . .
l. 1343:
On Fortune eke he raylde, he calde her deafe, and blynde
Vnconstant, fond, deceitfull, rashe, vnruthfull, and vnkynd.
And to him self he layd a great part of the falt:
For that he slewe, and was not slayne, in fighting with
Tibalt.
He blamed all the world, and all he did defye,
But Iuliet, for whom he liued for whom eke would he dye.
Troil. v, 204:
And there his sorwes that he spared hadde
He yaf an issue large, and ‘deeth !' he cryde;
And in his throwes frenetyk and madde
He cursed Iove, Appollo, and eek Cupyde,
He cursed Ceres, Bacus, and Cipryde,
His burthe, him-self, his fate, and eek nature,
And, save his lady, every creature.
[Laurence to Romeus.]
Brooke, l. 1353 :
Art thou quoth he a man? thy shape saith, so thou art :
Thy crying and they weping eyes, denote a woman’s hart.
[Pandare to Troilus.]
Troil. iii, 1098:
‘O theef, is this a mannes herte?’
And of he rente al to his bare sherte.
[Criseyde to Troilus.]
Troil. iii, 1126:
‘is this a mannes game?
What, Troilus! wol ye do thus, for shame?’
[The other innovation made by Brooke is Romeus’s sorrow
in his exile, copied from Troilus. Both Troilus and Romeus
sigh and weep at night; etc.]
Brooke, l. 1755 :
Eche night a thousand times he calleth for the day,
He thinketh Titans restles stedes of restives do stay;
Or that at length they haue some bayting place found out,
Or (gyded yll) haue lost theyr way and wandred farre about¬
Troil. v. 659 :
The day is more, and lenger every night,
Than they be wont to be, him thoughte tho;
And that the sonne wente his course unright
By lenger wey than it was wont to go;
And seyde  ‘y-wis, ne dredeth ever-mo,
The sonnes sone, Pheton, be on-lyve,
And that his fadres cart amis he dryve.
[It should be remembered that Troilus is in many respects
quite parallel to Romeo. In each story two lovers are secretly
betrothed and meet at night in the lady’s house. They
vacillate between joy and sorrow and are comforted and
helped by a philosophical friend. One of them is banished,
and they have a final night together and part at dawn. It
was at these points of contact that Brooke was able to
derive suggestions from Chaucer.]",,"criticism,influence,/imitations,particularImitators,brooke/works,otherSeparateWorks,troilus",en
part4_p34_a1,Vol.3,Part IV,p34,1565.,1565,high,"Googe, Barnaby.",high,Barnabe Googe,male,2597323,"The Preface to the vertuous and frendely Reader,","[in] The Zodiake of Life... by the... Poet Marcellus Pallingenius... newly translated into Englishe verse by Barnabæ Googe, sign (‡) 3 b.","Louing and frendly reader... be not so straight of
iudgement as I know a number to be that can not abyde to
reade anye thing written in Englishe verse, which nowe is
so plenteously enriched wyth a number of eloquent writers,
that in my fansy it is Iyttle inferiour to the pleasaunt verses
of the auncient Romaines. For since the time of our
excellente countreyman Sir Geffray Chaucer who liueth in
like estimation with vs as did olde Ennius wyth the
Latines. There hath flourished in England so fine and
filed phrases, and so good & pleasant Poets as may counter¬
uayle the doings of Virgill, Ouid, Horace, Iuuenal, etc.
[This reference is not in the edition of 1561, and the
verses with the Chaucer reference in that edition quoted in
vol. i, p. 96 (Unknown) are not given here.]",,"criticism,comparisons,ennius",en
part4_p34_a2,Vol.3,Part IV,p34,[1566.],[1566],medium,Unknown.,low,Unknown,,,"A Ballad beginning, “When Troylus dwelt in Troy towne.""","Bodleian MS. Ashmole 48 (Songs and Ballads, ed. T. Wright, Roxb. Club, 1860, pp. 195-197.)","[Rollins 18.]
Tyll at the last he cam to churche,
[st. 3]
Where Cressyd sat and prayed-a ;
Whose lookes gaue Troylus such a lurche,
Hys hart was all dysmayde-a!
. . . . . . .
And to hys neece he [Pandar] dyd commend
[st. 6]
The state of Troylus then-a;
Wyll yow kyll Troylus? God defend!
He ys a nobell man-a.
. . . . . . .
Then Pandare, lyke a wyly pye,
[st. 13]
That cowld the matter handell,
Stept to the tabell by and by,
And forthe he blewe the candell.
[These stanzas are chosen only for illustration. The
entire ballad, as has long been known, is modelled on
Chaucer's Troilus. The ballad was registered at Stationers'
Hall (Arber's Transcript, vol. i, p. 300), in 1565-66 as “the
history ot Troilus Whose throtes [i.e., trothes] hath Well
bene tryed.""]",,"works,otherSeparateWorks,troilus/works,otherSeparateWorks,troilus",en
part4_p35_a1,Vol.3,Part IV,p35,1567-79,1567-79,high,"Harvey, Gabriel.",high,Gabriel Harvey,male,3250080,Marginal notes,"in Gabriel Harvey's handwriting [in] M. Fabii Quintiliani... Institutionum oratori arum Libri xii, Parisiis, 1548, at the foot of p. 643 [printed 543] [B. M. C. 60. l. 11]. (Gabriel Harvey’s Marginalia, ed. G. C. Moore Smith, 1913, p. 122.)","Tria viridissima Britannorum ingenia, Chaucerus, Morus,
Juellus : Quibus addo tres florentissimas indoles, Heiuodum,
Sidneium, Spencerum. Qui quærit illustriora Anglorum in¬
genia, inueniet obscuriora. Perpaucos excipio; eorumque
primos, Smithum, Aschamum, Vilsonum; Diggesium, Blun¬
deuilum, Hacluitum, mea Corcula.",,,la
part4_p35_a2,Vol.3,Part IV,p35,[c. 1567.],[c. 1567],low,"Turbervile, George.",high,George Turberville,male,62345790,"Epitaphes, Epigrams, Songs and Sonets.","(1567 ed., ‘newly corrected, with additions,’ 1st known; 1570 1st in B.M.; ff. 6b, 30b, 61b, 71a, b; Ed. J. P. Collier [1867 ?] pp. 10, 54, 108-9, 126-27.)","[Rollins 19.]
[p. 10]
Pause, pen, a while therefore,
and use thy woonted meane:
For Boccas braine, and Chaucers quill
in this were foyled cleane.
[p. 54]
Let Cressed myrror bee, that did forgo
Hir former faythfull friend, King Priam’s sonne
And Diomed the Greeke imbraced so,
And left the loue so well that was begonne:
But when hir cards were tolde and twist ysponne,
She found hir Trojan friend the best of both,
For he renounst hir not, but kept his oth.
[There are very many other allusions to Cressid in Turber¬
vile's Epitaphes. Most of them refer to her as a leper, but
there can be no doubt that Turbervile regarded Chaucer as
the author of the story which tells of her leprosy.]",,,en
part4_p35_a3,Vol.3,Part IV,p35-36,1568.,1568,high,"Fulwood, William.",high,William Fulwood,male,306216764,"A constant Louer doth express His gripyng griefes, which still encrease,","[a model letter, in] The Enimie of Idlenesse, pp. 187-8. (P. Wolter’s William Fullwood, Diss. Rostock, Potsdam, 1907, pp. 72-73.)","[Rollins 22.]
As Troylus did neglect the trade
of Louers skilfull lawe,
Before such time that Cresseid faire
with fixed eyes he sawe.
. . . . . .
But sith I lacke some such a friende
Who brought his purpose well about,
as he of Pandor had,
and made his minde full glad.
[This poem is undoubtedly indebted to Chaucer's Troilus.]",,"works,otherSeparateWorks,troilus",en
part4_p36_a1,Vol.3,Part IV,p36,1568.,1568,high,"Howell, Thomas.",high,Thomas Howell,male,,The Arbor of Amitie.,"[Ed. 1568 not in B.M.] (Poems, ed. A. B. Grosart, 1879, pp. 10, 32.)","[For John Keeper’s prefatory verses to The Arbor of Amitie,
see above, pt. i, p. 102.]
[Rollins 23.]
[p. 10]
If I had Tullies tongue
and thousand wittes thereto:
If Chaucers vaine, if Homers skill.
if thousand helpers mo:
Yet tongue, not wyt nor vaine,
nor skill nor helpe at all
Can well descrie your due desarte.
in praise perpetuall.
[p. 32]
To leaue behinde a picture fine to see
It may small time well stande in steede for thee.
But picture faire of noble actes of minde,
That farre excelles to learne to leaue behinde,
Which will maintaine a noble name for aye
As Tullis tongue and Cæsars acts can saye.
As Chaucer shewes and eke our morall Gowre
With thousands more, whose fame shal stil endure.","[Cf. O moral Gower, this booke I directe. — Troilus v, l. 1856.]",,en
part4_p36_a3,Vol.3,Part IV,p36-37,1568.,1568,high,Unknown.,low,Unknown,,,Quhair Love is kendlit confortles,"[a poem, in the] Bannatyne MS. (Ed. J. B. Murdoch, Hunterian Club, vol. iii, p. 705; Sibbald’s Chronicle of Scottish Poetry, vol. iii, p. 177.)","[Rollins 20.]
Trew Troyallus, he langorit ay,
Still waitand for his luvis returne,
Had nocht sic pyne, it was bot play,
As daylie dois my body burne.
[There are various other allusions similar to this in
the MS.]",,"works,otherSeparateWorks,troilus",en
part4_p37_a2,Vol.3,Part IV,p37,[1569.],[1569],medium,"Turbervile, George.",high,George Turberville,male,62345790,"Epitaphes and Sonnettes,","[written in 1569, added to his] Tragicall Tales, f. 164b. (Edinburgh, 1837, p. 330.)","Farewell thou shamelesse shrew,
[Rollins 40.]
fair Cresides heire thou art:
And I Sir Troylus earst haue been,
as prooueth by my smart.
Hencefoorth beguile the Greekes,
no Troyans will thee trust :
I yeeld thee vp to Diomed,
to glut his filthie lust.
[There are striking allusions to Henryson’s Cressida on
pp. 334, 369. The Tales first appeared before 1575, but
the 1587 edition is the first extant in a complete copy, that
of 1576 being only known from a fragment.]",,,en
part4_p38_a1,Vol.3,Part IV,p38,[n.a. 1572.],[n.a. 1572],low,"Gascoigne, George.",high,George Gascoigne,male,88849075,"A Hundreth sundrie Flowers,","[1573], pp. 321, 352-3, 418. (Complete Works, ed. J. W. Cunliffe, 1907-10, 2 vols., vol. i, pp. 54, 90, 101.)","[p. 90] [References to “trusty Troylus,” and “Pandar's niece,""
who would give place to the author’s mistress.]
[p. 101] [The passage from The delectable history of... Dan
Bartholmew of Bath quoted in pt. i, p. 110, under the 2nd
edn. (Posies) of 1575, should have been quoted from
this 1st edition.]","[Gascoigne revised and reissued these poems (under the title of Posies) in 1575, q.v. above, pt. i, pp. 110-11, and below, 1575. There are many other allusions to Troilus and Criseyde scattered about Gascoigne's poems.]","works,otherSeparateWorks,troilus",en
part4_p38_a3,Vol.3,Part IV,p38-39,1575.,1575,high,"Churchyard, Thomas.",high,Thomas Churchyard,male,20025747,"A discourse of vertue, [and] Churchyardes Dream,","[in] The Firste parte of Churchyardes Chippes, ff. 71b, 82a. [Reprinted by J. P. Collier (1870?), pp. 154, 177.]","A discourse of vertue.
True dealing was but cauld a doult,
[p. 154]
or els Gods foole, in deade:
Dame Flattery claymed frindships place,
Yet faild her frinde at neade.
And robbry was good purchace helde
and lust was sollace sweete:
And they were calld the lively laddes,
that had the quickest sprete.
Som said lords hestes were held for lawes,
but those were Chawsers woordes :
And faith did faile in old priestes sawes,
tushe all this was but boordes.
Churchyardes Dreame.
[p. 177]
Howe shuld I hit in Chausers vayn,
[Rollins 28.]
Or toutche the typ, of Surries brayn
Or dip my pen, in Petrarkes stiell,
Sens conning lak I all the whiell?",,,en
part4_p39_a1,Vol.3,Part IV,p39,1575.,1575,high,"[Edwards, Richard?]",low,Richard Edwardes,male,12495034,"A new Tragicall Comedie of Apius and Virginia,","by R. B. [misprint for R. E., i.e. R. Edwards ?]","[The plot was probably taken from the Phisiciens Tale.
See C. W. Wallace, Evolution of the English Drama, 1912,pp. 108-9.]",,,en
part4_p39_a2,Vol.3,Part IV,p39,[1575.],[1575],medium,"Gascoigne, George.",high,George Gascoigne,male,88849075,"Dan Bartholmew of Bathe,","[in] The Posies of George Gascoigne, Esquire, corrected, perfected and augmented... 1575, p. cxii. (Complete works, ed. J. W. Cunliffe, 1907-10, 2 vols., vol. i, p. 137.) [This passage is not in the 1st edn., A Hundreth sundrie Flowers, [1573], q.v. above, pt. i, pp. 110-11, and App. A., [n.a. 1572.] The publisher there adds a note that Dan Bartholmew of Bathe is incomplete.]","[p. 137]
Thus unto thee these leaues I recommend,
[Rollins 27.]
To reade, to raze, to view, and to correct:
Vouchsafe (my friend) therein for to amend
That is amisse...
[Cf. Troilus, v.,) st. 262, 263.]",,"works,otherSeparateWorks,troilus",en
part4_p39_a3,Vol.3,Part IV,p39-40,1576.,1576,high,"L., R.",low,Unknown,,,"Beyng in Loue, he complaineth,","[a poem, in] The Paradyse of daynty deuises... deuised [edited] by M. [Richard] Edwardes. (Ed. 1578, 1st in B.M., p. 48; ed. J. P. Collier, 1867, p. 132.)","[Rollins 31.]
Vnto whose grace yelde he, as I doe offer me,
Into your hands to haue his happ, not like hym for to be:
But as kyng Priamus [sonne ?], did bind hym to the will,
Of Cressed false whiche hym forsoke, with Diomed to spill.
[The four lines that follow these allude to the Cressid of
the Testament, and refer to her ""Lazares death.""]",,"works,otherSeparateWorks,troilus",en
part4_p3_a2,Vol.3,Part IV,p3-4,1412-20.,1412-20,high,"Lydgate, John.",high,John Lydgate,male,22158282,"The hystorye, sege and dystruccyon of Troye.","MS. Cott. Aug. 4, fol. 486. [See pt. i, pp. 23, 24 above. These are additional references.]","[fol. 48 b, col.
1, last line
quoted in
pt. i, p. 23
above.]
[col. 2]
To take on me it were but hiȝe foly
In any wyse to adde more þer-to
For wel I wot anoon as I haue do
pat I in soth no þanke disserue may
Because þat he [Chaucer] in writyng was so gay
And but I write I mote þe trouþe leue
Of troye boke and my mater breue
And ouer-passe and nat go by and by
As Guydo doþ in ordre ceryously
And þus I most don offencioun
Poruȝe necligence or presumpcioun
So am I sette euene amyddes tweyne
Gret cause haue I & mater to compleyne.
[7 following lines are quoted in pt. i, p. 24 above, ending]
To god I pray þat he his soulë haue
After whos help of nede I most crave
And seke his boke [Troilus] þat is left be hynde
Som goodly worde þer in for to fynde
To sette amonge þe crokid lynys rude
Whiche I do write as by similitude
Þe ruby stant so royal of renoun
With Inne a ryng of copur or latoun
So stant þe makyng of hym doutles
Among oure bokis of englische perles
Þei arn ethe to knowe þei ben so excellent
Þer is no makyng to his equipolent
We do but halt who so takeþ hede
Þat medle of makyng with outen any drede
Whan we wolde his stile counterfet
We may al day oure colour grynde & bete
Tempre our aȝour and vermyloun
But al I holde but presumpcioun",,"works,otherSeparateWorks,troilus",en
part4_p40_a1,Vol.3,Part IV,p40,1576.,1576,high,Unknown.,low,Unknown,,,"An excellent and pleasant Comedie, termed after the name of the Vice, Common Conditions.","[Licensed 1576.] (Ed. Tucker Brooke, 1915, sign. D.) [Only copy of original, now in America, lacks title.]","[Rollins 29.]
[Ll. 800-823 refer to the stories of Medea and Jason,
Troilus and Cressida, Eneas and Dido, Theseus and Ariadne.
The probability that the author’s information about all these
lovers came from Chaucer is strengthened by the fact that
Cressid is referred to as a leper : the author had certainly
read the Testament of Cresseid, and this was accessible only
in an edition of Chaucer. Cf. also Brooke’s note, p. 70.]",,"works,otherSeparateWorks,troilus",en
part4_p40_a2,Vol.3,Part IV,p40,1576.,1576,high,"Whetstone, George.",high,George Whetstone,male,52492054,Epilogus [to] The Castle of Delight,"[being the first part of] The Rocke of Regard, diuided into foure parts. [No imprint or date : the preface is dated October 15, 1576]. (Ed. J. P. Collier, p. 90.)","[Rollins 30.]
Loe! here the fruits of lust and lawlesse love,
Loe! here their faults that vale to either vice;
Loe! ladyes here, their falles (for your behove)
Whose wanton willes sets light by sound advice.
[Cf. Troilus, v, st. 265. One of the poems to which these
lines form part of the epilogue is “Cressids Complaint,"" an
extremely bitter attack on the leprosy-stricken girl, q.v.
above, pt. i, p. 113.]",,"works,otherSeparateWorks,troilus",en
part4_p40_a3,Vol.3,Part IV,p40,1577.,1577,high,"Holinshed, Raphael.",high,Raphael Holinshed,male,78779996,"The Firste (the Laste) volume of the Chronicles of England, Scotlande, and Irelande,","vol. i, f. 5, col. 2, vol. ii, f. 1118, col. 2.","[See also above, pt. i, p. 114.]
[vol. i, f.  Afterward also, by the diligent traueile of Geffray
5, col. 2]
Chauser, and John Gowre in the time of Richard the
second, & after the of John Scogā, & John Lydgate monke
of Berry, our tong was brought to an excellent passe.
[vol. ii,
f.1118,
[Among the writers of the reign of Richard II was] John
col. 2] Moone an Englishman borne, but a student in Paris, who
compyled in the French tongue the Romant of the Rose,
translated into English by Geffrey Chaucer.",,,en
part4_p41_a1,Vol.3,Part IV,p41,1577.,1577,high,Unknown.,low,Unknown,,,"[Annotations,","dated 1577, on the flyleaf of a copy of] The Vision of Pierce Plowman, 1561, [printed in] Notes and Queries, Sept. 18, 1858, 2nd ser. vol. vi, pp. 229-30.","2. Mention is made of Peerce Plowghman's Creede, in
Chawcers tale off the Plowman.
3. I deeme Chawcer to be the author [i.e. of the Tale?].
I think hit not to be on ond the same yᵗ made both...
4.  ... G. Chawcerus vivit [sic] 1402 ...",,,en
part4_p41_a2,Vol.3,Part IV,p41-42,[1578.],[1578],medium,"Lyly, John.",high,John Lyly,male,49246156,Influence of Chaucer.,,"[There seems little doubt that Lyly knew and liked
Chaucer well, from the reminiscences of the older poet
to be found in his works. The following passages are
specially to be noted; the references are to the Complete
Works of John Lyly.. ed.  .. R. Warwick Bond, 1902.
3 vols.
(1) Euphues, vol. i, p. 316. The letter to Alcius about
true ‘gentilesse.’ Cf. Wyf of Bathes Tale, D. 1109-64.
(2) Euphues, vol. ii, p. 83, l. 9. Cf. Wife's Prologue,
D. 466.
(3) In Gallathea is to be found the story of the Alchemist,
and his desertion by Peter, clearly borrowed (possibly viâ
Reginald Scot) from the Canon's Yeomans Prologue and
Tale [see Introduction to play, in Lyly’s works, vol. ii,
pp. 423-4), wherein the exclamation ‘Peter,’ [l. 665], may
have suggested the name of Lyly’s rascal, while the name
of Robin, the miller’s son, and the tale of the Astronomer
falling into a pond, may be taken from The Miller's Tale.
(4) Fairies in Gallathea and in Endimion. Cp. Wyf of
Bathes Tale. See also Notes to Lyly's Works, vol. i,
p. 525.
(5) Endimion, character of Sir Tophas ‘follows closely,
though not obviously, the main lines of Chaucer’s Sir Topas.’
R. Warwick Bond. See his notes to the play, Lyly's
Works, vol. iii, pp. 503-4. See also John Lyly, par A.
Feuillerat, Cambridge (1910), p. 318 and note.
(6) Mother Bombie, i, I. 73-5. Memphio's remark:
‘Now for my wife; I would have kept this from her, else
I shall not be able to keepe my house from smoake,’ may be
reminiscent of Wife of Bathes Prologue, D. 278-80. Also
iii, 4. 13-4. Rixula’s proverb about the ‘gray goose in the
lake.’ Cf. Wife of Bathes Proloque, D. 269-70.
(7) Euphues, vol. ii, p. 92, l. 8, and Gallathea, iv, l. 46,
‘hee must halt cunninglie, that will deceive a cripple.’ Cf.
Troilus and Criseyde, iv, 1458.
(8) Gallathea. Terms of alchemy and technical details owe
much to Ch. Yeoman's Tale. See The Alchemist by Ben
Jonson, ed. C. M. Hathaway, N. York, 1903, pp. 73-4.
Mr. Hathaway gives some details of Lyly’s debt to Chaucer
in this respect, and maintains that Lyly  ‘studied his alchemy
almost altogether in the Chanouns Yemannes Tale.’
For fuller notes on Lyly’s debt to Chaucer, see Lyly’s
Works, ed. R. Warwick Bond, biographical appendix, vol. i,
p. 401, of which the above is a summary.]",,"criticism,influence,",en
part4_p42_a1,Vol.3,Part IV,p42,1578.,1578,high,"[Procter], T[homas].",medium,Thomas Proctor,male,262532336,"The Louer in the prayse of his beloued, etc. [in] A gorgious Gallery of gallant Inuentions.","[No early ed. in B.M.] (Three Collections of English Poetry [ed. Sir Henry Ellis], Roxb. Club, 1844, sign. G. iv b.)","[Rollins 32.]
Nor shee whose eyes did pearce true Troylus brest,
And made him yeeld, that knew in loue no law...
[This allusion is unmistakably to Chaucer's Troilus.
There are many other allusions in this work to Troilus
and Cressida, most of them, however, written with the
Testament in mind.]",,"works,otherSeparateWorks,troilus",en
part4_p43_a1,Vol.3,Part IV,p43,1580.,1580,high,Unknown.,low,Unknown,,,"A Complaint (by “Troylus"") and ""A Replye"" (by “Cressida ""),","[a ballad in two parts printed in 1580 edn. (not in B. M.) of] The Paradyce of daynty deuyses. [Not in the 1st edn. of 1578.] (Ed. Sir E. Brydges, 1812, pp. 100-102; W. C. Hazlitt's Complete Poems of George Gascoigne, vol. ii, pp. 331-333.)","[Rollins 34.]
[This ballad was very probably “A proper ballad Dialoge
wise betwene Troylus and Cressida"" which Edward White
registered for publication on June 23, 1581 (Arber's Tran¬
script, vol. ii, p. 394). It has some interest as showing the
popular conception of Cressida, though most of its details are
borrowed from Henryson rather than from Chaucer.]",,"works,otherSeparateWorks,troilus",en
part4_p43_a2,Vol.3,Part IV,p43,[c. 1582.],[c. 1582],low,Unknown.,low,Unknown,,,The Rare Triumphes of Loue and Fortune.,"Plaide before the Queenes most excellent Maiestie [between Christmas 1581 and Feb. 1582]. At London. Printed by E. A. for Edward White... 1589. (Dodsley’s Old Plays, ed. Hazlitt, vol. vi, p. 155.)","[Rollins 35.]
Enter the show of Troilus and Cressida.
MERCURY [speaks:]
Behold, how Troilus and Cressida
Cries out on Love, that framed their decay.","[The unique copy of the original is the Bridgewater-Huntington, and is in America.]","works,otherSeparateWorks,troilus",en
part4_p43_a3,Vol.3,Part IV,p43,[1584-88.],[1584-88],medium,"[Puttenham, George.]",medium,George Puttenham,male,12653680,"The Arte of English Poesie,","1589, p. 69. (Ed. Arber, 1869, p. 97.)","[Rollins 41.]
... blind harpers or such like tauerne minstrels that
giue a fit of mirth for a groat, & their matters being for the
most part stories of old time, as the tale of Sir Topas, the
reportes of Beuis of Southampton,... & such other old
Romances or historicall rimes, made purposely for recreation
of the common people...","[See also above, pt. i, p. 125.]",,en
part4_p44_a1,Vol.3,Part IV,p44,1584.,1584,high,"Tomson, I.",high,John Tomson,male,,The Louer complaineth the losse of his Ladie,"[a poem in] A Handefull of pleasant delites, by Clement Robinson, and diuers others, sign. B 8 b. (Spenser Society reprint, 1871. p. 32.)","If Venus would grant vnto me,
[Rollins 36.]
As she did vnto Troylus,
such happinesse:
By help of his friend Pandarus,
To Cressids loue who worse,
Than all the women certainly
Whose slight falsed faith, the storie saith,
That euer liued naturally,
Did breed by plagues, her great & sore distresse,
For she became so leprosie,
That she did die in penurie.
Because she did transgresse.
[The first few lines of this passage certainly refer to
Chaucer's own poem: there is no Pandar in Henryson.]",,"works,otherSeparateWorks,troilus",en
part4_p44_a2,Vol.3,Part IV,p44,1584.,1584,high,Unknown.,low,Unknown,,,"A warning for Wooers, [and] The Louer being wounded with his Ladis beutie, requireth mercy,","[poems in] A Handefull of pleasant delites, sign. C 7 a, D 4 b. (Spenser Society reprint, pp. 45, 56.)","[Rollins 37.]
[p. 56]
The wofull prisoner Palemon,
And Troylus eke kinge Pyramus sonne,
Constrained by loue did neuer mone:
As I my deer for thee haue done.",,"works,otherSeparateWorks,troilus",en
part4_p44_a3,Vol.3,Part IV,p44,[1585-1590?],[1585-1590?],low,"Harvey, Gabriel.",high,Gabriel Harvey,male,3250080,MS. notes,"in Gabriel Harvey's handwriting, in his copy of The mathematical Iewel, [by John Blagrave, 1585. [B.M., C. 60. o. 7.] (Gabriel Harvey’s Margin alia, ed. G. C. Moore Smith, Stratford-upon-Avon, 1913, p. 211.)","MS. notes in Gabriel Harvey's
handwriting, in his copy of The mathematical Iewel, [by John
Blagrave, 1585. [B.M., C. 60. o. 7.] (Gabriel Harvey’s Margin¬
alia, ed. G. C. Moore Smith, Stratford-upon-Avon, 1913, p. 211.)
[On preliminary page headed ‘Margarita Mathematica,’ in
Harvey's handwriting:]
Chawcers Conclusions of the Astrolabie, still in esse.
Pregnant rules to manie worthie purposes.",,,en
part4_p44_a4,Vol.3,Part IV,p44-45,[c. 1586.],[c. 1586],low,"Sidney, Sir Philip.",high,Philip Sidney,male,71397821,"[A sonnet,","first printed in] Works, 1598, p. 479. (Elizabethan Sonnets, ed. Sir Sidney Lee, in An English Garner, 1904, 2 vols., vol. i, p. 120.","[Rollins 38.]
Are poets then, the only lovers true?
Whose hearts are set on measuring a verse;
Who think themselves well blest, if they renew
Some good old dump, that Chaucer’s mistress knew...",,,en
part4_p45_a1,Vol.3,Part IV,p45,1586.,1586,high,"Whetstone, George.",high,George Whetstone,male,52492054,"The English Myrror,","Lib. 3, ch. 7, p. 235.","[Rollins 39.]
I haue in many places of my booke shewen sundrie ex¬
amples of their [i.e., husbandmen's] vnconstancie, and
therefore heere will onely set down what CHAUSER writeth
of their dispositions vnder.
O sterne people, vniust, and vntrue,
Ay vndiscreete, and chaunging as a fane,
Delyting euer in rumours that be new:
For like the Moone you euer wax and wane,
Your reason halteth, your iudgement is lame
Your dome is false, your constance euil preueth.
A ful great foole is he that on you leueth.
[Clerkes Tale, ll. 995-1001.]",,,en
part4_p45_a2,Vol.3,Part IV,p45,1588.,1588,high,"Dale, Valentine.",high,Valentine Dale,male,90497487,Letter to Lord Burghley.,"June 21, 1588. (Record Office MS. Quoted by J. L. Motley in The United Netherlands; Works, 1904, 9 vols., United Netherlands, vol. ii, p. 451.)","In the meantime, as the wife of Bath saith in Chaucer by
her husband, we owe them [the King of Spain’s Commis¬
sioners] not a word.",,,en
part4_p45_a3,Vol.3,Part IV,p45-46,[1589-1603.],[1589-1603],medium,"Shakespeare, William.",high,William Shakespeare,male,96994048,Influence of Chaucer.,,"[Although Shakespeare never refers to Chaucer by name,
and only once to the title of one of his works (the House of
Fame, in Titus Andronicus, see under 1589-90, above pt. i,
p. 131), yet there are many indications that he knew Chaucer
and was indebted to him. For literature on this subject, see
J. H. Hippisley in Chapters on Early English Literature,
1837, pp. 60-72; J. W. Hales in Quar. Review, Jan. 1873;
W. W. Lloyd in Critical Essays on Shakespeare, 1875; W.
Hertzberg in Shakespeare Jahrbuch, 1871, pp. 201-209;
O. Ballmann in Chaucers einfluss auf das englische drama,
Anglia, xxv, 1902; G. Sarrazin in Anglia, Beiblatt, vii, p. 265;
R. A. Small in The Stage Quarrel, Forschungen zur eng.
sprache, E. Kölbing, Heft I, 1899; E Stache in Das Ver¬
hältniss von Shakespeare’s Troilus und Cressida zu Chaucer's
gleichnamigen Gedicht, progr. des Realgymn. zu Nord¬
hausen, reviewed in Anglia, Beiblatt, 1894, p. 269; H. R. D.
Anders in Shakespeare’s Books, Berlin, 1904, chap. 3;
H. Ord, Chaucer and the Rival Poet in Shakespeare's
Sonnets, 1921.
In addition to the four Shakesperian references given
ante (under 1589-90, 1596-7, 1599, 1610-11), the following
may be specially noted.
[1593-4.] Lucrece.
‘And fellowship in woe doth woe assuage
As palmers' chat makes short their pilgrimage.’
This is a possible allusion to the C. Tales. For other
Chaucer resemblances in this poem, see O. Ballmann in
Anglia XXV, pp. 10-13, and G. Sarrazin in Anglia, Beibl.
vii, p. 266.
[1593-4.] A Midsummer-Night's Dream certainly shows
knowledge of the Theseus-Hippolyta part of Chaucer's
Knight’s Tale. See Chapters on Early English Literature,
by J. H. Hippisley, pp. 60-2, also Quarterly Review, Jan.
1873, p. 249, and O. Ballmann in Anglia, XXV, pp. 5-9.
[1603.] Troilus and Criseyde.
Shakespeare undoubtedly used Chaucer’s poem as a main
source of his Troilus story; see specially on this point,
R. A. Small in the Stage Quarrel, Forschungen zur eng.
sprache, Heft. I, 1899, pp. 154-6. Dr. Small holds that 'the
whole character of Pandarus.. is taken directly from
Chaucer’s japing Pandarus,’ that Shakespeare’s play ‘follows
the order of Chaucer’s story exactly, contains many passages
obviously suggested by it... and owes to it one aspect of
the character of Troilus.’ See also Critical Essays on
Shakespeare, by W. W. Lloyd, 1875, pp. 322-6.]",,"criticism,influence,",en
part4_p46_a1,Vol.3,Part IV,p46,1592.,1592,high,"Jeffes, Abel.",high,Abel Jeffes,male,,Entry in the Register of the Stationer’s Company of Chaucer’s Works.,"(A Transcript of the Registers, etc., ed. by E. Arber, 1875-94, 5 vols., vol. ii, p. 621.)","[Rollins 42.]
vjᵗᵒ die Octobris. Abell Jeffes. Entred for his copie
... Chaucers workes to Print for the companye.
[For the transfer of this licence to Adam Islip see below,
1594, Islip.]",,,en
part4_p46_a2,Vol.3,Part IV,p46-47,1594.,1594,high,"Islip, Adam.",high,Adam Islip,male,232583627,Entry in the Register of the Stationers' Company of Chaucer's Works.,"(A Transcript of the Registers, etc., ed. by. E. Arber, 1875-94, 5 vols., vol. ii, p. 611.)","XX° die Decembris. Adam Islip. Entred to him for his
copie to printe for the companye. Chawcers workes... by
the appointment of Abell Jeffes, to whom this copie was
first entred, and yf hereafter there be any Comentary or
other thinge written upon the same booke then the same
Adam shall have the offer of the same.
[For Jeffes's entry see above, App. A, 1592.]",,,en
part4_p47_a1,Vol.3,Part IV,p47,1594.,1594,high,"Percy, William.",high,William Percy,male,24926303,Sonnets to the Fairest Cœlia.,"Sonnet viii. (Elizabethan Sonnets, ed. Sir Sidney Lee, in An English Garner, 1904, 2 vols., vol. ii, p. 145.)","Strike up, my Lute...
Rehearse the songs of forlorne amor’us
Driv’ne to despaire by dames tyrannicall,
Of Alpheus losse, of woes of Troilus...",,"works,otherSeparateWorks,troilus",en
part4_p47_a2,Vol.3,Part IV,p47,1595.,1595,high,"Churchyard, Thomas.",high,Thomas Churchyard,male,20025747,"A Praise of Poetrie,","[in] A Musicall Consort of Heauenly harmonie... called Churchyards Charitie. [No old ed. in B.M.] (Frondes Caducae, vol. iv, 1817, p. 40.)","[Rollins 43.]
Of heauenly things that earthly men
Can scarcely vnderstand
Did not our Chausers golden pen
(That beautifide this land)
Reach to the sunne and highest star
And toucht the heauens all
A poets knowledge goes so far
That it to mind can call.
[See also above, pt. i, p. 141. “The Author to his
booke"" (at the end of Churchyards Charitie) begins “Go
now plaine booke, where thou maist welcom find,"" possibly
in imitation of Troilus, v, st. 256.]",,,en
part4_p47_a3,Vol.3,Part IV,p47,1596.,1596,high,"Lodge, Thomas.",high,Thomas Lodge,male,36998894,"Wits Miserie, aud the Worlds Madnesse,","sign. F iij b. (Works, ed. Hunterian Club, 1879, vol. iv, p. 44.)","[Rollins 44.]
She [Cousenage] is the excellent of her age at a ring & a
basket: & for a baudie bargain, I dare turne her loose to
CHAUCER'S Pandare.",,"works,otherSeparateWorks,troilus",en
part4_p47_a4,Vol.3,Part IV,p47,1596.,1596,high,"Spenser, Edmund.",high,Edmund Spenser,male,100170015,"The Faerie Queene,","bk. vi, canto 3, st. i.","True is, that whilome that good poet sayd,
The gentle mind by gentle deeds is knowne.
[Wife of Bath's Tale, l. 1170.]",,,en
part4_p48_a1,Vol.3,Part IV,p48,1596.,1596,high,"W., D.",low,Unknown,,,"[Verses] To the Author,","[in] Sir Francis Drake, His Honorable lifes commendation, and his Tragicall Deathes lament ation [by Charles FitzGeffrey], sig. A 4 recto, st. 3.","[Rollins 46.]
Old GEFFREY CHAUCER, Englands auncient Muse,
And mirrour of the times that did ensue,
Yeelded to death, that nere admits excuse;
But now in thee he seemes to live anewe,
(If grave Pythagoras sage sawes be true :)
Then sith old GEFFREY’S spirite lives in thee,
Rightlie thou named art FITZ-GEFFERY.","[For another example of this conceit applied to FitzGeoffrey, see above, pt. i, p. 216, Haxby, 1636.]",,en
part4_p48_a2,Vol.3,Part IV,p48,1597.,1597,high,"Gerarde, John.",high,John Gerard,male,67535040,"The Herball,","bk. ii, p. 424.","The first kinde, of Pennywoort ... groweth vpon West¬
minster Abbay, ouer the doore that leadeth from Chaucer
his tombe to the olde palace.",,,en
part4_p48_a3,Vol.3,Part IV,p48,1598.,1598,high,"Harington, Sir John.",high,John Harington,male,64819700,"The Most Elegant and Wittie Epigrams of Sir John Harington, Knight,","[written about 1598, printed 1633] bk. i, ep. 8.","[Rollins 47.]
Chawcers jest.",,,pl
part4_p48_a4,Vol.3,Part IV,p48-52,[1598-1600?],[1598-1600?],low,"Harvey, Gabriel.",high,Gabriel Harvey,male,3250080,MS. notes,"MS. notes in Gabriel Harvey's handwriting, in his copy of ‘The Workes of... Geffrey Chaucer, newly Printed,’... 1598. [Speght’s first edn. of Chaucer.] (Gabriel Harvey’s Marginalia, collected and edited by G. C. Moore Smith, 1913, Appendix II, pp. 224-34.)","[p. 226] [At end of Chaucer's Life:—]
Amongst the sonnes of the Inglish Muses; Gower, Lid¬
gate, Heywood, Phaer, & a fewe other of famous memorie,
ar meethinkes, good in manie kindes : but abooue all other,
Chawcer in mie conceit, is excellent in euerie veine, &
humour : & none so like him for gallant varietie, both in
matter, & forme, as Sir Philip Sidney...
On 'Arguments to euery Tale and Booke,’ on ‘The Argu¬
ment to the Prologues' [written by Speght].
Pleasant interteinement of Time, with sociable intercourse
of Tales, stories, discourses, & merriments of all fashions,
Gallant varietie of notable veines, & humors in manie kinds,
supra to his loouing frend, concerning his obseruation of the
[p. 227] art of Decorum in his Tales. A fine discretion in the
autor : & a pithie note in the Censor, utrumque scitum.
[Speght, in this ‘Argument,’  remarks on Chaucer's decorum' in speech (see below,
App. A. 1598). Francis Beaumont, who, in his prefatory letter, signs himself
Speght’s ‘loving friend,’ asserts also that Chaucer observes decorum in suiting his
speeches and storles to his characters (see above, vol. i. p. 146), hence Harvey's
remark. ]
[On ‘The Knighis Tale,’ on the words ‘deeds of Armes,
and loue of Ladies:’—]
Heroical pageants.
[On ‘The Millars tale:’—]
Comical tricks. The Prior disguised like a scull, shame¬
fully discouered, in the new Canterburie Tales.
[On ‘The Reues Tale:’—]
Such a reueng vpon Marian of Cherryhynton, bie Sir
Rowland of Peters hostell in Cambridg. In the new
Canterburie Tales, called The Cobler of Canterburie. A
Tragedie for a Comedie.
Tria grata; Nouitas, Varietas, breuitas.
[On ‘The man of Lawes Tale:’—]
Courtlie practises.
[On ‘The Squiers Tale:’ —]
Heroical, & magical feates.
[On ‘The Merchaunts Tale’:——]
Comical.
[On ‘The Fryars Tale,’ on the words 'inuective against
the briberie of the spirituall Courts’:—]
Ecclesiastical iurisdiction, J.C.
[On ‘The Somners Tale’:—]
An od iest in scorne of friars.
[On ‘The Clarke of Oxfords Tale’:—]
Moral, & pathetical.
this tale seemeth a contention in curtesie’:—]
[On ‘The Frankelins Tale,’ on the words ‘The scope of
A generous Emulation. Magical feates bie the way.
[On ‘The second Nonnes Tale’:—]
An Ecclesiastical Legend. The life of S. Crispin, in
honour of the gentle Craft, for varietie. The lines of
[p. 228] [On ‘The Chanons Yeomans Tale’:—]
Eunapius, Philostratus, or such like.
A chymical discourse, & discouerie of a cunning im¬
postour. One of Axiophilus memorials: with that lost
labour of Aurelius. Two notable discourses of cunning
withowt effect.
G. C. Moore Smith, p. 306. Aurelius is the squire in the Frankeleynes Tale.]
[‘Axiophilus' is probably Harvey himself, see Gabriel Harvey’s Marginalia, ed.
[On ‘The Shipmans Tale’:—]
The Smithes Tale, in the new Canterburie Tales. A
iealous Cobler, cunningly made a Cuckold. In the Cobler's
Tale, the Eight orders of Cuckholds. Cuckhold Machomita.
Heretick. Lunatick. Patient. Incontinent. Bie con¬
sent. Bie parlament. Innocent.
[On ‘Chaucers Tale’:—]
Morall.
[On ‘The Monkes Tale’, on the words ‘A Tragicall
discourse on such as haue fallen from high estate to extreame
miserie’:—]
The Mirrour of Magistrates.
[On ‘The Manciples Tale’:—]
No Tales like the Tales of Cunning Experiments, or
straung exploits, or queint surprises, or stratagems, or
miracles, or sum such rare singularities.
[On ‘The Persons Tale’:—]
Moral and penitential. The last of his Canterburie
Tales, with Lidgates tragical storie of Thebes.
[On ‘Troylus and Creseid’:—]
A peece of braue, fine & sweet poetrie. One of Astrophils
Cordials.
[This alludes to Sidney’s criticism. q. v. above, vol. i, pp. 121-2, 1581.]
[p. 229] [On ‘The Legend of good women’:—]
Heroical & Tragical Legends.
[On ‘The Astrolabe’:—]
An astronomical discourse.
[On ‘The Testament of Loue’:—]
A philosophical discourse in the Veine of Boetius, &
sumtime of Seneca.
[After ‘Finis’:—]
All notable Legends in one respect, or other: & worthie
to be read, for theire particular invention, or elocution:
& specially for the varietie both of matter, & manner, that
delightes with proffit, & proflites with delight. Though I
could haue wisshed better choice of sum arguments, and
sum subjects of more importance.
. . . . . . . . . .
[On the text of the poems:—]
[‘The Millers Tale’:—]
A student of Astrologie.
[‘The Squiers Tale’:—]
The Spring: vt supra infra.
Cunning Compositions bie Natural Magique.
[‘The Frankeleins Tale’.—]
A cunning man, & arch-magician.
[‘The Tale of the Chanons Yeman’:—]
Alchymie.
The great Alchymist.
[‘The Tale of the Nonnes Priest’:—]
The spring. The prime of day.
[‘The Parsons Prologue’:—]
The description of the howre. ut supra 17.
Contritio cordis.
[‘The Romant of the Rose’:—]
Excellent descriptions of Beautie. Richesse. Largesse.
[p. 230] Fine Optiques.
Jelosies architecture.
['The Fifth Booke of Troilus’:—]
A cold spring.
[‘The Prologue' (to the Legend of Good Women):—]
The daisie, his looue.
The Golden Legends of famous Ladies and Worthie
Woomen.
Chaucer's Works in honour of Woomen.
 . . . . . . . . . .
[p. 281]
[At the end of the poems :—]
Not manie Chawcers, or Lidgates, Gowers, or Occleues,
Surries, or Heywoods, in those dayes: & how few Aschams
or Phaers, Sidneys or Spensers, Warners or Daniels,
Siluesters or Chapmans, in this pregnant age. But when
shall we tast the preserued dainties of Sir Edward Dier,
Sir Walter Raleigh, M. Secretarie Cecill, the new patron
of Chawcer; the Earle of Essex, the King of Scotland,
the soueraine of the diuine art; or a few such other refined
wittes & surprising spirits ?
. . . . . . . . . .
More of Chaucer, & his Inglish traine in a familiar discourse
of Anonymus [= Harvey ?].
[p. 232] And now translated Petrarch, Ariosto, Tasso & Bartas
himself deserue curious comparison with Chaucer, Lidgate
& owre best Inglish, auncient & moderne.","[There are a good many notes in this book; Professor Moore Smith gives them in full. Only those bearing directly on Chaucer or his work are printed here. There are difficulties in fixing with any certainty the dates of these notes. Probably they were written at different times between 1598, when Speght’s Chaucer came into Harvey's possession (as proved by his autograph with date), and 1600 or even 1608. This latter date might be the earliest possible for the note on the Shipman’s Tale, where Harvey quotes from the 1608, not the 1590, edition of the Cobler of Canterburie. As, however, the book was licensed on June 12, 1600, there may have been an inter mediate edition in that year. For a full discussion of the date of Harvey’s notes, with the views of Bishop Percy and Edmund Malone, see Gabriel Harvey's Marginalia, ed. G. C. Moore Smith, 1913, Preface, pp. viii-xi, and Notes, p. 304.]","works,otherSeparateWorks,troilus",en
part4_p4_a1,Vol.3,Part IV,p4,[c. 1420?],[c. 1420?],low,Unknown.,low,Unknown,,,Inscription,"on MS. Cotton Galba E., ix, fol. 1b. [Quoted in J. Hall’s Poems of Laurence Minot, 1914, p. vii.] [Rollins 1.]","Chaucer, Exemplar emendate scriptum.",,,en
part4_p4_a2,Vol.3,Part IV,p4,1430.,1430,high,"Lydgate, John.",high,John Lydgate,male,22158282,Fall of Princes.,,"He wrot also / ful many a day agone,
Dante in ynglyssh / hym-sylff so doth expresse,
The pitous story of Ceix and Alcyone...","[See pt. i, p. 88. We believe thut Professor Kittredge has pointed out, though not in print, that Lydgate here does not say that Chaucer wrote ""Dante in English,"" but is merely calling Chaucer ""our English Dante,"" and repeating Chaucer's own statement in Prol. L.G.W. that he had written Ceyx and Alcyone. In any case the Hous of Fame is far more French than Italian.]","manuscripts,,",en
part4_p4_a3,Vol.3,Part IV,p4,[c. 1444.],[c. 1444],low,"[Lydgate, John.]",medium,John Lydgate,male,22158282,Poem on the truce of 1444.,Comoun Astrologeer...,"[See pt. i,p. 46. Professor Tatlock points out that this phrase for the Cock is from Troilus, iii, 1415.]",,,en
part4_p4_a4,Vol.3,Part IV,p4-5,[c. 1445?],[c. 1445?],low,"[De la Pole, William, Duke of Suffolk?]",low,"William de la Pole, 1st Duke of Suffolk",male,72923429,"How the louer ys sett to serve the floure,","stanzas 3 and 4. MS. Fairfax 16, Bodleian Library, fol. 326. [Printed by Dr. H. N. MacCracken in Publica tions of the Modern Language Association of America, vol. xxvi, No. 1, March 1911, p. 169.]","So wolde god, that my symple connyng
Ware sufficiaunt this goodly flour to prayse,
For as to me ys non so ryche a thyng
That able were this flour to countirpayse,
O noble Chaucer, passyd ben thy dayse,
Off poetrye ynamyd worthyest,
And of makyng in alle othir days the best.
Now thou art gon, thyn helpe I may not haue;
Wherfor to god I pray, ryght specially,
Syth thou art ded, and beryde in thy graue,
That on thy soule hym lyst to haue mercy.
And to the monke of bury now speke I,—
For thy connyng, ys syche, and eke thy grace,
After Chaucer to occupye his place.
[For the question of authorship see the article by Dr.
H. N. MacCracken referred to above, An English Friend
of Charles of Orléans, in Publications of the Modern Lan¬
guage Association of America, vol. xxvi, pp. 142 et seq. Dr.
MacCracken thinks Suffolk was the translator of Charles
d’Orléans’s poems (MS. Harleian 682). With regard to the
Chaucer reference in these English poems in the Roxburghe
edn., see above, pt. ii, sect. i, p. 167, 1827, Taylor.]",,,en
part4_p52_a1,Vol.3,Part IV,p52-53,1598.,1598,high,"Speght, Thomas.",high,Thomas Speght,male,6351462,"The Workes of our Antient and lerned English Poet, Geffrey Chaucer.",[Additional extracts.],"[Sign. e. iiii.] Arguments to every Tale and Booke. [48 in all.]
The Argument to the Prologues–
The Authour in these Prologues to his Canterbury Tales,
doth describe the reporters thereof for two causes : first, that
the Reader seeing the qualitie of the person, may iudge of his
speech accordingly : wherein Chaucer hath most excellently
kept that decorum, which Horace requireth in that behalfe.
Secondly to shew, how that euen in our language, that may
be perfourmed for descriptions, which the Greeke and Latin
Poets in their tongues haue done at large. And surely this
Poet in the iudgement of the best learned, is not inferiour to
any of them in his descriptions, whether they be of persons,
times, or places. Vnder the Pilgrimes, being a certaine
number, and all of differing trades, he comprehendeth all
the people of the land, and the nature and disposition of
them in those daies; namely, giuen to deuotion rather of
custome than of zeale. In the Tales is shewed the state
of the Church, the Court, and Countrey, with such Arte and
cunning, that although none could deny himselfe to be
touched, yet none durst complaine that he was wronged.
For the man being of greater learning then the most, and
backed by the best in the land, was rather admired and
feared, then any way disgraced. Whoso shall read these
his works without preiudice, shall find that he was a man of
rare conceit and of great reading.
. . . . . . . . . .
[Sign. c. v.]
The Plowman's Tale.
A complaint against the pride and couetousnesse of the
cleargie: made no doubt by Chaucer with the rest of the
Tales. For I haue seene it in written hand in Iohn Stowes
Library in a booke of such antiquity, as seemeth to haue
beene written neare to Chaucers time.
[Sign c. v b.]
The Legend of Good Women.
For that some Ladies in the Court tooke offence at Chaucers
large speeches against the vntruth of women, the Queene
enioyned him to compile this booke in the commendation of
sundry maydens and wiues, who shewed themselues faithfull
to faithlesse men.
[In the second edn. of Speght’s Chaucer, 1602, these
‘Arguments' were removed from their place immediately
after the ‘Life,' and placed at the beginnings of the
respective works.]",,"works,canterburyTales,criticism",en
part4_p53_a1,Vol.3,Part IV,p53,1599.,1599,high,"Dekker, Thomas, and Chettle, Henry.",high,"Dekker, Thomas, and Chettle, Henry.",male,,Troilus and Cressida,"[“Troyeles & creassedaye,"" ""Troyelles & cresseda,” a play men tioned in Henslowe's Diary (ed. W. W. Greg., vol. i, pp. 104, 109) on April 7 and 16, 1599.]","[Rollins 48.]
[Probably indebted to Chaucer's Troilus. A rough plot
preserved among the Henslowe Papers (ed. Greg., p. 142),
shows clearly enough that the Testament of Cresseid was
used.]",,"works,otherSeparateWorks,troilus/works,otherSeparateWorks,troilus",en
part4_p54_a1,Vol.3,Part IV,p54,[n.a. 1600.],[n.a. 1600],low,"[Moore, Paul?]",low,"[Moore, Paul?]",male,,"The Wanton Wife of Bath. To the tune of Flying Fame, &c.","[Ballad.] Percy’s Reliques, ed. 1765, Bk. II, No. 12; ed. 1767, III, 145; the Ballad Society’s Roxburghe Ballads, VII, 212. Cf. also No. 79, below.","[Rollins 49.]
In Bath a wanton Wife did dwell,
As Chaucer he doth write,
Who did in pleasure spend her dayes,
And many a fond delight.
[The following entry appeared in the Stationers' Registers
(Arber's Transcript, vol. ii, p. 831) on]
25. Junij [1600.]
Yt is ordered touchinge a Disorderly ballad of the wife
of Bathe, printed by Edward aldee and william white and
sold by Edward white: That all the same ballates shalbe
brought in and burnt/ And that either of the printers
for theire Disorders in printinge yt shall pay vˢ A pece
for a fine. And that master white for his offence and
Disorder in sellinge it shall pay xˢ for a fine. XXˢ.
And ther Imprisonment is respited till another tyme/
[The ballad, then, is as least as old as 1600. It is also
interesting to observe that on June 24, 1632, Henry
Goskin, of London, was summoned before the Court of
High Commission for printing this ballad, “wherein the
histories of the Bible are scurrilously abused,"" and was
sent to Bridewell.—See J. S. Burns's High Commission,
London, 1865, p. 47, and S. R. Gardiner’s Reports, Camden
Society, 1886, p. 314.
It was frequently reprinted, and more than once re¬
written and enlarged. It describes the Wife of Bath’s
journey to Heaven and her retorts to the Biblical characters
who refuse her admittance. For a Scotch version, “The
Wanton Wife of Beith,"" see above, 1700, vol. i, p. 288.
The authorship is attributed to Paul Moore in a MS.
copy written in the Huth (now B.M.) copy of Phillips’
‘Satyr against Hypocrites,' 1655; but this may refer only
to a contemporary version of the ballad.
The earliest extant printed text is a sheet printed for
W. Thackeray, about 1670.]",,,en
part4_p54_a2,Vol.3,Part IV,p54-55,1600.,1600,high,"Thynne, Francis.",high,Francis Thynne,male,18317699,"Emblemes and Epigrams,","epigram 61. [The autograph MS. has dedication dated 1600. (Ed. F. J. Furnivall, E.E.T.S., 1876, p. 82.)","[Rollins 51.]
ffor in this cottage rurall muse doth reste;
here dwelleth Cherill, and Topas the Knighte,",,,en
part4_p55_a1,Vol.3,Part IV,p55,[1600?],[1600?],low,Unknown.,low,Unknown,,,A ballad of Cresus,"[i.e. Cressida; in the Percy Folio MS.] (Ed. Hales and Furnivall, vol. iii, pp. 301-2.)","[st. 1]
Cressus : was the ffairest of Troye,
[Rollins 50.]
whom Troylus did loue!
the Knight was kind, & shee was coy,
no words nor worthes cold moue,
till Pindaurus soe playd his part
that the Knight obtained her hart...",,"works,otherSeparateWorks,troilus",en
part4_p55_a3,Vol.3,Part IV,p55,1602.,1602,high,"Scott, Robert, Junior Dean of Trinity College, Cambridge.",high,"Scott, Robert, Junior Dean of Trinity College, Cambridge.",male,,Sermon,"[quoted by John Manningham in his Diary for 1602, (ed. J. Bruce, Camden Soc., 1868, p. 11).]","All our new corne comes out of old feilds, and all our
[Rollins 52.]
new learning is gathered out of old bookes. (Chaucer.)
[Parl. Foules, ll. 22-25.]",,,en
part4_p55_a4,Vol.3,Part IV,p55,1603.,1603,high,"H[arsnet], S[amuel].",medium,Samuel Harsnett,male,72198248,"A Declaration of egregious Popish Impostures,","pp. 12, 25.","[Rollins 53.]
[p.12] Trayford cryes out by the way water, water, as the Frier
[sic] did that by Absolon in Chawcer was scalded.  ...
[Milleres Tale, Il. 620 T.]
[p. 25] [""Cressida,” meaning a mistress.]","[See also above, vol. i, p. 178.]","works,otherSeparateWorks,troilus",en
part4_p56_a1,Vol.3,Part IV,p56,[1603?],[1603?],low,"Shakespeare, William.",high,William Shakespeare,male,96994048,Troilus and Cressida,"[written about 1603. For Shakespeare’s debt to Chaucer see H. E. Rollins, “The Troilus-Cressida Story from Chaucer to Shakespeare,"" in the Publications of the Modern Language Association of America, Sept. 1917, vol. xxxii, pp. 383-429].",,,"works,otherSeparateWorks,troilus/works,otherSeparateWorks,troilus",N/A
part4_p56_a2,Vol.3,Part IV,p56,[c. 1604.],[c. 1604],low,"[Fowler, William?]",low,William Fowler,male,75950746,[The Laste Epistle of Creseyd to Troyalus.],"(Works, ed. H. W. Meikle, Scottish Text Society, 1914, vol. i, pp. 379-387.)","[Rollins 54.]
[This curious poem aims at completing Henryson's Testa¬
ment, to which it is chiefly indebted. It retells Henryson's
story, with various borrowings from Chaucer and, apparently,
from Lydgate’s Troy Book.]",,"works,otherSeparateWorks,troilus",en
part4_p56_a3,Vol.3,Part IV,p56,1604.,1604,high,Unknown.,low,Unknown,,,"A Pleasant Comoedie, Wherein is merily shewen : The wit of a Woman,","sig. E 4b (Malone soc. reprint, 1913, ll. 1154, 5).","[Rollins 55.]
Issa[bella]. Is not this a prettie world? Ianuary and
May make a match.",,,en
part4_p56_a4,Vol.3,Part IV,p56,[1605.],[1605],medium,"[Bedell, William, Bishop?]",low,William Bedell,male,154145857937023021587,The Shepherd's Tale of the Pouder-Plott. A Poem in Spenser’s Style.,"[Written in 1605, printed in 1713, as “A Protestant Memorial, or The Shepherd’s Tale,” etc.]","[Alexander Clogie, in his Speculum Episcoporum (q.v.
below, [c. 1675-6]) attributes this poem to Bishop Bedell,
and says that it is “conceived in the old dialect of Tusser
and Chaucer."" The pastoral dialogue is imitated from
Spenser; the tale may possibly be considered to be imitated
from Chaucer; it is in very rough couplets: e. g.]
In Italy (mought I tell it right)
An ancient City stands that Rome hight;
Who hath not heard by Report of Fame,
Wide in the World of this Rome the Name?",,,en
part4_p57_a1,Vol.3,Part IV,p57-60,1606.,1606,high,"[Chapman, George?]",low,George Chapman,male,41879013,Influence of Chaucer on the author [George Chapman ?] of Sir Gyles Goosecappe.,"Notes by Professor G. L. Kittredge on Sir Gyles Goosecappe in “Notes on Elizabethan Plays,"" in the Journal of Germanic Philology, vol. ii, 1898, pp. 10-13.","[The source of the plot is the first 3 books of Chaucer's
Troilus and Criseyde.] It is sufficiently curious to see the
skill with which the anonymous playwright has adapted his
original to the fashions of Elizabethan comedy conversation.
Act i, sc. 4 (pp. 21-28) contains the confession of Clarence
(in reply to protestations of long-standing friendship on
the part of Monford) that he is in love with Monford’s
niece Eugenia. The narrative corresponds in general to
Troilus, i, 547-1071, but it is much condensed and shows
few, if any, verbal resemblances. Act ii, sc. 1 contains the
visit of Monford to his niece’s house. The agreement here
is closer. One has but to read Troilus ii. 78 ff. to recognize
the source of the scene.]
Sir Gyles Goosecappe.
Troilus.
Mom. I, and I could tell you
'As ever thryve I,' quod this
a thing would make your Lady¬
Pandarus,
ship very dancitive.
p. 32
Yet coude I telle a thing to doon
you pleye.
‘Now uncle dere,’ quod she, ‘tel
Eug. But I pray tell me my
it us
Lord could you tell me of a
For goddes love.’ 2.120-23
thing would make me dance say
'Ye, holy god !""quod she, 'what
you?
p. 32
thing is that?’
2. 127
Mom. Well-farewell, sweet
And with that vord tho Pan¬
Neece, I must needs take my
darus, as blyve,
leave in earnest.
Eug. Lord blesse us, heres
He took his leve, and seyde, ‘I
‘Nay, blame have I, myn uncle,’
wol go henne.’
such a stir with your farewels.
Mom. I will see you againe
quod she, thenne.
within these two or three dayes
What eyleth yow to be thus
a my word Neece.
wery sone,
Eug. Cods pretious, two or
And namelich of wommen? wol
three days? Why this Lord is
Nay, sitteth down; by god, I
ye so?
in a maruallous strange humor.
Sit downe, sweet Vnkle; yfaith
have to done
I have to talke with you about
With yow, to speke of wisdom er
greate matters.
p. 32
ye go.’
2. 208-14
. . . . . . .
[pp. 32-3 are then compared with Troilus ii. 274-80.]
Mom. Never trust me, if all
‘Good aventure, O bele nece,
things be not answerable to the
have ye
prediction of a most Divine
Ful lightly founden, and ye conne
fortune towards her; now if
it take;
she have the grace to apprehend
And, for the love of god, and
it in the nicke; thers all.
eek of me,
p. 33
Cacche it anoon; lest aventure
slake.’
2. 288-91
Mom. Neece, Clarence, Clar¬
‘Now, nece myn, the kinges
ence, rather my soule than my
dere sone,
friend Clarence, of two sub¬
The goode, wyse, worthy, fresshe
stantiall a worth, to have any
and free,
figures, cast about him (not-
Which alwey for to do wel is his
withstanding, no other woman
wone,
with Empires could stirre his
The noble Troilus, so loveth thee,
affections) is with your vertues
That, bot ye helpe, it wol his
most extreamely in love; and
bane be.’
2. 316-20
without your requitall dead.
p. 33
Eug. Ay me poor Dame, O you
‘This false world, alas! who
amase me Vnkle.
may it leve?
Is this the wondrous fortune
What man may miserable
you presage?
What? is this al the Ioye and
al the feste?
women trust? p. 34
Is this your reed, is this my
Is this the verray meede of your
blisful cas?
beheste.’
2. 420-3
Mom. But now I see how you
accept my motion : I perceive
‘I see ful wel that ye sette lyte
(how upon true triall) you
of us.’
2. 432
esteeme me.
p. 34
In act iii, sc. 2 (pp. 51, 52), Clarence writes a letter at the
suggestion of Monford (cf. Troilus, ii. 1002, 1023 ff.), which
the latter undertakes (p. 54) to deliver to Eugenia. In act
iv. (pp. 57 ff.) Monford delivers the letters:
Eug. What winde blowes you
‘What maner windes gydeth
hether troe?
Mom. Harke you, Madam,
yow now here?’ 2.1104
He seyde hir thus, and out the
the sweet gale of one Clarences
breath, with this his paper
lettre plighte,
sayle blowes me hether. p. 57
‘Lo, he that is al hooley youres
free.
Him recomaundeth lowly to
your grace,
And sent to you this lettre here
by me.’
2. 1120-23
Eug. Aye me, still in that
humour ? beshrewe my heart, if
‘Scrit ne bille,
I take anie Papers from him.
For love of god, that toucheth
swich matere,
p. 57
Ne bring ne noon.’  2. 1130-32
Mom. Kinde bosome doe thou
take it then.
‘Refuse it nought,’ quod he, and
hente her faste,
Eug. Nay then never trust
And in her bosom the lettre
me.
Mom. Let it fall then or cast
doun he thraste,
And seyde hir, ‘now cast it
it away, you were best, that
everybody may discover your
away anoon,
That folk may seen and gauren
love suits, doe, theres somebody
on us tweye.’
neare, you note it. p. 57
Quod she, ‘I can abyde till they
be goon.’
2. 1154-8
Clarence’s letter (pp. 58-61), which should be compared with
[There follows the account of Eugenia's writing a reply to
Troilus ii. 171 ff. The pretended sickness of Troilus
(Troilus ii. 1513 ff., 3. 8 ff.) and the supper at Pandarus's
house (Troilus ii. 554 ff.) are combined in the fifth act, with
some important modifications. A contract of marriage is
made between Eugenia and Clarence, and the play closes
with a ‘measure’ and a song.]",,"criticism,influence,/works,otherSeparateWorks,troilus",en
part4_p5_a1,Vol.3,Part IV,p5,[c. 1445.],[c. 1445],low,Unknown.,low,Unknown,,,Headline to 'Lack of Stedfastness.',,"[In MS. Bodley Hatton 73 there is an older title to Lack
of Stedfastness discovered by Dr. H. N. MacCracken by
applying acid. The revived title reads:]
Geffrey Chauncier sende these Balades to kyng Richard.
[See Modern Language Notes, Nov. 1908, p. 214.]",,"works,otherSeparateWorks,lackSteadfastness",en
part4_p5_a2,Vol.3,Part IV,p5-6,[a. 1450.],[a. 1450],low,Unknown.,low,Unknown,,,"The Tale of Beryn. The Prologue, or the mery adventure of the Pardonere and Tapstere at the Inn at Canter bury.","Duke of Northumberland’s MS.. fol. 188, verso. (Chaucer Society, ed. F. J. Furnivall and W. G. Stone, 1887, p. 22, ll. 680-4. The transcript is taken from this edition, not from the MS.)","Now, quod þe hoost of Southwork [MS. Southword],
& to þe feleshipp bent.
Who sawe evir so feir, or [evir] so glad a day?
And how sote this seson is, entring in to may,
*[When Chauceres daysyes sprynge. Herke eek the
fowles syngyng,]
The thrustelis & the thrusshis, in þis glad mornyng.
[The Tale of Beryn is a supplement to the Canterbury
Tales, and in the prologue Chaucer’s characters (the Pardoner,
Sompnour, Reve, the Clerk, of 'Oxinforth,' the Knyȝt, the
Miller, etc., and the 'Hoost of Southwork') are depicted at
Canterbury, and we see their adventures there. On the way
back they decide not to draw lots as to who shall tell a tale,
and the Merchant offers to tell the tale of Beryn. The
* This line is not in Urry, and was apharently supplied by Dr. Furnivall.
Prologue is thus an indirect appreciation of Chaucer's work,
in its sincerest form, imitation. It opens thus:]
When all this ffressh[e] feleship were com to Cauntirbury,
As ye have herd to-fore, with talys glad & merry,
(Som of sotill centence, of vertu & of love,
And som of othir myrthis, for hem þat hold no store
Of wisdom, ne of holynes, ne of chiualry,
Nethir of vertuouse matere, but [holich] to foly
Leyd wit & lustis all, to such [e nyce] Iapis
As Hurlewaynes meyne in every hegg that capes
Thurgh unstabill mynde,...)
They toke hir In, & loggit hem at mydmorowe, I trowe
Atte “Cheker of the hope"" þat many a man doith knowe.",,"works,spuriousWorks,taleBeryn",en
part4_p60_a1,Vol.3,Part IV,p60,1606.,1606,high,"Craig, Alexander.",high,Alexander Craig,male,24950219,"The Amorose Songes, Sonets, and Elegies:","Of M. Alexander Craige, Scoto-Britane. (Works, Hunterian Club, 1873, pp. 82, 111.)","[Rollins 58.]
[p. 82]
To Lais.
When Cressid went from Troy to Calch[a]s tent,
and Greeks with Troians were at skirmidg hot
Then Diomed did late and aire frequent
Her companie, and Troil was forgot.
[Craig must have had Troilus and Criseyde in mind. See
next quotation.]
[p. 111]
To Lais.
Braue Troilus the Troian stout and true,
As more at length in Chauser wee may find,
Dreamd that a faire White Bull, as did insue,
Had spoyld his Loue, and left him hurt behind...
[Cf. Troilus, v, st. 178, 207 ff.]",,"works,otherSeparateWorks,troilus",en
part4_p60_a2,Vol.3,Part IV,p60,1607.,1607,high,"C., R.",low,Unknown,,,The Epistle Dedicatorie,"[to] A World of Wonders [translated from the French of Henri Estienne], sign ¶ 3.","They [our ancestors] thought him [Herodotus] worthy to
be read at the games of Olympus. These men [i. e. modern
critics] reade him but as a Canterburie tale, to hold children
from play, and old folkes from the chimney corner.",,,en
part4_p60_a3,Vol.3,Part IV,p60,1607.,1607,high,"Dekker, Thomas, and Webster, John.",high,"Dekker, Thomas, and Webster, John.",male,,"West-Ward Hoe,","Act v, sign. G 4b. (Dekker's Plays, ed. Pearson, 1873, vol. ii, p. 348.)","[Rollins 59.]
No remedy trusty Troylus: and it greeues mee as much,
that youle want your false Cressida to night, for heeres no
sir Pandarus to vsher you into your Chamber.",,"works,otherSeparateWorks,troilus",en
part4_p61_a1,Vol.3,Part IV,p61,[1608?],[1608?],low,"Beaumont, Francis.",high,Francis Beaumont,male,49333217,"The Triumph of Honor [the first of] Four Plays or Moral Representations in One,","[first printed in Beaumont and Fletcher’s] Comedies and Tragedies. (Works, ed. A. R. Waller, 1905-12, 10 vols., vol. X, pp. 292, etc.)","[Based on the Frankeleynes Tale, the name of Dorigen
being retained for the heroine. This and the second
Triumph are attributed to Beaumont.]",,"works,canterburyTales,franklinTale",en
part4_p61_a2,Vol.3,Part IV,p61,1609.,1609,high,"Heywood, Thomas.",high,Thomas Heywood,male,76355576,"Troia Britanica: Or Great Britaines Troy, A Poem,","Canto xi, p. 254 n.","[Rollins 60.]
The passages of Loue betwixt Troylus and Cressida, the
reuerent Poet Chaucer hath sufficiently discourst, to whom
I wholy refer you, hauing past it ouer with little circum¬
stance.","[""This passage was kindly copied for me,"" says Professor Rollins, ""by Dr. J. B. Munn, of Harvard.""]","works,otherSeparateWorks,troilus",en
part4_p61_a3,Vol.3,Part IV,p61,[c. 1610.],[c. 1610],low,Unknown.,low,Unknown,,,"Troilus and Cressida,","[a Welsh Play, in MS. Peniarth 106, National Library of Wales].","[For this curious and important work, which is said to
borrow freely from both Chaucer and Henryson, see
J. S. P. Tatlock’s article in the Modern Language Review,
vol. x (1915), pp. 265 ff.]",,"works,otherSeparateWorks,troilus/works,otherSeparateWorks,troilus",en
part4_p61_a4,Vol.3,Part IV,p61,[1611?],[1611?],low,"Davies, John, of Hereford.",high,John Davies,male,100184985,"The Scourge of Folly,","p. 109. (Works, ed. A. B. Grosart, 1875-78, vol. ii, pp. 34, 57.)","[Rollins 63.]
[p. 34]
EPIG. 288 [sic, for 228].
She... loues to bourd, or iest,
(Or as Sir Chaucer tearmes it) with the best.
[p. 57] To my tenderly beloued friend Mr Nicholas Deeble.
Hend Nicholas (quoth Chaucer) kinde to me...
[Milleres Tale.]",,,en
part4_p61_a5,Vol.3,Part IV,p61,1611.,1611,high,"Sydenham, George.",high,"Sydenham, George.",male,,"Note to a Poem in Coryat's Crudities,",sign. F 2b.,"[A coarse phrase in the text is described as “a Chaucerisme.""]",,,en
part4_p62_a1,Vol.3,Part IV,p62,1611.,1611,high,"Sylvester, Joshua.",high,Josuah Sylvester,male,27174221,[Lines interpolated by Sylvester in] Du Bartas his Deuine Weekes and Workes Translated... by Josuah Sylvester.,"Now thirdly corrected & augm., 1611, p. 69. (Complete Works, ed. A. B. Grosart, 1880, vol. i., p. 43). These lines are not in the earlier editions of 16 5 or 1608, but are first in serted in the 1611 edition].","And little Lambe's-Bourn, though thou match not Lers,
Nor had’st the Honor of Du Bartas' Verse,
If mine have any, Thou must needst partake,
Both for thine Owne, and for thine Owner’s Sake;
Whose kinde Excesses Thee so neerely touch,
That Yeerely for them Thou doost weep so much
All Summer-long (while all the Sisters shrink)
That of thy teares a million daily drink;
Besides thy waast which then in haste doth run
To wash the feet of CHAUCER’S Donnington:","[This is quoted in the Gentleman's Magazine, Nov. 1743, q. v. below.]",,en
part4_p62_a2,Vol.3,Part IV,p62,1612.,1612,high,"Johnson, Richard.",high,Richard Johnson,male,22209940,"A New Sonnet of a Knight and a Faire Virgin,","[a ballad, in] A Crowne-Garland of Goulden Roses. (Ed. 1631, 1st in BM; Percy Soc. ed., 1842, pp. 68-71.)","[Rollins 64.]
[Johnson tells the Wife of Bath's Tale, closely following
Chaucer.]",,"works,canterburyTales,wifeBathTale",en
part4_p62_a3,Vol.3,Part IV,p62,1612.,1612,high,Unknown.,low,Unknown,,,"[A Poem on Troilus and Cressida,",added to the 1612 edn. (B.M.) of Deloney’s Strange Histories.],"[This poem covers the whole plot of the Troilus story, in
outline, the earlier part being told in a dialogue between
the lovers. Cressida’s leprosy is mentioned at the end.]",,"works,otherSeparateWorks,troilus",en
part4_p62_a4,Vol.3,Part IV,p62,1613-16.,1613-16,high,"Browne, William.",high,William Browne,male,18015860,Influence of Chaucer on Browne.,"William Browne, his Britannia’s Pastorals, by F. W. Moorman (Quellen und Forschungen, Ixxxi, 1897), pp. 59-62, 120.","[pp. 59- [Browne’s Song iii, describing the Golden Age, drawn in
62.]
some points from Chaucer, especially the Boethius.]
[p.120.] [The concert of birds based on the Assemble of Foules.]",,"criticism,influence,",en
part4_p62_a5,Vol.3,Part IV,p62,1613.,1613,high,"Dekker, Thomas.",high,Thomas Dekker,male,39402413,"A Strange Horse-Race,","sign. C 3b. Non Dramatic Works, ed. A. B. Grosart, vol. iii, pp. 336-337.)","[Rollins 65.]
[Dekker quotes the Frankeleynes Tale, ll. 1243-1254.]",,"works,canterburyTales,franklinTale",en
part4_p63_a1,Vol.3,Part IV,p63-65,1613.,1613,high,"Pits [or] Pitseus, John.",high,John Pitts,male,2813326,Relationum Historicarum de Rebus Anglicis tomus primus.,"Parisiis 1619. De illustribus Angliœ Scriptoribus, pp. 572-5 [life of Chaucer], 576 [Gower], 632 [Lydgate], 670 [Caxton].","[p. 572]
De Galfredo Chaucero.
1400
Galfredus Chaucerus apud Wodstoc non longè ab Oxonio
780.
in Anglia claris parentibus natus, patrem habuit Equestris
ordinis virum, & ipse tandem auratus factus est Eques. Vir
belli pacisque artibus mirè florens. Cùm ab ipsa pueritia
præclaram ostenderet indolem, ad scholas Oxionienses exco¬
lendi ingenij causa adolescens missus est. Vbi tanta cum
industria, tanta cum fœlicitate florentes annos in optimarum
litterarum studijs collocauit, vt nihil eorum omiserit, quæ
ad ornatum ingenij sui longè cultissimi facerent. Nam iam
antequam virilem ætatem attigisset, erat Poëta elegans, &
qui Poësim Anglicam ita illustrauit, vt Anglicus Homerus
meritò haberetur. Rhetor etiam disertus, Mathematicus
peritus, Philosophus acutus, Theologus denique non contemn¬
endus. Exquisitissimos in his omnibus scientijs habuit præ¬
ceptores, quos & ipse propter miram animi alacritatem ad
studia, & singularem ingenij promptitudinem ac fœlicitatem,
ita consecutus est, vt eorum cuique in cuiusque facultate par
& æqualis, si non superior, euaserit. In scientijs Mathe¬
maticis legentes audiuit Ioanem Sombum [sic] & Nicolaum
Linnam Carmelitas Linnenses, viros per illa tempora pereru¬
ditos, & Mathematicorum illius ætatis facilè principes, quos
Chaucerus in sua sphæra reuerenter admodum compellat, &
cum honore nominat. Absolutis autem in Anglia studijs,
transfretauit in Galliam, tum vt linguam addisceret, &
exterorum mores videret, tum etiam vt nihil reliqui faceret
ad accuratissimam scientiarum perfectionem, si quid ei forsan
suppeditaret Gallia, quod Anglia non haberet. Ibi omnes
hominis ingenium, eruditionem, vrbanitatem morum suaui¬
tatem, aliasque insignes dotes admiratione simul & amore
prosecuti sunt. Ille interim quæ è re eius erat, non neglexit,
didicitque linguam, lepores, sales, omnesque Gallorum
argutas facetias. Qua supellectile cumulatè instructus, &
quasi quibusdam floribus nitidè ornatus, redijt in Angliam.
Deindè Londini agens patrijs iuribus studuit, & Collegia
iurisperitorum illic inuisit, historias etiam non omittens, ad
excolendam patriam linguam se contulit. Inter hæc incidit
[p. 573] in Ioannem Gouerum (de quo mox dicendum) virum nobilem,
doctum, Galfredo ferè per omnia similem, quique eundem
prorsus habuit omnium studiorum suorum propositum finem.
Deprehenditur facilè morum similitudo, initur citò amicitia,
concurritur in idem propositum, coniunguntur labores, fre¬
quens fit congressus, quotidiana familiaritas, omnis conatus
eò refertur, vt materna excolatur lingua, & in Anglico ser¬
mone eloquentiæ Romanæ expressa appareant vestigia. Et
attulerunt certè hi duo viri nostro idiomati tantum splen¬
doris & ornamenti, quantum ante illos prorsus nemo. Nam
sibi mutuò calcar addiderunt, & vter patriæ plus afferre
honoris, vterque vinci & vincere ambiens, amanter conten¬
derunt. Non solum memores, sed etiam imitatores illius
Quod lingua Catonis & Enni
Sermonem patrium ditauerit, & noua rerum
Nomina protulerit.
Et quia sua vel patrum memoria nouerant multos iam
linguas vulgares industria cultura exornasse : Nam Dantes
& Petrarcha Italicam, Alanus Gallicam, Ioannes Mena His¬
panicam linguas iam cultiores reddiderant : operæ precium
igitur putabant isti, idem in Anglica linguæ præstare, quod
viderant alios in suis linguis magna cum laude, & posteri¬
tatis incomparabili vtilitate gnauiter præstitisse. Itaque
alia ex alijs linguis transferendo, alia imitando, alia in¬
ueniendo, & proprio Marte componendo, comptè, tersè, politè
scribere Anglico idiomate conati sunt. Et profectò in multis
Latinorum elegantiam, si non sint plenè consecuti, at certè
non infœliciter imitati. Vterque tamen minùs sibi tribue¬
bat, quàm alteri. Vndè factum est, vt alter alterius iudicio
scripta sua mutuò subijceret, & si quid in altero deesset,
alter suppleret, atque ità communicatis consilijs, vtriusque
lucubrationes, sæpiùs sub incude vocatæ, emendatiores in
publicum prodierunt. Vnum hîc, licet à nostro proposito
forsan alienum videri quibusdam poterit, adnotare non
piget. Licet Chaucerus tantum esset ordinis Equestris,
tamen sororem habuit Guilhelmo Polo Illustrissimo Suffol¬
censium Duci in matrimonio longè supra suam sortem fœli¬
cissimè splendidissimèque collocatam. Quod connubium illa
magis virtutibus & doctrinæ fratris, quàm splendori suorum
natalium habuit acceptum. Nunc restat videre quibus litte¬
rarum monimentis, hanc nominis immortalitatem, quam
habet, consecutus sit. De quo Lelandus noster inter epi¬
grammata sua sic scribit
Prœdicat Algerum meritò Florentia Dantem,
Italia e numeros tota Petrarcha tuos.
Anglia Chaucerum veneratur nostra Poëtam,
Cui veneres debet patria lingua suas.
Scripsit autem cultissimus noster Chaucerus pleraque
Anglicè, sed quoniam omnia ferè Latina facta sunt, operum
titulos & exordia Latinè ponam.
[Then follow a list of Chaucer's works, pp. 574-5, and
a few words on his tomb and epitaph. For these see
Chaucer, by E. P. Hammond, pp. 15-17.]","[The author’s colophon reads: Huic op ri finem imprisni mense Se, tembri i, Anno Domini 1613. Ioannes Pitseus.]","bibliography,,/biography,episodes,tomb-epitath/biography,episodes,education/biography,episodes,education/biography,episodes,education/biography,episodes,birth/biography,episodes,other-episodes/biography,family,other-holders/biography,general-accounts,english",la
part4_p65_a1,Vol.3,Part IV,p65,1615.,1615,high,"Gordon, Patrick.",high,"Gordon, Patrick.",male,107469177,"The Famous Historie of... Prince Robert surnamed the Bruce,","Preface, sign. *iija.","It [the old poem of the Bruce] was in old ryme like to
Chaucer.",,,en
part4_p65_a2,Vol.3,Part IV,p65,[1617?],[1617?],low,"Campion, Thomas.",high,Thomas Campion,male,41886212,The Third and Fourth Booke of Ayres.,"Preface “to the Reader"" of the Fourth Book of Ayres. (Thomas Campion, Songs and Masques, ed. A. H. Bullen, 1903, p. 111.)","If any squeamish stomachs shall check at two or three
vain ditties at the end of this book, let them pour off the
clearest and leave those as dregs in the bottom. Howso¬
ever, if they be but conferred with the Canterbury Tales
of that venerable Poet Chaucer, they will then appear
toothsome enough.",,"criticism,qualities,indecencyFrivolity",en
part4_p65_a3,Vol.3,Part IV,p65,[n.a. 1617.],[n.a. 1617],low,Unknown.,low,Unknown,,,"[A Poem in praise of tobacco,","attributed to Chaucer. See the answer to it, “Chaucer's Incensed Ghost,"" by Richard Brathwait, 1617, above, vol. i, p. 192. We have not been able to identify the original.]",,,,N/A
part4_p65_a4,Vol.3,Part IV,p65,1623.,1623,high,"Painter, William.",high,William Painter,male,22249463,Chaucer new painted.,,"[Rollins 66.]
[This was licensed on 14 May to Eld and Flesher, not, as
stated in pt. i, on 23 May to Serle. (Stationers' Register,
Arber's Transcript, vol. iv, p. 96.)]",,,en
part4_p66_a1,Vol.3,Part IV,p66,1631.,1631,high,"Weever, John.",high,John Weever,male,64031406,"Ancient Funeral Monuments,","pp. 595-96, 661.","[Rollins 67.]
[pp. 595-   The next vnto them be knights eldest sonnes: and such
96]
an Esquire was the knightes sonne in Chaucer, who attended
his father on pilgrimage to Thomas Beckets Shrine, as doth
appeare by their characters in the Prologues to the Canter¬
bury tales. Of which so much as tends to this purpose.
[He then quotes the Prologue, Il. 43-46, 77-82, 99-100.]
Geffrey Chaucer
Brother in Law Dutchesse [of Lancaster], and Anne who was married
[p. 661] This Sir Payne Roet had issue, the aforesaid
by marriage to
Iohn, Duke of   to Geffrey Chaucer, our famous English Poet, who by
Lancaster.
Alice was married to Thomas Montacute, Earl of Salisbury,
her had issue, Sir Thomas Chaucer, whose daughter
... and after to William de la Pole Duke of Suffolke...","[See also above, vol. i, p. 204.]","biography,family,other-holders",en
part4_p66_a2,Vol.3,Part IV,p66,1631.,1631,high,"Shirley, James.",high,James Shirley,male,22157363,"Changes: Or, Love in a Maze. A Comedie,",sign. B 4b-C 1 a.,"[Rollins 68.]
Cap[erwit]. Though I were borne a Poet I will study to
be your servant in Prose, yet if now and then my braines
doe sparkle, I cannot helpe it, raptures will out; . . . the
midwife wrapt my head up in a sheet of Sir Philip Sidney
that inspired me, and my nurse descended from old Chaucer.",,,en
part4_p66_a3,Vol.3,Part IV,p66,1633.,1633,high,"Ware, Sir James.",high,James Ware,male,37790832,"The Historie of Ireland,","collected by three learned authors, [edited by Sir James Ware], Dublin, Preface to Spenser's View of Ireland, sign. ¶ 3b.","[Spenser buried by Chaucer, “whom he worthily imitated;""
his epitaph (q. v. above, vol. i, p. 163) quoted.]",,,en
part4_p66_a4,Vol.3,Part IV,p66,[n.a. 1634.],[n.a. 1634],low,"Coke, Edward, Lord",high,Edward Coke,male,27099070,"[d. 1634]. [Opinion on Chaucer,","cited by Emerson, Conduct of Life (Works, Centenary Ed., vol. vi, p. 132).]","Lord Coke valued Chaucer highly because the Canon
Yeman’s Tale illustrates the Statute fifth Hen. IV. chap. 4
against alchemy.",[We have not been able to trace the origin of this.],"works,canterburyTales,canonYeomanTale",en
part4_p66_a5,Vol.3,Part IV,p66-69,1635.,1635,high,"Kynaston, Sir Francis.",high,Francis Kynaston,male,7820803,"[Dedications and Prefatory address to] Amorum Troili et Creseidæ libri duo,","Oxoniæ, 1635. Dedication ‘Clarissimo... Dn Patricio Iunio’, sign. A 2b-A 3b; Preface to the reader (dated Dec. 1634), sign. † la; [Here follow the dedi catory verses, see above, vol. i, pp. 207-215,] Dedication to Book ii, ‘Eruditissimo... viro Iohanni Rous’, sign. P 2b.","Clarissimo et
Ornatissimo
Dn° Patricio Iunio
Viro
Bibliothecario Regio,
Franciscus Kinaston;
Quare cùm ita se res habeat, Eroticum hoc poema, cuius
. . . . . . . .
S.P.D.
[sign.
A 2b]
frontem tuo amicissimo nomine decoramus, ævi injuria
obliteratum ferè, & inter deperdita recensendum, ad te &
tuum patrocinium inter alia priscorum opera & pegmata non
immeritò confugere videtur; cuius duo nomina sunt totidem
bona omina, quæ authori Chaucero & mihi aliquid fausti
portendunt...
. . . . . . . .
[sign.
Quod reliquum est, gratiam & æstimationem, quam inculta
A 3b]
hæc carmina, quoad versionem, apud exteros, vel ab authore
Chaucero, vel à me eius vmbra sperare nequibant, (vt vatis
celeberrimi & popularis tui Buchanani aureis vtar verbis)
Debebunt Genio forsitan illa tuo. Vale.
Candido Lectori
Franciscus Kinaston,
Eques Auratus & Regii
Corporis Armiger,
S.P.D.
[sign.
† 1a]
Cvm tantus sit, Lector amice, apud omnes, venerandi
æquè ac vetusti Poetæ nostri honos & existimatio, vt nec
doctissimorum censuram metuat, nec potentissimorum
virorum patrocinium flagitet : nil superest, quin vt te paucis
moneam de hâc meâ versione huius poematis in Linguam
Latinam; nempe quo consilio eam aggressus sim, & cui bono,
quo modo hosce duos libros priores novo & hactenus in¬
tentato apud Latinos carminis genere absolverim, quæ
occurrerint difficultates, denique in quibus erratum sit, &
venia tua exoranda.
Hæc omnia libens lubens facio, eo quod non solum adhuc sit
incertum : quam gratum exteris futurum sit hoc poemation
& nostra qualiscunque versio, sed quod incertior sit vitæ
meæ meta, cuius continuationem vix fas est sperare adeò
diuturnam, vt ad operis incœpti consummationem extendatur.
Ob eamque causam, dum meimet ipsius contemplatione cæter¬
orum omnium statum labentem intueor, ecce, video Chaucerum
nostrum, huius Insulæ ornamentum & Poeseos decus egreg¬
ium, non solum senescentem, & sub obsoleto & iam spreto
Anglici vetusti Idiomatis vestimento vilescentem; sed (proh
dolor) prorsus tabescentem & ferme emortuum. Cuius de¬
ploratæ conditioni dum aveo ferre suppetias, & æterne suæ
memoriæ conservationi prospicere: Visum est mihi con¬
sultissimum, illum novâ linguâ donare & novato rythmi &
carminis genere decorare; eumque perenni Roman eloquij
columnâ fulcire, & per omnia secula (quantum in nobis
est) stabilem & immotum reddere.
Enimverò, potuissem (idque facillimè) verba obsoleta per
totum hoc poema passim sparsa in nova mutare, & omnes
phrases & dictiones desuetas verbis purioribus, & quæ hodiè
obtinent, reddere, & ad captum præsentis ævi, non tantum
Anglicè, sed etiam & metricè accommodare. Nec enim sine
exemplari errassem, si hoc præstitissem, cum Poema quoddam
Gallicum, cui titulus Legenda Rosea, à quodam Gulielmo de
Lorris trecentis fere ab huic annis inchoatum, & post quadra¬
ginta annos opera Iohannis de Mohun absolutum, septies ex
eo tempore Gallicè editum, & phrasi uniuscuiusque seculi
aptatum, & quasi de novo scriptum fuerit. Sed peccatum
inexpiabile in Manes Chauceri admisisse me existimarem,
si vel minimum Iota in eius scriptis immutassem, quæ sacra
& intacta in æternum manere digna sunt.
. . . . . . . . .
[Dedication of Book ii.] Eruditissimo et generosissimo
viro Iohanni Rous.
[sign.
P 2b]
Sed tandem (vt plerunque fit) cessit amori pudor, &
gratitudo vicit verecundiam, adeò vt temperare mihi non
potuerim, quin te simul Authoris venerandi lectorem, ac
versionis meæ barbarae & incomptæ Patronum deligerem et
avidè exoptarem; Quam si benignè adspexeris, & vmbram
patrocinii tui non plane indignam existimaveris, quicquid
alii oggannient, non multum morabor, neque rigidos delicati
huius sæculi Aristarchos, aut illorum censuram verebor.
[sign.  habere videbuntur, cùm tamen sensum genuinum Chauceri
Quibus si versus nonnulli claudicare & pedes Agrippinos
P 3]
patris & mentem integram tanquam ex traduce derivatam
cum accuratissima rythmorum Anglicorum observatione
in versione Latinâ (quae mihi præcipue curæ fuit) vbique
à me retentam esse deprehenderint: si æqua lance momenta
omnia perpenderint, vel ipsi vnius aut alterius paginæ
periculum fecerint, rem non adeo proclivis & facilis negotii
mecum fortasse fatebuntur.
[Specimen of Kynaston's Latin translation ot Troilus.]
AMORUM TROILI ET CRESSIDÆ
LIBER PRIMUS.
1.
Dolorem Troili duplicem narrare,
Qui Priami Regis Trojæ fuit gnatus,
Vt primùm illi contigit amare,
Vt miser, felix, & infortunatus
Erat, decessum ante sum conatus.
Tisiphone fer opem recensere
Hos versus, qui, dum scribo, visi flere.
2.
Te invoco, & numen tuum infestum,
Dira crudelis, dolens semper pœnis,
Me iuva, qui sum instrumentum mæstum,
Amantes queri docens his camœnis:
Nam conuenit humentibus & genis,
Tristem habere tremulum pauorem,
Historiam mœstam, vultus & mœrorem.",,,la
part4_p69_a1,Vol.3,Part IV,p69,1635.,1635,high,"Wentworth, Thomas, Earl of Strafford.",high,Thomas Wentworth,male,72190523,Letter,"to Mr. Secretary Coke, [dated] Dublin, 14 Dec., 1635, [printed in The Earl of Strafforde’s Letters and Despatches, 1739, 2 vols., vol. i, p. 497, quoted in Robert Browning’s Prose Life of Strafford (Browning Soc.) 1892, p. 197]. There is no more to be added in his [Sir Piers Crosby's] Case, but these two Verses of old Jeffery Chaucer, A busier than he none was, And yet he seem'd more busy than he was. [Prol. ll. 321-2.]","to Mr. Secretary
Coke, [dated] Dublin, 14 Dec., 1635, [printed in The Earl of
Strafforde’s Letters and Despatches, 1739, 2 vols., vol. i, p. 497,
quoted in Robert Browning’s Prose Life of Strafford (Browning
Soc.) 1892, p. 197].
There is no more to be added in his [Sir Piers Crosby's]
Case, but these two Verses of old Jeffery Chaucer,
A busier than he none was,
And yet he seem'd more busy than he was.
[Prol. ll. 321-2.]",,,en
part4_p6_a1,Vol.3,Part IV,p6,[c. 1460.],[c. 1460],low,"Burgh, Benedict.",high,Benedict Burgh,male,39764993,"Translation of Cato’s Disticha Moralia,","stanza 41. [MS. Harl. 4733, fol. 9b.]","The lymytour þat vysiteth the wyfys
Ys wyse y-nough of hym a man may lere
To ȝeue gnidelis [needles] pynnys and knyuys
This craff is good thys doth the sely frere
Ȝeuith thyngys smale for thyngys þat bene dere
Ȝif thu resceyue ȝeue ay sumwhat agayne","[According to Caxton’s prologue to his own translatlon of Cato, 1483, Burgh made And that wull noryssh frendys dere sertayne. his for William, Viscount Bourchier; the latter was probably not born much before 1435, and was married in 1466. It is likely that this translation was made for him during his youth. The reference is to Prol., ll. 233-4.]",,en
part4_p6_a3,Vol.3,Part IV,p6,[c. 1450.],[c. 1450],low,"Shirley, John.",high,John Shirley,male,32160336,Headline to Stanza,"in Lord Ellesmere's Lydgate MS., fol. 3, foot.","To yowe Chaucer.
[This comes at the foot of the page, and the verso is blank.
Possibly the stanza intended to follow it was the 'commend¬
acions of Chaucer' from Lydgate’s Life of Our Lady. See
above, 1409-11.]",,,en
part4_p70_a1,Vol.3,Part IV,p70,1636.,1636,high,"Conway, Edward, 2nd Viscount.",high,"Edward Conway, 2nd Viscount Conway",male,48185612,"Letter to Thomas Wentworth Earl of Strafford,","[dated] Sion, 22 Jan. 1636, [printed in The Earl of Strafforde’s Letters and Despatches, 1739, 2 vols., vol. ii, p. 47, quoted in Robert Browning's Prose Life of Strafford (Browning Soc.), 1892, p. 129].","upon Melpomene
Now if I were a good Poet, I should with Chaucer call
Verses that weepen as I write.
To help me to indite",,,en
part4_p70_a2,Vol.3,Part IV,p70,1637.,1637,high,"Wentworth, Thomas, Earl of Strafford.",high,Thomas Wentworth,male,72190523,"Letter to the Lord Viscount Conway,","[dated] Dublin, 6 Jan., 1637, [printed in The Earl of Strafforde’s Letters and Despatches, 1739, 2 vols., vol. ii, p. 145, quoted in Robert Browning’s Prose Life of Strafford (Browning Soc.), 1892, pp. 196-7].","At my Lord Mountnorris his departure hence, he seemed
wondrously humbled, as much as Chaucer's Friar, that
would not for him any Thing should be dead.
[Somnours Tale. l. 1842.]",,,en
part4_p70_a3,Vol.3,Part IV,p70,[n.a. 1640.],[n.a. 1640],low,"Jackson, Thomas, Dean of Peterborough.",high,Thomas Jackson,male,45722037,"Dominus Veniet. Of Christ's Session at the Right-Hand of God,","[first printed in] A Collection of the Works of T. Jackson, 1653-7, pt. 3. (Works, 1673, 3 vols., vol. iii, p. 746.)","[Dr. Jackson died in 1640.]
As our Posterity in a few years will hardly understand
some passages in the Fairy Queen, or in Mother Hubbards
or other Tales in Chaucer, better known at this day to old
Courtiers than to young Students.",,,en
part4_p70_a4,Vol.3,Part IV,p70,1640.,1640,high,"Jonson, Ben.",high,Ben Jonson,male,292789691,"The English Grammar,","made by Ben Johnson for the benefit of all Strangers, out of his observation of the English Language now spoken, and in use, pp. 66, 70, 72, 79-80, 82-4.","[Chaucer is cited 25 times, quotations are principally from
the H. of Fame, Troilus, and the M. of Lawe’s Tale.]",,"criticism,language,",en
part4_p70_a5,Vol.3,Part IV,p70,1643.,1643,high,Unknown.,low,Unknown,,,Powers to be Resisted:,"or a Dialogue arguing the Parliaments lawfull Resistance of the Powers now in Armes against them, pp. 39-40.","[p. 39] This is like old Chaucers tale of a Fryar, whose belly was
[p.. 40] his god, he would feed upon the sweetest, Mutton, Goose,
and Pig, but a pitifull man! he would have no creature
killed for him, not he.
[Somnours Tale, l. 1842.]",,,en
part4_p71_a1,Vol.3,Part IV,p71,1644.,1644,high,"Symonds, Richard.",high,Richard Symonds,male,5078282,"Diary,","Oct. 21, 1644. (Ed. C. E. Long, Camden Society, 1859, p. 143.)","[Rollins 69.]
Dennington or Demyston [sic] Castle, com. Berks., was
... antiently the seate of Geoffry Chaucer the poet.",,,en
part4_p71_a2,Vol.3,Part IV,p71,1645.,1645,high,"Milton, John.",high,John Milton,male,17226855,"Il Penseroso,","[in] Poems, 1645, p. 37.","As thick and numberless
As the gay motes that people the Sun Beams,
[Cf. Wife of Bath’s T., l. 363.]",,,en
part4_p71_a3,Vol.3,Part IV,p71,1647.,1647,high,Unknown.,low,Unknown,,,"Match me these two,",p. 9. [Not in B.M.; copy in Bodl. (Wood 6544/10.)],"O Chaucer and thy Genius, help on my tale.",,,en
part4_p71_a4,Vol.3,Part IV,p71,1648.,1648,high,Unknown.,low,Unknown,,,"A Brown Dozen of Drunkards,","pp. 6, 16.","[p. 6] When he drinks fluently, the shouts which the old wives
in Chaucer gave, and Dame Partlet the Hen, when the Fox
carried Chanticleere the Cock to the wood... scarce
parallel the clamours.
[p. 16] Though he doe not as exactly as Virgil imitate Homer, nor
as our Chaucer and Spenser Virgil...",,,en
part4_p71_a5,Vol.3,Part IV,p71,1648.,1648,high,"Lloyd, D.",high,David Lloyd,male,306072637,"The Legend of Captain Jones,",p. 3.,"[Sr. Topas
rime in   Topas hard quest after th' Elfe Queen to Barwick.
Chaucer.]",,"works,canterburyTales,sirThopas",en
part4_p71_a6,Vol.3,Part IV,p71,1648.,1648,high,"Whitelock, Bulstrode.",high,Bulstrode Whitelocke,male,71437427,Speech to the new Serjeants at the Chancery Bar.,"See above [a. 1675], pt. i, p. 251.",,,,N/A
part4_p71_a7,Vol.3,Part IV,p71,1649.,1649,high,"Herbert, Anne, Countess of Pembroke.",high,Anne Clifford,female,35250493,Letter to the Countess Dowager of Kent.,"[dated :] Appleby Castle, 10 Jan. 1649, [in Harl. MS. 7001, quoted by T. Park, Royal and Noble Authors, 1806, 5 vols., vol. iii, p. 17].","[Lady Pembroke sends her love and service to “worthy
Mr. Selden,” and adds that she should be in pitiful case
if she had not “excelentt Chacers booke,"" to comfort her;
but when she read in that she scorned and made light of her
troubles.]",,,en
part4_p72_a1,Vol.3,Part IV,p72,1650.,1650,high,"Toll, Tho[mas].",high,"Toll, Tho[mas].",male,189735912,"To the Author, [in] Fragmenta Poetica...","by Nich. Murford, 1650, sig. A 5. (B.M. C. 39. b. 41.) [Ends :]","Trade on wits Merchant, give the world to know
Chaucer was bred in Lyn, and so wert Thou.
Raptim
Tho. Toll junior, Gent.",,,en
part4_p72_a2,Vol.3,Part IV,p72,1651.,1651,high,"Sheppard, Samuel.",high,Samuel Sheppard,male,3857724,"Epigrams,","Lib. 4. Epig. 28. On Mr. Spencer's... Faerie Queen, p. 95.","Collin my Master, O Muse sound his praise,
Extoll his never to be equal’d Layes,
Whom thou dost Imitate with all thy might,
As he did once in Chawcers veine delight.",,,en
part4_p72_a3,Vol.3,Part IV,p72,1653.,1653,high,"Flecknoe, Richard.",high,Richard Flecknoe,male,188866919,"A Letter treating of Conversation, Acquaint ance and freindship [sic],","[in] Miscellania, pp. 126-7.","One of whome is Chawcer's busy man, of whom it may
well be sayd, That a busier man nere nas, and yet he seemed
far busier than he was.",,,en
part4_p72_a4,Vol.3,Part IV,p72,1654.,1654,high,"Gayton, Edmund.",high,Edmund Gayton,male,74198206,"Pleasant Notes upon Don Quixot,",p. 50.,"[Rollins 70.]
As unfortunate it is, when fifteen joines to seventy, there's
old doinge (as they saye) the Man and Wife sitting together
like January and May day.
[Perhaps an allusion to the Merchant's Tale. For another
passage see above, vol. i, p. 229.]",,,en
part4_p72_a5,Vol.3,Part IV,p72,1657.,1657,high,"Jordan, Thomas.",high,Thomas Jordan,male,6317691,"The Walks of Islington and Hogsdon,","Act iv, sc. i, sign. E 4b.","By the wanton memory of Chaucer I could turn Poet,
And write in as Heathen English; and as Bawdy.",,"criticism,qualities,indecencyFrivolity",en
part4_p73_a1,Vol.3,Part IV,p73,1658.,1658,high,"Philips, Edward.",high,Edward Phillips,male,69056899,"The New World of English Words,",sign. L 4.,"[Rollins 72.]
Dennington, a Castle in Bark-shire... it was once the
Residence of the Poet Chaucer.
[There are other allusions to Chaucer in this Dictionary.
See, e.g., under “Bay."" See also above, vol. i, p. 236.]",,,en
part4_p73_a2,Vol.3,Part IV,p73,1658.,1658,high,"W., S. W., C.C. Oxon.",low,Unknown,,,"[Verses to the author (K.Q.), in] Naps upon Pornassus,",sign. B 5a.,"To thee compar'd, our English Poets all stop...
Chaucer the first of all wasn’t worth a farthing.",,,en
part4_p73_a4,Vol.3,Part IV,p73,1659.,1659,high,"Wood, Anthony.",high,Anthony Wood,male,14803186,"A note on Woodstock,","in Wood MS. E I. fol. 89, [printed in] The Life and Times of Anthony Wood, ed. A. Clark, 1891, vol. i, p. 283.","Chaucer's ould house by and within the gate as you go to
the manor house on the right.",,,en
part4_p73_a5,Vol.3,Part IV,p73,[c. 1660.],[c. 1660],low,"Widdrington, Sir Thomas.",high,Thomas Widdrington,male,56958688,Analecta Eboracensia. Some Remaynes of the ancient City of York.,"Egerton MS. 2578 (ed. Cæsar Caine, 1897, p. 205).","Some of the Archbishops were Cardinals. I go now not
by reality of honour, but by the esteem which was then of
Cardinals, for I remember what Chaucer saith¬
They maken persons for the penny
And Canons of her Cardinals.
. . . . . . . .
[Ploughmans Tale, not by Chaucer.]",,,en
part4_p73_a6,Vol.3,Part IV,p73-74,1661.,1661,high,"Owen, John.",high,John Owen,male,2480434,Φεολογουμενα παντοδαπα.,"Sive de natura... theologæ, p. 96.","[Immorality of the pre-Reformation clergy.] Ita Chaucerus
nostras [sic] de fratrum conventu quodam suo tempore
notissimo:
For there as wont to walken was an Elfe,
There walketh now the Limitor himselfe.
In every bush, and under every Tree
There nis none other incubus but he.
[Wife of Bath’s T., ll. 17-18, 23-24.]",,,en
part4_p74_a1,Vol.3,Part IV,p74,1661.,1661,high,"T., J.",high,T. J. Graham,male,,"To His Most ingenuous Friend, The Authour of the Exaltation of Hornes,",[verses prefixed to] The Horn exalted. [See next entry.],"[Rollins 73.]
Read, and beware how that ye firk,
• Chaucer. Prove the reward of your queint * wirk.
Least the repentance stool o' th' Kirk,",,,en
part4_p74_a2,Vol.3,Part IV,p74,1661.,1661,high,Unknown.,low,Unknown,,,"The Horn exalted, or Roome for Cuckolds,","pp. 1, 2, 3-4, 8, 25, 30, 42, 45, 47, 52, 54, 56, 58, 65, 69, 71, 76, 80, 81-2.","[Rollins 74.]
[Quotations appropriate to the subject matter of the book,
from the Canterbury Tales, the Court of Loue, and the Remedy
of Love, the last two being quoted as Chaucer's.]",,,en
part4_p74_a3,Vol.3,Part IV,p74,1662.,1662,high,"Fuller, Thomas.",high,Thomas Fuller,male,74156025,"The History of the Worthies of England,","Kent, Proverbs, p. 64, sign. Kk 1 a.","A Jack of Dover.]
I find the first mention of this Proverb in our English
Ennius, Chaucer, in his Proeme to the Cook,
And many a Jack of Dover had he sold
Which had been two times hot and two times cold.","[For other extracts from Fuller's Worthies, see above, vol. i, pp. 239-40.]",,en
part4_p74_a4,Vol.3,Part IV,p74,1664.,1664,high,"Cavendish, William, Duke of Newcastle.",high,"William Cavendish, 1st Duke of Newcastle",male,29550101,"To the Lady Marchioness of Newcastle, On Her Book of Poems","[Verses prefixed to] Poems and Phancies written by the Lady Marchioness of Newcastle, the Second Impression, 1664.","[Rollins 75.]
And Gentle Shakespear weeping, since he must
At best, be Buried, now, in Chaucers Dust :
Thus dark Oblivion covers their each Name.
Since you have Robb’d them of their Glorious Fame.",,"criticism,comparisons,cavendish",en
part4_p75_a1,Vol.3,Part IV,p75,1665.,1665,high,"Baker, Sir Richard.",high,Richard Baker,male,66493308,"A Chronicle of the Kings of England,","pp. 144, 146, 168, 180.","[p. 144] Pain Roet’s... younger daughter being married to Sir
Geoffry Chawcer, our Laureat Poet.
[p. 146] [List of great men in Edward III.'s reign:]
Sir Geoffry Chaucer, the Homer of our Nation; and who
found as sweet a Muse in the Groves of Woodstock, as the
Ancients did upon the banks ot Helicon.
[p. 180] The next place after these [ecclesiastics] is justly due to
Geoffry Chaucer, and John Gower, two famous poets in this
time, and the Fathers of English Poets in all the times after:
Chaucer died in the fourth year of this King, [Henry IV]
and lieth buried at Westminster.",,,en
part4_p75_a2,Vol.3,Part IV,p75,[1667.],[1667],medium,"Marvell, Andrew.",high,Andrew Marvell,male,39381003,"The Last Instructions to a Painter about the Dutch Wars,","1667. (Poems and Satires, ed. G. A. Aitken, 1892, 2 vols., vol. ii, p. 50.)","At night than Chanticleer more brisk and hot,
And sergeant’s wife serves him for partelot.",,,en
part4_p75_a3,Vol.3,Part IV,p75,[n.a. 1667.],[n.a. 1667],low,"Cowley, Abraham.",high,Abraham Cowley,male,95254963,Opinion of Chaucer.,,"[Dryden, in his Preface to the Fables (see below, 1700,
p. 280), says : ""Some people... look on Chaucer as a dry,
old fashioned Wit, not worth receiving [sic; ed. 1723
‘reviving’]. I have often heard the late Earl of Leicester
say that Mr. Cowley himself was of that opinion; who,
having read him over at my Lord’s Request, declared he had
no taste for him.""]","[Cowley died in 1667, Philip Sidney, third Earl of Leicester, not till 1698.]","criticism,language,obsoleteRude",en
part4_p75_a4,Vol.3,Part IV,p75,[1667?],[1667?],low,Unknown.,low,Unknown,,,"Burlesque [of the epitaph to Cowley,","contributed, from a MS. copy, by Henry Campkin, to] Notes and Queries, March 20, 1852, 1st s., vol. v. pp. 266-7.","... Sleep in beggar's Limbo, by dull Chawcer...
Whilst thou dost soar aloft leave coyrs [?] behind
To be interrd in antient monast’ry
And to the chimeing rabble safely joyn’d
[To] Draiton, Spencer, and old Jeffery.",,,en
part4_p75_a5,Vol.3,Part IV,p75-76,1668.,1668,high,"Junius, Francis.",high,Franciscus Junius,male,59225563,"Letter to Mr. Dugdale,","[printed in] Life, Diary and Correspondence of Sir William Dugdale, Knight, 1827, p. 383.","I took your archpoet Chaucer in hand : and though I
think that in manie places he is not to bee understood
without the help of old MS. copies, which England can
afford manie; yet doe I perswade my selfe to have met with
innumerable places, hitherto misunderstood, or not under¬
stood at all, which I can illustrate. To which work I hold
the bishop of Dunkeld his Virgilian translation to be very
much conducing...",,,en
part4_p76_a1,Vol.3,Part IV,p76,[c. 1670.],[c. 1670],low,Unknown.,low,Unknown,,,The Wanton Wife of Bath.,"See above, App. A [n. a. 1600, Moore].",,,,N/A
part4_p76_a2,Vol.3,Part IV,p76,1672.,1672,high,"[Ramsey, or Ramesey, William.]",medium,William Ramesey,male,64352506,"The Gentlemans Companion,","Division iv, Exercises within Doors, pp. 127-9.","[p. 127] I shall here contract his [the Gentleman's] Study into
these few Books following... [A list of theological and
scientific literature, mostly contemporary, with some other
books.]
[p. 129] And among our selves, old Sr. Jeffery Chaucer, Ben
Johnson, Shakespear, Spencer, Beaumont and Fletcher,
Dryden, and what other Playes from time to time you find
best Penn’d...",,,en
part4_p76_a3,Vol.3,Part IV,p76,1672.,1672,high,"V[eal], R[obert].",high,Robert Veel,male,29880541,"To Mr. T. D[urfey] on his Ingenious Songs and Poems,","[in] New Court-Songs and Poems, By R. V. Gent., sign. A8.","How many Best of Poets have we known ?
And yet how far those Best have been out-done!
When Chaucer dy’d, Men of that Age decreed
A Dismal Fate to all that shou’d succeed:
Yet when Great Ben, and Mighty Shakespear wrote,
We were convinc’d those Elder Times did dote.",,,en
part4_p76_a4,Vol.3,Part IV,p76,[1675-6.],[1675-6],medium,"Clogie, Alexander.",high,Alexander Clogie,male,288218522,"Speculum Episcoporum, or The Apostolique Bishop:","being a brieffe account of the Iyfe and death of William Bedell, Lord Bishop of Kilmore. (Ed. 1862, “Memoir of the Life and Episcopate of William Bedell,"" ed. W. W. Wilkins, pp. 227-8.)","[Dated c. 1676 by Wilkins, and c. 1675 by A. C. Bickley in D.N.B., art. Clogie.]
After supper he constantly read on the same day [i. e. 5th
Nov.] an excellent poem that he wrote at that time [i.e.
1605] upon that discovery [i. e. of the Gunpowder Plot], and
called “The Shepherd’s Tale""... It is conceived in the
old dialect of Tusser and Chaucer.","[For the Shepherd's Tale see above, App. A. [1605, Bedell?]",,en
part4_p77_a1,Vol.3,Part IV,p77,1676.,1676,high,"Coles, Elisha.",high,Elisha Coles,male,187145542445596641059,An English Dictionary.,,"Black-buried, gone to Hell.
At Dulcarnon, in a maze, at my wits end, Chaucer, l. 3,
fol. 161.
Eclympastery, Son to Morpheus, the God of sleep.
Quinible (q whinable), a treble.
Ribible, o. a rebeck or fiddle.
Tregetor, o. a Jugler.","[For other allusions to Chaucer in Coles's Dictionary see above, vol. i, p 252.]","criticism,language,",en
part4_p77_a2,Vol.3,Part IV,p77,[1678?],[1678?],low,"Butler, Samuel.",high,Samuel Butler,male,64028293,Addition to Hudibras.,"[First printed in Butler’s Remains, 1822.] (Poetical Works, ed. R. Bell, 1855, 3 vols., vol. iii, p. 197.)","To make our patriots miraculous
Scorched in the touts, like Chaucer’s Nicholas.","[Pt. iii of Hudibras, for which these lines were probably intended, appeared in 1678.]",,en
part4_p77_a3,Vol.3,Part IV,p77,1682.,1682,high,"Keepe, Henry.",high,Henry Keepe,male,240465562,Monumenta Westmonasteriensia:,"or an His torical account of . . . St. Peter's, or the Abbey Church of Westminster... 1682. pp. 47, 210.","And now we come to the first and last best Poets of the
English Nation Geffrey Chaucer, and Abraham Cowley,
the one being the Sun just rising, and shewing itself on the
English Horizon, and so by degrees increasing and growing
in strength till it come to its full Glory and Meridian in
the incomparable Cowley... Chaucer lies in an antient
Tomb, Canopied, of grey marble, with his picture painted
thereon in plano, with some verses by; he died in the year
1400.
[p. 210] Arms, viz. Chaucer. Per pale Gules and Argent, a bend
Counter changed.
[Chaucer's Epitaph.]",,"biography,episodes,tomb-epitath",en
part4_p78_a2,Vol.3,Part IV,p78-80,[c. 1687.,[c. 1687,low,"Wharton, Henry.]",medium,Henry Wharton,male,56620071,"Historiola de Chaucero nostro,","scripta etiam à Reverendiss. Tho. Tenison, archiepiscopo Cant. [or rather by Henry Wharton] ad. calcem Historiæ G. Cavei Literariæ, [printed in] Scriptorum Ecclesiasticorum Ilistoria Literaria, by William Cave, 1740-3, vol. ii, Appendix, pp. 13, 14 of Notæ MSS. & Accessiones Anonymi, &c. [See above, vol. i, p. 261.]","Galfridus Chaucer, Natione Anglus, Domo Londinensis,
nobili, ut videtur, loco natus, prima Literarum tyrocinia in
Academiâ  Oxoniensi posuit, si Lelando apud Baleum fides.
Sunt qui Cantabrigiæ etiam literis illum incubuisse volunt;
testimonio ex Amoris Aulâ  desumpto innixi. Verum libel¬
lum istum Chauceri non esse nos infra adnotabimus.
Posita domi melioris Literaturæ fundamenta diuturnâ inter
exteras Gentes peregrinatione ac culmen perduxit. Domum
reversus, Legum Municipalium studio in Hospitiis Juris¬
consultorum Londinensibus animum adjecit. Dein rarâ
Artis Poeticæ famâ illustris, Angliæ Regibus et Magnatibus
in pretio esse cœpit. Variis honoribus cumulatus, ab
Edwardo III°, Armigeri dignitate auctus, & in Galliam
anno 1377 legatus, ut Mariam Francorum Regis filiam
Richardo Walliæ Principi procaretur, a Richardo Secundo
inter Aulicos allectus est. Semel atque iterum ad exteros
Principes missus & frequentibus stipendiis donatus, claruit
Anno 1380. Uxorem duxit filiam Pagani Roveti Equitis
Hannoniensis, cujus alteram filiam duxerat Joannes Dux
Lancastrensis; ipsomet Duce Lancastrensi, cui imprimis
charus fuit, nuptias ei procurante. Turbatis sub Richardo
secundo seditione populari rebus, ipse Plebis tumultuantis
partibus plus æquo favit; ut multifariis Regni gravaminibus,
quæ sub impotentis animi Juvene Rege nimis invaluerant,
medelam adhiberi efficeret, uti ipse in Testamento Amoris
scribit. Compositis Regni rebus, rei familiaris grave dis¬
crimen adiit; Regis & Procerum inimicitias aliquandiu
expertus, &, ut nonnulli volunt, in carcerem datus. Tandem
in integrum restitutus, Prædium suum in villâ regiâ de
Woodstock propre Oxonium situm concessit, ubi ultimum
vitæ decennium, Musis unice intentus, exegit. Anno 1400,
Londinum profectus, ut res domesticas curaret, vitam clausit
25° Octob. die, anno Ætatis circiter 72°. In Ecclesia
Westmonasteriensi sepultus : Vir extra controversiam doc¬
tissimus, Poetarum vero Anglicorum facilè princeps & Parens,
sui sœculi ornamentum, inquit magnus ille Camdenus, extra
omnem ingenii aleam positus, & Poetastros nostros longo post
se intervallo relinquens; sanè is est, quem antiquis Latii
poetis non immerito conferre possemus; si aut sæculum
aut linguam nactus esset fæliciorem, licet id in Chauceri
laudem haud parùm cedat, quod tam rudi ævo Priscorum
Poetarum Veneres si non assecutus, saltèm imitatus fuerit,
& horridiusculam linguæ Anglicanæ (qualis tunc temporis
obtinuit) duriciem, Carmine ligatam, amœniorem atque
elegantiorem reddiderit; primus enim omnium Linguæ
nostrati sordes excussit, nitorem intulit, & largâ vocum
molliorum aliundè invectarum supellectile ditavit; id operis
præcipuè in Poematis [sic] suis condendis in animo habuisse
visus. Unde jure de eo Lelandus,
Anglia Chaucerum veneratur nostra Poetam:
Cui Veneres debet Patria lingua suas.
Neque solum principem apud conterraneos Poetas loci
gloriam tulit, verum etiat totum scientarum, quà late patet,
circulam haud infæliciter confecerat. Dialecticæ & Philo
sophiæ haud vulgariter peritus, Historiæ callentissimus,
Rhetor satis venustus, Matheseos non ignarus, in rebus
denique Theologicis apprime versatus, de quibus acutè atque
eruditè disputat. Subtiliorem etenim scholarum disciplinam
probè noverat; castioris autem Theologiæ studio nullos ferè
non sui temporis Theologos antecelluit, Wiclefi dogmata
ut plurimum secutus, & infucatam & genuinam pietatem
sectatus. Hinc graviores Ecclesiæ Romane superstitiones
& errores acerbè sæpiùs vellicat; corruptam ineptissimis
commentis Disciplinam Ecclesiasticam luget; Cleri luxuriam
& ignaviam castigat, in Ordines autem Mendicantes project¬
issimo ubique odio invehitur, quorum hypocrisin, ambitio¬
nem, aliaque vitia turpissima aliquoties totâ operâ, nullibi
vero non oblatâ quâvis occasione, acerrime insectatur.
[Here follows some account of Chaucer's works, and of
various editions.]",[Not in the edition of 1688.],"biography,episodes,diplomatic/biography,episodes,education/biography,episodes,education/biography,episodes,birth/biography,episodes,other-episodes/biography,episodes,other-episodes/biography,general-accounts,english/criticism,qualities,learning/criticism,qualities,piety",la
part4_p7_a1,Vol.3,Part IV,p7,[c. 1450.],[c. 1450],low,Unknown.,low,Unknown,,,Headline to 'Truth.',,"[In MS. Bodley Hatton 73, there is an older headline to
Truth, discovered by Dr. H. N. MacCracken. It reads:]
'Chauncier [his?] balade up on his deth bed.'
[This is interesting, as the statement is thus placed on an
earlier and firmer basis than John Shirley’s word in MS.
Tr. Coll. R. 3. 20; for Hatton is not derived from Shirley.
See Modern Language Notes, Nov. 1908, p. 214.]",,,en
part4_p7_a2,Vol.3,Part IV,p7,[c. 1450.],[c. 1450],low,Unknown.,low,Unknown,,,"A Song between Palamon, Ersyte, and Emlyn.","[Five stanzas, “copied from a MS. of the time of Henry VI. pre served in the library of Trinity College, Dublin."" and printed in Wright and Halliwell’s Reliquiae Antiquae, vol. ii, p. 11.]","[Rollins 2.]
[st. 4]
O thou, Emlyne, thi fayrenes
Brought Palamon and Ersyte in gret distresse;
In a garden whan thou didist syng
So fresshely in a May mornyng.",,,en
part4_p7_a3,Vol.3,Part IV,p7-8,[c. 1470?],[c. 1470?],low,Unknown.,low,Unknown,,,"Selections, and alterations in the manuscript of Chaucer's Monkes Tale in Trinity College,","Cambridge MS., R. 3, 19.","[On folio 170 b a prohemium begins,
Worshipfull and dyscrete that here present be
I wyll yow tell a tale, two or thre,
which continues in the terms of the monk's opening speech,
Oxford Chaucer, B. 3158-3180. The first line as here given,
and the alteration in the second line are the work of the
person who made the extracts; the rest are all Chaucer's.
There follows the Monkes Tale, B. 3181-3196 (De Lucifero).
Then, because Chaucer has not done justice to Adam in his
one poor stanza, the scribe substitutes Lydgate’s long
account of Adam in the Fall of Princes, and certain envoys
from the same source, in Bk. I, chaps. 1, 3, 4, 8 (in part).
This takes up to folio 179a, where the scribe goes back
to Monkes Tale and completes it (with the exception of
Il. 3565-3588, and l. 364 which are omitted) from Sampson
to Cresus, B. 3205-3956.
Having completed the Monkes Tale, and added his Explicit,
the scribe goes on with the extracts and envoys from the
Fall of Princes, in the following order: Books I, chapters 6,
7, 9, 11, 12, 14, 18, 23; II, 2, 4, 6, 12, 13, 15, 21, 22, 25,
27, 30; III, 5, 9, 10, 14, 17, 20.
This is notable as an indication of the taste which
could select this tale of all others for reading, and then
substitute Lydgate for Chaucer.
See note by Dr. H. N. MacCracken in Modern Language
Notes, March 1908, p. 93, from which this is summarised.]",,"works,canterburyTales,monkTale",en
part4_p81_a1,Vol.3,Part IV,p81,1697.,1697,high,"De la Pryme, Abraham.",high,Abraham de la Pryme,male,66838087,"Diary (Surtees Soc., vol. liv),","1869, p. 319.","[De la Pryme contributed to Wanley's Catalogus, q.v.
below, the following:]
All the works of old Chaucer, in long folio. This vol.
belonged to the monastery of Canterbury—Penes D. Edmund
Cauley, de horne, in Com. Ebor.",,,en
part4_p81_a2,Vol.3,Part IV,p81,1697.,1697,high,"Wanley, Humphrey.",high,Humfrey Wanley,male,61580649,Catalogus librorum manuscriptorum Angliæ.,,"[Many MSS. of Chaucer are enumerated. See index to
each part.]",,"manuscripts,,",en
part4_p82_a1,Vol.3,Part IV,p82,1699-1700.,1699-1700,high,"[Ward, Edward.]",medium,Ned Ward,male,24631271,The London Spy.,"Jan. 1699, vol. i, pt. iii, p. 16; April, 1700, vol, ii, pt. vi, p. 5.","[vol.i pt.
iii, p. 16.]
character of a Sempstriss...
Most that you see here, come under Chancer's [sic]
She keeps a Shop for Countenance,
And S— for Maintenance.
[vol. ii, pt.
[Cokes T., ll. 57-8.]
vi, p. 5.]
[Dryden buried between Chaucer and Cowley.]",,,en
part4_p82_a2,Vol.3,Part IV,p82,1705.,1705,high,"[Defoe, Daniel ?]",low,Daniel Defoe,male,2283158188232920260006,"Letter in The Little Review,","Wed., Aug. 15, 1705, No. 21, p. 81.","[The following is quoted in black letter :]
Physicians know what is digestible,
But their study is but little in the Bible.
Chaucer [Prol. ll. 437-8.]
[Defoe was the editor of this paper, and was also probably
the author of many of the letters addressed to the editor.]",,,en
part4_p82_a3,Vol.3,Part IV,p82,1712.,1712,high,"[King, William.]",medium,William King,male,36927739,Bibliotheca; a Poem.,"[Not in B.M.] (Bell's Poets, 1781, vol. lxxxvi, p. 74.)","Chaucer, the chief of all the throng
That whilom dealt in ancient song
(Whose laurell’d fame shall never cease
While wit can charm or humour please)
Lies all in tatters on the ground,
With dust instead of laurels crown’d.",,"criticism,language,obsoleteRude",en
part4_p82_a4,Vol.3,Part IV,p82-83,1714.,1714,high,Unknown.,low,Unknown,,,"License for Urry's edition of Chaucer,","signed] W. Bromley, [and dated] 20 July, 1714. [Printed with the Proposals for printing the edition (see above, 1716, p. 344) bound in Thomas's interlesved copy of Urry, 1721, B. M. 643. m. 4. (See above, 1721, pt. i, p. 353.)]","ANNE R.
Whereas Our Trusty and Well-beloved John Urry...
hath humbly represented unto Us, that he hath with great
Labour and Expence prepared for the Press a compleat
and correct Copy of the Works of Jeoffrey Chaucer, with a
Glossary, and in order thereunto has carefully perused and
compared, not only all the former Editions of Value, but
many rare and ancient Manuscripts, not hitherto consulted;
from the collating of which he hath in a great Measure
restored and perfected the Text... remarked many Pieces
in them falsly ascribed to Chaucer, and added several entire
Tales never yet printed, as well as many single Lines hitherto
omitted... by which Alterations, Amendments and
Additions, the Work is in a Manner become new, and has
therefore humbly besought Us to grant him Our Royal
Privilege and Licence for the sole Printing and Publishing
thereof for the Term of Fourteen Years. We being
graciously inclined to encourage the said Undertaking, are
pleased to condescend to his Request.   ...
Given at our Court of Kensington the Twentieth Day of
July, 1714, in the Thirteenth Year of Our Reign.
By Her Majesty’s Command,
W. Bromley.",,,en
part4_p83_a2,Vol.3,Part IV,p83,1715.,1715,high,"Gay, John, and Pope, Alexander.",high,"Gay, John, and Pope, Alexander.",male,,"Letter to Mr. John Caryll,","[dated] April, 1715, [printed in] The Works of Alex: Pope, ed. W. Courthope and W. Elwin, 1871-89, 10 vols., vol. vi, p. 227.","Chaucer has a tale where a knight saves his head by dis¬
covering that it [sovereignty] was the thing which all women
most coveted.
[There is a similar sentence in a letter of the same date
from Gay and Pope to Congreve (ib. p. 414).]",,,en
part4_p83_a3,Vol.3,Part IV,p83,[1718?],[1718?],low,"Oldys, William.",high,William Oldys,male,42182921,MS. Commonplace Book,"(B.M. MS. Add. 12,522, foll. 29, 30).","[Chaucer compared with Homer; of low birth.]
Chaucer wrote in a Tounge in his Days uncapable of any
thing but Ballads, Tales & Roundelays.  ... He forbore not
to spoyl our English Tongue by mixing therewith so much
Latin & French. [Verstegan referred to.]",,,en
part4_p83_a4,Vol.3,Part IV,p83,1719.,1719,high,"Prior, Matthew.",high,Matthew Prior,male,68976517,"Letter to Dean Swift,","[dated May 5, 1719, printed in] Correspondence of Jonathan Swift, ed. F. E. Ball, 1912, vol. iii, p. 33.","[Rollins 78.]
My bookseller is a blockhead; so have they all been, or
worse, from Chaucer’s scrivener, down to John and Jacob.",,,en
part4_p84_a1,Vol.3,Part IV,p84,1721.,1721,high,"Gildon, Charles.",high,Charles Gildon,male,50128721,"The Laws of Poetry, as laid down by the Duke of Buckinghamshire in his Essay on Poetry.",p. 32.,"Chaucer was the first, that is of any consideration, who
enrich’d his mother-tongue with poetry; but Chaucer was a
man of quality a knight of the garter, and of so considerable
a fortune as to marry into the family of John of Gaunt...
so that he had no need of encouragement to exert that
excellent genius of which he was master, in poetry. After
him, we had no man that made any figure in English verse,
till the Earl of Surrey...",,"biography,episodes,other-episodes",en
part4_p84_a2,Vol.3,Part IV,p84,1725.,1725,high,"Cobb, Samuel.",high,Samuel Cobb,male,7731760,"The Miller’s Tale, from Chaucer.",,"[Modernised. Reprinted in Ogle’s Canterbury Tales, 1741,
q.v. above, pt. i, p. 389.]",,"modernizations,particular,cobb/works,canterburyTales,millerTale",en
part4_p84_a3,Vol.3,Part IV,p84,1727.,1727,high,"Harte, Walter.",high,Walter Harte,male,34803552,"Notes upon the Sixth Thebaid of Statius, and To my Soul. From Chaucer,","["" Fle from the pres,” modernised, in] Poems on Several Occasions, pp. 189-90, 195, 243.","[Note on v. 51.] Chaucer, who was perhaps the greatest
[p. 190] poet among the moderns, has translated these verses almost
word for word in his Knight's Tale. I shall make this
remark once for all : As nothing particularizes the fine
passages in Homer more than that Virgil vouchsaved to
imitate them : so scarce anything can exalt the reputation
of Statius higher, than the verbal imitations of our great
countryman. I prefer this to a volume of criticisms; no
man would imitate, what he could exceed.
[p. 194] Stretch'd o'er the ground the tow’ring oaks were seen...
[v. 108.]
[p.195] Chaucer seems to have a particular eye to this passage
throughout his poems. See his Knights' Tale, the Assembly
of Fowls, and Complaint of the black Knight.
To my Soul. From Chaucer.
[p. 243] Far from mankind, my weary soul retire,
Still follow truth, contentment still desire [etc.].","[For other extracts from this volume, see above, pt. i, p. 869.]","modernizations,particular,harte/works,otherSeparateWorks,truth/works,canterburyTales,knightTale",en
part4_p84_a4,Vol.3,Part IV,p84-85,1728.,1728,high,"Ralph, James.",high,James Ralph,male,100276442,"Sawney,",p. 11.,"Chaucer erects the Court [sic] of Fame, and builds
The Arches strong; but Iron Time comes on,
And wastes the frail materials of the Frame;
In Heaps it lies a glorious Ruin, while
SAWNEY up-rears, on the neglected Base,
Another Pile, razes the Founder's Name,
And super-adds his own: An Hand unseen
Points out his Weakness and his Fraud...
[An attack on Pope’s Temple of Fame, q v. above, pt. i,
p. 318.]",,"modernizations,particular,pope",en
part4_p85_a1,Vol.3,Part IV,p85,1729.,1729,high,"Swift, Jonathan.",high,Jonathan Swift,male,14777110,"Letter to John Gay,","[dated] Nov. 20, 1729, [printed in] Correspondence, ed. F. E. Ball, vol. iv, p. 112.","I have heard of the Wife of Bath, I think in Shakespeare.
[This is in answer to a letter from Gay (of Nov. 9), in
which he says : “I have employed my time in new writing a
damned play, which I wrote several years ago, called the
Wife of Bath."" For Gay's Wife of Bath see above, 1713,
pt. i, pp. 326-7.]",,,en
part4_p85_a2,Vol.3,Part IV,p85,[1730-52.],[1730-52],medium,Unknown.,low,Unknown,,,"Verses [quoted by George Vertue, among] Notes and extracts on Chaucer,","[in] Notebook [lettered E 4 (MS. Add. 23,091)], foll. 100-104, 116b, 119b, 123, 125.","[f. 123]  A Copy of Verses in the Celebrated English Poets
engraved by Mr. Vertue.
Learning had long withdrawn her vital Pow'r
. . . . . . . . .
At length in Chaucer’s verse her head she rears
Starts from the slumber of a thousand years,
He of the shineing host the Vesper rode,
And spake the brightness of the coming God.
Whether he chuse a careless mirth to raise
In tales diversify'd a thousand ways,
Or else in Epics takes a nobler flight.
These fill with rapture and those move delight.","[The ""Celebrated English Poets"" were engraved in 1730.]",,en
part4_p85_a3,Vol.3,Part IV,p85,[c. 1730.],[c. 1730],low,"[Young, Edward.]",medium,Edward Young,male,49252592,"Two Epistles to Mr. Pope, concerning the Authors of the Age,","Epistle ii., p. 27.","Fontaine and Chaucer, dying, wisht unwrote
The sprightliest efforts of their wanton thought.",,"works,canterburyTales,parsonTale",en
part4_p86_a1,Vol.3,Part IV,p86,1731.,1731,high,Unknown.,low,Unknown,,,"A Good and Bad Priest,","from Fog's Journal, Sept. 4, no. 147, [reprinted in] The Gentleman's Magazine, Sept. 1731, vol. i, p. 369.","[Brief reference to] the character of a good priest as drawn
by old Chaucer and moderniz'd by Dryden.",,,en
part4_p86_a2,Vol.3,Part IV,p86,1732.,1732,high,Unknown.,low,Unknown,,,"Weekly Essays,","from the Grub Street Journal, April 13, no. 119, and the Universal Spectator, Sept. 23, no. 207, [reprinted in] The Gentleman’s Magazine, April and Sept., vol. ii, pp. 698, 965.","[p. 698] [Reference to “Sainct Cecily” in Second Nonnes Tale.]
[p.965] With us Chaucer began the dance [of immodest writing],
and it has been too closely followed ever since.",,,en
part4_p86_a4,Vol.3,Part IV,p86-87,1735.,1735,high,"[Arbuthnot, John.]",medium,John Arbuthnot,male,51684915,Critical Remarks on Capt. Gulliver’s Travels.,"By Doctor Bantley, Cambridge, 1735, sign. A iv b, pp. 5. 6, 7. [See above, pt. ii, sect. i, p. 65, 1814, Scott, Memoirs ot Swift.]","[p. 5] The first Author I shall cite is Chaucer; a Poet of our
own Nation, who was well read in the antient Geography,
and is allowed by all Critics to have been a Man of universal
Learning, as well as of inimitable Wit and Humour.  ...
¹Certes (qd. John) I, ²nat denye,
[p. 6]
That, ³touchende of the ⁴Stedes countrye,
I ⁵rede, as thylke olde ⁶cronyke seythe,
⁷Þ longe afore our ⁸crysten feythe,
Ther ⁹ben, as ye shull understonde,
An ¹⁰yle, ¹¹ycleped ¹²Coursyr’s londe,
Wher, ¹³nis, ¹⁴ne ¹⁵dampnynge ¹⁶couetyse;
Ne, ¹⁷Letchere hotte, in ¹⁸Sainctes gise;
Ne, ¹⁹seely Squire, ²⁰lycke ²¹browdred Ape,
¹ Certainly.  ² Do not. ³ Concerning. ⁴ Horses. ⁵ Read.
⁶ Chronicle. ⁷ Long before. ⁸ Christian. ⁹ There was.  ¹⁰ Island.
¹¹ Called. ¹² Horses. ¹³ There is not. ¹⁴ Any.  ¹⁵ Damnable.
¹⁶ Covetousness.  ¹⁷ Nor lewd Person. ¹⁸ Pretending sanctity.  ¹⁹ Silly.
²⁰ Like.  ²¹ Embroidered.
Who maken ¹Goddes ²boke a ³Jape;
Ne ⁴Lemman uyle, mishandlynge youthe,
Ne women, ⁵brutell [sic] ware in ⁶sothe;
Ne Flattrer, Ne ⁷unlettred Clerke,
[p. 7]
Who ⁸richen him, withouten ⁹werke;
For Vice in thought, ne ¹⁰als in ¹¹dede,
Was never none in Londe of ¹²Stede.
Chaucer.
¹ ² The Bible. ³ A Jest. ⁴ Harlot. ⁵ Brittle ware. ⁶ Truly
⁷ Illiterate Parson. ⁸ Enriching himself. ⁹ Labour. ¹⁰Else.
¹¹ Deed or Action. ¹² Stede Land, or Houyhnhm Land.",,"imitations,particularImitators,arbuthnot",la
part4_p87_a1,Vol.3,Part IV,p87,[1785-61.],[1785-61],medium,"Oldys, William.",high,William Oldys,male,42182921,Note [in his copy of] Winstanley's Lives of the Poets,"[opposite the passage on Occleve’s portrait of Chaucer in the De Regimine Principis, printed in] Notes and Queries, 2nd ser., vol. xi, p. 181.","This book, De regimine principis, a pretty thick folio,
written, in English stanzas, on vellum, with that picture of
Chaucer on the side of the verses, is in the possession of
Mr. West of the Temple, who showed it me, Feb. 27, 1735.","[Oldys died in 1761, and these Adversaria were among the MS. collections left by him.]",,en
part4_p87_a2,Vol.3,Part IV,p87,1735.,1735,high,Philalethes.,high,Philalethes.,,,"Merlin and his Cave,","from Fog's Journal, Dec. 6, no. 370, [reprinted in] The Gentleman's Magazine, Dec., vol. v, p. 715.",[Allusion to the Wife of Bath’s Tale.],,,en
part4_p87_a3,Vol.3,Part IV,p87,1735.,1735,high,Unknown.,low,Unknown,,,"Essay,","from The Prompter, no. 72, July 18, 1735, [reprinted in] The Gentleman's Magazine, July 1735, vol. v, p. 358.","There are many Persian Poems. . . which are but
moderniz'd Essays, (as our Chaucer by Dryden), the ancient
Words being grown obscure, by Corruption of their Lan¬
guage; as Chaucer's by Improvement of ours.",,,en
part4_p87_a4,Vol.3,Part IV,p87,1737.,1737,high,Unknown.,low,Unknown,,,"A Sonnet, modernized from Chaucer,","[in] The Gentle man's Magazine, Feb. 1737, vol. vii, p. 118.","[This “sonnet"" is a poem of ten six-line verses, beginning
""A chaste behaviour is the highest praise.""]",,"modernizations,particular,anonymous",en
part4_p88_a1,Vol.3,Part IV,p88,1739.,1739,high,Unknown.,low,Unknown,,,"The Apotheosis of Milton,","continued, [in] The Gentleman's Magazine, Feb. 1739, vol. ix, p. 74.","When they [the poets] were all seated, a profound Silence
ensued, which was broken by the President, [Chaucer] who
... enlarged with Great Eloquence, upon the fine Qualifi¬
cations, the Learning and the Genius of Milton...","[For the first part, see above, 1738, pt. 1, p. 384.]",,en
part4_p88_a2,Vol.3,Part IV,p88,[a. 1740.],[a. 1740],low,"Swift, Jonathan.",high,Jonathan Swift,male,14777110,"Memorandum of the oaths used in the Canterbury Tales, [and] An imitation of Chaucer.",,"[Neither of these seems to have been preserved. Sir
Walter Scott, in his Memoirs of Swift, says that Chaucer
seems to have been his favourite, for “I observe among his
papers a memorandum of the oaths used in the Canterbury
Tales, classed with the personages by whom they are
used."" In a footnote to the edn. of 1834, Monck Mason
is quoted as stating that Scott had sent him an imitation
of Chaucer’s style in the handwriting of Swift. This he
regrets having lost. See above, pt. ii, sect. i, p. 65, 1814,
Scott, Memoirs of Jonathan Swift, Miscellaneous Prose
works of Sir Walter Scott, Edinburgh, 1834-71, 30 vols.,
vol. ii, p. 414 and note.]",,"imitations,particularImitators,swift",en
part4_p88_a3,Vol.3,Part IV,p88,1743.,1743,high,"Birch, Thomas.",high,Thomas Birch,male,4956694,"The Heads of Illustrious Persons of Great Britain, engraven by Mr. Houbraken and Mr. Vertue. With their lives and characters by Thomas Birch.",,"[A conventional life of Chaucer. The engraving of him
is by Houbraken, and is dated 1741.]",,"biography,portraits,engraved",en
part4_p88_a4,Vol.3,Part IV,p88,1743.,1743,high,[Editor of The Gentleman's Magazine.],medium,[Editor of The Gentleman's Magazine.],male,,Note,"[in] Gentleman’s Magazine, Nov., vol. xiii, p. 586.","[On the Lambesbourne in Berkshire. Quotes Sylvester's
reference to “Chaucer's Donnington,” q.v. above, App. A.
1611.]",,,en
part4_p88_a5,Vol.3,Part IV,p88,1744.,1744,high,"Mason, William.",high,William Mason,male,95718679,Musæus.,,"[Given in the text above under 1747, pt. i, p. 393. It
should have been entered under 1744, which Mason says, in
a note on p. 3 of Poems, 1764, was the date of composition.]",,,en
part4_p88_a6,Vol.3,Part IV,p88-89,1744.,1744,high,"Pope, Alexander.",high,Alexander Pope,male,61551003,"Letter to Lord Orrery,","[dated] April 10, 1744, [printed in] Works, ed. W. Courthope and W. Elwin, 1871- 89, 10 vols., vol. viii, p. 518.","I doubt not how much Bounce [his dog] was lamented.
They might say as the Athenians did to Arcite in Chaucer,
Ah Arcite! gentle knight, why wouldst thou die,
When thou hadst gold enough, and Emily!
Ah Bounce! Ah gentle beast, why wouldst thou die.
When thou hadst meat enough, and Orrery?",,,en
part4_p89_a1,Vol.3,Part IV,p89,1744.,1744,high,"Whitehead, William.",high,William Whitehead,male,39437154,"On Nobility,",p. 6.,"And did your gentle Grandames always prove
Stern Rebels to the Charms ot lawless Love?
And never pitied, at some tender Time,
¹ A dying Damian, with’ring in his Prime?
¹ A dying Damian, &c.] See January and May in Chaucer and Mr. Pope.",,,en
part4_p89_a2,Vol.3,Part IV,p89,1746.,1746,high,Unknown.,low,Unknown,,,"Poem,","[in] The Gentleman's Magazine, Dec. 1746, vol. xvi, p. 665. Father Francis's prayer to St. Agnes. In Imitation of Chaucer. Ne gay attire, ne marble hall, Ne arched roof, ne painted wall,... Ne power, ne such-like idle fawncies Sweet Agnes, grant to father Frauncis... [18 more lines with no greater resemblance to Chaucer than the above.]","[in] The Gentleman's Magazine, Dec. 1746,
vol. xvi, p. 665.
Father Francis's prayer to St. Agnes. In Imitation of
Chaucer.
Ne gay attire, ne marble hall,
Ne arched roof, ne painted wall,...
Ne power, ne such-like idle fawncies
Sweet Agnes, grant to father Frauncis...
[18 more lines with no greater resemblance to Chaucer
than the above.]",,"imitations,particularImitators,anonymous",en
part4_p89_a3,Vol.3,Part IV,p89,1747.,1747,high,"Mason, William.",high,William Mason,male,95718679,Musaeus.,"See above, 1744.",,,,N/A
part4_p89_a4,Vol.3,Part IV,p89,1747.,1747,high,"Warton, Thomas, the elder.",high,Thomas Warton the elder,male,24445219,"Paraphrase of Leviticus,","xi. 13, [in] Poems on Several Occasions, pp. 30-33.","[p. 30] Hereafter in English Metre ensueth A Paraphrase on
the Holie Book entitled Leviticus Chap. XI. Vers. 13, &c.
Fashioned after the Maniere of Maister Geoffery Chaucer
in his Assemblie of Foules: Containing the Reasons of the
several Prohibitions.
Of feathred Foules, that fanne the bucksom Aire
Not All alike were made for Foode to men;
For, These Thou shalt not eat, doth God declare,
Twice tenne Their Nombre, and their Fleshe unclene...",,"imitations,particularImitators,warton",en
part4_p89_a5,Vol.3,Part IV,p89-90,[a. 1748.],[a. 1748],low,"[Tanner, Thomas.]",medium,Thomas Tanner,male,11058091,"Collections for the Bibliotheca Britannico-Hibernica,","[in Latin], MS. Add. 6261, ff. 24, 68.","[References to Chaucer as Controller of Customs for the
Port of London, and to the Sloane MS. of the Astrolabe.
There are probably other references to Chaucer in this
MS., which consists chiefly of extracts from and references
to MSS.]",,,en
part4_p8_a1,Vol.3,Part IV,p8,[1474.],[1474],medium,"Caxton, William.",high,William Caxton,male,68979076,The Recuyell of the Historyes of Troye.,"(Ed. H. O. Sommer, vol. ii, pp. 601, 604.)","[Rollins 3.]
[p. 601] Calcas that by the comandement of Appolyn had lefte
the troians / had a passing fayr doughter and wyse named
breseyda / Chaucer in his booke that he made of Troylus
named her creseyda.
[p. 604] Ther was neuer seen so moche sorowe made betwene two
louers at their departyng / who that lyste to here of alle
theyr loue / late hym rede the booke of troyllus that chawcer
made / wherin he shall fynde the storye hooll / whiche were
to longe to wryte here.",,,en
part4_p8_a2,Vol.3,Part IV,p8,1476-7.,1476-7,high,"Spirleng, Geoffrey and Thomas.",high,"Spirleng, Geoffrey and Thomas.",male,,Colophon to MS.,"Hunterian 197. Canterbury Tales. (Catalogue of the Manuscripts in the ... Hunterian Museum, 1908, p. 140.)","[f. 102vo.] Orate pro salute animarum Galfridi Spirleng Ciuis Norwici
Court holder Clerici maioratus et Comitatis dicte Comitatis
ac Thome Spirleng filij sui qui scribendo hunc librum com¬
pleuerunt mense Januarij anno domini Millesimo ccccmo
lxxvj° que [quo?] tempore dictus Galfridus quasi quinqua¬
ginta et dictus Thomas quasi Sedecimo etatis extiterunt
annorum.",,"manuscripts,,",la
part4_p8_a3,Vol.3,Part IV,p8,[c. 1490.],[c. 1490],low,"Colet, John.",high,John Colet,male,34454805,Study of Chaucer.,"See supra, pt. i, p. 73, Erasmus, 1519.",,"[In pt. i, p. 73, this is entered under 1519, the date of Erasmus's letter; but it should have been entered as c. 1490; for Erasmus distinctly refers to the period of Colet's life prior to his journey to Italy in 1493.]",,N/A
part4_p8_a4,Vol.3,Part IV,p8,[c. 1500.],[c. 1500],low,Unknown.,low,Unknown,,,"A ryght pleasaunt and merye Historie of the Mylner of Abyngdon, with his vife, and his fayre daughter: and of two poor scholers of Cambridge... Imprinted at London by Rycharde Ihones.",,"[The unique copy of this edition is in the Bodleian; that
of Wynkyn de Worde’s, also undated, was at Britwell. The
poem is probably much older than any printed edition.
The plot is that of the Reves Tale, but it may be inde¬
pendently derived from a French fabliau. Ses the reprint
in Thomas Wright’s Anecdota Literaria, 1844.]",,"works,canterburyTales,reeveTale",en
part4_p90_a1,Vol.3,Part IV,p90,1748.,1748,high,"Tanner, Thomas.",high,Thomas Tanner,male,11058091,Bibliotheca Britannico-Hibernica.,"[In Latin. Article on Chaucer, pp. 166-70, references in articles on Gower, 336-7, Lydgate, 489, 91, Occleve, 557, Spenser, 684, Strode, 697, and Thynne, 713.]","[The biographical part of the account of Chaucer is
avowedly based on Speght.]",,,en
part4_p90_a2,Vol.3,Part IV,p90,1749.,1749,high,"C., J.",low,Unknown,,,"Verses to Mr. Mason,","[in] The Gentleman's Magazine, Nov. 1749, vol. xix, p. 516.","[Brief reference to Chaucer and Spenser. The poem is
occasioned by Mason’s Musaeus, q.v. above, 1747, pt. i,
p. 393; see also above, App. A., 1744.]",,,en
part4_p90_a3,Vol.3,Part IV,p90,1751.,1751,high,Unknown.,low,Unknown,,,"Letter,","[in] The Gentleman's Magazine, July 1751, vol. xxi, pp. 302-3.","[Reference to and quotation from Chanouns Yemannes
Tale.]",,,en
part4_p90_a4,Vol.3,Part IV,p90-91,1752.,1752,high,"[Fielding, Henry ?]",low,Henry Fielding,male,61545697,"A Plesaunt Balade, or, Advice to the Fayre Maydens: written by Dan Jeffrey Chaucer,","[in] The Covent Garden Journal, no. 50, June 23, 1752. (Ed. G. E. Jensen, New Haven & London, 1915, 2 vols., vol. ii, pp. 37-8 and (notes) p. 237.)","[The “Balade"" is preceded by an unsigned letter,
beginning:]
Sir, Perhaps your Readers will not be displeased with
the Sight of the following Poem, when they are told it was
written by that ancient and venerable Bard, Dan Jeffrey
Chaucer...
[The poem begins as follows:]
Listhnith [sic], Ladies, to your oldë Frende:
If yee be fayre, be fayre to sum gode Ende.
For Gallants rath or late must loken out
For thilk same Yoke, so ese out of Dout,
*Yclepid Marriage; yet sootly Weman be
Malum per accidens vel malum per se,
As lerned Clerkes saie: this Latin is,
Ladies, that yee al bene Mannis chefe Blis,
[etc.].
[Cf. N. P. T., 11. 343-6.]
* [Note in original] : Called.
[The Covent Garden Journal was edited and largely
vritten by Fielding under the pseudonym of “Sir Alex¬
ander Drawcansir."" Professor W. L. Cross (The History
of Henry Fielding, 1918, 3 vols., vol. ii, pp. 382-3) prints
the poem, and attributes it to Fielding, adding, “Nowhere
else, so far as I remember, does Fielding give the slightest
evidence of any first-hand acquaintance with the father of
English poetry. In the list of the world’s great humorists
enumerated in 'Tom Jones,' the name of Chaucer is con¬
spicuous for its absence.""]",,"imitations,particularImitators,fielding",en
part4_p91_a1,Vol.3,Part IV,p91,1752.,1752,high,"Rawlinson, Richard.",high,Richard Rawlinson,male,47563478,Dimissio Tenementi siti in Gardino capellae beatae Mariae Westm... concessa Galfrido Chaucers ... Dec. 1399.,,"[An engraved facsimile of the lease (q.v. above, 1399,
pt. i, pp. 13-14), made for Richard Rawlinson.]",,"biography,episodes,other-episodes",en
part4_p91_a2,Vol.3,Part IV,p91,1753.,1753,high,"[Armstrong, John.]",medium,John Armstrong,male,59212872,"Taste: an Epistle to a Young Critic,","pp. 10, 15. (Bell’s Poets, 1781, vol. c, pp. 93, 96.)","[p. 10] As like as (if I am not grossly wrong)
Erle Robert's Mice to aught e’er Chaucer sung.
. . . . . . . . .
[p. 15] The Lords who starv'd old Ben were learndly fond
Of Chaucer, whom with bungling Toil they conn’d.",,"imitations,particularImitators,prior",en
part4_p91_a3,Vol.3,Part IV,p91,1753.,1753,high,Unknown.,low,Unknown,,,Publisher's Advertisement of the Lives of the Poets by Theophilus Cibber,"(q.v. above, pt. i, p. 407.)","[This is stated in Notes and Queries, 1st ser., vol. v. p. 26,
Jan. 10, 1852, q.v. above, pt. ii, sect. ii, p. 10, to be by
Johnson.]",,,en
part4_p91_a4,Vol.3,Part IV,p91,1754.,1754,high,"Gemsege, Paul [i.e. Pegge, Samuel.]",medium,Samuel Pegge,male,54181731,"Letter,","[in] The Gentle man’s Magazine, May 1754, vol. xxiv, p. 212.",[Brief reference.],"[Paul Gemsege is the anagram of Samuel Pegge. He contributed largely to The Gentleman's Magazine between the years 1746 and 1796, principally under the signature of Paul Gemsege. Other pseudonyms of his which appear here are: T. Row, L. E., L. Echard. Portius, Senex; he also used his initials, S. P. See an article on Pegge’s contributions to The Gentleman's Magazine in the number for Dec. 1794, p. 979 and supplement, p. 1081.]",,en
part4_p91_a5,Vol.3,Part IV,p91,[1755.],[1755],medium,"[Grey, Zachary.]",medium,Zachary Grey,male,44430360,"Remarks upon a late [i.e. Warburton's] Edition of Shakespeare,",p. 16.,"[Frankeleynes Tale, 11. 1045-6, quoted to illustrate “shene.""]",,,en
part4_p92_a1,Vol.3,Part IV,p92,1755.,1755,high,"Rider, W.",high,William Rider,male,21658439,"Westminster Abbey,","[a poem, in] The Gentleman's Magazine, Aug. 1755, vol. xxv, p. 373.","Chaucer, who first in Britain taught to sing,
In his half-crumbling, dreary tomb I hail;
Him every muse inspir'd to wake the string,
But yet how little doth his mirth avail!
His rhimes, his language, and his numbers fail...",,,en
part4_p92_a2,Vol.3,Part IV,p92,1757.,1757,high,"Gemsege, Paul [i. e. Pegge, Samuel].",high,Samuel Pegge,male,54181731,"Letter,","[in] the Gentle man’s Magazine, vol. xxvii, Dec. 1757, p. 561.","The word crowd... occurs even in Chaucer, who died
A. D. 1402, or thereabouts.",,,en
part4_p92_a3,Vol.3,Part IV,p92,1757.,1757,high,Unknown.,low,Unknown,,,"Biographia Britannica,","vol. iv, pp. 2242-51.","[Article on Gower, containing many more or less passing
references to Chaucer. For vol. ii see above, pt. i, 1748; for
vol. v, below, App. A, 1760.]",,,en
part4_p92_a4,Vol.3,Part IV,p92,1758.,1758,high,"A., A.",low,Unknown,,,"On a passage in the Fairy Queen,","[in] The Gentleman's Magazine, Feb. 1758, vol. xxviii, p. 57.","[Brief reference illustrating Spenser's phrase “powdered
with stars""].",,,en
part4_p92_a5,Vol.3,Part IV,p92,1758.,1758,high,"Massey, W.",high,William S. Massey,male,49286970,"The various translations of the Bible into English,","[in] The Gentleman’s Magazine, March 1758, vol. xxviii, p. 108.","In Chaucer’s time, there was a tradition that the Gospels
were extant in the British tongue, when Alla was king of
Northumberland, in the seventh century. Chaucer's words
in the Man of Lawes tale, are these:
A Breton boks written with Evangeles was set...",,,en
part4_p92_a6,Vol.3,Part IV,p92,1760.,1760,high,Unknown.,low,Unknown,,,"Biographia Britannica,","vol. v, p. 3405.","[Pope's juvenile imitations of Chaucer, etc., generally
condemned. For vol. ii see above, pt. i, 1748; for vol. iv,
above, App. A, 1757.]",,,en
part4_p93_a1,Vol.3,Part IV,p93,1761.,1761,high,"Dodsley, Robert.",high,Robert Dodsley,male,47589,Letter to William Shenstone,"[dated] June 25 [1761], [printed in] Select Letters, 1777, 2 vols., vol. ii, p. 113.","I send you a List of some Statues, about the same size
with that Pair you have;
DEMOSTHENES LOCKE CHAUCER SHAKESPEARE
and
and
and
and
CICERO, NEWTON, SPENCER, MILTON.
When you have fixed upon which Pair you will have, you
will let me know whether you will have them white or
bronzed.",,"biography,portraits,modern",en
part4_p93_a2,Vol.3,Part IV,p93,[1763?],[1763?],low,Unknown.,low,Unknown,,,"A Short Account of the first Rise and Progress of Printing,","32°, p. 44.","In this [Arnold’s Chronicle] is the Nut Brown Maid,
supposed by Chaucer, as Skelton confirms... Mr. Prior
has made a paraphrase of it... but knew not that it was
by Chaucer.",,,en
part4_p93_a3,Vol.3,Part IV,p93,[a. 1765.],[a. 1765],low,"Dunkin, William.",high,William Dunkin,male,235152591,"The Character of a Good Parson, From Chaucer,","[in] Select Poetical Works of the late William Dunkin, D.D., Dublin, 1769-70, vol. ii, p. 480.",,"[Dr. Dunkin died on 24 Nov., 1765.]","modernizations,particular,dunkin",N/A
part4_p93_a4,Vol.3,Part IV,p93-94,1765.,1765,high,"Hurd, Richard.",high,Richard Hurd,male,12417397,Moral and Political Dialogues; with Letters on Chivalry and Romance...,"the third edition, vol. iii, pp. 230, [Letter iv, reference to the Theseus in the Knight's Tale], 318-27 [Letter xi].","[p. 318] It is, further, to be noted, that the Tale of the Giant
OLYPHANT and Chylde TOPAZ was not a fiction of his own,
but a story of antique fame, and very celebrated in the days
of chivalry: so that nothing could better suit the poet’s
[p. 319] design of discrediting the old romances, than the choice of
this venerable legend for the vehicle of his ridicule upon
them.
Sir Topaz is all Don Quixote in little; as you will easily
see from comparing the two knights together. [This is
expanded.]
[p. 325] Only, I would observe, that, though, in this ridiculous
ballad, the poet clearly intended to expose the romances of
the time, as they were commonly written, he did not mean,
absolutely and under every form, to condemn the kind of
writing itself: as, I think, we must conclude from the
serious air, and very different conduct, of the Squire's
Tale, which Spenser and Milton were so particularly
pleased with.","[For the original and much briefer version, see above, pt. i, 1762, p. 421. The first paragraph quoted here follows that in the 1762 edn., ending ""most proper to be put into the hands of the People.""]","works,canterburyTales,sirThopas",en
part4_p94_a1,Vol.3,Part IV,p94,1769.,1769,high,Unknown.,low,Unknown,,,"The Whimsical Legacy. In Imitation of the Sum mer's [sic] Tale in Chaucer,","[in] The Merry Droll, pp. 84-90. [Not in B. M.; Bodl., Douce DD. 35.]",,,"modernizations,particular,anonymous/works,canterburyTales,sompnourTale",N/A
part4_p94_a2,Vol.3,Part IV,p94,1773.,1773,high,"Steevens, George.",high,George Steevens,male,24751220,Notes,[in] The Plays of William Shakespeare.,"[vol. iii
p. 8, n.]
It is probable that the hint for this play [The Midsummer
Night's Dream] was received from Chaucer's Knight's
[vol. ix,
Tale...
p. 7.]
Chaucer had made the loves of Troilus and Cressida
famous, which very probably might have been Shakespeare's
inducement to try their fate on the stage. [See above, pt. i,
p. 431, Capell.]
[There are also some passing references to Chaucer in
Steevens’s notes. For an additional note in Steevens’s
revised 2nd edn., see below, App. A, 1778.]",,"works,canterburyTales,knightTale",en
part4_p94_a4,Vol.3,Part IV,p94,1775.,1775,high,Unknown.,low,Unknown,,,"Review of Tyrwhitt's edition of the Canterbury Tales,","[in] The London Magazine, vol. xliv, pp. 652, 653; in The Critical Review, vol. xI, pp. 205-7; and in The Monthly Review, vol. liii, pp. 26-7.",[Brief conventional tributes.],,,en
part4_p94_a5,Vol.3,Part IV,p94,1775.,1775,high,"Walpole, Horace.",high,Horace Walpole,male,17231985,"Letter to the Rev. W. Mason,","April 14, 1775, [in] Letters of Horace Walpole, ed. Mrs. Paget Toynbee, vol ix, pp. 180-1.","I have waded through Mr. Tyrrwhit's most tedious notes
to the “Canterbury Tales,"" for a true Antiquary can still be
zealous to settle the genuine shape of a lump of mineral
from which Dryden extracted all the gold, and converted
[it] into beautiful medals.",,"modernizations,particular,dryden",en
part4_p95_a1,Vol.3,Part IV,p95,1775-81.,1775-81,high,"White, Gilbert.",high,Gilbert White,male,61594716,"Letters to the Rev. John White,","Jan. 5 and March 9, 1775 ; and to Miss Molly White, Dec. 19, 1781, [printed in] The Life and Letters of Gilbert White, 1901, 2 vols., vol. i, pp. 274, 281, vol. ii, p. 78.","[Chaucer's mention of gossamer; the colours of young
leaves observed by Chaucer in the Flour and the Lefe.]",,,en
part4_p95_a2,Vol.3,Part IV,p95,1778.,1778,high,"Duncombe, John.",high,John Duncombe,male,67649461,"An Elegy written in Canterbury Cathedral,",p. 8.,"[Reference to Chaucer and the pilgrims, and to the
Chequer inn, as that where they lodged.]",,,en
part4_p95_a3,Vol.3,Part IV,p95,1778.,1778,high,"Rymadyk, Jan van.",high,"Rymadyk, Jan van.",male,,"Museum Britannicum,","pp. 71-2, tab. xxviii.","9. A Rough Egyptian Pebble... on which is a striking
Likeness of the Head of Chaucer, father of the English
Poets, and is entirely by the Pencil of Nature, without any
assistance of Art. And now we will give a slight De¬
scription of another kind of Diamond, meaning Chaucer.
[Quotations from Leland and Dryden.] One may see his
very Temper on this Egyptian Pebble, which is a Compo¬
sition of the Gay, the Modest, and the Grave.
[The Pebble is shewn in engraving No. 9 on pl. xxviii,
facing p. 69. It is still exhibited in the Mineral Gallery of
the Natural History Museum, and is mentioned in the
""Blue Guide” to London, 1918, p. 246.]",[An unofficial account of objects of interest in the British Museum.],"biography,portraits,modern",en
part4_p95_a4,Vol.3,Part IV,p95,1778.,1778,high,"Steevens, George.",high,George Steevens,male,24751220,Note [in] The Plays of William Shakespeare,"... To which are added Notes by Samuel Johnson and George Steevens. The Second Edition, revised and augmented, vol. v, p. 523.","[Note on Henry IV., Part 2, Act iii, scene 2, to Skogan's
head.] Who Scogan was, may be understood from the
following passage in The Fortunate Isles, a masque of Ben
Jonson, 1626. [Quoted.]
Among the works of Chaucer is a poem called ‘Scogan,
unto the Lordes and Gentilmen of the Kinges House.’—
STEEVENS.","[See also below, App. A, 1783, Ritson, and 1793, Malone. For Steevens’s other notes, see his ed. 1, above, App. A., 1773.]",,en
part4_p96_a1,Vol.3,Part IV,p96,1778.,1778,high,Unknown.,low,Unknown,,,Encyclopædia Britannica;,"see above, pt. i, p. 452.","[The 6th edn. appeared in 1823; the Chaucer and Lydgate
articles in it are exact reprints of those in the 5th.]",,,en
part4_p96_a2,Vol.3,Part IV,p96,[n.a. 1779.],[n.a. 1779],low,"Mortimer, John Hamilton.",high,John Hamilton Mortimer,male,59164068,A series of nine drawings for the Canterbury Tales.,,"[Hamilton died in 1779; these drawings were engraved
in 1787 for some projected 4° edition of the Tales. See
N. and Q. 1880, 6th ser., vol. ii, pp. 325-6, 355; Hammond,
Chaucer, p. 324.]",,"illustrations,mortimer,",en
part4_p96_a3,Vol.3,Part IV,p96,1779.,1779,high,Unknown.,low,Unknown,,,"[Poem] To Mr. Warton on the third volume of his History of English Poetry being unpublished,","[in] The Gentleman's Magazine, Sept. 1779, vol. xl, p. 464.",[Brief reference.],,,en
part4_p96_a4,Vol.3,Part IV,p96,1780.,1780,high,Antiquarius.,high,Antiquarius.,male,,"Letter,","[in] The Gentleman's Magazine, Nov. 1780, vol. l, p. 515.",[Brief reference; Chaucer on fairies.],,,fr
part4_p96_a5,Vol.3,Part IV,p96,[c. 1780.],[c. 1780],low,"Catling, John, verger at Westminster Abbey.",high,"Catling, John, verger at Westminster Abbey.",male,,"Conversations with Joseph Nollekens,","[reported by J. T. Smith, in Nollekens and his Times, 2 vols., 1828, vol. i, p. 179].","Catling: Did you ever notice the remaining colours of
the curious little figure that was painted on the tomb of
Chaucer?
Nollekens: No, that's not at all in my way.","[J. T. Smith accompanied his father and Nollekens on this occasion as an assistant in their work as monumental sculptors, and was probably about fifteen; he was born in 1766.]","biography,episodes,tomb-epitath",en
part4_p96_a6,Vol.3,Part IV,p96,1780.,1780,high,"R, J.",high,Unknown,,,"Letter,","[in] The Gentleman's Magazine, Sept. 1780, vol. l, p. 420. [See also below, 1781.]","[On the genitive case in Saxon; forms in Chaucer such
as Knitis.]",,,en
part4_p96_a7,Vol.3,Part IV,p96,1781.,1781,high,"B., W.",high,Unknown,,,"Remarks on Dr. Johnson's Lives of the Poets,","[in] The Gentleman’s Magazine, Nov., vol. li, p. 507.",[Johnson and Dryden on Chaucer.],,,en
part4_p96_a8,Vol.3,Part IV,p96,1781.,1781,high,H.,high,Unknown,,,"Two Letters,","[in] The Gentleman's Magazine, Jan. and April 1781, vol. li, pp. 12, 13, 175.","[In continuation of J. R., see above, 1780, and also below,
1781, ‘Scrutator.’]",,,en
part4_p97_a1,Vol.3,Part IV,p97,1781.,1781,high,"Harris, James.",high,James Harris,male,22182610,"Philological Inquiries,","Part iii, chapter xi, pp. 467-72, 480.",[Chaucer's learning.],,,en
part4_p97_a2,Vol.3,Part IV,p97,1781.,1781,high,"[Pinkerton, John.]",medium,John Pinkerton,male,12358699,"On the progress of the English Language,","Sonnet 1, Rimes, p. 131.","Chaucer to the wanton court her bore,
Where jest and wiles she learned and amorous play.",['Her' is the English Muse.],,en
part4_p97_a4,Vol.3,Part IV,p97,1782.,1782,high,Unknown.,low,Unknown,,,"On the Rev. Thomas Warton's Escape, after falling into the river between Winchester and St. Cross,","[in] The Gentle man’s Magazine, Jan. 1782, vol. lii, p. 39.","[stanza v]
Of spirits waft him safe along
... The busy throng
Where Chaucer's reverend shade yclad in bayes
His chaplet vails, meet guerdon of his layes.",,,en
part4_p97_a5,Vol.3,Part IV,p97,1788.,1788,high,"[Ritson, Joseph.]",medium,ジョゼフ・リットソン,male,19808411,"Remarks... on... the last Edition of Shakespeare,","pp. 31, 99-100.","[p. 31] [‘Kid-fox.’]
[p. 99] [Scogan.]",,,en
part4_p97_a6,Vol.3,Part IV,p97,1783.,1783,high,"S., D. ; W., T. H. ; and W., J.",low,Unknown,,,"Letters, etc.,","[in] The Gentle man's Magazine, April, May and Aug., vol. liii, pp. 281-3, 406-7, 639.",,,,N/A
part4_p97_a8,Vol.3,Part IV,p97,1785.,1785,high,"Henry, Robert.",high,Robert Henry,male,7726958,"The History of Great Britain... Written on a New Plan,","vol. v. [A.D. 1399-1485], p. 549. [For vol. iv, see above, pt. i, pp. 459-63.]","The works of Chaucer and Gower, who flourished in the
fourteenth century, are as intelligible to a modern reader,
as those of King James, Lydgate, or Occleve.",,,en
part4_p97_a9,Vol.3,Part IV,p97,1785.,1785,high,"W., T. ; E., N.; E., S.; Unknown; and D., J.",low,Unknown,,,"Letters, etc.,","[in] The Gentleman’s Magazine, Feb., March, June, Aug. and Dec., vol. lv, pp. 110, 181, 414, 629, 950.",,,,N/A
part4_p98_a1,Vol.3,Part IV,p98,1786.,1786,high,"W., T. H.; Unknown; B., B.; and W., C.",low,Unknown,,,"Letters, etc.","[in] The Gentleman’s Magazine, Jan., April, June and July, vol. Ivi, pp. 39, 321, 472, 554.",,,,N/A
part4_p98_a2,Vol.3,Part IV,p98,1787.,1787,high,"Search, P.; A, J.; W., T. H.; and Unknown.",low,Unknown,,,"Letters, etc.,","[in] The Gentleman's Magazine, Feb., Aug., Nov., and Suppl., vol. lvii, pp. 126, 689, 945-6, 1169.",,,,N/A
part4_p98_a5,Vol.3,Part IV,p98,1789.,1789,high,"Seward, Anna.",high,Anna Seward,female,27208300,"On the Comparative Merits of Pope and Dryden,","[in] The Gentleman’s Magazine, Sept., vol. lix, p. 820.",[Brief reference.],,,en
part4_p98_a6,Vol.3,Part IV,p98,1789.,1789,high,"White, Gilbert.",high,Gilbert White,male,61594716,"The Natural History and Antiquities of Sel borne,",p. 381.,"[Chaucer and Langland satirize the clergy.] The laugh¬
able tales of the former are familiar to almost every reader.",,"criticism,qualities,humourWit",en
part4_p98_a7,Vol.3,Part IV,p98,1790.,1790,high,"Hamilton, William.",high,William Hamilton,male,76584948,The Death of Arcite.,"[Design, engraved in stipple by Bartolozzi.]",,,"illustrations,hamilton,",N/A
part4_p98_a8,Vol.3,Part IV,p98,1790.,1790,high,"Malone, Edmond.",high,Edmond Malone,male,36991115,"Notes, [in] The Plays and Poems of William Shakespeare,","10 vols., vol. ii, pp. 441, 461-2, 527, 529 [Midsummer’s Nights Dream]; v, pp. 355-6 [Henry IV., pt. ii, Scogan]; viii, pp. 143-4 [Troilus and Cressida].",,[There are probably other Chaucerian quotations and references in Malone's notes to the Plays.],,N/A
part4_p98_a9,Vol.3,Part IV,p98-99,1791.,1791,high,"D'Israeli, Isaac.",high,Isaac D'Israeli,male,37165645,"Curiosities of Literature,","1 vol, p. 503.","The Living Language.
Chaucer, Gower, Lydgate, and an infinite number of
excellent writers, have fallen martyrs to their patriotism
by writing in their mother tongue. Spenser is not always
intelligible without a glossary.","[Reprinted in the 4th edn., 1798, vol. i, p. 586, but not reprinted in later editions. D'Israeli added to and enlarged this book for many years; vol. ii was added in 1793, vol. iii in 1817, vols. iv and v in1823, and vol. vi In 1834. By 1841 twelve editions had appeared, each revised and altered. For further Chaucer references in the completed work, see below, 1793, 1796, and above, pt. i, 1807, 1823, 1834.]",,en
part4_p99_a1,Vol.3,Part IV,p99,1791.,1791,high,"[Huddesford, George.]",medium,George Huddesford,male,24467099,Salmagundi;,"a miscellaneous combination of Original Poetry, p. 143.","Monody on the death of Dick, an academical cat.
Cat-Gossips full of Canterbury Tales.",,,en
part4_p99_a2,Vol.3,Part IV,p99,1791.,1791,high,Unknown.,low,Unknown,,,"Imitation of Chaucer,","[in] The Bee [edited] by James Anderson, LL.D., Edinburgh, vol. iv, Aug. 11, 1791, p. 182.","Right wele of learnet clerkis is it saide,
That wemenheid for mannis use is made.",,"imitations,particularImitators,anonymous",en
part4_p99_a3,Vol.3,Part IV,p99,1792.,1792,high,"Cary, Henry Francis.",high,Henry Francis Cary,male,54579575,"Letter to Miss Seward,","[dated] 7 May 1792, [printed in] Memoir of the Rev. H. F. Cary, 1847, 2 vols., vol. i, p. 42.","Our greatest English poets, Chaucer, Spenser, and Milton,
have been professed admirers of the Italians.
[For Miss Seward's letter in reply to this, see above, pt. i, p. 494.]",,,en
part4_p99_a5,Vol.3,Part IV,p99,1792.,1792,high,"Tyson, —; and G., D. R. H.",low,Unknown,,,"Letters on a portrait of Chaucer,","[in] The Gentleman’s Magazine, July, Aug., vol. lxii, pp. 614, 714.",,,"biography,portraits,original",N/A
part4_p99_a6,Vol.3,Part IV,p99,1792.,1792,high,"Mercier, Richard Edward; Sigla; and Unknown.",high,"Mercier, Richard Edward; Sigla; and Unknown.",male,,"Articles, etc.,","[in] The Gentleman's Magazine, April, Sept. and Nov., vol. lxii, pp. 326, 805, 1022.","[Boke of Fame, ed. Caxton; Chaucer's house; review of
Lipscombe's Pardoner's Tale.]",,,en
part4_p99_a7,Vol.3,Part IV,p99-100,1793.,1793,high,"D'Israeli, Isaac.",high,Isaac D'Israeli,male,37165645,"Curiosities of Literature,","2 vols., 1793, vol. ii, pp. 217, 286, 469. (14th edn., 3 vols., 1849, vol. i, p. 274, pp. 499, 508.)","[p.217] Chaucer is a notorious imitator and lover of them [the
Romances.
Italian Romances]; his Knight's Tale is little more than a
paraphrase of Boccaccio’s Teseide.
Poet Laureat.
[p.286] Gower and Chaucer were laureates.
[p. 469] Natural Productions resembling artificial compositions.
There is preserved in the British Museum a black stone,
on which nature has sketched a resemblance of the portrait
of Chaucer. [See above, App. A., 1778, Rymsdyk.]",,"biography,portraits,modern",en
part4_p9_a1,Vol.3,Part IV,p9,1501.,1501,high,"Douglas, Gavin.",high,Gavin Douglas,male,41866426,The Palis of Honoure.,"(Poetical Works, ed. J. Small, 1874, vol. i, p. 22.) [1st ed. in B.M., Copland [1553]. sig. C4 b.]","Thair wes Arsyte, and Palemon alswa
Accumpanyit with fare Emylya,
The quene Dido with hir fals luf Enee,
Trew Troylus, vnfaythfull Cressida.
[Mr. Rollins says: “The context makes it almost
certain that Douglas had in mind the Legend of Good
Women (cf. Miss Spurgeon’s quotation, p. 71, from Douglas)
as well as the Troilus and the Knight's Tale. There are
other allusions in Douglas similar to this."" See also above,
pt. i, p. 65.]",,"works,otherSeparateWorks,troilus",en
part4_p9_a3,Vol.3,Part IV,p9-10,[c. 1507.],[c. 1507],low,"Skelton, John.",high,John Skelton,male,29549101,Phyllyp Sparowe.,"(Works, ed. A. Dyce. 1855, I, 84-86), ll. 672 ff. [Earliest ed. in B.M., Kele [1545?], sig. B 8b-C 1b.] [See also above, pt. i, p. 68.]","[Rollins 6.]
And though I can expounde
Of Hector ot Troye,...
And of the loue so hote
That made Troylus to dote
Vpon fayre Cressyde,
And what they wrote and sayd,
And of theyr wanton wylles
Pandaer [sic] bare the bylles
From one to the other;
His maisters loue to further,
Sometyme a presyous thyng.
An ouche, or els a ryng;
From her to hym agayn
Somtyme a prety chayn,
Or a bracelet of her here;
Prayd Troylus for to were
That token for her sake;
How hartely he dyd it take,
And moche therof dyd make
And all that was in vayne,
For she dyd but fayne;
The story telleth playne...
Disparaged is her fame;
And blemysshed is her name,
In maner half with shame;
Troylus also hath lost
On her moch loue and cost,
And now must kys the post;
Pandara [sic], that went betwene,
Hath won nothing, I wene,
But lyght for somer grene;
Yet for a speciall laud
He is named Troylus baud,
Of that name he is sure,
Whyles the world shall dure.",,"works,otherSeparateWorks,troilus",en
part4_p3_a1,Vol.3,Part IV,p3,"1391, June 17.","1391, June 17",high,Unknown.,low,Unknown,,,Writ commanding Chaucer to deliver to John Gedney the ofice of Clerk of the Works.,"Exch. Q. R. Accounts, Works 502|10. (Kirk 236.)",,,"biography,life-records,",N/A
part4_p6_a2,Vol.3,Part IV,p6,1450[-51].,1450[-51],medium,"Cumberworth, Sir Thomas.",high,"Cumberworth, Sir Thomas.",male,,"Will,","made 15 Feb. 1450-51. [In Bishop Marmaduke Lumley’s Register at Lincoln; printed in Lincoln Diocese Documents, 1450-1544, ed. Andrew Clark, E. E. T. Soc., 1914, p. 49.]","And I will my nese Annes... haue... my boke of
the talys of cantyrbury.",,"manuscripts,,",en
part4_p9_a2,Vol.3,Part IV,p9,[n.b. 1506.],[n.b. 1506],low,Unknown.,low,Unknown,,,"Verses,","written on the flyleaf of a copy of Durandus, Rationale Divinorum Officiorum, Lyons, 1506, printed in Notes and Queries, ser. i, vol. vii, pp. 568-9, 11 June 1853, by W. H. G.","[Stanza 4th and last begins:]
O ye imps of Chynner [i. e. Chaucer], ye Lydgatys pene,
With the spright of books ye goodly inspirryd,
Ye Ynglyshe poet [etc.].",,,en
part4_p36_a2,Vol.3,Part IV,p36,1568.,1568,high,Stewart.,high,Stewart.,male,,"Furth ouer the Mold at Marrow as I ment,","[a poem, in] the Bannatyne MS. (Ed. Hunterian Club, 1896, [1873-1901], 4 vols., vol. iv, pp. 774-76.)","[Rollins 21.]
[The poet says that as he was walking out he met a man:]
I sperit his name and he said, Panderus,
That sumtyme seruit the gud knycht Troyelus.
[Pandarus then launches into a tirade against women.]",,"works,otherSeparateWorks,troilus",en
part4_p37_a1,Vol.3,Part IV,p37,1568.,1568,high,Wedderburn.,high,Wedderburn.,male,,"My Luve was fals and full of Flattry,","[a poem, signed] “Finis quod Weddirburne,” [in the] Bannatyne MS. (Ed. Murdoch, Hunterian Club, vol. iv, p. 760; also in Sibbald’s Chronicle of Scottish Poetry, vol. iii, p. 235.) [st. 3] The skorne that I gatt micht bene maid ane farss, [Rollins 24.] Quhilk excedit the skorne of Absolone, Quhen the hett culter wes schott in his herss, Be clerk Nicolus and his luve Allesone, As Canterberry Tailis makis mentioun; Yit I suspekkit nocht bot scho wes trew, Bot I wes all begylit, quhilk sair I rew. [Cf. The Miller’s Tale.—In Stanza 7 of this same poem the author refers to, and quotes a line from, the Testament of Cresseid, rather conclusive proof that he, too, thought that work to have been written by Chaucer.]","[a poem,
signed] “Finis quod  Weddirburne,” [in the] Bannatyne MS. (Ed.
Murdoch, Hunterian Club, vol. iv, p. 760; also in Sibbald’s
Chronicle of Scottish Poetry, vol. iii, p. 235.)
[st. 3] The skorne that I gatt micht bene maid ane farss,
[Rollins 24.]
Quhilk excedit the skorne of Absolone,
Quhen the hett culter wes schott in his herss,
Be clerk Nicolus and his luve Allesone,
As Canterberry Tailis makis mentioun;
Yit I suspekkit nocht bot scho wes trew,
Bot I wes all begylit, quhilk sair I rew.
[Cf. The Miller’s Tale.—In Stanza 7 of this same poem
the author refers to, and quotes a line from, the Testament
of Cresseid, rather conclusive proof that he, too, thought
that work to have been written by Chaucer.]",,,en
part4_p37_a3,Vol.3,Part IV,p37-38,[1570.],[1570],medium,"B., R.",low,Unknown,,,A new balade entituled as foloweth. To such as write in Metres.,... [B.M. Huth 50 (13).],"[Rollins 25.]
Wyshyng all them that wyll adresse
Their pen to metres, let them not spare
To follow Chawcer, a man very rare,
Lidgate, Wager, Barclay and Bale,
With many other that excellent are,
In these our dayes, extant to sale.","[Licensed on or soon after July 22, 1570. See B.M. Cat. Huth Bequest, 50 (35).]",,en
part4_p38_a2,Vol.3,Part IV,p38,1572.,1572,high,"T[urbervile ?], G[eorge ?].",high,George Turberville,male,62345790,"The Letter of G. T. to his very friend H. W. concerning this worke,","[dated August 10, 1572, prefixed to George Gascoigne’s] The aduentures of Master F. I. [Ferdinando Jeronimi in] A Hundreth Sundrie Flowers, [1573] p. 203. (Com plete Poems of Gascoigne, ed. W. C. Hazlitt, vol. i, p. xxxix.)","[Rollins 26.]
And the more pitie, that amongst so many toward wittes
no one hath bene hitherto encouraged to followe the trace of
that worthy and famous Knight Sir Geffrey Chaucer, and
after many pretie deuises spent in youth, for the obtayning
a worthles victorie, might consume and consummate his age
in discribing the right pathway to perfect felicitie, with the
due preseruation of the same.",,,en
part4_p42_a2,Vol.3,Part IV,p42-43,1579.,1579,high,"A Student in Cambridge. [C., J.?]",low,"A Student in Cambridge. [C., J.?]",male,,A poore Knight his Pallace of priuate pleasures. ....,"Written by a student of Cam bridge, and published by I. C. Gent. [No early ed. in B.M.] (Ellis’s Three Collections, sign. B iiii b.)","[Rollins 33.]
And as I pryed by chaunce, I saw a damsell morne,
With ragged weedes, and Lazers spots, a wight to much
forlorne.
Quoth Morpheus doost thou see, wheras that caytiffe
Iyes,
Much like the wretched Crocodill, beholde now how shee
cryes.
That is Pandare his Nice, and Calcas only childe,
By whose deceites and pollicies, young Troylus was
beguilde.
Shee is kept in affliction where many other are,
And veweth Troylus Iying dead, vpon the Mount of Care.
Shee wepte, shee sighed, shee sobd, for him shee doth
lament,
And all too late, yet to to vaine, her facte she doth
repent:
How could that stedfast knight, (quoth I) loue such a
dame?
Morpheus replied in beauty bright, shee bare away the
fame:
Till that shee had betrayed, her Troylus and her dere,
And then the Gods assigned a plague, and after set her
here.
[This remarkable combination of Chaucer's and Henry¬
son’s stories is equalled by another passage at sign. F. For
one at sign. C iii b, see above, pt. i, p. 119.]",,,en
part4_p53_a2,Vol.3,Part IV,p53,[1600?],[1600?],low,"Atkinson, —, of Cambridge?",high,"Atkinson, —, of Cambridge?",male,,,"[About this time was christened Troilus Atkinson, later a bookseller. See Bibl. Soc. Dictionary of Printers, 1668-1725. His parents' names and the date of his birth are unknown. There was also a Sir Troilus Turberville, a Royalist, who was killed in the Civil War, and who was probably rather younger. These are the only definitely Chaucerian christian names that we have found.]",,,"works,otherSeparateWorks,troilus",N/A
part4_p55_a2,Vol.3,Part IV,p55,[n.b. 1602.],[n.b. 1602],low,"Goddard, William.",high,William Goddard,male,,Verses,"written on the back of the portrait in a copy of Chaucer’s works, 1602, being No. 117 in a list, c. 1917, of books offered for sale by Mr. G. H. Last, of Bromley.]","It thou yll-rellishe Chaucer for his ryme,
Consider when he liud, the age and time,
And thou't saie old Geffrye neatlie writt
And shows both elloquence and curious witt,
Noe age did ere afford a merryer vaine,
Yet divd into a deepe and sollid straine.
WILLYAM GODDARD.",,,en
part4_p56_a5,Vol.3,Part IV,p56-57,1606.,1606,high,Unknown.,low,Unknown,,,Licence to print The Ploughman's Tale,"(as Chaucer’s), [in] Registers of the Stationers' Company of London (Arber's Transcript, III, 310).","[Rollins 57.]
17. Januarij [1605/6]
Samuel Macham
Mathue Cooke.
Entred for their copy... A book called the
ploughmans tale shewinge by the doctrine and lyves
of the popishe clergie that the pope is Ante christ and they
his Ministers. written by Sir Geffrey Chawcer amongst
his Canterbury Tales and nowe sett out apart from the
rest with A short exposition of the woordes and matter for
the capacity and understandinge of the sympler sort of
readers. . . . . . . . . . . . . . . . vjᵈ
[For the edition see above, vol. i, p. 177.]",,,en
part4_p71_a8,Vol.3,Part IV,p71-72,[1650? or 1660?],[1650? or 1660?],low,"Marvell, Andrew.",high,Andrew Marvell,male,39381003,"Tom May’s Death,","[in] Miscellaneous Poems, 1681, p. 37. (Poems and Satires, ed. G. A. Aitken, vol. ii, p. 13.)","Poor poet thou, and grateful senate they
. . . . To lead thee home.
If that can be thy home where Spenser lies
And reverend Chaucer; but their dust does rise
Against thee, and expel thee from their side,
As the eagle’s plumes from other birds divide.","[May died in 1650, and was buried in Westminster Abbey; at the Restoration his body was removed. It has been suggested that the poem was written after the latter event, and that the lines here quoted refer to it; but this seems to require too wanton a malignity in Marvell.]",,en
part4_p73_a3,Vol.3,Part IV,p73,[1659-61.],[1659-61],medium,"“Montelion, Knight of the Oracle."" [Phillips, John.]",medium,John Phillips,male,120700881,Montelion... or the Prophetical Almanack.,,"[In the issue for 1660 (no doubt issued the previous
year) Chaucer is named in the Calendar at 13th Jan.; in
that for 1662 (copy in Bodl.) “Chaucer's Millar"" occurs at
23rd Nov. There is no Chaucer allusion in 1661.]",,,en
part4_p77_a4,Vol.3,Part IV,p77,1686.,1686,high,"Chaucer junior, ps.",high,"Chaucer junior, ps.",male,,"Canterbury Tales, composed for the enter tainment of all ingenions young men and maids at their merry meetings.",,,"[A jest-book, connected with Chaucer by the title only. There is a copy in the Pepys Library, and one of a much later editton in B.M.]","bookTitles,,",N/A
part4_p78_a1,Vol.3,Part IV,p78,[1686?],[1686?],low,"W., W.",low,Unknown,,,"[Preface to his pt. 3 of Richard Johnson's] The Seven Champions of Christendom,",sign. A 3 b.,"[Rollins 76.]
If I have soared above the heigth [sic] of the Language
in the two former parts, know that our speech is refined
since they were writ, Chaucer whose lines did excel for
Eloquence in his days, is now despized for plain and rustick,
even by those who scarcely know what language is.","[A copy of this edition, following Johnson's pts. 1, 2, ed. 1687, is in the Pepys Library. The imprint is cropped and the date doubtful ; it may be the same as that of 1696(?) in B.M., which also has the date cropped. None earlier is known. Johnson's work first appeared in 1596-7.]",,en
part4_p80_a1,Vol.3,Part IV,p80-81,1691.,1691,high,G[ibson] E[dmund].,high,Edmund Gibson,male,54501262,"Polemo-Middinia. Carmen Macaronicum. Autore Gulielmo Drummundo,... accedit Jacobi id nominis Quinti, Regis Scotorum, Cantilena Rustica vulgo inscripta Christs Kirk on the Green. Recensuit, Notisque illustravit,","E. G. Oxonii ... 1691. [Illustrative quotations from Chaucer, printed in black-letter, in] Notes, pp. 4, 9, 10, 11, 12, 17.","[p.4] Qui pottas ᵇdihtavit.
Note b. Purgavit, à Sax. dihtan. She gan the house to
dight, Chaucer.
[p.9] Cartes stabbatus ᶠ greitans.
Note f. Flens, plorans. Anglis Borealibus & Scotis to
graet,... For want of it I grone and grete. Chaucer.
[p. 10] Sic fraya fuit, sic ᵃguisa peracta est.
Note a. Mendose, ausim dicere, pro guerra, unde nostrum
‘war.’ Guerring, brawling. Chaucer. Better is a morsell
or little gobbet of bread with joy, than an house filled
full of delices, with chiding and guerring.
[p.11] To dance these Damosels them ‘dight.
Note c. Prepare, provide; à Sax. dihtan, parare, instruere.
Vox Chaucero usitatissima. Dighteth his dinner.—To bed
thou wolt the dight.—His instruments would he dight.—
He was aie the first in armes dight.—He doth his shippes
dight.
[p.12] Her ᵈIyre was like the Lilly.
Note d. Complexion, countenance, à Cimbrico hlyre...
Cui consonant illa Chauceri.
–Saturne his lere was like the lede
–Thy lustie lere overspredde with spottes blacke.
Vel forsan ‘laugh,’ ‘smile,’ à Cimbr. hlyr... Huic
concinit & istud Chauceri— And nere I went and gan
to lere.
[p. 15]  Aᵃ yape young man that stood him niest.
Note a. Insulting, vaunting.
And saied to me in great jape,
Yelde thee, for thou may not escape. Chaucer.
An hasty kinsman called Hary,
That was an Archer keen,
‘Tyed up a tackel withoutten tary.
Note e. Made ready an arrow.
Well could he dresse his tackle yomanly.
Chaucer.
He straight up to his eare drough
The strong bow, that was so tough,
And shot at me, so wonder smart,
That through mine eye unto mine hart
The takell smote, and depe it went. Id.
He shote at me full hastely
An arowe, named Companie,
The which takell is full able
To make these Ladies merciable. Id.
[p. 17] ᵉIt was no mowes.
Note c. It was no jesting matter. Of the foule mowes
and of the reproves that men saied to him. Chaucer.
And ᵍbickered him with Bowes.
Note g. Pelted, invaded. We two shall have a biker.
Chaucer.",,,en
part4_p83_a1,Vol.3,Part IV,p83,1715.,1715,high,Unknown.,low,Unknown,,,"The Art of Poetry,","referred to at this date under Haslewood and Bliss [c. 1833], above, pt. ii, p. 188, is Dryden’s [?] version of Boileau, q.v. above, 1680-83, pt. i, p. 254.",,,,N/A
part4_p86_a3,Vol.3,Part IV,p86,[1788.],[1788],medium,"[Grosvenor, —, ps., i.e. Budgell, Eustace ?]",low,"[Grosvenor, —, ps., i.e. Budgell, Eustace ?]",male,,"Modernisation of the Sompnour’s Tale,","[in] The Bee [edited by Eustace Budgell], vol. ii, no. xxiii, Aug. 4, [1733,] p. 1020.",,"[This was reprinted in Ogle’s Canterbury Tales, q.v. above, 1741, pt. i, p. 389.]","modernizations,particular,grosvenor",N/A
part4_p94_a3,Vol.3,Part IV,p94,1775.,1775,high,Atticus.,high,Atticus.,male,,"Stanzas on Poetry,","[in] The Gentleman’s Magazine, July 1775, vol. xIv, p. 340.","Thus when our Chaucer first awoke the string,
All rude and harsh the lays–though bold the flight...",,,en
part4_p97_a3,Vol.3,Part IV,p97,1781.,1781,high,Scrutator.,high,Scrutator.,male,,"Letter,","[in] The Gentleman's Magazine, June 1781, vol. li p. 266.","[In continuation of ‘J. R.’ and 'H.’ above, 1780, 1781.]",,,en
part4_p97_a7,Vol.3,Part IV,p97,1784.,1784,high,"Eugenio; W., R. ; and Unknown.",high,"Eugenio; W., R. ; and Unknown.",male,,"Letters,","[in] The Gentle man’s Magazine, April and May, vol. liv, pp. 257, 270, 323-4.",,,,N/A
part4_p98_a3,Vol.3,Part IV,p98,1788.,1788,high,Belzebub.,high,Belzebub.,male,,"Letters on Education,","[in] The Gentleman's Maga zine, May, vol. lviii, p. 391.",[Brief reference.],,,en
part4_p98_a4,Vol.3,Part IV,p98,1789.,1789,high,"Diplom, and others.",high,"Diplom, and others.",male,,"Letter on the spelling of the name ‘Shakespeare,’","[in] The Gentleman's Magazine, June, vol. lix, p. 494.",[Brief reference.],,,en
part4_p99_a4,Vol.3,Part IV,p99,[1792.],[1792],medium,"Macklin, —.",high,"Macklin, —.",male,,"Proposals for Macklin's English Poets... particularly... Chaucer... Skelton, etc.",,"[Inserted in Haslewood and Bliss's interleaved copy of
Winstanley's Lives of the English Poets (B.M. C. 45. d. 13),
q.v. above, pt. ii, sect. i, p. 187, [c. 1833] Haslewood.]",,,en
part4_p101_a6,Vol.3,Part IV,p101,1798.,1798,high,Jaques.,high,Jaques.,male,,What was!,"[in] Satires, etc., pp. 9, 10.","Chaucer...
Has left good models for the present day...",,,en
part4_p107_a1,Vol.3,Part IV,p107,[n.b. 1536.],[n.b. 1536],low,"W[yer?], R[obert?]",low,Robert Wyer,male,2821060,"O Hystoryes of Troye,","[translated from Christine de Pisan by R. W.,] printed by me Robert Wyer.","[sig.
R 8 b]
The LXXXIIII. Glose.
Bryseyde (whom mayster Chaucer calleth Cressayde in his
Boke of Troilus) was a damosell of great beaulte...
[He goes on to tell the tale of Cresseid, without mention
of Henryson’s addition of her leprosy.]",[The 'Sufolk' imprint used in this book was not Wyer's before 1536.],"works,otherSeparateWorks,troilus",en
