ID,Volume,Part,Page,Date,Author,Title,Imprint,Quotation,Headnote
supp_p12_a1,Supplement,,p12,1870.,"Purves, D. Laing.",The Canterbury Tales and Fairie Queene: with Other Poems of Chaucer and Spenser.,"Edited for Popular Perusal (Edinburgh, 1870).","[Preceded by a Preface, mentioning that the object of the
volume is to place before the general reader the Canterbury
Tales and Fairie Queene in a way that will render their
""popular perusal"" easy. Followed by a Life of Chaucer and
some remarks on his poems.]",
supp_p12_a2,Supplement,,p12,1870.,"Riley, Henry Thomas.","Report, [in] First Report of the Royal Commission on Historical Manuscripts,","Appendix, London, 1870, p. 84.","There can be little doubt that, from its singular multiplicity
of Sollars, Solers, or sun-chambers (fitted with bay-windows,
probably), King's Hall was commonly known in Cambridge,
at least during the 14th century, as ""Sollars Hall""; and
that this is the long-sought college which Geoffrey Chaucer
mentions in the Reves Tale, as ""Soleres Hall,"" and of which
he himself is supposed to have been a member.",
supp_p12_a3,Supplement,,p12-13,1870.,"Ruskin, John.",Lectures on Art.,"Lecture I, Inaugural. Works of Ruskin, Library edn., ed. E. T. Cook and A. Wedderburn, 1905, vol. xx, pp. 23, 29, 30.","[p. 23] [A note pointing an additional passage in an early draft.]
The best poetry has been done for no salary at all; but
for casual alms, as the Iliad; or bitter bread, as the Divina
Commedia. Chaucer, indeed,—""well of English undefiled""
—had salary, thirteen pounds a year and a pitcher of wine
daily; but when he was seventy years old, was borrowing
a few shillings from week to week in advance of his pension.
[With a brief note by the editors on the passage.]
[p. 29] I think the most perfect type of a true English mind in
its best possible temper, is that of Chaucer; and you will
find that, while it is for the most part full of thoughts of
beauty, pure and wild like that of an April morning,1 there
are, even in the midst of this, sometimes momentarily jesting
passages which stoop to play with evil—while the power of
listening to and enjoying the jesting of entirely gross persons,
whatever the feeling may be which permits it, afterwards
degenerates into forms of humour which render some of
quite the greatest, wisest, and most moral of English writers
now almost useless for our youth. And yet you will find that
whenever Englishmen are wholly without this instinct, their
genius is comparatively weak and restricted.
Ibid., Lecture III, The Relation of Art to Morals, Library
edn., vol. xx, p. 77.
""Never elated, while one man's oppress'd;
Never dejected, while another's bless'd.""2
I wish you also to remember these lines of Pope, and to
make yourselves entirely masters of his system of ethics;
because, putting Shakespeàre aside as rather the world's
than ours, I hold Pope to be the most perfect representative
we have, since Chaucer, of the true English mind; and I
think the Dunciad is the most absolutely chiselled and
monumental work ""exacted"" in our country.
1 Footnote by editors: A reference to the first line of the Canterbury Tales: ""When that
Aprile with his schowres swoote.""
2 Footnote by editors: Essay on Man, iv 323-4.",
supp_p13_a1,Supplement,,p13-26,1870.,Unknown.,"Article, The Text of Chaucer [in] the Edinburgh Review,","July, 1870, No. cclxix, pp. I-45.","[p. 1] It is a national reproach that after the lapse of nearly five
hundred years we are still without a critical and illus¬
trative edition of Chaucer's poetical works. Excepting
Shakspeare, no English poet so thoroughly requires and
deserves careful editing as Chaucer; and, in the essential
characteristics of his genius, no English poet comes nearer
to Shakspeare.
[pp. 2, 3] [Chaucer's dramatic insight, love of nature, wide human
interest, and felicity of expression.]
These excellences have justly made Chaucer not only the
father of English poetry, the greatest of our dramatists before
the rise of the regular drama, but one of the most delightful
and habitually read of all English poets. The many eulo-
gistic references to him by later writers both in prose and
verse, down to the close of the Elizabethan period, show how
constantly he was studied during the two centuries after his
death. In the first century we have repeated and emphatic
testimony to his pre-eminent merit by such poets as Lidgate,
Occleve, and Douglas. And in the Elizabethan age there is
a consensus of enthusiastic appreciation amongst almost all
its more distinguished critics, poets, and historians. The
list includes amongst eminent prose writers the names of
Wilson, Puttenham, Ascham, Fox, and Camden; and of
poets Sir Philip Sidney ranks Chaucer with Dante, Petrarch,
[p. 4] and Boccaccio; while Spenser avowedly adopted him as a
master, and commenced his poetic career by direct imitations
of his style. The well-known reference to
'him that left half-told
The story of Cambuscan bold,'
and the quotations from the 'Canterbury Tales' in Milton's
prose writings, show that Chaucer was not forgotten amidst
the distractions of the Parliamentary conflict and the civil
war. Dryden, again, did his utmost to popularise the more
striking of the 'Canterbury Tales,' and has left, perhaps, the
best critical estimate of their author we possess. During
the eighteenth century there were several elaborate attempts
to make English readers better acquainted with Chaucer,
whose language had by that time become too archaic for
the effortless enjoyment of ordinary readers. And in our
own day, notwithstanding the obstacles interposed by a
grammar and vocabulary partially obsolete, Chaucer has
reappeared in a greater number of forms, and is, perhaps,
more generally read and studied, than any of the great
Elizabethan poets except Shakspeare.
These circumstances render it the more surprising, and,
we may add, the more discreditable to our national scholar¬
ship, that no complete critical edition of Chaucer's poetical
works should yet have been produced. The reproach is one
of old standing, and many suggestions have from time to
time been made with the view of wiping it away.
[Quotation of Dr. Johnson's note on his projected edition.
[p. 5] The truth is, that until the last few years the greater part
See p.  above, also remarks on Todd.]
of Chaucer's poetical works have never, strictly speaking,
been edited at all. 'Troilus and Cressid,' a story nearly as
long as the 'Æneid,' the 'Romaunt of the Rose,' the 'House
of Fame,' the 'Legend of Good Women,' and the minor
poems, collected and published together for the first time
by Thynne in 1532, were printed from defective and im¬
perfect manuscripts without any critical oversight or correc¬
tion; and from that time to our own day they have been
reprinted from the black-letter folios without any attempt
at systematic critical revision. The 'Canterbury Tales
have, indeed, fared somewhat better, having been more than
once carefully edited by critics in many respects well qualified
for the task. But much still remains to be done for the text
of Chaucer's greatest work; and still more, perhaps, for the
adequate explanation of its language and allusions. Wo
have as yet no satisfactory and authoritative text even of
the' Canterbury Tales'; and the best published text, that
recently revised by Mr. Morris, to which we shall presently
refer in detail, is without note or comment of any kind.
The work which Johnson projected, and which a succession
of eminent scholars and critics have so earnestly desiderated,
still remains, therefore, to be done.
In these circumstances the formation of a Chaucer Society,
mainly for the purpose of printing the best existing manu¬
scripts of the poet's works, ought to be matter of hearty con¬
gratulation to all lovers of English literature. Our public
and private libraries are rich in Chaucer manuscripts, and
the best of these must be available for critical use before an
authoritative complete and satisfactory text of Chaucer can
be produced. But the only way of placing these manu-
scripts within the reach of English scholars is by printing
them; and, if done at all, this must obviously be the work
of a special Society. With this end in view, the Chaucer
[p. 6] Society was accordingly founded two years ago, and it is
pleasant to find the two great divisions of the Anglo-Saxon
race united in this effort to illustrate the genius and honour
the memory of its first great poet and dramatist. The
Society was set on foot by Mr. F. J. Furnivall, to whose
philological zeal and literary industry students of early
English are already so much indebted. But, as he himself
tells us, it was established very much at the instance of
Professor Child, of Harvard University. . . . In the words
of the original prospectus the Society was founded 'to do
honour to Chaucer, and to let the lovers and students of his
works see how far the best unpublished manuscripts differ
from the printed texts.' . . .
The proposal, then, is to begin with ""The Canterbury
Tales,"" and give of them (in parallel columns in royal 4to)
six of the best unprinted manuscripts known, and to add in
another quarto the next best manuscripts if 300 subscribers
join the Society.'
This excellent plan has so far been carried out with com¬
mendable diligence and fidelity. Early in 1869, the first
part of the six-text edition, containing the 'Prologue' and
the 'Knight's Tale,' was issued in the two forms of separate
octavo texts, and of all the texts together in a six-columned
oblong folio. All the texts are handsomely printed, and, as
we can testify from experience, the oblong folio is extremely
convenient for collocation and reference. Great care, more-
over, appears to have been taken in printing the texts so as
to render them as accurate transcripts of the manuscript as
possible.
[Account of Chaucer Society Aims and Publications.
Value of the latter to students. Only seventy subscribers
in England, and thirty in the United States. Readers
recommended to subscribe.]
[p. 8] From what we have said it will be seen that the publi¬
cations of the Chaucer Society are preparing the way for a
complete edition of Chaucer's works in the twofold direction
of text and commentary. The requirements of such an
edition are an authoritative text based on a comparison of
the best manuscripts, and an adequate explanation in the
shape of notes and commentary of Chaucer's learning and
literary studies, his allusions, language and versification.
The first point is the text; and, in order to estimate fairly
the work the Chaucer Society is doing in this respect, it is
necessary to glance at the history of the printed texts down
to the present time. Caxton printed the 'Canterbury
Tales' twice, the first time from a very corrupt manuscript,
and the second time from a much better one. 'Troilus and
Cressid,' 'The House of Fame,' 'The Assembly of Fowls,'
and some minor pieces, were printed by Caxton's coadjutors
and successors, Wyken de Worde and Pynson. The first
edition of Chaucer's poetical works was that published in
1532, and edited by W. Thynne. In his curious dedication
to Henry VIII, Thynne claims to have corrected, by com¬
parison with the manuscripts, those parts of the poet's works
already printed, and to have published the rest for the first
time. He says:—
[Thynne quoted ; see above, 1532, vol. i, p. .]
As may be surmised from this extract, Chaucer did not
benefit much from Thynne's supervision, his text of the
'Canterbury Tales' being in some respects inferior to that
of Caxton's second reprint, while the minor poems are
crowded with verbal corruptions. Stowe, the next editor,
added little to Thynne's work, except some miscellaneous
poems, 'now imprinted for the first time,' which fill twenty
pages of his massive folio. These poems are of doubtful
authority, being more in Lidgate's manner than Chaucer's;
but the longest of them, 'The Court of Love,' has kept its
place in the subsequent editions of the poet's works. The
third chief edition published during the sixteenth century is
[p. 9] that edited by Speight, and in many respects he may fairly
be regarded as the first editor, strictly so called, of Chaucer.
Thynne and Stowe paid but little attention to the text;
and neither of them attempted anything in the way of
illustration or commentary. Speight attended in a manner
to both these departments of an editor's duty; and, though
his alterations in the text are comparatively few and unim¬
portant, they are still in the main improvements. But his
claims as an editor rest mainly on his explanations of
Chaucer's language. He is the first that attempted any
detailed explanation of archaic words and phrases; and his
glossary, with all its imperfections, entitles him to the grateful
remembrance of Chaucer students. This gratitude would
have been still stronger had Speight told the whole story of
Wade and his bote called Guingelot, as also his straunge
exploits in the same,' instead of simply passing it over 'as
being long and fabulous.' The story was undoubtedly con¬
nected with the northern mythology, and abounded in
marvellous incident. And it is certainly one of the curiosities
of literary history that a story of this nature, so well-known
in the beginning of the seventeenth century that an editor,
in noticing Chaucer's allusions to it, thinks even an outline
needless, should now have so completely perished that no
fragment of it can be recovered. . . . Speight's compact
folio, first published in 1598, again in 1602, with some im¬
provements, and a third time in 1687, with a few trifling
additions, continued to be the standard edition of Chaucer
throughout the whole of the seventeenth century. Down to
the beginning of the eighteenth century, indeed, the collected
works of our more celebrated poets generally appeared in
the folio form, and the folio belongs to the pre-critical period
of our literary history. Urry's ambitious work, which ap¬
peared in 1721 and has the distinction of being the tallest of
all the Chaucer folios, is certainly no exception. The licen¬
tious alterations of the text, in which Urry habitually in¬
dulged, have simply made it perversely corrupt in every part.
The truth is that Urry, though in some respects an accom¬
plished man and a lover of our early literature, was altogether
ignorant of Chaucer's language and versification; and the
arbitrary alterations by which he claims to have 'in a great
measure restored and perfected the text,' have in numberless
lines destroyed both the grammar and the metre, and in many
the sense as well.
[p.10] The first editor of any part of Chaucer's works who dis¬
played anything like the spirit and power of genuine criticism
was undoubtedly Dr. Thomas Morell, best remembered per¬
haps by his learned 'Thesaurus' . . . Dr. Morell was, how¬
ever, an English as well as a classical scholar, having edited
Spenser, and commenced the publication of the 'Canterbury
Tales' on a thoroughly complete and satisfactory plan. The
only matter of regret is that he did not carry out his admirable
scheme and finish the work he had so well begun. The first
volume of the projected work, and we believe the only one
ever issued, appeared in 1737, and was entitled 'The Can¬
terbury Tales of Chaucer in the original, from the most
authentic manuscripts, with references to authors ancient
and modern, various readings, and explanatory notes.'
This volume contains the 'Prologue' and the 'Knight's
Tale,' a modern version of each being appended to the
original text. Tyrwhitt refers to it in terms of high but
just praise; and it appears from his reference to have been
the only part of the work that had been published. Mr.
Robert Bell, however, in his introduction to the edition of
Chaucer in the Annotated English Poets, says that 'the
""Canterbury Tales"" were published in 1740 by Dr. T.
Morell;' and that this is the edition to which Mr. Tyrwhitt
gives the date of 1737.' The last part of the statement is
certainly inaccurate, as the volume of 1737 lies before us,
and is evidently that to which Tyrwhitt refers, and which
he used in preparing his own edition for the press. And
we feel convinced that the first part of Mr. Bell's statement
is also inaccurate, and that the volume of 1737 is the only
part of Dr. Morell's projected work that ever appeared. This
part is, however, quite sufficient to show that in undertaking
to edit Chaucer Dr. Morell took a just and comprehensive
view of the work to be done, and that he possessed many
of the higher qualities essential to its successful execution.
His plan includes minute attention both to text and com¬
mentary; and in dealing with the text 'he set out,' says
Tyrwhitt, 'upon the only rational plan, that of collating the
best manuscripts and selecting from them the genuine read¬
ings.' For this purpose he examined no fewer than fifteen
manuscripts of the 'Canterbury Tales;' and, while adopting
the best and most authoritative readings in the text, he gave
all the more important manuscript variations in the shape
of a separate textual appendix. This full and accurate
exhibition of various readings gives indeed to Dr. Morell's
p. 11] work a more scholarly character and a higher critical value
than belongs to any other edition of the 'Prologue' and
'Knight's Tale.' And so great is his respect for the authority
of the best manuscripts, that he sometimes gives a reading
from them, even although he does not fully understand it.
Thus in the description of the knight he was the first to
adopt the manuscript reading of the line—
'In Lettowe hadde he reysed and in Ruce.'
The previous editions had ridden, but Dr. Morell, while
mistaking its meaning, restored reysed (journeyed, travelled).
on the authority of the great majority of the ancient manu¬
scripts, and in this he has been followed by subsequent editors.
[Then follow comments and quotations on Morell and Urry's
views of Chaucer's versification.]
[p.12] We can only glance at Dr. Morell's scheme of illustration,
which is as judicious and complete as his method of dealing
with the text. It includes brief notes at the foot of the page,
explaining archaic words, phrases, and allusions, and often
containing parallel passages from the poets ancient and
modern, and a commentary in the shape of an appendix
explaining at greater length the historical allusions of the
text, as well as its references to contemporary life and
manners. The explanation of obsolete words is sometimes
inaccurate, and the etymology often erroneous; but con¬
sidering the low state of English philology at the time, this
part of the work is well done, and generally, both in con¬
ception and execution, the volume is well entitled to Tyr¬
whitt's praise of 'being infinitely preferable to any of those
that preceded it.' It may indeed even yet be favourably
compared with some that have followed it, and that have
had the good fortune to become better known.
Tyrwhitt comes next as an editor of Chaucer, and his
edition of the 'Canterbury Tales' is so well known that it
is needless to specify its merits and defects in detail. In
our judgment, the merits of the work far outweigh its defects,
although in the present state of our knowledge the text
must no doubt be regarded as seriously defective. Still on
the whole Tyrwhitt has done more for Chaucer than any
other single editor. It is no doubt true that he was un¬
acquainted with the niceties of Chaucer's grammar, and their
intimate connexion with the mechanism of his verse; and
[p. 13] Mr. Wright, in the introduction to his edition of the 'Canter¬
bury Tales,' has emphasized these deficiencies in somewhat
sweeping terms. But Tyrwhitt was a sagacious critic, pos¬
sessing great literary knowledge, taste, and industry; and
he brought all his powers and acquirements to the illustration
of his favourite author, often with the happiest results. ...
The next step in the history of Chaucer texts is the publi¬
cation of this manuscript—the Harleian—by Mr. Wright in
1847. This publication represents something like a revolution
in the plan of editing Chaucer, and at once raises the whole
question as to the best method of dealing with the text. At
first sight Mr. Wright seems to make out a strong case for his
own plan. After noticing that the grammatical forms of the
fourteenth century underwent a considerable change about the
middle of the fifteenth, and that copyists of this date usually
employed the language of the time rather than of the author
they are copying, he contends that the only satisfactory plan
of editing Chaucer is to select the oldest and best manuscript,
and to adhere to it faithfully throughout. The opposite plan,
which had hitherto been usually followed, he condemns
indeed in no very measured terms:—
'It is evident, therefore,' he says, 'that the plan of forming
the text of any work of the periods of which we are speaking
from a number of different manuscripts, written at different
time and different places, is the most absurd plan which it
is possible to conceive. Yet this was the method professedly
followed by Tyrwhitt in forming a text of the ""Canterbury
Tales"" of Chaucer.'
And after pointing out Tyrwhitt's special disqualifications
as a student of manuscripts, he adds :—
'Under these circumstances it is clear that to form a satis¬
factory text of Chaucer, we must give up the printed editions,
and fall back upon the manuscripts; and that instead of
bundling them altogether, we must pick out one best manu¬
script which also is one of those nearest to Chaucer's time.
The latter circumstance is absolutely necessary, if we would
reproduce the language and versification of the author. At
the same time it cannot but be acknowledged that the earliest
manuscripts might possibly be very incorrect and incomplete,
from the ignorance or negligence of the scribe who copied
it. This, however, is not the case with regard to Chaucer's
p. 14] ""Canterbury Tales."" The Harleian manuscript, No. 7334,
is by far the best manuscript of Chaucer's ""Canterbury
Tales"" that I have yet examined, in regard both to antiquity
and correctness. The handwriting is one which would at
first sight be taken by an experienced scholar for that of the
latter part of the fourteenth century, and it must have been
written within a few years after 1400, and therefore soon
after Chaucer's death and the publication of the ""Canterbury
Tales."" Its language has very little, if any, appearance of
local dialect; and the text is in general extremely good, the
variations from Tyrwhitt being usually for the better.'
This reasoning seems, as we have said, sufficiently conclu¬
sive, and it has very naturally determined the course of sub¬
sequent editors, both Mr. Bell and Mr. Morris having followed
Mr. Wright's plan, and adopted the text he had selected.
But the publication of the Chaucer Society six-text edition
of the 'Prologue' and 'Knight's Tale' has very much
destroyed the force of Mr. Wright's plea in favour of adhering
strictly to a single text. A comparison of the Harleian
text with the six now publishing by the Society, will show
that there are numberless points of grammar, metre, or sense
in which it may be improved by careful collation, and that
the old plan must still be followed before we can hope to
secure a satisfactory and authoritative text. We propose to
illustrate this necessity more in detail by a comparison of
Mr. Morris's text—the best form of the Harleian—with the
six other texts now available for critical collation. Mean¬
while, to complete the account of texts, we must refer for
a moment to the edition of Chaucer's Poetical Works, edited
by Mr. Robert Bell for the Annotated Edition of the English
Poets. As we have said, Mr. Bell and his colleague Mr.
Jephson adopt the Harleian text, making alterations here and
there, which are not, however, in all cases improvements,
They are, however, fairly entitled to the credit of having
attempted almost for the first time to edit the minor poems,
as well as of having given throughout a number of useful
miscellaneous notes. ...
p. 15] The latest text of Chaucer's poetical works, that edited by
Mr. Morris, and substituted for Tyrwhitt's in the new issue of
the Aldine Series, is undoubtedly also the best. Mr. Morris
is one of our most accurate and accomplished early English
scholars, and no better editor of a mediæval text could possibly
be found. After examining several manuscripts of the
'Canterbury Tales,' he agreed with Mr. Wright in thinking
the Harleian text the best, and it has accordingly been
selected and faithfully adhered to throughout. Clerical
errors and corrupt readings were corrected by collation with
other manuscripts, especially the Lansdowne, and a careful
examination of Mr. Morris's text will show how painstaking
he has been in this part of his work. The rest of the poems
have been edited from the manuscripts where they existed,
and the result is the best text of Chaucer that has yet appeared.
Good as it is, however, we hope to show that something better
may be produced by turning to full account the valuable
materials the Chaucer Society are providing for critical use.
As we have seen, Mr. Morris gives what all recent editors have
regarded as the best manuscript of the 'Canterbury Tales,'
in the best form, carefully revised, and corrected throughout.
The important question is, whether a still better text may
not be produced by the critical collation of other manuscripts.
Mr. Wright, as we have seen, scouts this notion; and even
Mr. Furnivall, the editor of the Chaucer Society texts, seems
disposed to answer it in a somewhat hesitating manner. At
least he expresses himself as disappointed at the extent of
general agreement between the manuscripts the Society has
undertaken to publish.
A comparison of Mr. Morris's text of the 'Prologue' and
the 'Knight's Tale' with the texts of the Society, has,
however, convinced us that the question as to possible
improvement must be answered decisively in the affirmative.
Knowing beforehand the excellence of the Harleian text, and
the general agreement of the six other manuscripts, we have
been surprised indeed at the number of emendations of
greater or less importance they afford. In the 'Prologue'
alone there are, in our judgment, upwards of fifty lines that
may be improved by collation either in sense or metre, while
in the 'Knight's Tale' the better readings are in proportion
to its length even more numerous and important. These
better readings affect mainly the metre, the meaning, or the
poetical expressiveness of the existing text. Some, again,
effect marked improvements in minutiæ of grammar, em¬
phasis, and spelling. While nothing can be more arbitrary
and unsettled than the orthography of Chaucer's day, and
indeed for centuries later, the spelling of the Harleian manu¬
script is still peculiarly harsh and clumsy, especially in the
case of proper names, and they might easily be altered for
the better on the authority of the other texts. The improve¬
ments in the metre are effected sometimes by the simple
transposition of words in the line, sometimes by exchanging
one form of word for another, and often in both ways. Some¬
times again by the omission of a superfluous word or syllable,
and at others by the introduction of a word or syllable that at
once fills up the measure and completes the sense. The read¬
ings that improve the meaning do so usually by removing
vagueness and ambiguity, and giving increased clearness and
precision to the image or idea presented. This is accom¬
plished in various ways, sometimes by the apt use of defining
epithets and particles, as this lord instead of the lord (172),
that house instead of an house (578), the chieftain instead of
a chieftain (1697). Sometimes by a slight change in the
form of the noun or verb, as shall not die instead of should
not (1683), taketh his leeve instead of took his leeve (359),
hearkeneth, the true imperative form, instead of hearken (985),
full of degrees instead of full of degree (1032), the noblest of the
Greeks instead of the nobles (2041).
[Pp. 16-33 are devoted to the discussion of various textual
readings,—all worthy of serious notice,—wherein the impor¬
tance of the Chaucer Society's Six-Text points is shown.]
[p. 23] Quite as much still remains to be done for the illustration as
for the text of Chaucer's poetical works. There are in his
writings almost innumerable points of philological, literary,'
or historical interest that require to be elucidated. Chaucer
was not only familiar with every phase of contemporary life,
but profoundly read in all existing literature. He knew by
intimate personal experience the tastes and habits, the
pursuits and recreations, the superstitions and beliefs, of all
ranks and classes amongst his own countrymen; and his
public employments had enlarged the field of his observation
so as to include almost every country in Europe. He had
seen active military service abroad, and had taken part in
splendid public ceremonials at home; had lived habitually
in courts, camps and great cities, as well as in the congenial
[p. 34] retirement of country life. The whole world of nature and
human experience was in this way mirrored in his sunny
intellect, while the higher influences of both had melted
serenely into the quiet depths of his curiously meditative
and observant mind. As a natural result there is a mellowed
fulness in his maturer delineations; a joyous animation, a
living truth, a variety and completeness of detail in his pictures
of life that obscure at first the purely literary or academical
accomplishments of his mind; or rather, perhaps, it would be
more correct to say that in his later works the learning and
knowledge of life are so fused by imaginative sympathy into
a new poetical whole, that there is at first no distinct con¬
sciousness of the separate elements. The appreciative
reader of Chaucer is so enchanted by his descriptive power
and constructive art—so carried on and absorbed in the
enjoyment of the work as a whole—that he does not pause to
notice the felicity of allusive detail, the golden threads
derived from elder looms, that are wrought with exquisite
skill into the texture, and help to give richness and brilliancy
to the new fabric. On closer examination, however, the
range and minuteness of Chaucer's learning becomes clearly
apparent. He employed materials derived from all existing
literatures home and foreign; not only the early English
chronicles and stories, the Norman-French romances and
fables, the new epic and lyrical poetry of Italy, and the whole
range of Latin literature, including not only the classics
proper, as well as the science and art, the history and philo¬
sophy of the time, but also Byzantine legends and brilliant
fragments of Eastern romance, that had passed into Europe
in the wake of the returning Crusaders. The adequate
illustration of Chaucer thus requires, in addition to a minute
acquaintance with the state of the language in his day, a
full knowledge of contemporary literature and history. No
single editor has as yet united these requirements. Tyrwhitt,
who studied with some care the literature and history of the
fourteenth century, was comparatively ignorant of Chaucer's
language; while recent editors, such as Mr. Wright and
Mr. Morris, who are well acquainted with Chaucer's lan¬
guage, have attempted hardly anything in the way of literary
or historical illustration.
But the primary requirement of all expository criticism of
Chaucer is undoubtedly the full interpretation of his language.
While extended literary and historical illustration may
perhaps be regarded as critical luxuries, the first and most
essential condition of any intelligent study of his poetry is
that its obscurities of phrase and diction should as far as
[p. 35] possible be explained. There is still, however, a great deal
to be done for the elucidation of Chaucer's language; and,
unfortunately, Mr. Morris, who of living scholars is in many
respects best qualified for the work, has confined his labours
in this direction to a revision of previous glossaries. ...
[An examination of Morris's Glossary follows.]
[p. 40] This [comparison with Piers Plowman] points to an import¬
ant means of interpreting Chaucer's language which has not
as yet been turned to anything like adequate account. We
refer to the critical examination of the writings of his con¬
temporaries and immediate successors. The more carefully
the early literature of the fourteenth century is studied, the
more clearly will it appear that Chaucer's additions to the
vocabulary of the language are far less numerous than is
commonly supposed. He has been charged with adulterating
the English speech of his time by the wholesale importation
of foreign, and especially of Norman-French, words. In his
early translations and paraphrases from Norman-French he
occasionally, it is true, transfers words mainly for the con¬
venience of their rhymes. But with these exceptions his
importations are comparatively few. His real superiority
lies in the admirable taste and judgment displayed in the
selection of his vocabulary, the natural reflex of his keen and
exquisite sensibility to the latent significance of language.
The perfection of his art lies in his subtle insight into the
deeper meaning of words, and his power of combining them
in the most felicitous manner. He is not fond of verbal
novelties for their own sake, and his obscurities of phrase
and diction may generally therefore be explained by a
reference to the literature of the fourteenth and fifteenth
centuries. The works of Gower and Lidgate, especially the
latter, are of essential service in this respect.",
supp_p1_a1,Supplement,,p1,1868.,"Bradshaw, Henry.",The Skeleton of Chaucer's Canterbury Tales:,an attempt to distinguish the several fragments of the work as left by the author.,,"[A study continued in Prof. Skeat's Evolution of the Canterbury Tales, Chaucer Society, 1903.]"
supp_p1_a2,Supplement,,p1,1868.,"Furnivall, Frederick James.","Essays on Chaucer, his words and works,","ed. F. J. Furnivall, 1868. Chaucer Soc.","[I. Prof. Ebert's review of Sandras's Étude sur Chaucer,
translated by J. W. van Rees Hoets.
II. A 13th-Century Latin treatise on the Chilindre (of the
Shipman's Tale), edited by E. Brock.]",
supp_p1_a3,Supplement,,p1,1868.,"Furnivall, Frederick James.","Ballads from Manuscripts,","Ballad Society, vol. i, pp. 67-9.","[p. 67] Chaucer, I have been assured, never hints at the immorality
[p. 68] of the Clergy, though he does speak strongly of that of the
Pardoner; those Tales in which he speaks of immoral monks,
friars, and priests, are borrowed from foreign literatures, and
cannot be taken to apply to the English clergy. This view
was new to me. It is ingenious; but if I can read Chaucer,
it isn't true. Take only two extracts, and judge ...
[Quotations of Epilogue to Nonne Preestes T. 1-13, of the
Parsones T., Reves T., on the morality of cleries follow.]",
supp_p1_a4,Supplement,,p1,1868.,"Furnivall, F. J.","Early English Text Society. Report of the Committee, January 1868,","pp. 3, 6, 7, 10, 11.",[Notes on current Chaucer work.],
supp_p1_a5,Supplement,,p1-2,1868-77.,"Furnivall, Frederick James.",A Six-Text Print of Chaucer's Canterbury Tales,"in Parallel Columns from the following MSS:— 1. The Ellesmere; 2. The Hengwrt 154; 3. The Cambridge Univ. Libr. Gg. 4. 27; 4. The Corpus Christi Coll., Oxford; 5. The Petworth; 6. The Lansdowne 851. Chaucer Society, London, 1868-77.","[The six-text edition contains when complete :—
The Dedication: To Prof. Francis James Child, etc.
(1) Specimens of the two chief moveable Prologues in the
Canterbury Tales when they are moved from their right
places, and of some of the substitutes for them:
I. Specimens of the Man of Law's End-Link, the real
Shipman's Prologue, when moved from its right
place.
II. Specimens of the Spurious Prologue to the Shipman's
Tale.
III. Specimens of the Squire's End-Link (which should
head the Franklin's Tale), when the Franklin's
Tale is moved from its right place, and the
Squire's End-Link is used as the Merchants'
Prologue.
IV. Specimens of the False Prologues to the Franklin's
Tale when it is moved from its right place after
the Squire's Tale [pp. 4-78].
(2) Trial-Tables (now superseded) of the Groups of Tales,
and their order in Chaucer's ""Canterbury Tales,"" according to
the Edited Manuscripts and Tyrwhitt. (pp. xxi*-xxiii*).
(3) Drawings of the 23 Tellers of the 24 Canterbury Tales,
copied from the Ellesmere MS., and cut on Wood, by Mr. W.
H. Hooper, and coloured after the Originals, under his direction,
for the Chaucer Society. (9 leaves.)
(4) The Texts of the Tales from the six MSS., as quoted
above, pp. 1-685, and including, (5) Appendix to Group A.
The Spurious Tale of Gamelyn (with its spurious Head-Links)
from the following 6 MSS.:—Royal MS. 18. C. ii.; Harleian
1758; Sloane, 1685; Corpus MS. (Oxford); Petworth MS.;
Lansdowne MS. 851 [pp. xxv-lxxvii].
(6) Ryme-Index to the Ellesmere Manuscript of Chaucer's
Canterbury Tales. By Henry Cromie, M.A., 1875. [pp.
1*-255*,—or in triple-texed pages with parallel columns,
I†-lxxxv†: and including the Notes and Corrections for the
Ryme-Index, i†-lxxxviii†.]
[See Skeat's Euolution of the Canterbury Tales for a study
of the sequence of the Tales as set forth in the Six-Text
edition. Each of the texts constituting the Six-Text edition
was printed separately, for editorial use, 1868-77: see the
next 'allusion']. Child himself had conceived the idea of
printing a six or eight-text Chaucer. See the notice of a note
on the subject in the Reader, under 1865, Furnivall (?)",
supp_p26_a1,Supplement,,p26,1870.,Unknown.,"Report [in] First Report of the Royal Commission on Historical Manuscripts, Appendix,","London, 1870, p. 95.","Historical Documents Preserved in the Muniment Room
of Westminster Abbey. . . .
A lease from the Custos Capellæ Beatæ Mariæ to Geoffrey
Chaucer of a house on or near a place where King Henry
VII's Chapel now stands; dated 24th December, 1399.",
supp_p26_a2,Supplement,,p26-27,1871.,"Brooke, Stopford","A. The Descriptive Poetry of Chaucer,","[in] Macmillan's Magazine, London, August 1871, vol. xxiv, pp. 268-74.","[p. 269] The landscape of Chaucer is sometimes taken from the
Italian and sometimes from the French landscape. It possesses
almost always the same elements, differently mixed up in
different poems: a May morning—the greenwood, or a
garden—some clear running water—meadows covered with
flowers—some delectable place or other with an arbor laid
down with soft and fresh-cut turf. There is no sky, except in
such rapid allusions as this, ""Bright was the day and blue the
firmament ;"" no cloud studies; no conception of the beauty of
wild nature.
His range, therefore, is extremely limited; but within the
limits his landscape is exquisitely fresh, natural, and true in
spite of its being conventional.
. . . But of all the colours which Chaucer loved in nature,
he loved best the harmony of white and green in one of his
favourite daisied meadows.
. . . It may be in an age when colours in art had each their
peculiar religious significance, that Chaucer, a man who had
travelled in Italy and who had himself the instinct of sym¬
bolism, had some spiritual meaning in the constant association
of these two colours of white and green. Green, the hue of
spring, signified hope, and particularly the hope of Immor¬
tality; white was the emblem, among other things, of light
and joy.
[p. 278] . . . Still dwelling on Chaucer's colour, it is curious the
number of concentrated pictures which are to be found in his
poems, pictures so sharply drawn in colour that they might
be at once painted from the description. . . . One sees that,
""flashing upon the inward eye,"" not in outline, nor in detail,
but in colour, and that is the test whether a poet is a good
colourist or not. It is no common excellence.
... There is a splendid study of colour, unequalled in its
way in our literature, in Chaucer's picture of the cock in the
""Nun's Priests Tale."" The widow keeps in her yard a famous
stock of poultry
""In which she had a cock, hight Chaunticlere [to]
And lik the burnischt gold was his colour.""
[p. 74] . . . This simple childlikeness and intensity of Chaucer ...
are the first necessity of a poetic nature, . . . This is the first
of those elements of his poetry which make his landscapes
impossible to be painted.
Of two other unpaintable things the landscape is also full—
of the scent of flowers, and the songs of birds, and now and
then of the noise of water. ...",
supp_p27_a1,Supplement,,p27-28,1871-89.,"Courthope, William J., and Elwin, Whitwell.","Works of Alexander Pope,",with Intr. and Notes by Rev. W. Elwin and W. J. Courthope.,"[Vol. i.] Chaucer, p. 21. Pope's Translation from the Tales, 113.
General Criticism on, 115-122. January and May, 123.
Wyf of Bathes Prol. 155. Versatility of his genius and his
characteristics, 193. Influence of Italian poets, 190. Hous
of Fame, 187-229.
[Vol. ii] Knightes, T., pp. 63, 152. Frankeleyns T., 241, 454.
[Vol. iii.] pp. 36, 351.
[Vol. v.] Prologue, p. 17. Chaucer's good sense, 67. Spirit of classical
[Vol. vi.] pp. 76, 124.
poetry revived in, 356.
[Vol. ix.] Flower and Leaf, p. 431.
[Vol. x.] Shakespeare's obligations to Chaucer, pp. 541-2. See also
under Index.]",
supp_p28_a1,Supplement,,p28,1871.,"Earle, John.",The Philology of the English Tongue.,"Fourth edition, revised throughout and re-written in parts, 1887. Paragraphs 67, 73, 93, 125, 144, 155, 169, 177, 179, 200, 201, 232, 254, 264, 269, 280, 283, 292, 323, 326, 328, 336, 338, 395, 409, 423, 483, 489, 492, 535, 577, 647.","[p. 74, par. 74]
But it is in the writings of Chaucer and Gower that we have
for the first time a full display of King's English. These two
names have been coupled together all through the whole course
of English literature. Skelton . . . joins the two names
together. So does our literary king, James I. So have all
writers who have had occasion to speak of the fourteenth
century, down to the present day. . . . Thus these two names
have grown together, and their connection is soldered by
habit and tradition. One is apt to imagine, previous to a
study of their works, that they were a par nobile fratrum,
brothers and equals in poetry and genius, and that they had
[p. 75] English literature. But this is very far from being the case.
contributed equally, or nearly so, towards the making of
That which united them at first, and which continues to be
the sole ground of coupling their names together, is just this,—
that they wrote in the same general strain and in the same
language. By this is meant, first, that they were both versed
in the learning then most prized, and delivered what they had
had to say in the terms then most admired; and secondly,
that both wrote the English of the court. If affinity of
genius had been the basis of classification, the author of Piers
Plowman had more right to rank with Chaucer than the
prosaic Gower. But Chaucer and Gower are united inasmuch
as they both wrote the particular form of English which
became more and more established as the standard form of the
national language, and their books were classics of the best
society down to the opening of a new era under Elizabeth.",
supp_p28_a2,Supplement,,p28-29,1871.,"Furnivall, F. J.","Balade by Chaucer,","[a leaf, reprinted from] The Athenæum, No. 2260, London, 1871, p. 210.","[A balade from Addit. MS. 16, 158, 2 stanzas of 7,
beginning:]
Sith hit is so / þer as hit may not freese
þat cuery night / but I haþe sume solas
I wol me venge on loue as doþe a breese [etc.]
This turned out to be only the second stanza of the balade.
The whole was printed by Dr. Furnivall with Jyl of Breynt¬
ford, 1871: see below.",
supp_p29_a1,Supplement,,p29-30,1871,"Furnivall, F. J.","Trial-Forewords to my ""Parallel-Text Edition of Chaucer's Minor Poems,"" for the Chaucer Society","(with a try to set Chaucer's works in their right order of time). Chaucer Society, 1871.","[The contents are :]
PAGE
Reasons for these ""Forewords"" . . . . 5
Interest in watching Chaucer's progress . . . 5
Prof. Ten Brink's and Mr. Bradshaw's work . . 6
The Romaunt of the Rose . . . . 7
The Blaunche, and Chaucer's latest poems . . 7
1386 A.D. the centre of Chaucer's life . . . 9
Chaucer's own list of his early works . . . 10
His Compleynte to Pite his earliest original work . 12
His A.B.C., p. 12; and (2) Lydgate's account of it . 13
Chronological List of Chaucer's Works . . . 18
"" "" dates in Chaucer's Life . . 17
DETAILED EXAMINATION OF EACH OF CHAUCER'S
MINOR POEMS.
I. POEMS OF THE FIRST PERIOD, TO 1373 A.D.
(The A. B. C. perhaps Chaucer's first poem.)
1. The Complaynte to Pite, 1366-8 A.D. . . 29
2. The Dethe of Blaunche the Duchesse, 1369 A. D. . 33
II. POEMS OF THE SECOND PERIOD, FROM 1373 TO 1385 A.D.
3. The Parliament of Foules, ? 1374 A.D. . . 53
(The Saturday Review bubble burst, pp. 69-74.)
4. The Compleynt of Mars. . . . . 78
(The Hero and Heroine of it, pp. 80-4.)
[to be continued]
Conclusion to Part I. . . . . . . 91
HINDWORDS . . . . . . . . 93
NOTES . . . . . . . . . 103
APPENDIX. I. Translation of the Lease to Chaucer in 1375 A.D.
of a house in Aldgate from the Corporation of London (from
Riley), p. i. 2. The name of ""Chaucer"" in connection with the City
of London (from Riley), p. ii. 3. The Duke of Lancaster's grant ot
£10 a year to Chaucer, p. iv.",
supp_p30_a1,Supplement,,p30,1871.,"Furnivall, F. J.","Jyl of Breyntford's Testament . . . [and] A Balade or two by Chaucer,","ed. F. J. Furnivall, London. Printed for Private Circulation, 1871, pp. 5, 6, 25n., 34-6, 38.","[The first balade, apparently ascribed to Chaucer by Shirley,
is the one of which Dr. Furnivall had previously in 1871
printed two stanzas: see above. It comes from Shirley's MS.,
Addit. 16, 165, and begins:
'Hit is no right alle oþar lustes to leese,' etc.
The second, from the same MS., begins:
'Of alle þe crafftes oute / blessed be þe ploughe,' etc.
The third piece is the 'Proverbe of Chaucer,' beginning
What shal þees cloþes þus many fold] (Skeat, Minor Poems,
XX, p. 407).",
supp_p30_a2,Supplement,,p30,1871.,"Horwood, Alfred J.","Report, [in] Second Report of the Royal Commission on Historical Manuscripts,","Appendix, London, 1872, p. 106.","The Hengwrt and Peniarth Manuscripts of Wm. W. E.
Wynne, Esq., at Peniarth, Co. Merioneth.
A fine copy in vellum, 15th century, of Chaucer's Canter¬
bury Tales, No. 154. (This has been used by the Chaucer
Society.) Part of the 1st book, the 2nd book and part of the
3rd book of his translation of Bœthuis, 15th century (328) . .",
supp_p30_a3,Supplement,,p30,1871.,"Lowell, James Russell.",Pope.,"Riverside edn. of Works, London 1890, vol. iv, p. 25.","Thus far, among the great English poets who preceded him
[Pope], we have seen actual life represented by Chaucer,
imaginative by Spenser, ideal life by Shakespeare, the interior
life by Milton.",
supp_p30_a4,Supplement,,p30,1871.,"Lyons, P. A.",Prints of John of Gaunt's Grant to Chaucer,"of £10 a year for life, 13 June, 1374, and his Warrant of 20 Jan., 1375, to John de Yerdeburgh, Clerk of his Great Wardrobe, to pay Chaucer's Pension (and others), [in] The Athenæum, No. July 8, p. 49.",,
supp_p31_a1,Supplement,,p31-32,[1871?],"Ruskin, John.","Letters to F. S. Ellis,","November 2nd. Works of Ruskin, Library edn., ed. E. T. Cook and A. Wedderburn, 1909, vol. xxxvii, p. 639.","I have resolved to take Chaucer's Dream instead of The
Flower and the Leaf, and I think I can make a very pretty and
useful introduction to everything out of it.
[Note by the editors: The letter refers to a series of Early
English Reprints, to be furnished with Introductions by
himself, which Ruskin at this time had thoughts of publishing
through Mr. Ellis, who, however, had reminded him that
The Flower and the Leaf is not now esteemed to be by Chaucer.
The same difficulty applies to ""Chaucer's Dream""; which,
however, ""authentic or not,"" Ruskin subsequently intended
to include in his Bibliotheca Pastorum.]
[Another to the same, 1871 (?) : ]
Will you please find and send mo the best authoritative
edition of Chaucer? I don't mean an early expensive edition,
even if you could find one; but the best modern one, what
anybody wishing now to read Chaucer would be obliged to
put with up.
[Note by the editors: ""These was no 'authoritative'
edition of Chaucer in 1874—and there is not one to-day,""
said Mr. Ellis in a note to this letter. At a later date (1896),
he himself edited Chaucer for the Kelmscott Press edition.]",
supp_p32_a1,Supplement,,p32,1871.,"Ruskin, John.","Lectures on Landscape,","Lecture III, Colour, (delivered 1871, published 1897). Works of Ruskin, Library edn., ed. E. T. Cook and A. Wedderburn, 1906, vol. xxii, pp. 64-5.","Exquisite order, and universal, with eternal, life and light,
this is the faith and effort of the schools of Crystal; and you
may describe and complete their work quite literally by
taking any verses of Chaucer in his tender mood, and observ¬
ing how he insists on the clearness and brightness first, and
then on the order. Thus in Chaucer's ""Dream"":
""Within an yle me thought I was,
Where wall and yate was all of glasse, ...
[to]
That never been none seene in May.""1
1 Footnote by editors: Lines 72-85 of the poem called Chauceres Dreme, no longer,
generally attributed to Chaucer.",
supp_p32_a2,Supplement,,p32,1871.,"Ruskin, John.","Fors Clavigera,","vol. I., Letter 5 (May 1871). Works of Ruskin, ed. E. T. Cook and A. Wedderburn, 1907, vol. xxvii, p. 84.","There are no such things as Flowers—there are only—
gladdened Leaves. Nay, farther than this, there may be a
dignity in the less happy, but unwithering leaf, which is,
in some sort, better than the brief lily of its bloom;—which
the Greek poets always knew,—well;—Chaucer, before
Goethe; and the writer of the first Psalm before Chaucer.",
supp_p32_a3,Supplement,,p32,1871.,"Skeat, Walter W.","Essay on the Rowley Poems,","[in] The Poetical Works of Thomas Chatterton. 2 vols. London, 1871. Vol. ii, pp. xiii, xv, xvii, xx, xxiv, xxv, xxvi, xxvii, xxx.",,
supp_p32_a4,Supplement,,p32-33,1871.,"Stevenson, Jos.","Report [in] Second Report of the Royal Com mission on Historical Manuscripts,","Appendix, London, 1871, p. 145.","The manuscripts in the Library of Stonyhurst College,
belonging to the Society of Jesus. ...
26. A volume in 4to, upon vellum, with ornamented
capitals, written in the 15th century, consisting of 67 leaves.
It contains,—. . .
ii. The tale of Mellybe and Prudence, from Chaucer's
Canterbury Tales. Fol. 34.",
supp_p33_a1,Supplement,,p33,1871.,Unknown.,"Geoffrey Chaucer and William Morris,","[in] New Monthly Magazine, Sept. 1871, vol. cxlix, pp. 280-6.","[A comparison between the work of Morris and Chaucer,
[p. 282] showing that the similarity is in superficial points: the dif¬
ference is deep and spiritual. ""We have the thought of
""quick-coming death"" as an under-tone to all Morris's work,
which contrasts markedly with the spirit of Chaucer.""
[Morris has chosen the realm of romance, Chaucer the life of
every day.]",
supp_p33_a2,Supplement,,p33,1872.,"Horwood, Alfred J., and Martin, J. E.",Report,"[in] Third Report of the Royal Commission on Historical Manuscripts, Appendix, London, 1872, p. 112.","The manuscripts of His Grace the Duke of Northumber¬
land at Alnwick Castle ...
Chaucer's Canterbury Tales. Vellum. Folio. 15th
century. Incip. imperf. at l. 157 of the Prologue ...
[other lacunæ].
This MS. belonged to Mrs. Thynne, grandmother of the
first Duchess of Northumberland, and from it they printed
the history of Beryn, which is not to be found in other MSS.
[See 1712, Urry. The above section of the Appendix
seems to be based on the manuscript catalogue of the North¬
umberland MSS. made by J. E. Martin, then librarian of the
Inner Temple: See Report, p. xii.]",
supp_p33_a3,Supplement,,p33-34,1872.,"Horwood, Alfred","Report [in] Third Report of the Royal Commission on Historical Manuscripts,","Appendix, London, 1872, pp. 181, 188-9, 198.","The manuscripts of the Most Honourable the Marquis of
Bath, at Longleat, Co. Wilts. . . .
[p. 181] A 4to volume, vellum, 15th century . . . [containing
with other non-Chaucerian pieces, The Parsones Tales].
This, in the Table, is called the three parties of Penance. . .
[p. 188] Folio, paper, 16th century.—The Temple of Glasse, by
Chaucer.
Folio, vellum, c. 1400.
The Sege of Thebes; by John Lydgate.
The Knight's Tale; by Chaucer.
Grisild; by Chaucer.
Ipomedar.
Small folio, paper, 15th century. The outside leaves of
each quire are vellum. This volume contains minor poems
[p. 189] of Lydgate and Chaucer. Sixteen leaves are wanting,
containing, as appears by the table of contents, the Flower
and the leaf,1 and part of the Complaint of Mars, of which
only the last 32 stanzas are here.
The Declaration of deth of pite. . .
The assemble of ladyes.
The complaint of Annelada against Arcile [sic], the fals
Theban Knight (43 stanzas) ...
The assemble of foules.
The ye and the hert ...
The chorle and the birde—
Envoy ot 8, beginning, ""Go little quayer.""
Folio, paper, 15th century.—The Temple of Glasse.
[p. 198] 1709, May 28. Oxford. Thomas Hearne to Lord Oxford:
concerning Chaucer. [See above, 1709, Hearne. The letter
was to John Bagford, not Lord Oxford. Oxford sub-
sequently acquired Bagford's collections.]
1 [Footnote] Mr. Furnivall says that no manuscript of this poem is known to exist.",
supp_p34_a1,Supplement,,p34,1872.,"Isberg, Carl.",Grammatical Studies of Chaucer's Language.,"Upsala, 1872, 8vo.",,
supp_p34_a2,Supplement,,p34,1872.,"Lowell, James Russell.","Dante,","Riverside edn. of Works, vol. iv, pp. 146, 155.","[p. 146] In England the first recognition of Dante is by Chaucer in
the ""Hugelin of Pisa"" of the ""Monkes Tale,""1 and an
invitation of the opening verses of the third canto of the
Inferno (""Assembly of Foules"").
1 It is worth notice, as a proof of Chaucer's critical judgment, that he calls
Dante ""the great poet of Itaille,"" while in the ""Clerke's Tale"" he speaks of
Petrarch as a ""wurthy clerk,"" as ""the laureat poete"" (alluding to the somewhat
sentimental ceremony at Rome), and says that his
""Rhetorike sweete
Enlumined all Itaille of poetry.""",
supp_p34_a3,Supplement,,p34-35,1872.,"Morris, Richard.",Old English Miscellany.,"Ed. R. Morris, E.E.T.S., pp. vii, ix.","p. vii] [Chaucer's quotation in the Nonne Preestes T. from the
Bestiary, probably from the Latin version.]
[p. ix] The vocabulary [of the Old Kentish Sermons] is sometimes
remarkably modern, and such phrases as This is si GLORIUS
MIRACLE; this is si SIGNEFIANCE of the MIRACLE, have a very
quaint appearance on account of their composite character;
but at the same time they clearly indicate the influence that
Norman French exercised upon the vocabulary of the Southern
dialect toward the end of the thirteenth century. They also
show that Chaucer was not the sinner he has been represented
to be, and that he did not inundate the language with French
words that had not been in common use previous to his time.",
supp_p36_a1,Supplement,,p36-37,1872.,"Romilly, John, [etc.].","Third Report of the Royal Commission on Historical Manuscripts,","London, 1872, pp. xiii, xiv.","p. xiii] The collection of Manuscripts belonging to the Marquis of
Bath is large and extremely valuable. . . . Among the early
English works are some by Wiclif in the l4th century, John
Alcock, and John Morton in the 15th century; poems by
Chaucer and Lydgate, and prose and poetry by Richard
Hampole and Walter Hylton. A volume in this collection
written about the middle of the 15th century contains poems
by Chaucer and Lydgate, and the table of contents shows
that ""The Flower and the Leaf"" was among them; but
unfortunately it has now disappeared. ...
[p. xiv] . . . A letter by Thomas Hearne about Chaucer and the
editions of his works. [See 1707, Hearne.]
The Report is signed by the thirteen commissioners, Earl
Salisbury, etc.—besides the secretary, John Romilly.]",
supp_p37_a1,Supplement,,p37-38,1872.,"Ruskin, John.","The Eagle's Nest, Lecture III. Wise Art and Wise Science.","Works of Ruskin, Library edn., ed. E. T. Cook and A. Wedderburn, vol. xxii, pp. 160-2.","I gave you, in a former lecture, the Skylark as a type of
mastership in music; and remembering—some of you, I
suppose, are not likely soon to forget,—the saint to whom
yesterday was dedicated. [St. Valentine] let me read you
to-day some of the prettiest English words in which our
natural feeling about such song is expressed.1
1 Footnote by editors: The Cuckow and the Nightingale. For other notes on the
birds of Chaucer, see Munera Pulveris, § 149n., vol. xvii, p. 278 n.]
""And anone, as I the day espide [to]
And held the way downe by a brook side.""
[And four following stanzas. ]
You recollect, perhaps, the dispute that follows between
the cuckoo and the nightingale, and the promise which the
sweet singer makes to Chaucer for rescuing her.
""And then came the Nightingale to me [to]
The next May, if I be not affraied.""
""If I be not affraied."" Would she not put the ""if"" more
timidly now, in making the same promise to any of you,
or in asking for the judgment between her and her enemy,
which was to be passed, do you remember, on this very day
of the year, so many years ago, and within eight miles of
this very spot?
""And this shall be without any Nay"" [to]
""And there she sate, and sang upon that tree
'Terme of life Love hath withheld me'
So loud, that I with that song awoke.""
57. ""Terme of life love hath withheld me !"" Alas, how
have we men reversed this song of the nightingale! so that
our words must be ""Terme of life—hatred hath withheld
me.""",
supp_p38_a1,Supplement,,p38-39,1872.,"Ruskin, John.","Ariadne Florentina, Lecture I, Definition of Art of Engraving; Works of Ruskin,","Library edn., ed. E. T. Cook and A. Wedderburn, 1906, vol. xxii, pp. 314-5.","Here is a copy of one [""Debonnaireté""] of the lost
frescoes of our Painted Chamber of Westminster;—
fourteenth-century work, entirely conceived in colour ...
[The painter] expects you to consider what it is to be
debonnaire, and to remember your Chaucer's description
of the virtue :—
""She was not brown, nor dun of hue,
But white as snowe, fallen new,
With eyen glad, and browes bent,
Her hair down to her heeles went,
And she was simple, as dove on tree,
Full debonnair of heart was she.""
[1 Footnote by editors: The Romaunt of the Rome, 1213, 1214, 1217-24.]
27. You see Chaucer dwells on the colour just as much
as the painter does, but the painter has also given her the
English shield to bear, meaning that good-humour, or debon¬
naireté, cannot be maintained by self-indulgence;—only by
fortitude. Farther note, with Chaucer, the ""eyen glad,""
and brows ""bent"" (high-arched and calm), the strong life
(hair down to the heels), and that her gladness is to be
without subtlety,—that is to say, without the slightest
pleasure in any form of advantage-taking, or any shrewd or
mocking wit: ""she was simple as dove on tree""; and you
will find that the colour-painting, both in the fresco and in
the poem, is in the very highest degree didactic and intellec¬
tual; and distinguished, as being so, from all inferior forms
of art. Farther, that it requires you yourself first to under¬
stand the nature of simplicity, and to like simplicity in young
ladies better than subtlety. ...
Ibid., Lecture II, Engraving and other Arts. Library edn.,
vol. xxii, pp. 335-6.
57. The junction of the three arts [architecture, sculpture,
painting] in men's minds, at the best times, is shortly signified
in these words of Chaucer.
Love's Garden,
Enclosed was, and walled well
""Everidele
With high walls, embatailled,
Portrayed without, and well entayled
With many rich portraitures.""1
1 Footnotes by editors: The Romaunt of the Rose, 137-40.
The French original is better still, and gives four arts in
unison:—
""Quant suis avant un pon alé
Et vy un vergier grant et le,
Bien cloz de bon mur batillié
Portrait dehors, et entaillié
Ou [for an] maintes riches escriptures.""
Read also carefully the description of the temples of Mars
and Venus in the ""Knight's Tale.""2 Contemporary French
uses ""entaille"" even of solid sculpture and of the living
form; and Pygmalion, as a perfect master, professes wood
carving, ivory carving, wax-work, and iron-work, no less
than stone sculpture.
2 Ruskin quotes the description in vol. viii, p. 269.
""Pimalion, uns entaillieres
Pourtaians en fuz1 et en pierres,
En mettaux, en os, et en cire,
Et en tinte autre matire.""2
1 [Footnota by Ruskin:] For ""fust,"" log of wood, erroneously ""fer"" in the later
printed editions. Compare the account ot the works of Art and Nature, towards the
end of the Romance of the Rose.
2 Le Roman de la Rose, lines 21638 seq.",
supp_p39_a1,Supplement,,p39-40,1872.,"Ruskin, John.","Fors Clavigera,","vol. ii, Letters 18, 23, 24 (June, November, December). Works of Ruskin, ed. E. T. Cook and A. Wedderburn, 1907, vol. xxvii, pp. 311-2, 402, 405, 408, 433.","[p. 311] If one thinks of it, the two kinds of edipies on the hill¬
tops may be shortly described as those of the Pillager and
Pardoner, or Pardonere, Chaucer's word being classical in
spelling, and the best general one for the clergy of the two
great Evangelical and Papal sects.
[p. 312] . . . and, by the way, remember at once, that her [Flor¬
ence's] florin in the fourteenth century was of such pure
gold that when in Chaucer's ""Pardonere's Tale"" Death
puts himself into the daintiest dress he can, it is into a
[p. 402] [Letter 23, November: a reference to Chaucer's Ariadne
heap of ""floreines faire and bright.""
[p. 405] Nay, in this very tale of Theseus, as Chaucer tells it,—
(Legende of Good Women)].
[p. 406] having got hold, by ill luck, only of the later and columnious
notion that Theseus deserted his saviour-mistress, he wishes
him Devil-speed instead of God-speed, and that energetically:
""A twenty-divel way the wind him drive.""
For which, indeed, Chaucer somewhat deserved (for he
ought not to have believed such things of Theseus) the God
of Love's anger at his drawing too near the daisy. I will
write the pretty lines partly in modern spelling for you, that
you may get the sense better—
""I, kneeling by this flower, in good intent,
Above, to know what all the people meant ...
And thou my foe, and all my folk worriest.3
And of mine old servants thou missayest.
[3 Note by Ruskin :] Chaucer's real word means ""warrest with all my folk;"" but
[Prof. to Legende, 308-20.]
it was so closely connected with ""weary"" and ""worry"" in association of sound in
his days, that I take the last as nearest the sense.]
But it is only for evil speaking of ladies that Chaucer felt
his conscience, thus pricked,—chiefly of Cressida; whereas,
I have written the lines for you because it is the very curse
ot this age that we speak evil alike of ladies and knights,
and all that made them noble in past days ...
[p. 408] [Quotation of ""and, for the house is crenkled to and fro.""—
Legende, Adriane, l. 127.]
[p. 433] Letter 24, December:
We are fast losing our old skill in carolling. There is a
different tone in Chaucer's notion of it (though this carol
of his is in spring-time indeed, not at Christmas):—
""Then went I forth on my right hand, . . .
No craft had she so lefe to do.""
Romaunt, ll. 719-721, 723-48.]
[Further references and quotations, pp. 434, 435, 436. A
brief reference to Chaucer in the same letter, p. 421.]",
supp_p3_a1,Supplement,,p3,1868-77.,"Furnivall, Frederick James.",Separate issues of the texts forming the Six-Text edition of the Canterbury Tales.,"(The texts of the Ellesmere, Hengwrt, Cambridge Univ. Lib. Gg. 4. 27, Corpus, Petworth and Lansdowne MSS.).",,
supp_p3_a2,Supplement,,p3,1868.,"Lowell, James Russell.","Shakespeare once more,","[in] Riverside edn. of Works, 1890, vol. iii, pp. 11, 12 n., 64. [p. 11] Hasty generalisers are apt to overlook the fact, that the Saxon was never, to any great extent, a literary language. Accordingly, it held its own very well in the names of common things, but failed to answer the demands of complex ideas, derived from them. The author of ""Piers Ploughman"" wrote for the people,—Chaucer for the court.",,
supp_p3_a3,Supplement,,p3,1868.,"Morris, Richard.","Chaucer's Translation of Boethius's 'De Con solatione Philosophiæ,",ed. R. Morris. E.E.T.S. 1868.,"[The greater part of the Introduction consists of a reprint
of Chaucerian passages wherein the influence of Boethius is
manifest.]",
supp_p3_a4,Supplement,,p3-4,1869.,"Browne, Matthew.","Chaucer's England,","pp. 41, 48, etc.","[ch. i, p. 41]
The Poet of the Canterbury Tales [his 'lightsomeness,'
'Englishness,' strength and moral sanity.]
Chaucer's England. CONTENTS.
Vol. 1.
Chap. 1. The Poet of the Canterbury Tales.
"" 2. The Story and the Pilgrims.
"" 3. Chivalry.
"" 4. The Gay Science.
"" 5. Female Types in Chaucer.
"" 6. Merry England.
"" 7. The Heart of England.
"" 8. Motley.
"" 9. Mediæval Nudi Farianism.
Vol. II.
Chap. 10. Food, House, Dress, and Minor Morals.
"" 11. Food, House, Dress, etc. (continued).
"" 12. Familiarities of Faith.
"" 13. Wonder, Knowledge, Belief, and Criticism.
"" 14. Under Shadow of the Church.
"" 15. Under Shadow of the Church (continued).
"" 16. Town and Country.
"" 17. Trade and Travel.
"" 18. This Place and That.
Conclusion.",
supp_p40_a1,Supplement,,p40-41,1872.,"Stuart, John.","Report [in] Third Report of the Royal Commission on Historical Manuscripts,","London, 1872, p. 424.","[in] Third Report of the Royal Commission
on Historical Manuscripts, London, 1872, p. 424.
The Manuscripts of the University of Glasgow. . . .
Chaucer's Canterbury Tales, written by Geoffrey Sparling,
of Norwich, and his son, 1476, 16 Edward IV; also Tractatus
Sancti Patricii de Purgatorio. 24 pages. ...
Chaucer's Romaunt of the Rose. Vellum, illuminated with
flowers and devices. 297 pages.",
supp_p41_a1,Supplement,,p41,1873.,"Carpenter, Stephen H.","English of the XIVth Century,","Illus trated by Notes, Grammatical and Philological, on Chaucer's Prologue and Knight's Tale, Designed to serve as an Introduction to the study of English Literature, Boston, 1873.","[The book consists of a brief grammatical Introduction and
texts of the Prologue and Knightes Tale, with notes, mostly
philological, and a glossary.]",
supp_p41_a2,Supplement,,p41,1873.,"Furnivall, F. J.",Recent Work at Chaucer.,"A short account of the work done by the Chaucer Society, [in] Macmillan's Magazine, London, March, 1873 (vol. xxvii, p. 383).","[Dr. Furnivall's copy of his article with important additions
and alterations, is in the possession of  the editor. One of
Dr. Furnivall's additions reads thus:]
One may fairly claim then, for the Chaucer Society the
credit of having, with Mr. Bradshaw's and Prof. ten Brink's
help, done the best work at and for Chaucer that has been
done since his death. It has explained the secret of his early
life, cleared his memory from the reproach of having written
many unworthinesses, and of having muddled his greatest
work; it has laid the sure foundations for a fitting edition of
one of the greatest poets of mankind, and has made plainer to
modern English cars the music, to (modern) English eyes the
sunny soul, that cheered our ancestors in Wicliffe's day.",
supp_p41_a3,Supplement,,p41-42,1873.,"Furnivall, Fredk. James (?).","Notices of recent Chaucer discoveries,","[in] Athenæum, London, 1873, pp. 598, 663, 698-9, 733, 722, 816.","[NOV. 8.
[Furnivall's discovery of Chaucer's name among the
p. 598/2.] 'Esquires' of Edward III, 1366.
[Nov. 22, Furnivall's discovery of the entry of the 16l. paid towards
p. 663/1.]
Chaucer's ransom in France, 1360, and of the black mourning
clothes for Philippa Chaucer, etc.
[Nov. 29, Furnivall's discovery of Chaucer's relcase of his father's
pp. 698/3,
699/1.] house in Thames Street to Henry Sherbury, 1380; his dis¬
covery that Chaucer was in a second invasion of France,
1369-70; and Mr. Floyd's discovery in the Close Roll of
Cecilia Chaumpaigne's release of the poet, de raptu meo.
[Dec. 6,
Note from the Master of the Rolls promising help to
p. 733/1.] Furnival in Chaucer research.
[Dec. 13, Furnivall's discovery of the wife of Chaucer's father in 1354,
p. 772/3.]
(Chaucer's mother?).
[Dec. 20, Article: Fresh Facts in Chaucer's Life. A statement con¬
p. 816/1
cerning recent discoveries by Furnivall, Selby, and Stevens in
& 2.]",
supp_p42_a1,Supplement,,p42,1873.,"Furnivall, F. J.","Trial-Forewords to Minor Poems, Further Additions and Corrections,","Chaucer Society, London, 1873.","[Supplementary to the ""Trial-Forewords"" of 1871, and con¬
taining new records of the poet's life and his wife, and of
other members of the family, with details of legislation, etc.,
on rape. See under 1871.]",
supp_p42_a2,Supplement,,p42-43,1873.,"Hales, J. W.","Chaucer and Shakespeare,","[in] the Quarterly Review, London, Jan. 1873, vol. cxxxiv, pp. 225-253. Reprinted in Notes and Essays on Shakespeare, by John W. Hales, London, 1884, 1892, pp. 56-104.","[p. 226] [Statement on the Chaucer Society and the work of
Furnivall.]
[p. 227] Chaucer and Shakespeare have much in common. How¬
ever diverse the form of their greatest works, yet in spirit
there is a remarkable likeness and sympathy. Their geniuses
differ rather in degree than in kind. Chaucer is in many
respects a lesser Shakespeare. [Immaturity of the drama
as a literary poem in Chaucer's day] . . . Chaucer stands in
relation to the supreme Dramatic Age in a corresponding
position to that held by Scott. Chaucer lived in the morning
twilight of it, Scott in the evening. There can be little
doubt that both would have added to its lustre—that England
would have boasted one more, and Scotland at least one
great dramatist. . . .
[p. 230] Probably it was these piteous, but seemingly not inevi¬
table or reproachless, distresses [embarrassments due to
attachment to a court party, and hence his contamination]
that impeded the completion of the ""Canterbury Tales.""
The original design, indeed, is in itself too vast for realisation.
Chaucer commits the same error in this respect as Spenser
does.
[p. 231] We have said that his genius exhibits a remarkable affinity
to that of Shakespeare—a closer affinity, we think, than that
of any other English poet. To Chaucer belongs in a high
measure what marks Shakespeare supremely—a certain
indefinable grace and brightness of style, an incomparable
archness and vivacity, an incessant elasticity and freshness,
an indescribable ease, a never faltering variety, an incapability
of dulness. . . .
For skill in characterization who can be ranked between
Chaucer and Shakespeare? Is there any work, except the
'theatre' of Shakespeare, that attempts, with a success
in any way comparable, the astonishing task which Chaucer
sets himself? He attempts to portray the entire society
of his age from the crown of its head to the sole of its foot—
from the knight, the topmost figure of mediæval life, down
to the ploughman and the cook; and the result is a gallery
of life-like portraits, which has no parallel anywhere, with
one exception, for variety, truthfulness, humanity. [This
is elaborated.] ...
[p. 232] We ask, who among our poets, except Shakespeare, shall
be placed above Chaucer in this domain of art? In our
opinion there is not one of the Elizabethans that deserves
that honour. . . .
[p. 234] [Chaucer's pathos contrasted with Steine's, and Shake¬
speare's.
[p. 236] [Chaucer's irony.
[p. 237] It is because his spirit enjoyed and retained this lofty
freedom that it was so tolerant and capacious. He, like
Shakespeare, was eminently a Human Catholic, no mere
sectary. He refused to no man an acknowledgment of
kindred. . . .
[p. 238] There is just one point of personal likeness between Chaucer
and Shakespeare that we wish to notice. Of each man, as
his contemporaries knew him, the chief characteristic was
a wonderful loveableness of Nature. . . . [Quotations from
Jonson, Occleve, Lydgate, &c. on this point.]
[pp. 240- [On Shakespeare's probable knowledge of Chaucer's work,
]
a subject not yet sufficiently investigated, with remarks
on Chaucer's fame and accessibility in Shakespeare's time.
The Two Noble Kinsmen considered, and the reason for no
mention of him in Richard II and Henry IV thought to be
that he would, as a poet, have seemed out of place in an
historical setting. Shakspere's acquaintance with the
Knight's Tale and Troylus to be seen in Midsummer-Night's
Dream, Two Noble Kinsmen, Venus and Adonis, Tarquin and
Lucrece, Troilus and Cressida, Romeo and Juliet; while in
As You Like It is seen knowledge of Gamelyn. Parallel
passages are quoted, and the subject is further discussed.]",
supp_p44_a1,Supplement,,p44,1873.,"Morley, Henry.","A First Sketch of English Literature,","London, Paris and New York, 1873, pp. 108-12, 117-29, 146-56, 159- 61, 163-70, 377, 378, 442, 764, 805, 896, 897, 117, 118, 406. Index, p. 903.","[Chaucer's birth is dated 1328, the Court of Love is thought
to be his, and in it ""he struck the key-note of his future
harmonies,"" p. 111.
The Assembly of Foules, Complaint of the Black Knight,
Chaucer's Dream are all described as his, but doubt is felt
regarding the Testament of Love, pp. 119, 121, 122, 153.]","[New and enlarged edition, 1886, same references.]"
supp_p45_a1,Supplement,,p45,1873.,"Rossetti, William Michael.","Prefatory Remarks and Notes [to] Chaucer's Troylus and Cryseyde compared with Boccaccio's Filostrato,","ed. W. M. Rossetti. Chaucer Soc., 1873.","[pp. iii, iv] The most important point of absolute difference between
the Italian and the English poets—the most important
both in subject-matter and in scale of treatment—is in the
incidents which lead up to the actual amour between Troilus
and Chryseis. . . . Chaucer has invented an entirely new series
of preliminaries; far more elaborate, and such as almost
to leave his Cryseyde in the position of a modest and
chaste-minded woman, even after the amour is in full career.
The English poet neither schemes nor affects (if I do not
misapprehend) to invent an essentially different character:
but he leads up to the crisis by a more artful and more
sympathetic course of incident. ...","[A study ot the two Pandaruses, the sources, etc., follows.]"
supp_p45_a2,Supplement,,p45-46,1873.,"Ruskin, John.","Love's Meinie, Lecture I, The Robin. Works of Ruskin,","Library edn., ed. E. T. Cook and A. Wedderburn, 1906, vol. xxv, pp. 40-3.","But I cannot let you go without asking you to compare
the English and French feeling about small birds, in Chaucer's
time, with our own on the same subject. I say English and
French, because the original French of the Romance of the
Rose shows more affection for birds than even Chaucer's
translation, passionate as he is, always in love for any one
of his little winged brothers or sisters. Look, however,
either in the French or English at the description of the
coming of the God of Love, leading his carol-dance, in the
garden of the Rose.
[p. 41] His dress is embroidered with figures of flowers and of
beasts; but about him fly the living birds. The French
is :—
Il etoit tout couvert d'oisiaulx
De rossignols et de papegaux
De calendre, et de mesangel,
Il sembloit que ce fut une angle
Qui fuz tout droit venuz du ciel.""
36. There are several points of philology in this tran¬
sitional French, and in Chaucer's translation, which it is
worth your patience to observe. The monkish Latin
""angelus,"" you see, is passing through the very unpoetical
form ""angle,"" into ""ange""; but in order to get a rhyme,
with it in that angular form, the French troubadour expands
the bird's name, ""mesange,"" quite arbitrarily, into ""mesan¬
gel."" Then Chaucer, not liking the ""mes"" at the beginning
of the word, changes that unscrupulously into ""arch"";
and gathers in, though too shortly, a lovely bit from another
place about the nightingales flying so close round Love's
head that they strike some of the leaves off his crown of
roses; so that the English runs thus:—
""But nightingales, a full great route. ...""
[and 8 following lines, Romaunt, 906].
Now, when I first read this bit of Chaucer, without re¬
ferring to the original, I was greatly delighted to find that
there was a bird in his time called an archangel, and set to
work, with brightly hopeful industry, to find out what it
[p. 42] was. I was a little discomfited by finding that in old botany
the word only meant ""dead-nettle,"" but was still sanguine
about my bird, till I found the French form descend, as you
have seen, into a mesangel, and finally into mésange, which
is a provincialism from μεῐον, and means, the smallest of
birds—or, specially here,—a titmouse. I have seldom had
a less expected or more ignominious fall from the clouds. ...
Ibid. Lecture III, The Dabchicks, vol. xxv, p. 81.
[A reference to ouzel in Chaucer, as the feminine of oiseau].
Ibid., Appendix, p. 134.
[Bird-names in Chaucer].",
supp_p46_a1,Supplement,,p46,1873.,"Ruskin, John.","Val D'Arno, Lecture V, Pax Vobiscum. Works, of Ruskin,","Library edn., ed. E. T. Cook and A. Wedderburn, 1906, vol. xxiii, p. 71.","[The golden florin of Florence]. It is the coin which
Chaucer takes for the best representation of beautiful money
in the Pardoner's Tale,1 this, in his judgment, is the fairest
mask of Death.
1 Footnote by editors, quoting Pardoneres T., 770 seq.
Ibid., Lecture VIII, Franchise, Library edn., vol. xxiii, p. 117.
[Quotation ot Romaunt, 1142-3.]
Ibid., Library edn., vol. xxiii, p. 124.
[Quotation of Romaunt, 1213, etc.]",
supp_p47_a1,Supplement,,p47,1873.,"Ruskin, John.","Fors Clavigera,","Vol. III., Letter 28, 31, 34 (April, July, October, 1873). Works of Ruskin, ed. E. T. Cook and A. Wedderburn, 1907, vol. xxvii, pp. 516-7, 624-6, 626, 631.","[pp. 516-7] It [the word ""menial""] comes from a beautiful old
Chaucerian word, ""meinie,"" or many. . . . Chaucer says
the God of Love came, in the garden of the Rose, with ""his
many"";—in the court of the King of Persia spoke a Lord
one ""of his many.""
[p. 567] [Letter 31, July: note on pencil, a flag hanging down, with
a reference to Chaucer's translation of O.F. pennons as
feathers].
[pp. 624-6] [Letter 34, October: Two passages on the two kinds of
noble love from the Romaunt, the first from the Chaucerian
translation, 4706-51, and the second from the O.F. 4505-
45]:
[p. 626] Chaucer translated the first, and I have partly again
translated his translation into more familiar English. . . .
but they should not be separated, being among the most
interesting expressions extant of the sentiment of the dark
ages.
[pp. 630-1] 9. It is one of the most curious problems respecting mental
government to determine how far this fimetic taint must
necessarily affect intellects in which the reasoning and
imaginative powers are equally balanced, and both of them
at high levels—as in Aristophanes, Shakespeare, Chaucer,
Molière, Cervantes, and Fielding; but it always indicates
the side of character which is unsympathetic, and therefore
unkind, . . . but which, in men of noble nature, is their
safeguard against weak enthusiasms and ideals. It is im¬
possible, however, that the highest conditions of tenderness
in affectionate virginal intellect. Shakespeare and Chaucer
throw off, at noble work, the lower part of their natures as
they would a rough dress; and you may also notice this,
that the power of conceiving personal, as opposed to general
character, depends on this purity of heart and sentiment.
The men who cannot quit themselves of the impure taint,
never invent character, properly so called; they only invent
symbols of common humanity.",
supp_p47_a2,Supplement,,p47-48,1873.,Unknown.,"The Cycle of English Song,","II., [in] Temple Bar, London, July, vol. xxxviii, pp. 308.","[p. 311] He talked, a child, to children—the biggest, oldest, wisest,
cleverest child of the company—and so he amused them
incessantly. . . . In a sense, ordinary persons now alive
may be said to have overtaken him, just as extraordinary
persons have far outstripped him. In the early dawn of English
poetry it required a man of the highest genius to feel what
nearly everybody now feels, and to put the feeling into words
which have almost passed into commonplace, and which would
indeed have done so but for the musical and cunning fashion
in which they are arranged. . . . In a word, it is the childhood
of poetry. . . . Nor is it nature only that he treats in this
childish, simple, superficial, non-artificial way. Men and
women, and all that men and women do, say, eat, drink, and
wear, he views and describes in the same plain, matter-of-
fact, exact, truthful fashion. Who are they? Where do they
come from? What are their names? [Chaucer's prolixity
typical of childhood.] Neither must it be supposed, in
anticipation of the criticism of later times . . . that he is so
long-winded . . . from the very depth and subtlety of his
art, and from a conviction that this is the only way of making
people see the things you want them to see. For it is not
the only way, nor yet the best way. Indeed, it is the worst
and lowest way of all the ways that do achieve the object. It
is the earliest way, the childish way; and Chaucer employed
it because he knew no other. ...",
supp_p48_a1,Supplement,,p48,1873.,Unknown.,[Article],"in Manchester Examiner and Times, Manchester, March 7, 1873,",[Supports Dr. Furnivall's plea for the Chaucer Society.],
supp_p48_a2,Supplement,,p48,1873.,Unknown.,"Leading Article,","[in] Daily News, London, Nov. 20, 1873, p. 5, cols. 1 and 2.",[A long article on Dr. Furnivall's appeal for subscriptions to the Early English Text and Chaucer Societies.],
supp_p48_a3,Supplement,,p48,1874.,"Bascom, John.","Philosophy of English Literature,","New York, 1874, pp. 28-35 [The Canterbury Tales in their social relations]; 40-42 [Female types in Chaucer's times]; 43, 46, 47, 51-64.",,
supp_p48_a4,Supplement,,p48,1874.,"Bradshaw, Henry.","[in] The Preface to ""The Geste Hystoriale,""","E.E.T. Soc. 1874, p. xi.","There is ample evidence of the popularity of Chaucer in
Scotland in the latter half of the fifteenth century; several
of his smaller poems are only known to us from Scotch copies
of them, and one indeed is among the earliest productions of
the Edinburgh press",
supp_p49_a1,Supplement,,p49,1874.,"Furnivall, F. J.","Notice of Recent Chaucerian Discoveries,","in Athenæum, Jan. 3, p. 23/I.",,[Recent finds by Furnivall in connexion with the Chaucer family.]
supp_p49_a2,Supplement,,p49,1874.,"Furnivall, F. J.","Discussion on F. G. Fleay's paper, On Certain Plays of Shakspere,","read before New Shakspere Society, June 12, 1874, printed after the text of the paper in Transactions of New Shakspere Society, 1874, p. 328.","Shakespeare's Re-use of Former Sources. . . .
1. Chaucer. Shakspere used his Knight's Tale in the
early Midsummer-Night's Dream and the late Two Noble
Kinsmen. Chaucer's Troilus, Shakspere used in early
life, in Troilus and The Two Gentlemen. Gamelyn—then
supposed to be Chaucer's—Shakspere may have used in
As You Like It of his middle time.",
supp_p49_a3,Supplement,,p49,1874.,"Furnivall, F. J. (?)","Account of fresh documents relating to Chaucer found by Mr W. Selby,","[in] Notes and News [in] The Academy, Sep. 26, 1874.","[Showing Chaucer's appointment of Richard Baret as his
substitute in the Controllership of Customs, during his
mission to Lombardy in 1378.]",
supp_p49_a4,Supplement,,p49,1874.,"Furnivall, F. J. (?)","Final e dispute in Chaucer discussed,","[in] Notes and News [in] the Academy, Oct. 17, 1874, p. 430.",,
supp_p49_a5,Supplement,,p49,1874.,"Furnivall, F. J. (?)",Wine receipts of Chaucer,"[in] Notes and News [in The Academy, Sept. 5, 1874, vol. vi, pp. 262-3.",,
supp_p49_a6,Supplement,,p49-51,1874.,"Green, John Richard.","A Short History of the English People (Macmillan & Co.),","pp. 163-4, 212, 213-6, 229, 231, 248, 249, 287, 288, 290.","[pp. 163-4] [Alfred's English and Chaucer's.]
[p. 212] [The Testament of Love. Its author's love of English.]
[pp. 213-
[Outline of Chaucer's biography, and note on his appear¬
16]
ance according to Hoccleve's portrait and his own words.
His passage in the Hous of Fame on his evening study and
work.]
[p. 212] But of this abstraction from his fellows there is no trace
in his verse. No poetry was ever more human than Chaucer's;
none ever came more frankly and genially home to its readers.
... Nothing is more unreal than the tone of the French
romance, nothing more absolutely real than the tone of
Chaucer. If with the best modern critics we reject from the list
of his genuine works the bulk of the poems which preceded
""Troilus and Cressida,"" we see at once that, familiar as he
was with the literature of the Trouvères, his real sympathies
drew him not to the dying verse of France, but to the new
and mighty upgrowth of poetry in Italy. Dante's eagle
looks at him from the sun. ""Fraunces Petrark, the laureat
poete"" is to him one ""whose rethorique sweete enlumyned
al Itaile of poetrie. The ""Troilus"" is an enlarged English
version of Boccaccio's ""Filistrato,"" the Knight's Tale of his
Teseide. It was, indeed, the ""Decameron"" which suggested
the very form of the ""Canterbury Tales."" But even while
changing, as it were, the front of English poetry, Chaucer
preserves his own distinct personality. If he quizzes in the
rime of Sir Thopaz, the wearisome idleness of the French
romance, he retains all that was worth retaining of the
French temper, its rapidity and agility of movement, its
[p. 215] lightness and brilliancy of touch, its airy mockery, its gaiety
and good humour, its critical coolness and self-control. The
French wit quickens in him more than in any English
writer the sturdy sense and shrewdness of our national dis¬
position, corrects its extravagance, and relieves its somewhat
ponderous morality. If, on the other hand, he echoes the
joyous carelessness of the Italian tale, he tempers it with
the English seriousness. As he follows Boccaccio, all his
changes are on the side of purity; and when the Troilus of
the Florentine ends with the old sneer at the changeableness,
of woman, Chaucer bids us ""look Godward,"" and dwells on
the unchangeableness of Heaven.
But the genius of Chaucer was neither French nor Italian,
whatever element it might borrow from either literature, but
English to the core.
[General discussion of the Tales and the pilgrims.]
[p. 216] . . . It is the first time in English poetry that we are
brought face to face not with characters or allegories or
reminiscences of the past, but with living and breathing
men, men distinct in temper and sentiment as in face or
costume or mode of speech; and with this distinctness of
each maintained throughout the story by a thousand shades
of expression and action. It is the first time, too, that we
meet with the dramatic power which not only creates each
character, but combines it with its fellows, which not only
adjusts each tale or jest to the temper of the person who
utters it, but fuses all into a poetic unity. . . . He has
received his training from war, courts, business, travel—a
training not of books, but of life. And it is life that he
loves—the delicacy of its sentiment, the breadth of its force,
its laughter and its tears, the tenderness of its Grisildis or
the Smollett-like adventures of the miller and the schoolboy.
It is this largeness of heart, this wide tolerance, which enables
him to reflect man for us as none but Shakspeare has ever
reflected it, but to reflect it with a pathos, a shrewd sense
and kindly humour, a freshness and joyousness of feeling,
[pp. 229-
that even Shakspeare has not surpassed.
231]
[p. 248] Nothing brings more vividly home to us the social chasm
[Chaucer's satire of the clerics.]
which in the fourteenth century severed the rich from the
poor than the contrast between the ""Complaint of Piers the
Ploughman"" and the ""Canterbury Tales."" The world of
wealth and ease and laughter through which the courtly
Chaucer moves with eyes downcast as in a pleasant dream
is a far-off world of wrong and of ungodliness to the gaunt
poet of the poor. ...
[For the passages on Chaucer, re-handled in the History
of the English People, see below, Green, 1877-80.]",
supp_p4_a1,Supplement,,p4-5,1869-75.,"Ellis, Alexander J.","On Early English Pronunciation,","with especial referenceto Shakspere and Chaucer, containing an investiga tion of the correspondence of writing with speech in England from the Anglo-Saxon period to the present day ... including a re- arrangement of Prof. F. J. Child's memoirs on the language of Chaucer and Gower, Parts I and II, London, Chaucer Society and E.E.T. soc., 1869; Part III, 1871; Part IV, 1875.","[The parts directly concerning Chaucer's language are:
Part I, chap. iv, 'On the pronunciation of English during
the 14th century, as deduced from an examination of the
rhymes in Chaucer and Gower,' pp. 241-416; Principles of
the Investigation, pp. 241-57; The Vowels, pp. 258-307;
The Consonants, pp. 308-17; On the pronunciation of
'e' final in the 14th century, pp. 318-42; F. J. Child's Obser¬
vations on the language of Chaucer and Gower, pp. 342-
97; Chaucer's pronunciation and orthography, pp. 397-
404. Part III, 1871, chap. vii, 'Illustrations of the Pro¬
nunciation of English during the 14th century,' pp. 633-
742. Chaucer, pp. 633-725; Critical text of Prologue,
pp. 639-4; Pronunciation of long U and of AY, EY, as
deduced from a comparison of the orthographies of seven
MSS. of the Canterbury Tales, pp. 634-56; Treatment of
final E in the critical text, pp. 646-8; Metrical peculiarities
of Chaucer, pp. 648-9; Chaucer's treatment of French
words, pp. 650-1; Pennsylvania German the analogue
of Chaucer's English, pp. 652-63; F. W. Gesenius on the
language of Chaucer, pp. 664-71; M. Rapp on the pronuncia¬
tion of Chaucer, pp. 672-7; Instructions for reading the
phonetic transcript of the Prologue, pp. 677-9; Critical
text of the Prologue to the C. Tales, from a collection of
seven MSS., in a systematic orthography, pp. 680-724
(even numbers); Conjectured pronunciation of the same,
pp. 681-725 (odd numbers).",
supp_p51_a1,Supplement,,p51,1874.,"Horwood, Alfred J.","Report [in] Fourth Report of the Royal Commission on Historical Manuscripts,","Appendix, pp. 252-3.","p. 253] Tumulus of Geoffrey Chaucer [see under c. 1680, Rogers].
To Chaucer's poems [see under c. 1680, Rogers].",
supp_p51_a2,Supplement,,p51-52,1874.,"Minto, William.","Characteristics of the English Poets from Chaucer to Shirley,","Edinburgh, 1874, pp. vii, 1-58 [Chapter I: Geoffrey Chaucer], 61-6, 70-7, 81, 90, 91, 96, 99, 101-2, 105, 111, 122-6, 129, 130, 133-4, 143, 146, 149, 153, 170, 171, 213, 219, 220, 301.","[The Biography in the Chaucerian part is based on the
latest discoveries of Furnivall and other scholars, as well as
on the older material. Minto thinks the idea of Chaucer's
""hopeless passion"" in early life (based on the Complaint of
Pity.) etc. has been made too much of. A comparison be¬
tween Chaucer and Shakspere in their knowledge of men is
made, p. 17. Ten Brink's division of Chaucer's work into
three periods is rejected, as it seems to Minto that, from
first to last Chaucer had more affinity with the French than
with the Italians; and he adds: ""I can distinguish no
change either in his methods or in his spirit that is fairly
attributable to Italian influence,"" p. 19. The work of Ten
Brink, Bradshaw and Furnivall in proving the un-Chaucerian
character of the Testament of Love, Assembly of Ladies,
Lamentation of Mary Magdalene, Court of Love, Flower and
Leaf, and Chaucer's Dream, is described. As the chief argu¬
ment is the y-ye rhyme, and as this is found in the Romaunt,
the whole question, according to Minto, depends largely on
this poem. Minto apparently clings to the belief of the
genuineness of the Court of Love. He remarks]:
[p. 21] It is simply incredible that these poems could have been
written by a poet whose name has perished. If he had
written before Chaucer, which could hardly be seriously
maintained, he could not but have become famous; and the
probability is that Chaucer would have mentioned him as
[p. 22] the model of his seven-line stanza. If he had written after
Chaucer, he would certainly have mentioned Chaucer in his
list of masters, according to the universal habit of the time.
The idea of deliberate forgery is out of the question; and if
the ""Court of Love"" had been the work of a forger or an
imitator, the artificial restriction of rhyme was precisely the
sort of thing he would labour to observe. Finally, the
""Court of Love"" is unmistakably imitated in the 'King's
Quhair' of James I, whose captivity in England began
only five years after Chaucer's death, and yet he mentions
no master except Chaucer, Gower and Lydgate. That
makes it quite clear that James attributed the ""Court of
Love"" to Chaucer; and what need is there for further
evidence?
[Subsequent sections of the Chaucer portion are, II.
His Language, Metres and Imagery. III. The Chief
Qualities of his Poetry. IV. His Delineation of Character.]
[p. 54] Observe, accordingly, how the tales are distributed. Nothing
ribald is put into the mouth of the gentles, and nothing ribald
is told concerning their order. . . . [Elaboration of this.]",
supp_p53_a1,Supplement,,p53,1874.,"Ripley, George and Dana, Charles.","The American Cyclopædia A Popular Dictionary of General Knowgledge,","ed. by George Ripley, and Charles Dana. New York, 1874.","[Vol. iv, pp. 341-2] [Chaucer. A short ""Life"" and notice of his works.
[Vol. vi, John Dryden.
p. 277]
[Vol. viii, Godwin, William.]
p. 64]",
supp_p53_a2,Supplement,,p53,1874.,"Romilly, John [etc.].","Fourth Report of the Royal Commission on Historical Manuscripts,","London, 1874, p. xiii.","[On the Marquis of Hertford's MS. of Latin poems by
Daniel Rogers. See under c. 1680, Rogers, above. The
Report is signed by all the fourteen commissioners,—Lord
Romilly, etc., besides the secretary, John Romilly.]",
supp_p53_a3,Supplement,,p53,1874.,"Ruskin, John.","Fors Clavigera,","vol. iv, Letters 43, 45 (July September, 1874). Works of Ruskin, ed. E. T. Cook and A. Wedderburn, 1907, vol. xxviii, pp. 114, 160-3.","[p. 114] [Letter 43, July: a modernised version of the Chaucer
passage on Franchise in the Romaunt, Il. 1211-44.]
[pp. 160-3] [Letter 45, September: A similar version of the Largesse
passage, Il. 1138-49, 1176-85, with a note on Fournier's
French text and on Didot's edition, and on the date of the
text translated by Chaucer.]",
supp_p54_a1,Supplement,,p54,1874.,"Weymouth, R. F.","On Early English Pronunciation,","with especial reference to Chaucer, in opposition to the views main- tained by A. J. Ellis in his work On Early English Pronunciation.",,
supp_p54_a2,Supplement,,p54,1875.,"Child, R. F.","Article [on] Chaucer,","[in] Johnson's Universal Cyclo pædia, 1875, vol. i, pp. 894-5.","[This article was enlarged by Child for the new edition of
Johnson's Universal Encyclopœdia, issued in 1894 under the
direction of C. K. Adams, see 1894.]",
supp_p54_a3,Supplement,,p54,1875.,"Clarke, Charles Cowden.",The Canterbury Tales of Chaucer,edited by Charles Cowden Clarke.,,
supp_p54_a4,Supplement,,p54,1875.,"Furnivall, Frederick J.","Review of Chaucer. The Prioresses Tale, Sir Topas, etc.,","ed. by the Rev. W. W. Skeat, [in] The Academy, March 27, 1875, vol. vii, pp. 316-7.",,
supp_p54_a5,Supplement,,p54,1875.,"[Furnivall, F. J. ?]",Notice of forthcoming publications by the Chaucer Soc.,"[in] Notes and News, [in] The Academy, May 29, 1875, vol. vii, p. 554.",,
supp_p54_a6,Supplement,,p54,1875.,"Furnivall, Frederick J.",J. Animadversions ...,"by Francis Thynne, ed. by G. H. Kingsley, Revis'd Edition by F. J. Furnivall, with a Reprint of the only known Fragment of ""The Pilgrim's Tale,"" E.E.T.S; Preface, pp. viii-x, xii-xvii; Hindwords, pp. xx, xxi, xxiv-vi [Tuke's dedication to Henry VIII, above, p. 79]; xlv n., xlvi, xlviii n., lxix, cii, ciii, cvi-vii, cxv-vii; f 75-6 [Bradshaw's note, see under Bradshaw], above, 77-98 [Pilgrim's Tale]; pp. 123-6 [Thomas Chaucer's Complaint on parting from his Wife,"" when he went into France]; Index, pp. 152-3, 163, 164, 165, 166, &c. [The references in the Preface are by Kingsley: see above, under 1865.","[p. cxvi] I hope it was from his [Thynne's] edition that Shakspere
read the Troylus and Cryseyde, and learnt to write The Rape
of Lucrece, which echoes Chaucer all through.",
supp_p54_a7,Supplement,,p54,1875.,"Furnivall, [F. J.?]","Mention of a spurious Pilgrim’s Tale [in Notes and News [in] The Academy,","Mar. 20, 1875, vol. vii, p. 293.",,
supp_p54_a8,Supplement,,p54-55,1876.,"Longfellow, Henry Wadsworth.","The Masque of Pandora and other Poems,","pp. 95, 96, 140. Riverside edn. of Works, vol. v, pp. 195, 196, 200, 217.","[Morituri Salutamus:]
[pp. 195, 196] Chaucer, at Woodstock with the nightingales,
At sixty wrote the Canterbury Tales.
. . . . . . . .
Even the oldest tree some fruit may bear;
Not Œdipus Coloneus, or Greek Ode,
Or tales of pilgrims that one morning rode
Out of the gateway of the Tabard Inn,
But other something, would we but begin;
For age is opportunity no less
Than youth itself, though in another dress. . . .
[A Book of Sonnets:]
CHAUCER.
[p. 200] An old man in a lodge within a park;
The chamber walls depicted all around
With portraitures of huntsmen, hawk, and hound,
And the hurt deer. He listeneth to the lark,
Whose song comes with the sunshine through the dark
Of painted glass in leaden lattice bound;
He listeneth and he laugheth at the sound,
Then writeth in a book like any clerk.
He is the poet of the dawn, who wrote
The Canterbury Tales, and his old age
Made beautiful with song; and as I read
I hear the crowing cock, I hear the note
Of lark and linnet, and from every page
Rise odors of ploughed field or flowery mead.
[Ib., Part II, p. 217:]
WOODSTOCK PARK.
Here in a little rustic hermitage
Alfred the Saxon King, Alfred the Great,
Postponed the cares of kingcraft to translate
The Consolations of the Roman sage.
Here Geoffrey Chaucer in his ripe old age
Wrote the unrivalled Tales, which soon or late
The venturous hand that strives to imitate
Vanquished must fall on the unfinished page.
Two kings were they, who ruled by right divine,
And both supreme; one in the realm of Truth,
One in the realm of Fiction and of Song.",
supp_p56_a1,Supplement,,p56,1875.,"Pollard, Alfred William.",Chaucer. An Account of his Lief and Work.,"[Literature Primers, general editor, J. R. Green.].",,
supp_p56_a2,Supplement,,p56,1875.,"Ruskin, John.","Letters to Miss Susan Beever,","Oct. 12th. Works of Ruskin, Library edn. ed. E. T. Cook and A. Wedderburn, 1909, vol. xxxvii, p. 175, 181.","[p. 181] I am very thankful for all your dear letters always—greatly
delighted above all with the squirrel one and Chaucer.
Didn't he love squirrels!1
[1 Note by editors: quotation from the Book of the Duchess, p. 430.]
[p. 175-6] Yes, those are all sweetest bits from Chaucer (the pine
[Another letter to the same.]
new to me);2 your own copy is being bound. And all the
Richard,—but you must not copy out the Richard bits, for
I like all my Richard alike from beginning to end.
[2 Note by editors: see Romaunt of the Rose, 1455-64; ""the Richard"" may be the
""Ballade sent to King Richard,"" or the lines on the death of Richard in the ""Nonne
Preste's Tale,"" 527 seq.]
[p. 176] Yes, you will love and rejoice in your Chaucer more and
[Another letter to the same.]
more. Fancy, I've never time, now, to look at him,—
obliged to read even my Homer and Shakespeare at a scramble,
half missing the sense,—the business of life disturbs one so.
[p. 180] [Brief reference.]
[Another letter to the same, October 4th.]",
supp_p56_a3,Supplement,,p56,1875.,"Ruskin, John.","Mornings in Florence,","Part III. Before the Soldan, §43, Works of Ruskin, Library edn., ed. E. T. Cook and A. Wedderburn, 1906, vol. xxiii, p. 340.","And, finally, Giotto . . . has as much humour and
clearness of sight as Chaucer, and as much dislike of falsehood in clergy, or in professedly-pious people: and in his
gravest moments he will still see and say truly that what
is fat, is fat—and what is lean, lean—and what is hollow,
empty.",
supp_p57_a1,Supplement,,p57,1875.,"Ruskin, John.","Fors Clavigera,","vol. v, Letters 51, 53 (March, May, 1875), Works of Ruskin, ed. E. T. Cook and A. Wedderburn, 1907, vol. xxviii, pp. 282-3, 322.","[p. 282-3] [Notes on ""like to the tremblinge after the clap of a
thunderinge"" (Hous of Fame, ii, 531), and ""And as a bytorne
[p. 322] [Brief reference.]
bumblith in the mire"" (Wyf of Bathes T., 116).]",
supp_p57_a2,Supplement,,p57,1875.,"Selby, Walford D.","Life Records of Chaucer,","Part I, The Rob beries of Chaucer by Richard Brerelay and others at Westminster, and at Hatcham, Surrey, on Tuesday, Sept. 6, 1390, with some Account of the Robbers, from the Enrolments in the Public Record Office, ed. by W. D. Selby.",,
supp_p57_a3,Supplement,,p57,1875.,"Swinburne, Algernon Charles.","Essays and Studies,","pp. 86, 116, 117, 122. London, 1875.","[p. 86] [Difficulty of first-rate tragic ballad-writing comparable with
Chaucer's in compiling The Knight's Tale.
[p. 116] Wm. Morris compared with Chaucer as a teller of tales.
[p. 117] Chaucer's Knight.
[p. 122] Morris less careful than Chaucer in versification.]",
supp_p57_a4,Supplement,,p57,1875.,"Swinburne, Algernon Charles.","George Chapman. A Critical Essay,","pp. 164-5, 166. London, 1875.","[pp. 164-5] [Chaucer, Spenser and Chapman as narrative poets. Passage,
ending ""Chaucer, Wyatt and Spenser had left our language
as melodious, as fluent, as flexible for all purposes of narrative
or lyrical poetry, as it could be made by the grace of genius:
the supreme note of its possible music was reserved for
another to strike.""
[p. 166] Chapman perfected ""the exquisite metre invented for nar¬
rative by Chaucer.""]",
supp_p57_a5,Supplement,,p57,1876.,"Brooke, Stopford A.","Primer of English Literature,","1st edition, London, 1876, pp. 9, 21, 23, 27, 28, 32, 33-40 [account of Chaucer], 41, 42, 43, 46, 48-56 [influence of Chaucer], 57, 69, 70, 71, 72, 77, 124 [Addison's humour, like Chaucer's, is never bitter], 140 [18th century study of Chaucer], 166, 167.",,"[There are many subsequent editions of this book. In 1890 it was re-issued 'with additions,' and the 3rd edition, 1896 was 'partly re-written and largely revised and corrected' when the Chaucer sections were enlarged, q.v. 1896, below, p. ]"
supp_p57_a6,Supplement,,p57-58,1876.,"Fitzgerald, Edward.","Letters and Literary Remains of Edward Fitzgerald,","ed. W. A. Wright, 1889, vol. i, p. 300.","To C. E. Norton. Woodbridge, Feb. 7, 1876:—
Seeing what Mr. Lowell has done for Dante, Rousseau, &c.,
one does not wish him to be limited in his subjects: but I do
wish he would do for English writers what Ste. Beuve has
done for French.
... Of course one only wants the Great Men, in their kind: Chaucer, Pope (Dryden being done). . . .",
supp_p58_a1,Supplement,,p58,1876-85.,"Furnivall, F. J.",Autotype Specimens of the Chief Chaucer MSS.,"IV Parts, ed. for the Chaucer Society, London.","MSS. IV Parts, ed. for the Chaucer Society, London.",
supp_p58_a2,Supplement,,p58,1876.,"Furnivall, F. J.","Supplementary Canterbury Tales. The Tale of Beryn, with a Prologue of the Merry Adventure of the Pardoner with a Tapster at Canterbury,","Part I, the Text (with maps), ed. for the Chaucer Society.",,"[Part II of this text by various authors appearedin 1887. See under that date. The whole volume, edited by Furnivall and W. G. Stone, was issued for the E. E. T. S. in 1909.]"
supp_p58_a3,Supplement,,p58,1876.,"Furnivall, F. J.","A Course of Two Lectures on Chaucer,","delivered at the Royal Institution, Albemarle Street, W., in May, 1876.",,
supp_p58_a4,Supplement,,p58,1876.,"Haweis, Mary Eliza.","Chaucer for Children,","A Golden Key, illustrated with eight coloured Pictures, and numerous Woodcuts by the Author, 1877.","[With a preface ""To the Mother"" on the reading and
pronunciation of Chaucer, followed by a biographical sketch
of Chaucer. Abridged stories from ""The Canterbury Tales""
and a few Minor Poems are then given.]",
supp_p58_a5,Supplement,,p58,1876.,"Minto, W.","Article ""Chaucer""","in Encyclopædia Britannica. Ninth Edition, 1876, vol. v, pp. 449-454.",,
supp_p59_a1,Supplement,,p59,1876.,"Romilly, John [&c.]","Fifth Report of the Royal Commission on Historical Manuscripts,","London, 1876, pp. x, xi.","[References to Mr. Bacon Frank's Troilus MS. (the Camp¬
sall MS.) p. x.; Lord Leconfield's Petworth MS. of the
Canterbury Tales, p. xi. Reports on these were issued
subsequently. See p.
The report is signed by all the Commissioners, besides the
Secretary, John Romilly.]",
supp_p59_a2,Supplement,,p59,1876.,"Ruskin, John.","Fors Clavigera,","Letters 61, 65, January, May, 1876. Works of Ruskin, ed. E. T. Cook and A. Wedderburn, vol. xxviii, 1907, pp. 500-1, 595.","[pp. 500-1] 14. And for the standard theological writings which are
ultimately to be the foundation of this body of secular
literature, I have chosen seven authors, whose lives and works,
so far as the one can be traced or the other certified, shall
be . . . prepared one by one in perfect editions for the
St. George's schools. These seven books will contain, in
as many volumes as may be needful, the lives and writings
of the men who have taught the purest theological truth
hitherto known to the Jews, Greeks, Latins, Italians, and
English; namely Moses, David, Hesiod, Virgil, Dante,
Chaucer, and, for the seventh, summing the whole with
vision of judgment, St. John the Divine.
... Of Chaucer, I take the authentic poems, except the
Canterbury Tales; together with, be they authentic or not,
the Dream, and the fragment of the translation of the Romance
of the Rose, adding some French chivalrous literature of the
same date.",
supp_p59_a3,Supplement,,p59,1876.,"Ruskin, John.","Preface to The Economist of Xenophon,","translated by A. D. O. Wedderburn and W. G. Collingwood. Works of Ruskin, Library edn, ed. E. T. Cook and A. Wedderburn, 1907, vol. xxxi, pp. 21-2.","18. Rapidly comparing the five cities, whose story we
have to learn.
Then for each comes the day of Manifestation:
For Athens, The Ionian Migration, and Homer ...
For London, Her western sailors, and Chaucer.",
supp_p59_a4,Supplement,,p59-60,1877.,"Digby, Kenelm Henry.",The Broad Stone of Honour: or The True Sense and Practice of Chivalry,[last and fullest edition].,"[vol. i] [Godefridus, pp. 3, 48, 96-98, 205, 269.
[vol. ii] Tancredus, pp. 91, 347, 349, 354.
[vol. iii] Morus, pp. 111 (reference to Wyatt's lines, that he cannot
prefer Chaucer's Sir Topas to his Palamon and Arcite), 112
183.
[vol. iv] Orlandus, pp. 10, 11, 32, 65, 183, 306, 344, 401.
[vol. v] Orlandus, pp. 1, 49, 72, 184, 243, 254, 373.]",
supp_p5_a1,Supplement,,p5,1869.,"Furnivall, Fredk. James.","Early English Text Society, Fifth Report of the Committee,","January, pp. 3, 4, 7, 8, 9, 10, 11, 16, 20, 21.","[p.10] No trustworthy text of Chaucer's Boethius has ever yet
appeared, nor has a text of any kind been procurable apart
from the poet's other works. And yet the book has a double
interest. It is Chaucer's most important prose work, the
translation of a book whose echoes are heard through all his
other productions.",
supp_p5_a2,Supplement,,p5,1869.,"Galton, Francis.",Hereditary Genius: an Inquiry into its Laws and Consequences.,"London, 1869, pp. 226, 228, 230.","[Galton examines the relationships of 56 poets, 20 of these
among whom is Chaucer, have had, he says, eminent kinsfolk;
the following are his facts about Chaucer.]
[p. 230] Chaucer, Geoffrey; wrote the ""Court of Love"" æt. 18.
Illustrious poet; father of English poetry and, in some sense,
of the English language also.
S[on], Sir Thomas; was Speaker of the House of Commons
and ambassador to France.",
supp_p5_a3,Supplement,,p5,1869.,"Hales, J. W.","Introduction [to] Complete Works of Edmund Spenser,","by R. Morris and J. W. Hales. London, 1869. pp. xi-xiv, xxvi, xliiï, xlvi.","[pp. xi, Chaucer and Spenser: Likenessess and differences,
xii, xiii, xiv, xxvi, Chaucer's influence, xliii, xlvi.]",
supp_p5_a4,Supplement,,p5,1869.,"Hazlitt, W. Carew.","English Proverbs and Proverbial Phrases,","pp. x, 4, 11, 47, 114, 121, 128, 137, 176, 238, 265, 274, 275, 290, 371, 380, 473, 474, 476, 479.",,
supp_p60_a1,Supplement,,p60,1877.,"Fleay, F. G.",Guide to Chaucer and Spenser.,London ... 1877.,"[A small primer on Chaucer, packed with information,
sound and scholarly.]",
supp_p60_a2,Supplement,,p60,1877.,"Furnivall, F. J.","Criticism in Academy,","Dec. 8, pp. 525-6, of F. G. Fleay's Guide to Chaucer and Spenser.",,
supp_p60_a3,Supplement,,p60,[1877?],"Green, John Richard.",Letter to Dr. F. J. Furnivall,(undated; in the possession of Mr. Percy Furnivall).,"Anent the Chaucer, I hope our talk cleared your mind
into hopefulness and a practical view of things. What we
really want ('we' being the would-be-intelligent-readers-of-
Chaucer) is simply (1) Sketch of Early English poetry afore
him to bring out the great step he made. (2) His life
with what pictures of men's ways and manners in his day
you like. (3) An account of his poems one by one in as
chronological an order as is possible, what each is, whence
it came, peculiarities of it, necessary information about it,
and the like. (4) If you like, a chapter on Chaucer influence
on later poetry—And (5) another on Chaucer bibliography.
These are what occur to me. You may perhaps think
of other fitting topics. But anyhow—if you will do a
Division-Sum, and divide 140 pages by the various topics
to be thus treated—you will see how briefly and simply
each will have to be treated—and how simple and easy your
work would be. Do the Life first, in 30 pages or so—then the
series of works—and leave the head and tail of the book
till the last. But do write it.",
supp_p60_a4,Supplement,,p60,1877.,"Green, John Richard.","Letter to Dr. F. J. Furnivall,","dated Richmond House, Boughton, Chester, March 12, 1877. (In the possession of Mr. Percy Furnivall.)","I am as hungry as ever for your 'Chaucer.' Do let me
have it.
[The book on Chaucer referred to was to form one of
the series of primers brought out by Green, the Chaucer
one was eventually written by A. W. Pollard. See Letters
of J. R. Green, edited by Leslie Stephen, 1901, p. 449.]",
supp_p61_a1,Supplement,,p61,1877-80.,"Green, John Richard.","History of the English People,","4 vols, (Macmillan & Co.), vol. i, pp. 440-1, 460, 489, 502-9 (a re-handling of the Short History of the English People, 1874, q.v.).","[pp. 440-1] [Chaucer and Piers Plowman: identical with passage from
[p. 460] [Chaucer's picture of the worldliness of the clerics, not
p. 248 of Short History. See above under 1874.]
corresponding with pp. 229, 231 of Short History. See above
under 1874.]
[p. 489] [Chaucer the father of our later English Poetry.]
[pp. 502-9] The discussion of Chaucer and his significance,—an
expansion of the passages printed above under 1874, from
pp. 213-16 of the Short History. The statement of facts
in the biographical portion is an improvement.]
[vol. ii, [Caxton and Chaucer, corresponding to a passage in p. 290
p. 55]
of Short History. See above.]",
supp_p61_a2,Supplement,,p61,1877.,"Horwood, Alfred J.","Report, [in] Sixth Report of the Royal Commission on Historical Manuscripts,","Appendix, London, 1877, pp. 287, 289, 353, 361, 464-5.","The manuscripts of the Right Honourable Lord Leconfield,
at Petworth House, co. Sussex. . . .
[p. 289] 7. Large square folio, vellum, about the middle of the
15th century.—Chaucer's Canterbury Tales.
[Then follows Dr. Furnivall's description (at Petworth) of
the contents of the MS.—with misprints (Sempnour for
Sumpnour, etc.]
The manuscripts of Sir H. Ingilby, Bart., of Ripley Castle,
co. York. ...
[p. 353] [Reference to Sir H. Ingilby's MS. of the Canterbury Tales.]
[p. 361] General description and contents of the Piers Ploughman—
Chaucer MS.]
[pp. 464-5] [General description of Mr. Bacon Frank's Campsall MS.
of Troilus.]",
supp_p61_a3,Supplement,,p61,1877.,"Lounsbury, T. R.",The Parlament of Foules by Geoffrey Chaucer.,"Edited, with Introduction, Notes, and Glossary, by T. R. Lounsbury. Boston, 1877.",,
supp_p61_a4,Supplement,,p61,1877.,"Lounsbury, T. R.","Fictitious Lives of Chaucer,","[in] The Atlantic Monthly, Sept. and Nov. 1877, vol. xl, pp. 269-280, 592-600.","[Some of the material which appeared later in Studies in
Chaucer, 1892, q.v.]",
supp_p61_a5,Supplement,,p61,1877.,"Meredith, George.","On the Idea of Comedy, and of the Uses of the Comic Spirit,","[in] The New Quarterly Magazine, vol. viii, April, 1877, p. 35.","The Comic spirit is not hostile to the sweetest song fully
poetic. Chaucer bubbles with it: Shakespeare overflows.",
supp_p62_a1,Supplement,,p62,1877.,"Pater, Walter.",The Renaissance. Studies in Art and Poetry.,"[2nd edn., not in 1st, 1873], p. 9; Works, 1900, vol. i, p. 8.",[Knightes T. The friendship between Palamon and Arcite to be compared with that between Amis and Amile.],
supp_p62_a2,Supplement,,p62,1877.,"Romilly, John [&c.].","Sixth Report of the Royal Commission on Historical Manuscripts,","London, 1877, pp. xii, xiii, xiv.","[References to Lord Leconfield's Petworth MS. of the
Canterbury Tales, p. xii; Sir A. Acland-Hood's MS. of the
English translation of Trivet's French Chronicle,—the Story
of Constance, ""which Chaucer must have borrowed from
Trivet's Chronicle,"" being given at great length therein,
p. xii; Sir Henry Ingilby's MS. of the Canterbury Tales,
p. xiii; and the Bacon Frank's Campsall MS. of Troilus.
The Report is signed by all the Commissioners, besides the
secretary, John Romilly.]",
supp_p62_a3,Supplement,,p62-63,1877.,"Ruskin, John.","Fors Clavigera,","vol. vii, Letter 75 (March 1877). Works of Rustin, Library edn., ed. E. T. Cook and A. Wedderburn, 1907, vol. xxix, p. 56.","And the light of this Sun of the Spirit is divided into this
measured Iris of colours :—
I. THE LAW OF THE LORD, which is perfect, converting
the Soul. . . .
II. THE TESTIMONIES OF THE LORD, which are sure,—
making wise the simple.
These are what He has told us of His law, by the lips of
the prophets, from Enoch, the seventh from Adam, by Moses,
by Hesiod, by David, by Elijah, by Isaiah, by the Delphic
Sibyl, by Dante, by Chaucer, by Giotto. Sure testimonies
all; their witness agreeing together, making wise the simple
—that is to say, all holy and humble men of heart.",
supp_p63_a1,Supplement,,p63,1877.,"Selby, Walford D.",Two Chaucer Documents,"[in] The Academy. Oct. 13, 1877, pp. 364-5.","[The discovery by Floyd of the conveyances passing the
quit-rent of the tenement in St. Botolph Without Aldgate, by
John and Agnes Chaucer, and Bartholomew atte Chapel and
Agnes, to Nicholas Long, and releasing to him all right of
dower; with the text of the documents. The chief points
deduced are—
1. The date of John Chaucer's death, to within a year.
2. The re-marriage of Agnes Chaucer.
3. A Chaucer seal different from any seal hitherto found.
Ou the documents see A. A. Kern: The Ancestry of Chaucer,
pp. 95, 97.]",
supp_p63_a2,Supplement,,p63-64,1877.,Unknown.,Chaucer's Love-Poetry,"[in] Cornhill Magazine March. Vol. XXXV, p. 280.","Before going further, it may be as well to point out how
very small a portion of Chaucer's work decides the special
impression of him which now is historically transmitted from
generation to generation.
If it were possible to take away only a little more than a
tenth part of the poet's voluminous writings, there would be
left a mass of outlandish recital having nothing whatever it
do with anything we now know of English tastes. Instead
of appearing a broad humourist, with an overpowering love of
nature, painting persons and scenes with exact reality, there
would then seem to be no English poet so artificial, so
romantic, so lackadaisical as Chaucer. His object was to give
Englishmen a literature bodily, instantly as it were, by trans¬
ferring into our tongue, such as he found it and made it,
the famous achievements of the great foreign writers. ...
Our business here is instantly to narrow all we have been
saying into the statement, that with the above exceptions,
Chaucer's writings are a lackadaisical exaggeration of one
feeling—Love, and that in them the passion is taken in its
weakest, vainest form of sentimentality. He is, and for ever
will remain, the chief erotic poet of our language. ...",
supp_p64_a1,Supplement,,p64,1878.,"Adams, William Davenport",[in] Dictionary of English Literature: a Comprehensive Guide to English Authors and their Works.,,"[Contains certain biographical particulars, the titles of
Chaucer's leading works, notices of standard biography and
criticism, and critical extracts illustrative of the distinctive
characteristics of the works which appear under their relative
alphabetical letter.]",
supp_p64_a2,Supplement,,p64,1878.,"Arnold, Thomas.","Article [in] Academy,","1878, p. 489, on ""The Date of the Court of Love"" (dated May 24).","[A reply to F. J. Furnivall, above p. ]",
supp_p64_a3,Supplement,,p64,1878.,"Arnold, Thomas.","Article ""English Literature"" in Encyclopædia Britannica,","9th edn., vol. viii, pp. 411-13.",,
supp_p64_a4,Supplement,,p64,1878.,"Furnivall, F. J. (?)","Notes [in] Academy,","Jan. 5, pp. 8, 9, on the influence of Boccaccio on the plan of the Canterbury Tales, and on the date of the Flower and Leaf.",,
supp_p64_a5,Supplement,,p64,1878.,"Furnivall, F. J. (?)","Note [in] Academy,","Jan. 19, pp. 52-3, on Furnivall's new information on Caxton's and Thynne's wind-up to the H. of Fame.",,
supp_p64_a6,Supplement,,p64,1878.,"Furnivall, F. J. (?)","Letter [in] Academy,","Jan. 19 (dated Jan. 12), on ""The Date of the Flower and the Leaf.""",,
supp_p64_a7,Supplement,,p64-65,1878.,"Furnivall, F. J. (?)","Note to the ""Balade"" of Chaucer to his Empty Purse","(see Nicholas's Life of Chaucer, ed. Morris, vol. i, p. 40) [in] Temple Bar, Sept. 1878, vol. liv, p. 144.","The above mentioned ""Balade"" was sent to Henry IV, on
his accession, with the following Envoye, which I have slightly
modernized:—
""O Conqueror of Brut-es Albion,
Which that by line and free election
Be very King, this song to you I send;
And thou that mayest all mine harms amend,
Have mind upon my supplication.""
And, doubtless in answer to this appeal, Henry IV doubled
Chaucer's pension within four days after he came to the
throne, by granting him on Oct. 3rd, 1399, forty marks
yearly, in addition to the annuity which King Edward had
given him.",
supp_p65_a1,Supplement,,p65,1878.,"Horne, Richard Hengist.","Chaucer to his Empty Purse,","modernized by R. H. Horne, [in] Temple Bar, March (vol. lii, p. 353).","[The Father-Poet appears to be sojourning in some country
town which he is unable to leave for want of money.]
I. To you, my Purse, and to no other wight,
Complain I, for thow art my lady dear;
I'm very sorry now that thow art light,
For certès thow dost make me heavy cheer,
I were as lief laid out upon my bier;
For which, unto your mercy thus I cry—
Be heavy again! or else I needs must die.
[Two more stanzas.]",
supp_p65_a2,Supplement,,p65,1878.,"Horne, Richard Hengist.","The Temple of Mars,","modernized from Chancer's Knights Tale, [in] Temple Bar, October, 1878 (vol liv, p. 196).",,
supp_p65_a3,Supplement,,p65,1878.,"L'Estrange, A. G. K.","History of English Humour,","2 vols. (vol. i, pp. 224-227).","Scarcely any part of Chaucer's writings would raise a laugh
at the present day, though they might a blush. . . . The
antiquated language in which his works are written prevents
our now appreciating much of the humour they contained. ...
No doubt at the time he was thought witty, and his tendency
in this direction is shown by his praise of mirth in the
'Romaunt of the Rose.'",
supp_p65_a4,Supplement,,p65,1878.,"Murray, James","Article, ""English Language,""","in Encyclopædia Britannica, 9th edn., vol. viii, pp. 396, 397.",[Main characteristics of Chaucer's language.],
supp_p66_a1,Supplement,,p66,1878.,"Oliphant, Mrs. M.",Dress,"(""Art at Home"" Series). London, pp. 20-25.",[A detailed description of the dress of Chaucer's pilgrims.],
supp_p66_a3,Supplement,,p66,1878.,"Shairp, John Campbell.",The Early Poetry of Scotland,"[in] Sketches in History and Poetry, Edinburgh, 1887, pp. 205-207, 215.","[Influence of Chaucer on Scottish poets of 15th and 16th
centuries.]",
supp_p66_a4,Supplement,,p66,1878.,"Skeat, W. W., and Bell, R.",Poetical Works of Chaucer,"with poems formerly printed with his, or attributed to him. Edited, with a Memoir, by R. Bell. Revised edition. ... With a pre liminary essay by W. W. Skeat. 4 vols. [A revised edition of that of 1854-6; see above.]",,
supp_p66_a5,Supplement,,p66,1878.,"Skeat, Walter W.","The ""Court of Love,""","[dated June 3, in the Academy].","[A reply to T. Arnold, above p. .]",
supp_p66_a6,Supplement,,p66-67,1878.,"Storr, Francis (the Younger), and Turner, Hawes,","Canterbury Chimes, or Chaucer Tales retold for Children,",1878.,"[A very free rendering,in simple modern English, of the
Prologue to the C. Tales, and an abridgment of the Knight's,
Man of Law's, Nonne Preestes, Squire's, Franklin's, and
""Chaucer's Tale"" (Gamelyn, which is purposely inserted
instead of Sir Thopas, as being more suitable, see Preface, p.
vi), illustrated by woodcuts from the Ellesmere MS.]",
supp_p67_a1,Supplement,,p67,1878.,"Thoms, William G.","Chaucer's Night-Spell,","[in] Folk Lore Record, vol. i, p. 145. [A long note on the ""White Paternoster"" (Milleres Tale, ll. 297-300.)",,"[See a Note on the white Paternoster in Folk Lore Record, vol. ii, 1879, p. 127.]"
supp_p67_a2,Supplement,,p67-68,1879.,"Fleay, F. G.",Some Folk-Lore from Chaucer,"[in] Folk-Lore Record, vol. ii, pp. 135, 136, 145-55.","Proverbs.
p. 136] It is hard to draw a line as to these, so as to determine
what are pithy sayings of Chaucer's own and what are genuine
folk-words which ought to be extracted here. I have tried to
err on the side of omission rather than risk inserting what
might mislead future investigators.
[Here follows a list of 89 proverbs, with references to Bell's
edition; those in parentheses are to Morris's edition.]
Dreams.
Dreams play so important a part in Chaucer's writings, as
to demand a separate notice. Nearly every poem of his which
has a personal reference to himself or his patrons is written
under the form of a dream. 1. The Romaunt of the Rose;
2. Chaucer's Dream; 3. The death of the Duchess; 4. The
House of Fame; 5. The Assembly of Birds; 6. The Legend
of Good Women—are all dreams . . . In all these poems a
regular sequence can be traced if they be read chronologically;
in the references to May, to Scipio's dream, to Valentine's
day, to the song of birds, to the causes of dreaming, &c., &c.
But this could only be propery displayed in a commentery on
the passages referred to.
In Troylus there are many references to dreams. Cryseide
has dreamed thrice of Pandarus . . . Pandarus gives his
opinions on the matter as Chaucer does in the House of Fame.
""They mean nothing"" says he ""they proceed of melancholy.
... Nevertheless Troylus has true dreams of the boar Diomed
(vi, 40, 47), and Chaucer had not yet adopted Pandar's
scepticism. In the Canterbury Tales the notices of dreams are
much fewer. . . . In the Nun's Priest's we have Chaucer's fullest
statement on the matter. Chanticleer dreams of the fox, but
Partelet tells him dreams are vanity engendered of repletions,
complexions, abundant humours; the red fox, for instance, by
abundance of red choler, black boars by abundance of melan¬
choly, and bids him ""take a laxative"" and believe in Cato.
But Chanticleer answers with the well-known case given by
Cicero, the dreams of Kenelm, Scipio, Daniel, Joseph, Pharaoh,
Cresus, Andromache, and gets the best of the argument. His
own dream is a true one. . . . On the whole it seems that
Chaucer believed in prophetic dreams granted by special
revelation, but not in oneiromancy as applied to ordinary
dreams.
[Next follow notes on]
[p. 145 to
p. 154]
Astrology and Alchemy.
[p. 5]
Hagiology.
I have under this head collected the allusions to Saints that
occur in Chaucer's works, independently of the Fathers,
allusions to whose writings I have collected in MS. not here
printed. [Here follow twenty-seven allusions, arranged by
poems; and then some Notes on The House of Fame; on
Troilus and Cresseyde (the puns: ""Troy distroyed; Calkas
Calkelyng,"" in (i, 10, 11) v, 19, 20; and the blaunch fevere
of (i, 131), v, 49, and the observance of May, etc., etc.)].",
supp_p68_a1,Supplement,,p68-69,1879-80.,"Gilman, Arthur.","The Poetical Works of Chaucer,","to which are appended poems attributed to Chaucer, 3 vols., Boston, 1880.","[Gilman's edition of Chaucer is the first considerable use
made, by way of an edition, of the work of Furnivall and
the Chaucer Society. In the case of the Canterbury Tales,
the text was based on the Ellesmere MS., which was collated
with others. It was considered advisable ""not to burden
the volume with the various readings."" The line-numbers
of Tyrwhitt's edition are given in parentheses every fiftieth
line, and in the prose tales every tenth break in the six-text
edition is indicated. The greatest praise and thanks are
given to the Chaucer Society. The edition is also indebted
to the labours of Child, Skeat, Morris, Bradshaw and ten
Brink.
The Biography entitled The Times and the Poet is by the
editor, and is divided into sections: i. The Outer Life;
ii. The Social Life; iii. The Poet's Life; iv. The Poet's
Works; v. The Poet's Genius. A Section On Reading
Chaucer follows with information on pronunciation, stress
and scansion. Sections on Astrological Terms and Biblical
References follow. The Tales are divided into four days'
recital.
Balade de Visage, etc., Court of Love, Flower and Leaf, Cuckow
The apocryphal pieces include: Proverbe of Chaucer'
and Nightingale, Praise of Women, Chaucer's Dream, Virelai
(Alone walkyng,"" etc.), Chaucer's Prophesy and Go Forth
King.
The biography is dated 1879; the volumes were published
in 1880.]",
supp_p69_a1,Supplement,,p69,1879.,"Harrison, Frederic.","The Choice of Bools and other Literary Pieces,","1891, pp. 25, 46, 59, 79, 240, 242, 243, 255, 295, 381, 424, 437.","[p. 25] If the Canterbury Tales pall on a man, . . . he should fall
on his knees and pray for a cleanlier and quieter spirit.",
supp_p69_a2,Supplement,,p69,1879-80.,"Lanier, Sidney.","Shakspere and his Forerunners,","London 1902, vol. i, pp. 32, 56-62 [Chaucer's treatment of Nature in The Flower and the Leafe], 89, 93, 94, 137 [Chaucer's praise of wifehood], 146-59 [The Clerk's Tale, copious extracts], 162, 163, 161, 165 [the enormous error of calling Chaucer 'well of English undefiled'], 192 [Chaucer's pronunciation], 202; vol. ii, pp. 19-21 [Chaucer's testimony as to English love of music], to f. p. 102 [pictures of 'A Poticary and a Pardoner' from the Ellesmere MS.], 188, 221, 298- 300 [Knight's Tale and Midsummer Nightis Dream], 306, 316, 317. [These lectures, printed in 1902, were delivered in Baltimore during the winter of 1879-80; see Preface.]","[p. 56] Chaucer's poem The Flower and the Leafe. . . . I do not
hesitate to pronounce a far finer poem than any of the Canter¬
bury Tales—in fact, to my thinking, worth all the Canterbury
Tales put together.",
supp_p69_a3,Supplement,,p69-70,1879.,"Lounsbury, T. R.","Article on Gilman's Chaucer,","[in] Literary World, November 22nd, p. 376 ff.","The genius of Chaucer triumphs over all revolutions in
speech or variations in popular taste. Five hundred years
have taken away nothing from the freshness and power of a
poet who first revealed to the men of the English-speaking
race the possibilities of the future that lay before the English
tongue.
[Then follows a reference to the work of the Chaucer Society, and a discussion
of the Ellesmere MS.]
Chaucer is an author that requires a good deal of comment; not,
indeed, like Shakespeare, for the interpretation of his thought,
but for the sake of making clear the meaning of particular words
... While Chaucer will always rank as one of the greatest
of poets, he will never be a widely-read one until his works
are widely circulated in modernized spelling. . . . For linguistic
study it will always be a necessity to have his works in their
original form; but for literary purposes, the orthography of
his time is no more essential to the interest or value of his
writings than is the orthography of their time essential to the
enjoyment of Shakespeare or the Bible. . . . Of the English
poets, not even excepting Shakespeare, Chaucer is the most
thoroughly free, not simply from effort, but from the least
appearance of effort. In all his writings there cannot be
found a line that exhibits the slightest evidence of mental
strain. . . .",
supp_p6_a1,Supplement,,p6,1869.,"Ruskin, John.","The Queen of the Air. Works of Ruskin,","Library edn., ed. E. T. Cock and A. Wedderburn, 1905, vol. xix, pp. 335-6.","The mother of Virgil bearing the name of Maia, Virgil
himself received his name from the seven stars; and he,
in forming, first, the mind of Dante, and through him that
of Chaucer (besides whatever special minor influence came
from the Pastorals and Georgics), became the fountain-
head of all the best literary power connected with the love
of vegetative nature among civilized races of men.",
supp_p6_a2,Supplement,,p6-7,1869.,"Ruskin, John.","Letter to Charles Eliot Norton,","17th November, 1869. Letters of Ruskin, vol. i, [in] Works of Ruskin, Library edn., ed. E. T. Cook and A. Wedderburn, vol. xxxvi, p. 597.","2. I am translating or transferring ""Chaucer's Dream""
into intelligible and simple English, and am going to print
it with the original, and a note on every difficult or pretty
word, for the first of my series of standard literature for
young people. I hope to get it out also about my birthday.",
supp_p70_a1,Supplement,,p70,1879.,"Lounsbury, Thomas Raynsford.","History of the English Language,","(New York, Holt & Co.), pp. 24, 57, 58, 61, 75, 79, 80, 90, 94, 97, 103, 104, 106, 107, 111, 113, 115, 116, 119, 120, 121, 128, 131, 140, 165, 174, 179, 180, 181, 183, 188, 189, 216, 218, 220, 223n, 226, 234n, 245, 273, 283, 307, 315, 327, 329, 348.","[The references, for the most part, concern Chaucer's
language. 'Revised and Enlarged Edition,' New York, Henry
Holt & Co., 1894, and London, George Bell & Son, 1901; see
under 1894.]",
supp_p70_a2,Supplement,,p70-71,1879.,"Morgan, H. H.",Poetry as an Art.,"Illustrated by Chaucer, Spenser, and Milton, [in] The Western (St. Louis), March. New series, vol. v, No. 2, p. 107.","[p. 113] To judge Chaucer as an artist, his minor poems are of
more importance than ""The Canterbury Tales,"" for while
the latter gives us the most matured experience, the nature
of the undertaking limits the range and the character of
the work. Perfect literary art, judged by aesthetic and not
by formal tests, requires three things: that its end shall be
the innermost essence of things: that its means shall be
images addressed to the spirit; and that its prime requisite
shall be unity as a supreme condition. How does Chaucer
answer these demands?
[Quotations illustrating Chancer's philosophy.]
We have now considered Chaucer as the seer,— the crucial test
of all aesthetic criticism not formal. The second requirement
of perfect art was ""images addressed to the spirit,""—that
is, pictures not merely verbal, but such as shall stand the
examination of the most searching analysis.
The knight:
Though he was worthy, he was wise [etc.]
Picture of utter hopelessness:
Have ye not sometimes seen a pallid face [etc.]
[And other examples.]
[p. 116] . . . Passing by, then, the formal art of Chaucer, what
. . . . . . . . . .
as an artist did he attempt to portray? Human life. . . . For
the study of a noble manhood and a pure womanhood, for
beautiful descriptions of English landscapes, for clearness of
insight in regard to the interests of man, Chaucer is unsur¬
passed ...",
supp_p71_a1,Supplement,,p71-73,1879.,"Ward, Sir Adolphus William.",Chaucer,"(English Men of Letters Series, ed. John Morley).","[Contents: Chap. I, Chaucer's Times; Chap. Il, Chaucer's
Life and Works; Chap. III, Characteristics of Chaucer and
of his Poetry; Chap. IV, Epilogue; Glossary.]
[p. 146] One very pleasing quality in Chaucer must have been his
modesty. In the course of his life this may have helped to
recommend him to patrons so many and so various, and to
make him the useful and trustworthy agent that he evidently
became for confidential missions abroad. . . . To us, of course,
this quality of modesty in Chaucer makes itself principally
manifest in the opinion which he incidentally shows himself
to entertain concerning his own rank and claims as an author.
Herein, as in many other points, a contrast is noticeable
between him and the great Italian masters. . . . Chaucer
again and again disclaims all boasts of perfection, or pre-
[p. 147] tensions to pre-eminence, as a poet. . . . He acknowledges
as incontestable the superiority of the poets of classical
antiquity.
[p. 177] The vivacity and joyousness of Chaucer's poetic tempera¬
ment . . . show themselves in various other ways besides his
favourite manner of treating a favourite theme. They
enhance the spirit of his passages of dialogue, and add force
and freshness to his passages of description. They make
him amusingly impatient of epical lengths, abrupt in his
transitions, and anxious, with an anxiety more usually mani-
fested by readers than by writers, to come to the point, ""to
the great effect,"" as he is wont to callit. . . . And he uncon¬
sciously suggests a striking difference between himself and the
great Elizabethan epic poet who owes so much to him, when
he declines to make as long a tale of the chaff or of the straw
as of the corn, and to describe all the details of a marriage-
feast seriatim:
The fruit of every tale is for to say:
They eat and drink, and dance and sing and play. . . .
Most assuredly he can tell a story with admirable point and
[p. 178] precision, when he wishes to do so. Perhaps no better
example of his skill in this respect could be cited than the
Manciple's Tale, with its rapid narrative, its major and
minor catastrophe, and its concise moral, ending thus:—
My son, beware, and be no author new
[and 3 following lines].
at the same time, his frequently recurring announcements
of his desire to be brief have the effect of making his narrative
appear to halt, and thus unfortunately defeat their own
purpose. An example of this may be found in the Knight's
Tale, a narrative poem of which, in contrast with its beauties,
a want of evenness is one of the chief defects. It is not
that the desire to suppress redundancies is a tendency de¬
serving anything but commendation in any writer, whether
great or small; but rather, that the art of concealing art
had not yet dawned upon Chaucer.
Closely allied to Chaucer's liveliness and gaiety of dis¬
position, and in part springing from them, are his keen sense
of the ridiculous and the power of satire which he has at his
command. His humour has many varieties, ranging from
the refined and half-melancholy irony of the House of Fame
[p. 180] to the ready wit of the sagacious uncle of Cressid, the burl¬
esque fun of the inimitable Nun's Priest's Tale, and the very
gross salt of the Reeve, the Miller, and one or two others. . . .
Concerning, however, Chaucer's use of the power which he in
so large a measure possessed, viz. that of covering with ridi¬
cule the palpable vices or weaknesses of the classes or kinds
of men represented by some of his character-types, one
assertion may be made with tolerable safety. Whatever
may have been the first stimulus and the ultimate scope of
the wit and humour which he here expended, they are not
to be explained as moral indignation in disguise. And in
truth Chaucer's merriment flows spontaneously from a
source very near the surface; he is so extremely diverting,
because he is so extremely diverted himself.
Herein, too, lies the harmlessness of Chaucer's fun. Its
harmlessness, to wit, for those who are able to read him in
something like the spirit in which he wrote.
But the realism of Chaucer is something more than exuber¬
ant love of fun and light-hearted gaiety. He is the first
great painter of character, because he is the first great
observer of it among European writers. . . . More especially
with regard to the manners and ways of women, which
often, while seeming so natural to women themselves, appear
so odd to male observers, Chaucer's eye was ever on the
alert.
. . . . . . .
[p. 187] His descriptions of nature are as true as his sketches of
human character; and incidental touches in him reveal his
love of the one as unmistakably as his unflagging interest
in the study of the other. Even those May-morning exordia,
in which he was but following a fashion—faithfully observed
both by the French trouvères and by the English romances
translated from their productions and not forgotten by the
author of the earlier part of the Roman de la Rose—always
came from his hands with the freshness of natural truth. ...
For nowhere does he seem, and nowhere could he
have been, more open to the influence which he received
into himself, and which in his turn he exercised, and
exercises, upon others, than when he was in fresh contact
with nature. In this influence lies the secret of his genius;
in his poetry there is life.
[Chap. IV, 'Epilogue gives a sketch of the influence of
Chaucer.']",
supp_p74_a1,Supplement,,p74,1879.,"Wood, Henry.",Chaucer's Influence upon King James I of Scotland as poet.,"Halle, 1879 (Leipsiger dissertation).",,
supp_p74_a2,Supplement,,p74-78,1880.,"Arnold, Matthew,","[in] Essays in Criticism,","second series, 1891, pp. 26-34, Essay on ""The Study of Poetry"" published in 1880 as the General Introduction to The English Poets, edited by T. H. Ward.","[p. 26] But in the fourteenth century there comes an Englishman
nourished on this poetry [French romance-poetry], taught his
trade by this poetry, getting words, rhyme, metre from this
poetry; for even of that stanza which the Italians used, and
which Chaucer derived immediately from the Italians, the basis
and suggestion was probably given in France. Chaucer (I
have already named him) fascinated his contemporaries, but so
too did Christian of Troyes and Wolfram of Eschenbach.
[p. 27] Chaucer's power of fascination, however, is enduring; his
poetical importance does not need the assistance of the
historic estimate; it is real. He is a genuine source of joy
and strength, which is flowing still for us and will flow
always. He will be read, as time goes on, far more generally
than he is read now. His language is a cause of difficulty to
us, but so also, and I think in quite as great a degree, is the
language of Burns. In Chaucer's case, as in that of Burns, it
is a difficulty to be unhesitatingly accepted and overcome.
If we ask ourselves wherein consists the immense
superiority of Chaucer's poetry over the romance poetry—why
it is that in passing from this to Chaucer we suddenly feel
ourselves to be in another world, we shall find that his
superiority is both in the substance of his poetry and in the
style of his poetry. His superiority in substance is given by
his large, free, simple, clear yet kindly view of human life,—
so unlike the total want, in the romance-poets, of all intelli¬
[p. 28] gent command of it. Chaucer has not their helplessness; he
has gained the power to survey the world from a central, a
truly human point of view. We have only to call to mind
the Prologue of The Canterbury Tales. The right comment
upon it is Dryden's 'It is sufficient to say, according to the
proverb, that here is God's plenty.' And again: 'Here is a
perpetual fountain of good sense.' It is by a large, free,
sound representation of things, that poetry, this high criticism
of life, has truth of substance.
Of his style and manner, if we think first of the romance-
poetry and then of Chaucer's divine liquidness of diction, his
divine fluidity of movement, it is difficult to speak temperately.
They are irresistible, and justify all the rapture with which
his successors speak of his ""gold dewdrops of speech.""
Johnson misses the point entirely when he finds fault with
Dryden for ascribing to Chaucer the first refinement of our
numbers, and says that Gower can also show smooth numbers
and easy rhymes. The refinement of our numbers means
[p. 29] something far more than this. A nation may have versifiers
with smooth numbers and easy rhymes, and yet may have no
real poetry at all. Chaucer is the father of our splendid
English poetry; he is our 'well of English undefiled,' because
by the lovely charm of his movement, he makes an epoch
and founds a tradition. In Spenser, Shakespeare, Milton,
Keats, we can follow the tradition of the liquid diction, the
fluid movement of Chaucer; at one time it is his liquid diction
of which in these poets we feel the virtue, and at another
time it is his fluid movement. And the virtue is irresistible.
... I must yet find room for an example of Chaucer's
virtue. . . . I feel disposed to say that a single line is enough
to show the charm of Chaucer's verse; that merely one line
like this—
'O martyr soudered1 in virginitee!'
1 The French soudé, soldered, fixed fast.
[p. 30] has a virtue of manner and movement such as we shall not
find in all the verse of romance-poetry;—but this is saying
nothing. The virtue is such as we shall not find, perhaps, in
all English poetry, outside the poets whom I have named as
the special inheritors of Chaucer's tradition. A single line,
however, is too little if we have not the strain of Chaucer's
verse well in our memory; let us take a stanza. It is from
The Prioress's Tale, the story of the Christian child murdered
in a Jewry—
'My throte is cut unto my nekké-bone
Saidè this child, and as by way of kinde
I should have deyd, yea, longè time agone [etc.].
Wordsworth has modernised this Tale, and to feel how delicate
and evanescent is the charm of verse, we have only to read
Wordsworth's first three lines of this stanza after Chaucer's—
'My throat is cut unto the bone, I trow,
Said this young child, and by the law of kind
I should have died, yea, many hours ago.'
[p. 31] The charm is departed. It is often said that the power of
liquidness and fluidity in Chaucer's verse was dependent
upon a free, a licentious dealing with language such as is now
impossible; upon a liberty, such as Burns too enjoyed, of
making words like neck, bird, into a dissyllable by adding to
them, and words like cause, rhyme, into a dissyllable by sound
sounding the e mute. It is true that Chaucer's fluidity is
conjoined with this liberty, and is admirably served by it;
but we ought not to say that it was dependent upon it. It
was dependent upon his talent. Other poets with a like
liberty do not attain to the fluidity of Chaucer; Burns him¬
self does not attain to it. Poets, again, who have a talent
akin to Chaucer's, such as Shakespeare or Keats, have known
how to attain to his fluidity without the like liberty.
And yet Chaucer is not one of the great classics. His
poetry transcends and effaces, easily and without effort, all
the romance-poetry of Catholic Christendom; it transcends
[p. 32] and effaces all the English poetry contemporary with it, it
transcends and effaces all the English poetry subsequent to it
down to the age of Elizabeth. Of such avail is poetic truth
of substance, in its natural and necessary union with poetic
truth of style. And yet, I say, Chaucer is not one of the
great classics. He has not their accent. What is wanting to
him is suggested by the mere mention of the name of the first
great classic of Christendom, the immortal poet who died
eighty years before Chaucer,—Dante. The accent of such
verse as
""In la sua volontade e nostra pace...""
is altogether beyond Chaucer's reach; we praise him, but we
feel that this accent is out of the question for him. It may be
said that it was necessarily out of the reach of any poet in
the England of that stage of growth. Possibly; but we are to
adopt a real, not a historic, estimate of poetry. However, we
may account for its absence, something is wanting, then, to
the poetry of Chaucer, which poetry must have before it can
be placed in the glorious class of the best. And there is a
[p. 33] doubt what that something is. It is the σπονδαιότης, the
high and excellent seriousness which Aristotle assigns as one
of the grand virtues of poetry. The substance of Chaucer's
poetry, his view of things and his criticism of life, has
largeness, freedom, shrewdness, benignity; but it has not
this high seriousness. Homer's criticism of life has it,
Dante's has it, Shakespeare's has it. It is this chiefty
which gives to our spirits what they can rest upon; and with
the increasing demands of our modern ages upon poetry, this
virtue of giving us what we can rest upon will be more and
more highly esteemed. A voice from the slums of Paris, fifty
or sixty years after Chaucer, the voice of poor Villon out of
his life of riot and crime, has at its happy moments (as, for
instance, in the last stanza of La Belle Heaulmière) more of
this important poetic virtue of seriousness than all the pro¬
ductions of Chaucer. But its apparition in Villon, and in
men like Villon, is fitful; the greatness of the great poets,
the power of their criticism of life, is that their virtue is
sustained.
[p. 35] The age of Dryden, together with our whole eighteenth
century which followed it, sincerely believed itself to have
produced poetical classics of its own, and even to have made
advance, in poetry, beyond all its predecessors. Dryden
regards as not seriously disputable the opinion 'that the
sweetness of English verse was never understood or practised
by our fathers.'1 Cowley could see nothing at all in Chaucer's
[1 [Note added by Dr. Furnivall on this passage]. We must recollect that, till
Tyrwhitt, no decent edition of the Canterbury Tales was accessible, and till Richard
Morris, none of the Minor Poems. So long as printers and editors disregarded
Chaucer's final e and printed as his, pieces that he never wrote, it was impossible
for any readers to appreciate his poetic powers.—F. J. F.]
poetry. Dryden heartily admired it, and, as we have seen,
praised its matter admirably; but of its exquisite manner and
movement all he can find to say is that 'there is the rude
sweetness of a Scotch tune in it, which is natural and pleasing,
though not perfect.' Addison, wishing to praise Chaucer's
numbers compares them with Dryden's own. And all through
the eighteenth century, and down even to our own times, the
stereotyped phrase of approbation for good verse found in our
early poetry has been, that it even approached the verse of
Dryden, Addison, Pope and Johnson.
[p. 49] Burns, like Chaucer, comes short of the high seriousness of
the great classics.
[p. 50] Yet we may say of Burns, as of Chaucer, that of life and
the world, as they come before him, his view is large, free,
shrewd, benignant,—truly poetic, therefore; and his manner
of rendering what he sees is to match. But we must note, at
the same time, his great difference from Chaucer. The freedom
of Chaucer is heightened, in Burns, by a fiery, reckless energy;
the benignity of Chaucer deepens, in Burns, into an over¬
whelming sense of the pathos of things;—of the pathos of
human nature, the pathos, also, of non-human nature. Instead
of the fluidity of Chaucer's manner, the manner of Burns has
spring, bounding swiftness. Burns is by far the greater force,
though he has perhaps less charm. The world of Chaucer is
fairer, richer, more significant than that of Burns.",
supp_p78_a1,Supplement,,p78,1880.,"Brewer, E. Cobham.","The Reader's Handbook of Allusions,","references, plots and stories, London, 1880.","[Preface p. vii, and numerous references arranged alpha¬
betically.]
[The later editions (1898, 1911) are fuller, and the Canter¬
bury Tales are entered more systematically, thus we find
in these editions Parson's Tale, Miller's Tale, etc., omitted
here.]",
supp_p78_a2,Supplement,,p78,1880.,"Brewer, E. Cobham.","Dictionary of Phrase and Fable,","1st edn., London, 1880.","[Frequent references, as for instance, under Algarsife, Arcite,
Baillif, Herry [sic], Beard, Cambuscan, Canacë, etc.]",
supp_p78_a3,Supplement,,p78,1880.,"Cook, Albert S.","Report on Englische Studien,","vol. i [in] The American Journal of Philology, vol. i, pp. 227, 228.",,
supp_p78_a4,Supplement,,p78,1880.,"[Furnivall, F. J.]",Notes on the Progress of the Chaucer Society's Work,"[in] The Academy, London, Aug. 7, 1880, vol. xviii, p. 97, col. 3, and Nov. 6, p. 328, col. 2.","[Recording the near completion of the textual work of the
Chaucer Society.]",
supp_p78_a5,Supplement,,p78,1880.,"[Furnivall, F. J.]","Note under Notes and News,","[in] The Academy, London, 26th June, vol. xvii, p. 472.","[Referring to a quarto volume of MS. acquired by Prof.
Dowden, lettered ""Chaucer's Canterbury Tales Modernised,
Vol. 2."" Neither the writer's name nor that of any former
owner appears in the volume. The water-mark of the paper
is 1811. An extract given from the ""Prioresse Tale"" is
given. Query: Where is the first volume of this nineteenth
century Chaucer to be found ?]",
supp_p78_a6,Supplement,,p78-79,1880.,"Hamilton, Walter.",'The Origin of the Office of Poet Laureate',"[in] Transactions of the Royal Historical Society, vol. viii, pp. 20, 30, 33, 35.","[p. 20] From the appointment of Chaucer about five hundred years
have elapsed, and during that period a long line of poets have
held the title of Laureate. ...
[p. 30] Geoffrey Chaucer, the first poet of any eminence who wrote
in the mother tongue, was styled Poet Laureate by his con¬
temporaries, and received several royal grants and offices. He
died on the 25th October, 1400, when his friend Sir John
Gower . . . appears to have obtained or to have assumed the
title. . . .
p. 33] 1368. Edward III grants a daily pitcher of wine to Geoffrey
Chaucer, to be charged on the Port of London. Shortly after
his accession Richard II commuted that allowance for an
annual payment of twenty marks.
[p. 35] A Table of the Poets Laureate of England.
Date and
Date of
Sovereigns
Place of
Where
Death
Birth
Educated
Appoint¬
under whom
Place of
ment
they served
Burial
Geoffrey London, Cambridge
1368
Edward III
25th Oct.,
Westminster
Chaucer
1828
(?)
Richard II
1400
Abbey",
supp_p79_a1,Supplement,,p79,1880.,"Harris, George, LL.D.","Domestic every-day Life, Manners, and Customs in this Country, from the earliest Period to the end of the Eighteenth Century.","IV. From the end of the Thirteenth, to the Commencement of the Sixteenth Century [in] Transactions of the Royal Historical Society, vol viii, pp. 60-1.","[p. 60] Sir John Gower . . . is considered as the father of English
poetry. Geoffrey Chaucer is, however, the first of English
versifiers who wrote poetically.",
supp_p79_a2,Supplement,,p79,1880.,"Jusserand, J. J.","Chaucer's Pardoner and the Pope's Pardoner [an essay],","published by the Chaucer Soc. in Essays on Chaucer, Part v, pp. 423-36.",,
supp_p79_a3,Supplement,,p79,1880.,"Lanier, Sidney.","The Science of English Verse,","New York, 1880.","[Title-page [Chaucer quoted], v, vii, 87, 155-8 [Chaucer's
rhythms], 169-170 [Chaucer's Final E], 172, 183, 184, 202,
217, 129-220 [Chaucer's use of initial accented syllable], 238,
240, 293.]",
supp_p79_a4,Supplement,,p79-80,1880.,"Lanier, Sidney.",Chaucer and Shakespeare,"[three papers written in, 1880, printed in] Music and Poetry, New York, 1909, pp. 159-196.","[The six works studied are A Midsummer Night's Dream
in conjunction with The Knight's Tale, Hamlet with the
Pardoner's Tale, and the Tempest with The Clerk's Tale.]",
supp_p7_a1,Supplement,,p7,1869.,"Russell, William Clark.",The Book of Authors:,"a collection of Criticisms, Ana, Mots, Personal Descriptions, etc. pp. 3-4.","[A Collection of Quotations from Caxton, Dryden, Byron,
Warton, Waller, Akenside, Wordsworth, the Quarterly Review,
Hallam, Hazlitt, John Fox, Johnson and W. Howitt on
Chaucer and his Work,—all printed in this volume under their
respective dates.]",
supp_p7_a2,Supplement,,p7,1869.,"Wright, Thomas.","Churchwarden's Account of the Town of Ludlow,","Camden Soc., vol. cii, p. 97 n.","[Note upon an entry in the churchwarden's account ""for
mendynge and fasteninge the window over the wedinge
churche dore,"" calling attention to the frequent mention of
the wedding door in the accounts, and to the fact, that before
the Reformation important parts of the wedding and baptism
services, etc., were performed in the church porch.] The
reader of Chaucer will remember what he says (Cant. T.,
l. 462) of the Wife of Bath,—
""Housbandes atte chirche dore hadde sche fyfe.""",
supp_p7_a3,Supplement,,p7,1870.,"Brae, Andrew Edmund.","The Treatise of the Astrolabe of Geoffrey Chaucer,","edited by A. E. Bray, London. 1870.","[The volume contains seven illustrations of Chaucers Astro¬
labe, with a text of his treatise, an Appendix reprinting
essays on the astronomy of the Canterbury Tales; and a
series of notes on Chaucer's astronomy ]",
supp_p7_a4,Supplement,,p7-8,1870.,"Brand, John, and Hazlitt, W. Carew.",Popular Antiquities of Great Britain.,London. 1870. 3 vols.,"[Vol. 1] pp. 31 [Chaucer quoted with reference to S. Valentine's
Day].
121-2 [The references to May-day Customs in the Court
of Love].
230 [Chaucer quoted with reference to St. Eloy's Day
Dec. 1st].
231 [Chaucer on St. Barbara].
303 [Chaucer on St. Julian].
[Vol. ii] pp. 5 [Speght's ""Glossary to Chaucer""].
35 [Cock-crow, v, Assemble of Foules, 235].
81 [Chaucer's Miller of Trumpington wore a Sheffield
knife].
82 [Marriage Ceremony at the Church door, v. Chaucer's
Wife of Bath].
121, 133 [Chaucer's ""Prosopopeia of Jealousy""].
183 [""The Shooter Ewe""].
250 [Oaths and interjections. Chaucer's ""Hayt !""].
319 [Speght's Glossary—""Meritot"" in Chaucer].
[Vol. iii] pp. 32 [Chaucer's fairy mythology].
263. [Rural Charms:—""Nettle in, dock out,"" v. Troilus
and Cresseide].
342 [The Miller's ""thombe of golde""].",
supp_p80_a1,Supplement,,p80,1880.,"Meiklejohn, J. M. D.","The Prologue to the Canterbury Tales, with notes, examination papers and glossary,","London, 1880.",,
supp_p80_a2,Supplement,,p80-82,1880.,"Palgrave, Francis Turner.",The Visions of England.,"Fifty copies printed, 1880, pp. 36-39.","THE PILGRIM AND THE PLOUGHMAN:
[stanza 3] Beyond the bridge a mazy forest swims,
1382 . . .
Great sails and spars and flame-tongued flags on high,
Wedged ronnd the quays, a-throng with ruddy limbs
And faces bronzed beneath another sky:
And 'mid the press sits one with aspect shy
And downcast eyes of watching, and, the while,
The deep observance of an inward smile.
In hooded mantle gray he smiled and sate,
With ink-horn at his knees and scroll and pen,
And took the toll and register'd the freight,
'Mid noise of clattering cranes and strife of men:
And all that moved and spoke was in his ken,
In hues and lines like Nature's own design'd
Within the magic mirror of his mind.
Thence oft, returning homeward, on the book,—
His of Certaldo, or the bard whose lays
Were lost to love in Scythia,—he would look
Till his fix'd eyes the dancing letters daze:
Then forth to the near fields, and feed his gaze
On one fair flower in starry myriads spread,
And in her graciousness be comforted:—
Then, joyous with a poet's joy, to draw
With genial touch, and strokes of patient skill,
The very image of each thing he saw :—
He limn'd the man all round, for good or ill,
Having both sighs and laughter at his will;
And picture-like his soul the world survey'd,
Yet stood outside the picture that he made.
—Man's inner passions in their conscience-strife,
The conflicts of the heart against the heart,
The mother yearning o'er the infant's life,
The maiden wrong'd by wealth and lecherous art,
The leper's loathsome cell from man apart
War's savage lust and fire, the village woe,
The tinsel chivalry veiling shame below,—
Not his to draw,—to see, perhaps:—Our eyes
Hold bias with our humour:— His, to paint
With Nature's freshness, what before him lies:
The knave, the fool; the frolicsome, the quaint:
His the broad jest, the laugh without restraint,
The ready tears, the spirit lightly moved;
Loving his world, and by his world beloved.
So forth fared Chaucer on his pilgrimage
Through England's humours; in immortal song
Bodying the form and pressure of his age,
Tints gay as pure, and delicate as strong;
Still to the Tabard the blithe travellers throng,
Seen in his mind so vividly, that we
Know them more nearly than the men we see.
Fair France, bright Italy those numbers train'd;
First in his pages Nature wedding Art
Of all our sons of song ; yet he remain'd
True English of the English at his heart:—
He stood between two worlds, yet had no part
In that new order of the dawning day
Which swept his realm of chivalry away.
. . . . . . . . . .
[stanza 14, Then on the mead in vision Langland saw
p. 38]
A pilgrim throng; not missal-bright as those
Whom Chaucer's hand surpass'd itself to draw,
Gay as the lark, and brilliant as the rose;—
But such as dungeon foul or spital shows,
Or the serf's fever-den, or field of fight,
When festering sunbeams on the wounded smite.",
supp_p82_a1,Supplement,,p82,1880.,"Rambeau, Adolf.","Chaucer's House of Fame and Dante's Divine Comedy,","[a series of articles in] The Home Journal (New York), May and June, 1880, [translated and abridged from Rambeau's Chaucer's Hous of Fame in seinem Verhältniss zur Divina Commedia, in Engl. Studien, 1880, iii, p. 209 ff. See W. O. Sypherd's Studies in Chaucer's House of Fame, Chaucer Society, 1907. Translator unknown].",,
supp_p82_a2,Supplement,,p82,1880.,"Ruskin, John.","Note to Chapter II, § 10 of The Seven Lamps of Architecture.","Works of Ruskin, Library edn., ed. E. T. Cook and A. Wedderburn, 1903, vol. viii, pp. 67, 269-70.","[On the lines: ""It may be perhaps permitted me to
assume that true architecture does not admit iron as a con¬
structive material,"" Ruskin says:]
[p. 269] — Except in Chaucer's noble temple of Mars.
. . . . . . . . . .
In the former editions, a note on the structural use of iron
quoted Chaucer's description of the temple of Mars; but only
in the Chaucer English, which few readers quite understand,
and which I certainly do not always myself. I re-write it now
in as familiar spelling as may be, with a little bit of needful
explanation.
""And downward from a hill under a bent
There stood the temple of Mars armipotent,
Wrought all of burnëd steel . . .
Every pillar, the temple to sustene,
[p. 270]
14. Was tun-great, of iron bright and sheene.
(The Knight's Tale, l. 1983 of ""The Canterbury Tales.""
[Some verbal annotations follow, the last of which is :]
Note, finally, the absolute carelessness of all great poets,
whether their images be common or not,—so only they be
clear.
There is, by-the-bye, an exquisite piece of architectural
colour just before:
And northward, in a turret on the wall
Of alabaster white, and red corall
An oratorie riche for to see,
In worship of Diane of Chastitee.
[These notes replaced some older ones in the editions or 1849 and 1855: see under
1849.]",
supp_p83_a1,Supplement,,p83,1880.,"Ruskin, John.","Fiction Fair and Foul,","III. [Byron]. First printed in Nineteenth Century, Sept. 1880, vol. viii. (Works of John Ruskin, Library edn., 1908, vol. xxxiv, pp. 338, 343.)","[p. 342] With this steadiness of bitter melancholy [in Byron],
there is joined a sense of the material beauty, both of inani¬
mate nature, the lower animals, and human beings, which in
the iridescence, colour depth, and morbid (I use the word
[p. 343] deliberately) mystery and softness of it . . . is found, to
the full, only in five men that I know of in modern times;
namely, Rousseau, Shelley, Byron, Turner, and myself,—
differing totally and throughout the entire group of us,
from the delight in clear-struck beauty of Angelico and the
Trecentisti; and separated, much more singularly, from the
cheerful joys of Chaucer, Shakespeare, and Scott, by its
unaccountable affection for ""Rokkes blak""1 and other
forms of terror and power.
1 [Chaucer, Frankeleyns Tale, l. 131.]",
supp_p83_a2,Supplement,,p83,1880.,"Scott, Edward J. L.",Correspondence [on] The Grandfather of Caxton and the Father of Chaucer,"[in] The Athenæum, Dec. 25, 1880, p. 866.","[Further correspondence on this subject was as follows :—
Furnivall, F. J., Jan. 1 and Feb. 12, 1881, pp. 21, 235.
(Chaucer's grandfather.)
Scott, E. J. L.
Blades,
Jan. 8, 1881, p. 57. (Chaucer and Caxton.)
Rye, Walter, Jan. 29, 1881, pp. 165-6. (Chaucer's
grandfather).]",
supp_p83_a3,Supplement,,p83,1880.,"Skeat, Walter William.","Why ""the Romaunt of the Rose"" is not Chaucer's.","Essay [in] third edition of Chaucer's Prioress' Tale. etc. Clarendon Press, Oxford, 1880.",,
supp_p83_a4,Supplement,,p83-84,1880.,"Swinburne, Algernon Charles.","A Study of Shakespeare,","pp. 9, 143, 215-6, 218-9.","[p. 215] I can imagine no reason but that already suggested [i. e. that
Shakspere came to regard the theme as unfit for dramatic
handling] why Shakespeare should in a double sense have
taken Chaucer for his model or example in leaving half told
[p. 216] a story [Two Noble Kinsmen] which he had borrowed from
the father and master of our narrative poetry. . . . Even
setting apart for once and for a moment the sovereign evidence
of mere style, we must recognise in this last instance [the
portrait scene] a beautiful and significant example of that
loyal and loving fidelity to the minor passing suggestions of
Chaucer's text, which on all possible occasions of such com¬
parison so markedly and vividly distinguishes the work of
Shakespeare's from the work of Fletcher's hand.
[p. 218] . . . Fletcher, whom we recognise at wellnigh his worst
and weakest in Palamon's appeal to his kinsman for a last
word, ""if his heart, his worthy, manly heart . . . be yet
unbroken,"" and in the flaccid and futile answer which fails so
signally to supply the place of the most famous and pathetic
passage in all the masterpiece of Chaucer.
[The subject is referred to again in Swinburne's later
Shakespeare, written 1905, pub. 1909, p. 81. An interesting
Griselda reference occurs in that edition on p. 70, wherein the
submissive and obedient Cordelia is thus spoken of:
""It is almost suggestive of something almost like a reversion
to the mean mediaeval type of Griselda: of an ethical and
spiritual subsidence or descent from Shakespeare's humanity
to Chaucer's."" Other reference, p. 10.]",
supp_p84_a1,Supplement,,p84,1880.,"Swinburne, A. C.","Short Notes on English Poets,","Chaucer, Spenser, the Sonnets of Shakespeare, Milton, [in] The Fortnightly Review, London, 1880, p. 708.",,
supp_p84_a2,Supplement,,p84-85,1880.,Unknown.,Chaucer and his Circle,"[in] The Catholic World, August 1880, vol. xxxi, pp. 695-710.","[p. 686] Chaucer's eternal freshness is a relief after the faded
studio properties of the modern school [Morris, Swinburne
and Rossetti], and a ramble in his fields,
""All full of freshest flowers, white and red,""
the best remedy for the poetical scarlet-fever that has
afflicted us. . . .
[p. 697] An impartial examination of the portions ot his writings
which induced even the amiable Miss Mitford to applaud
him for his Protestant tendencies will show that Chaucer,
like all true Catholics of his time, saw that pride and luxury
sloth and simony, hiding under the desecrated cloak of
religion, were separating the threads of the sacred garment. ...
Like most poets, Chaucer demanded more of the ideal
from the world than he was willing to give himself. His
airy ridicule often played about abuses more for wanton¬
ness than from any desire to mend them. Vice was
picturesque, and, while deploring it, he could not help
enjoying, from an art point of view, its colors and half-tints. ...
[More showing that Chaucer was not Protestant.]
[p. 700] Although Chaucer, as well as Dante, shaped his language
—beat and crushed gold out of the ore—yet the rich cadences
of the Florentine cause the Englishman's lines to seem weak
and rugged. It is a bagpipe to an organ. The English of
Tennyson—refined by five centuries—has gained much, and
[p. 701] the Italian of Dante will never gain more than he gave it;
but, in spite of the roughness of Chaucer's medium, there is
a purity and melody in it which has never been successfully
imitated. It is liquid, translucent. There is a directness
and simplicity about Chaucer to which the higher and more
serious poet never attained. . . .
[Instances from Troilus. On Chaucer's pathos; his
indebtedness to trouvères and Italians; the modernizations
of Pope and Dryden inferior to him, p. 704. Then follow
accounts of Gower, Lydgate, Occleve, Henryson, and James I.]",
supp_p85_a1,Supplement,,p85,1880.,Unknown.,"Note [in] The Antiquary's Note Book,","March 1880, vol. i, p. 130.","GEOFFREY CHAUCER.—Mr. Whitworth St. Cedd hopes to
be able to show that Geoffrey Chaucer fought at Cressy.
He remembers seeing the name on one of the Retinue Rolls
of the period, but omitted to note the reference ...",
supp_p85_a2,Supplement,,p85,1880.,[Various],"Correspondence [in] Academy,","London, on St. Loy in Chaucer, as under:","Furnivall, F. J. Vol. xvii, pp. 385, 404, 422, 458-9.
Vol. xviii, p. 9.
Nicol, Henry. Vol. xvii, pp. 403, 458.
Skeat, Walter W. Vol. xvii, p. 403, 439-40.
Walcott, Mackenzie E. C. Vol. xvii, pp. 404, 476.
Hamilton, A. H. A. Vol. xvii, p. 422.
Fowler, James. Vol. xvii, pp. 475-6.
Dryden, H. Vol. xviii, p. 64.
Smith, L. Toulmin. Vol. xviii, p. 137.",
supp_p86_a1,Supplement,,p86,1881.,"Bloxam, W. M.",On Chaucer's Monument in Westminster Abbey,"[in] Archæological Journal, vol. xxxviii, 361-4.","[Showing that though the tomb was put up by Nicholas
Brigham in 1555, its date is about 1470-80, and it was probably
bought for about 6s. 8d. when the tombs of the Grey Friars
and other Churches were pulled down in 1547-52, and then
set up by Brigham to the memory of Chaucer.]",
supp_p86_a2,Supplement,,p86,1881.,"Dulcken, H. W.","Worthies of the World,","edited by H. W. Dulchen, London, 1881, pp. 241-256 [Geoffrey Chaucer].","[With portrait. A general popular account of Chaucer and
his times, wherein the birth is dated 1328, and the Flower and
Leaf, Chaucer's Dream, Cuckoo and Nightingale, Court of
Love, and Testament of Love, are described as Chaucer's.
The biography accordingly contains much erroneous matter.
Godwin seems to be the principal source of information.]",
supp_p86_a3,Supplement,,p86,1881.,"Fleay, F. G.",Historical Allusions in Sundry English Poets,"1. Chaucer. Read Feb. 1881. (Printed in Transactions of the Royal Hist. Soc. New Series, vol. i, 1884, pp. 119-127.)","[Chaucer's Dream, Romance of the Rose, Assembly of Fowls,
Queen Annelyda and False Arcite, Legend of Good Women.]",
supp_p86_a4,Supplement,,p86,1881-1882.,"Furnivall, F. J.",A Parallel Text Print of Chaucer' Troilus and Criseyde,"from the Campsall MS. . . , the Harleian MS. 2280, and the Cambridge University Library MS. Gg. 4. 27. [Issued in two parts.]",,
supp_p86_a5,Supplement,,p86,1881.,"Furnivall, F. J.","Article [on] Derring-do [in] The Academy,","London, 1881, vol. xix, p. 320.",,
supp_p86_a6,Supplement,,p86,1881.,"Furnivall, F. J.",Correspondence on Chaucer's Grandfather,"[in] Athenæum, Jan. 1 and Feb. 12, pp. 21, 35.",,
supp_p86_a7,Supplement,,p86,1881.,"Furnivall, F. J.","Articles [in] The Academy,","London, Jan. 29, 1881, vol. xix, p. 79; Feb. 5, pp. 97-8.","[p. 79] [Note on Mr. Walter Rye's find that John Chaucer
(Geoffrey's father) was the son of Robert Chaucer.]
[p. 97] Mr. Rye says that Riley's Liber Albus first drew his
attention to the Coram Rege Roll in which the above dis¬
covery was found.",
supp_p87_a1,Supplement,,p87,1881.,"Grant, Charles.",The Fairy Land of Shakespeare,"[in] Gentleman's Magazine, London, April, 1881, vol. ccl, p. 434.","Both in the Decameron and The Canterbury Tales we
find the same delight in the facts of life, the same clear eye
for realistic detail, which distinguished the English drama
of the Elizabethan age. . . . But the interest which was
awakened by the manners and actions of men was afterwards
concentrated on their characters and passions. We find in
Boccaccio, and still more frequently in Chaucer, many traces
of a personal leaning towards the later manner. The descrip¬
tion of the pilgrims, the quarrel between the Reeve and the
Miller, the Wife of Bath's Prologue, and, indeed, most of
the incidents by the way, are conceived in the spirit of the
Elizabethan dramatists.",
supp_p87_a2,Supplement,,p87,1881.,"Haweis, Mrs. H. R.",Chaucer for Schools.,"London, 1881.","[Contents:—Forewords. Glimpses in Chaucer. Accent of
Chaucer. Table of Historical Events. Principal Authorities
Consulted. Chaucer the Tale-teller:—Chaucer's Time, Work,
Home, London, Appearance, Court Life, Position, Prosperity,
Adversity, Politics, Life-work, Speech. Canterbury Tales:—
Chaucer's Pilgrims, Chaucer's Prologue, The Knight's Tale,
The Clerk's Tale, The Monk's Tale, The Nun's Priest's
Tale, The Man of Law's Tale, The Pardoner's Tale. Minor
Poems:—Good Counsel of Chaucer, A Balade of Gentilnesse,
Two Rondeaux, Proverbs of Chaucer, Virelai, Complaint of
Chaucer to his Purse. Fragments:—The Daisy, A Vision of
a Garden, The Sea-Fight, Antony and Cleopatra.]",
supp_p87_a3,Supplement,,p87-88,1881.,"Kelly, E. R. (editor)","Kelly's Directory of Nottinghamshire, Leicestershire and Rutland and Derbyshire,","fifth edition, London, 1881. Under Leicestershire, p. 504, col. i.","Castle Donington.
[p. 503,
There was anciently a castle on the north-east side of the
col. 2]
town, of which some remains still exist . . . it was built
[p. 504] by Henry Laci, Earl of Lincoln (who died in 1310): Clark,
in his ""Riches of Chaucer,"" says it was once the residence
of that poet, being presented to him for his life by his brother-
in-law ""John of Gaunt."" . . . The deer park embraces
400 acres of romantic scenery; the oak trees are a great
attraction, one ""Chaucer's Oak"" being 44 ft. girth, at a
height of 12 ft. from the ground.
[These remarks about Chaucer first occur in this edition,
not in any earlier one (1848 ff.). They are identical in the
sixth edition of 1888. In the seventh edition, 1891, the
remark from Cowden Clark is omitted, and that about
'Chaucer's Oak' only retained, which latter remark is to be
found also in the current edition of 1912, p. 55, col. 2.]",
supp_p88_a1,Supplement,,p88,1881.,"Horwood, Alfred J.","Report [in] Eighth Report of the Royal Commission on Historical Manuscripts,","Appendix, Part I, London, 1881, pp. 226, 233-4, 624, 628, 630.","The Manuscripts of the College of Physicians, Pall Mall
East, London. . . . .
[pp.
D. 9. Square folio, 15th century. Chaucer's Canterbury
233-34]
Tales. After the Introduction the Knight's Tales is headed
Jamque domos patria Scithiæ post aspera gentis prælia
lamigero.""
Plowman's Tale not included, Prioresses Tale imperfect,
Persones Tale incomplete.]
The Manuscripts belonging to the Ewelme Almshouse,
in the County of Oxford. ...
[p. 624] References to Thomas Chaucer, by marriage, lord of the
manor of Ewelme and his daughter, Alice, Duchess of
Suffolk.]
[p. 628] [A. 46. A paper endorsed ""Yᵉ demande of Sir John
Boteler, knt., for a stone wall in Berwyk."" Concerning the
stones of a wall sold to Thomas Chaucer and used to repair
Ewelme church.
[p. 630] [E. 10. Sketch of inscription for the Chaucer tomb. (Not
given.)]",
supp_p88_a2,Supplement,,p88,1881.,"Horwood, Alfred J.","Report [in] Ninth Report of the Royal Commission on Historical Manuscripts,","Appendix, Part II. London, 1884, p. 363.","The Manuscripts of the Right Honourable the Earl of
Leicester, Holkham Hall, Norfolk. ...
667. Square folio, vellum, fifteenth century,—Chaucer's
Canterbury Tales. [Description of MS. and contents.]
[As Mr. A. J. Horwood died in 1881, this date is given to
his report, rather than 1884, the date of publication.]",
supp_p88_a3,Supplement,,p88,1881.,"Knowles, R. B.","Report [in] Eighth Report of the Royal Com mission on Historical Manuscripts,","Appendix, Part III, London, 1881, p. 106.","[The manuscripts of the Earl of Ashburnham. . . . Nos.
124, 125, 126, 127, MSS of the Canterbury Tales. No. 128.
was John Urry's collections for his edition of Chaucer.]",
supp_p89_a1,Supplement,,p89,1881.,"Poole, Henry.",Westminster Abbey: A Study on Poets' Corner,"[in] The Antiquary, October 1881, vol. iv, pp. 137-9.","Having alluded to the probability that the table-tomb of
Chaucer was once against the screen of St. Benedict's Chapel,
it may not be inopportune here to follow out the probable
story of it.
The tomb proper is evidently due to the period of the death
of Chaucer. Its quatre-foils bear his shield of arms, and
around at least three of the sides with the verge moulding,
which probably bore a painted inscription. In 1556, there
was perhaps some necessity for totally removing the tomb, of
which advantage was taken by Chaucer's admirer, Nicholas
Brigham, to place it where it now is, and add to it a handsome,
though debased, canopy of Purbeck marble, and also a similar
marble slab, with a new inscription in Latin, that of the
marble table having become decayed and illegible. This slab
has undergone great decay and disintegration, so much so as
to almost totally obscure the inscription, as reported by Neale
in 1823. Fifty years' more disintegration followed with still
further obscuration, when the writer closely scrutinized and
cleansed the slab, discovering traces of all the letters but four,
Without any attempt to strengthen the engraving, the lettering
was developed by painting all the remaining traces with gold-
coloured paint, and with the same pigment reproducing the
four absent letters; and now the inscription of 1558 is quite
distinct and perfectly durable.
The table of the tomb has lately been fully cleansed of dirt
and adhesions, beneath which the moulding, as well as much
much of the surface, was found still to retain its original
polish, which the adhesion had preserved. Now the table
displays a fine specimen of the best Purbeck marble, which
need never become dull again.",
supp_p8_a1,Supplement,,p8,1870.,"Clarke, Frederick.",The Canterbury Tales of Geoffrey Chaucer:,"Done into Modern English, 1870.","[Preceded by a short account of the life of Chaucer, a
modern rendering of ""The Canterbury Tales,"" is given side by
side with the original.]",
supp_p8_a2,Supplement,,p8,1870.,"Furnivall, F. J.","Early English Text Society. Sixth Report of the Committee,","January, 1870, pp. 10, 13, 36.",[Brief mentions.],
supp_p8_a3,Supplement,,p8,1870.,"Horwood, Alfred J.","Report [in] First Report of the Royal Commission on Historical Manuscripts,","Appendix, London, 1870, p. 61.","Helmingham Hall: the Seat, in Suffolk, of John Tolle¬
mache, Esq., M.P. . . .
PS.—A MS. of some of Chaucer's poems has been lent to
Mr. Bradshaw, Librarian of University Library, Cambridge.",
supp_p8_a4,Supplement,,p8-12,1870.,"Lowell, James Russell.","Essay on Chaucer in My Study Windows,","1871, reprinted from North American, 1870. (Riverside edition of Works, London, 1890, vol. iii, pp. 293, 299, 300.","[p. 293] . . . It is good to retreat now and then beyond earshot of
the introspective confidences of modern literature, and to lose
ourselves in the gracious worldliness of Chaucer. Here was
a healthy and hearty man, so genuine that he need not ask
whether he were genuine or no, so sincere as to quite forget
his own sincerity, so truly pious that he could be happy in
the best world that God chose to make, so humane that he
loved even the foibles of his kind. Here was a truly epic
poet, without knowing it, who did not waste time in consider¬
ing whether his age were good or bad, but quietly taking it for
granted as the best that ever was or ever could be for him,
has left us such a picture of contemporary life as no man ever
painted. 'A perpetual fountain of good sense,' Dryden calls
him, yes, and of good humor, too, and wholesome thought.
. . . . . . . . . .
It is not the finding of a thing, but the making something
out of it after it is found, that is of consequence. Accord¬
ingly, Chaucer, like Shakespeare, invented almost nothing.
. . . . . . . . . .
[p. 322] Chaucer . . . drew from the South a certain airiness of
sentiment and expression, a felicity of phrase, and an elegance
of turn hitherto unprecedented and hardly yet matched in
our literature, but all the while kept firm hold of his native
soundness of understanding, and that genial humour which
seems to be the proper element of worldly wisdom. With
Dante, life represented the passage of the soul from a state
of nature to a state of grace; . . . With Chaucer, life is a
pilgrimage, but only that his eye may be delighted with the
varieties of costume and character. There are good morals
to be found in Chaucer, but they are always incidental.
With Dante the main question is the saving of the soul, with
Chaucer it is the conduct of life.
. . . . . . . . . .
[p. 324-5] Chaucer is the first who broke away from the dreary
traditional style, and gave not merely stories, but lively
pictures of real life as the ever-renewed substance of poetry.
He was a reformer, too, not only in literature, but in morals.
But as in the former his exquisite tact saved him from all
eccentricity, so in the latter the pervading sweetness of his
nature could never be betrayed into harshness and invective.
... There is no touch of cynicism in all he wrote.
Dante's brush seems sometimes to have been smeared with
the burning pitch of his own fiery lake. Chaucer's pencil is
dipped in the cheerful colour-box of the old illuminators, and
he has their patient delicacy of touch, with a freedom far
beyond their somewhat mechanic brilliancy.
. . . . . . . . . .
[p. 331] It is not in detached passages that his charm lies, but in
the entirety of expression and the cumulative effect of many
[p. 332] particulars working towards a common end. . . . For we
should always bear in mind that the really great writer
is great in the mass, and is to be tested less by his cleverness
in the elaboration of parts than by that reach of mind which
is incapable of random effort, which selects, arranges, com¬
bines, rejects, denies itself the cheap triumph of immediate
effects, because it is absorbed by the controlling charm of
proportion and unity.
[p. 336] One of the world's three or four great storytellers, he was
. . . . . . . . . .
also one of the best versifiers that ever made English trip and
sing with a gaiety that seems careless, but where every foot
beats time to the tune of the thought. By the skilful arrange¬
ment of his pauses he evaded the monotony of the couplet,
and gave to the rhymed pentameter, which he made our
heroic measure, something of the architectural repose of
blank verse. He found our language lumpish, stiff, unwilling,
too apt to speak Saxonly in grouty monosyllables; he left it
enriched with the longer measure of the Italian and Provençal
poets.
[p. 337] [He first made our language easy] and to that extent
. . . . . . . . . .
modern, so that Spenser, two hundred years later, studied
his method and called him master. He first wrote English;
and it was a feeling of this, I suspect, that made it fashionable
in Elizabeth's day to 'talk pure Chaucer.'
[p. 353] [Chaucer is a great narrative poet.] The power of diffusion
. . . . . . . . . .
without being diffuse would seem to be the highest merit of
narration, giving it that easy flow which is so delightful.
Chaucer's descriptive style is remarkable for its lowness of
tone—for that combination of energy with simplicity which
is among the rarest gifts in literature. Perhaps all is said in
saying that he has style at all, for that consists mainly in the
absence of undue emphasis and exaggeration, in the clear
uniform pitch which penetrates our interest and retains it,
where mere loudness would only disturb and irritate.
Not that Chaucer cannot be intense, too, on occasion; but
it is with a quiet intensity of his own, that comes in as it
were by accident. . . .
Pandarus, looking as Troïlus,
'Took up a light and found his countenance
As for to look upon an old romance.'
With Chaucer it is always the thing itself and not the
description of it that is the main object. His picturesque bits
are incidental to the story, glimpsed in passing; they never
stop the way. His key is so low that his high lights are never
obtrusive.
[p. 356] Chaucer never shows any signs of effort, and it is a main
. . . . . . . . . 
proof of his excellence that he can be so inadequately sampled
by detached passages—by single lines taken away from the
connection in which they contribute to the general effect
He has that continuity of thought, that evenly prolonged
power, and that delightful equanimity, which characterise
the higher orders of mind. There is something in him of the
disinterestedness that made the Greeks masters in art. His
[p. 357] phrase is never importunate. His simplicity is that of
elegance, not of poverty. The quiet unconcern with which he
says his best things is peculiar to him among English poets,
though Goldsmith, Addison, and Thackeray have approached
it in prose.
. . . . . . . . . .
When Chaucer describes anything, it is commonly by one
of those simple and obvious epithets or qualities that are so
easy to miss. Is it a woman? He tells us she is fresh, that
she has glad eyes. . . . Sometimes he describes amply by the
merest hint, as where the Friar, before setting himself softly
down, drives away the cat. We know without need of more
words that he has chosen the snuggest corner.
. . . . . . . . . .
[p. 360] Chaucer seems to me to have been one of the most purely
[p. 361] original of poets, as much so in respect of the world that is
about us as Dante in respect of that which is within us.
There had been nothing like him before, there has been
nothing since. He is original, not in the sense that he thinks
and says what nobody ever thought and said before, and what
nobody can ever think and say again, but because he is always
natural; because, if not always absolutely new, he is always
delightfully fresh, because he sets before us the world as it
honestly appeared to Geoffrey Chaucer, and not a world as it
seemed proper to certain people that it ought to appear.
. . . . . . . . . .
[p. 365] In spite of some external stains, which those who have
studied the influence of manners will easily account for
without imputing them to any moral depravity, we feel that
we can join the pure-minded Spenser in calling him 'most
sacred, happy spirit.' If character may be divined from
works, he was a good man, genial, sincere, hearty, temperate
of mind, more wise, perhaps, for this world than the next, but
thoroughly humane, and friendly with God and men. I know
not how to sum up what we feel about him better than by
saying (what would have pleased most one who was indifferent
to fame) that we love him more even than we admire.
1870. Purves, D. Laing. The Canterbury Tales and Fairie Queene:
with Other Poems of Chaucer and Spenser. Edited for Popular
Perusal (Edinburgh, 1870).
[Preceded by a Preface, mentioning that the object of the
volume is to place before the general reader the Canterbury
Tales and Fairie Queene in a way that will render their
""popular perusal"" easy. Followed by a Life of Chaucer and
some remarks on his poems.]",
supp_p90_a1,Supplement,,p90,1881.,"Rye, Walter.",A Tabular Statement of what has hitherto been found out as to the Family of Chaucer of London.,"Selhurst. 2. 7. 1881 [i.e. July 2, 1881].",,
supp_p90_a2,Supplement,,p90,1881.,"Saintsbury, George.","Dryden [English Men of Letters],","pp. 134, 153-64, 179.","[p 134] His [Dryden's] largest and most ambitious poem follows
[pp. 153-
with a surprising faithfulness the lines of Chaucer.
64]
tales with that of Chaucer. Continual Chaucer references.]
The Fables. A comparison of Dryden's handling of the
[p.154] To us Chaucer is no longer an ingenious and intelligent
but intelligible barbarian. We read the Canterbury Tales
with as much relish, and with nearly as little difficulty, as
we read Spenser, or Milton, or Pope, or Byron, or our own
[p. 160] [The Flower and the Leaf considered as Chaucer's, with this
living poets.
note 'I do not here concern myself with the hypothesis of
the spuriousness of this poem.']",
supp_p90_a3,Supplement,,p90,1881.,"Scott, Edward J. L.","Chaucer and Caxton,","[in] The Athenæum, Jan. 8, 1881, p. 57/I.",,
supp_p90_a4,Supplement,,p90,1881.,"Sheppard, J. Brigstocke.","Report [in] Eighth Report of the Royal Commission on Historical Manuscripts,","Appendix, Part I, London, 1881, p. 323.","[Second Report on Historical MSS. belonging to the Dean
and Chapter of Canterbury. ...""Willelmus le Chaucer,
dictus le Taverner"" one of a committee of parishioners in a
dispute concerning Bow Churchyard, London, 1326.]",
supp_p90_a5,Supplement,,p90,1881.,"Willoughby, E. F.",The Prologue to the Canterbury Tales ...,with a life of the author [&c.]. By E. F. Willoughby. Blackie's School Classics.,,
supp_p90_a6,Supplement,,p90,1882.,"Furnivall, F. J.","Article, [on] Chaucer 'not' at Woodstock,","[in] The Academy, London, April 15, 1882, vol. xxi, p. 269.","[With reference-to the ""grenë"" stone wall in the Parlement
of Foules, showing that the Woodstock walls are of light brown
oolite. See Mitchell, 1882, below.]",
supp_p90_a7,Supplement,,p90,1882.,"Hales, John W.","Article [on] Chaucer's Dry Sea, Book of the Duchess,","[in] The Academy, London, Jan. 28, 1882, vol. xxi, p. 65; [on] Chaucer's ""Virgin"" at Boulogne, ibid., April 22, p. 286.","[The last reference concerns the wooden statue of the Virgin
at Boulogne, of which the right hand was preserved in the
church of Our Lady in the Haute Ville.]",
supp_p91_a1,Supplement,,p91,1882.,"Hales, John W.","Article [on] Chaucer at Woodstock,","[in] The Gentleman's Magazine, April 1882, vol. cclii, p. 483.",,
supp_p91_a2,Supplement,,p91,1882.,"Haweis, Mrs.","Chaucer and the Eastern Counties,","[in] Academy, London, July 8, 1882, vol. xxii, pp. 29-30.","[The evidence of the Chaucer arms in this connexion. This
article was commented upon by Round, in Academy, vol. xxii,
p. 50. See Round, below.]",
supp_p91_a3,Supplement,,p91,1882.,"Hubbard, William.","The Introspection and Outlook of Spenser,","[in] Grosart's Complete Works of Edmund Spenser, 10 vols, 1882-4, [Privately printed], vol. i, pp. 378, 379, 390, 394, 397-8.","[p. 397] Chaucer is more of this world. He took men much as he
[p. 398] found them, without any very painful desire to refine or
improve them. Moreover, he liked their fellowship. So it
happened that the world did not much disappoint Chaucer,
nor did he find it, on the whole, a bad world to live in; his
complaints were therefore few. The pilgrimage was full
of entertainment, and the fare along the road more than
passable. Not so Spenser. ...",
supp_p91_a4,Supplement,,p91,1882.,"Mitchell, James,","Letter to Dr. Furnivall,",April 3rd.,"SIR,
In answer to your query of yesterday morning :—The
walls of Blenheim Park are built of stone dug on the estate,—
a kind of light brown oolite, certainly not green stone. They
have in places grown green with age & moss. Chaucer uses a
poet's licence in describing them as green. The Palace itself
is built of Taynton stone (oolite). Do not know of any green
stone to be found in this neighbourhood.
[The reference here is to the Parlement of Foules, l. 123:
This forseid African me hente anoon,
And forth with him unto a gate broghte
Right of a parke, walled with grene stoon.
Hales, in Gentleman's Magazine, showed there was a park at
Woodstock surrounded by a stone wall, and it has been held
that Chaucer was thinking of this in the passage above.
Köppel, however, in Anglia, xiv. 234, has shown that here the
poet partly follows Boccaccio's Amorosa Visione, where there
is mention of un muro antico. (See Skeat's note to the P. of
Foules, Library edn., p. 510.) It was from this letter by J.
Mitchell that Dr. Furnivall quoted in his article, Academy,
1882, vol. xxi. p. 269. See Furnivall above.]",
supp_p92_a1,Supplement,,p92,1882.,"Morris, William.","The Lesser Arts of Life,","a lecture delivered in support of the society for the protection of Lectures on Art . . ., by Reginald Stuart Poole [and others], London, ancient buildings, 1882, (Paper II on Architecture, Industry and Wealth, collected papers, London, 1902, p. 61.]","as a boy made a great impression of romance on Morris],
[The sight of a room hung with faded green tapestry seen
a feeling that always comes back on me when I read, as I
often do, Sir Walter Scott's Antiquary, and come to the
description of the green room at Monkbarns, amongst which
the novelist has with such exquisite cunning of art imbedded
the fresh and glittering verses of the summer poet Chaucer;
yes, that was more than upholstery, believe me.",
supp_p92_a2,Supplement,,p92,1882.,"Ramsay, J. H.","Chaucer and Wycliffe's Bible,","[in] The Academy, London, Dec. 16, 1882, vol. xxii, p. 435.","[The results of a collation of the scriptural references in the
Canterbury Tales with the Vulgate and the Wycliffite Bible,
with the conclusion that in some cases Chaucer used the
English Bible].",
supp_p92_a3,Supplement,,p92,1882.,"Round, J. H.","Article [on] Chaucer and the Eastern Counties,","[in] The Academy, London, July 15, 1882, vol. xxii, p. 50.",[On the evidence of the Chaucer arms in this connexion.],
supp_p92_a4,Supplement,,p92,1882.,Unknown.,"Article, The Song of Chaucer's Clerk of Oxenford, ""Angelus ad Virginem,""","[in] The Month, London, January, 1882, vol. xliv, p. 100.","[Records the discovery of the lost 'Angelus ad Virginem' in
Latin and English versions in Arundel MS. 248, by the Rev.
H. Combs. With a discussion of date, history of the MS.,
and text of both versions.]",
supp_p93_a1,Supplement,,p93,1882.,"Welsh, Alfred H.","Development of the English Literature and Language,","2 vols. Chicago, 1882, vol. i, pp. 166, 168, 172, 174, 175, 185, 187, 192, 204-232 [Chaucer], 243, 245, 260, 301, 369; vol. ii, p. 61.","[Vol. i, [Chaucer's birth is dated 1328, p. 201; and his biography
pp. 204
-232] is partly based on the Testament of Love. A general account
of the works follows with many quotations, the whole being
divided into three periods, French, Italian and English, and
the influence of both troubadours and trouvères being men¬
tioned. His character is deduced from his own writings and
his biography. Of his influence, it is said: ""He rescued the
native tongue from Babylonish confusion, and established a
literary diction."" . . . p. 232.]",
supp_p93_a2,Supplement,,p93-94,1883.,"Coote, Henry Charles, F.S.A.","Chaucer's Ten-Syllable Verse,","[in] The Antiquary, London, July, vol. viii, p. 5.","[p.5] Chaucer's Troilus was not only the first heroic poem and the
first real display of poetic genius in the language of mediæval
England, but was the starting-point and departure from which
English metre took its best and still prevailing form. . . .
[p. 7] At the very threshold of his task [that of rendering the
Filostrato into English] he had a problem to solve. ...
There was no English verse at all fit for the transfer of the
Italian. He must accordingly invent a new one. . . .
He knew of two metres only, always excepting those used for
ballads and such like, which were of course out of the question
here. Of these two metres, one was too short as the other was
too long for his taste. I mean, of course, the eight-syllabled
distichs of himself and Gower, and the popular twelve-syllable
verse such as is exhibited in the rough tale of Gamelin. ...
He therefore elected to invent for the nonce an entirely new
metre of his own, and to apply it to his new task. There was
a mean between eight and twelve, viz, ten. He accordingly
invented a verse of ten syllables with varying and appropriate
cæsuræ; and utilized his new invention by translating the
Filostrato into it; and posterity ratified his choice by adopting
it as the only verse to be employed upon them as either great
or graceful. . . .
The consequences of this invention of the ten syllable metre
it is impossible to exaggerate or over-estimate. The obvious
outcome of it is simply this and no other: without it we
should have had no Shakespeare, Milton, Dryden, or Pope, in
the sense in which we now have these great masters. To
convince us of this, we have only to imagine Othello and
Hamlet, not as we now have them through the remote leader¬
ship of Chaucer in a verse framed upon his model, but told
either in the lilting measure of Calderon, or the drawling
Alexandrines of France. . . . Of course Milton must have
been better than Cædmon, and Pope would have done his best
to surpass Butler even in his own light measure, but that is all.
From all this Chaucer saved English literature and the
English race.",
supp_p94_a1,Supplement,,p94,1883.,"Koch, John.",A Critical Edition of some of Chaucer's 'Minor Poems.',"Berlin, 1883.","[An Introduction treating of the orthography, etc., of the
early MSS of Chaucer's Works is followed by a collated text
of I. An ABC. II. Chaucers Wordes vn-to Adam, his owen
Scriveyn. III. The Former Age. IV. Fortune. V. Truth.
VI. Gentilesse. VII. Lack of Stedfastnesse. VIII. Lenvoy
de Chaucer a Bukton. IX. Lenvoy de Chaucer a Scogan.
X. La Compleinte de Chaucer a sa Bourse Voide, with notes
on each.]",
supp_p94_a2,Supplement,,p94,1883.,"Harvey, W. W. (Rev.) [&c.]","Report [in] Ninth Report on the Royal Commissino on Historical Manuscripts,","Appendix, Part I, London, 1883, pp. 216, 219.","[p. 216] [The Statutes of Ewelme Alms House, Co. Oxford. ...
Note on rules for prayers and services ""at the tomb of
Thomas Chaucer and Maud his wife (whose daughter, Alice,
the granddaughter of the poet Geoffrey Chaucer, was the
duke’s wife.""]
[p. 219] [Paragraph XXIII. Text of the rules for the prayers
mentioned above.]
[The Ninth Report informs us, p. v, that ""the late Rev.
W. W. Harvey, Rector of Ewelme, kindly revised the publi¬
cation of the curious statutes of Ewelme Hospital."" Who
else assisted in their publication does not appear.]",
supp_p95_a1,Supplement,,p95,1883.,"Ruskin, John.","Fors Clavigera,","vol. viii, Letter 91 (September 1883). Works of Ruskin, Library edn., ed. E. T. Cook and A. Wedderburn, London, 1907, vol. xxix, p. 441.","And in places far too many to indicate, both of Fors and
my Oxford lectures, I have spoken again and again of this
radiant expression of cheerfulness as a primal element of
Beauty, quoting Chaucer largely on the matter. ...",
supp_p95_a2,Supplement,,p95,1883.,"Rye, Walter.",Was Chaucer a Norfolk Man?,"[in] The Norfolk Antiquarian Miscellany, edited by Walter Rye, vol. ii, pp. 550-552.",,
supp_p95_a3,Supplement,,p95,1883.,"Seymour, Mary.","Chaucer's Stories Simply Told,","by Mary Seymour, London, 1884, [issued 1883].","[Brief Introduction, and prose re-telling of certain of the
Talesin simple language.]",
supp_p95_a4,Supplement,,p95,1883.,"Sheppard, J. Brigstocke.","Report [in] Ninth Report of the Royal Commission on Historical Manuscripts,","Appendix, Part I, London, 1883, p. 113.","Third Report on Historical Manuscripts belonging to the
Dean and Chapter of Canterbury. . . .
1429. Littera fraternitatis concessa venerabili viro thome
Chawcers et uxori sue. This Chaucer was a vintner, living
in the Parish of St. Mary le Bow, London.",
supp_p95_a5,Supplement,,p95,1883.,Unknown.,The Clerke's Tale.,"With life, grammar [&c.]. W. and R. Chambers, Edinburgh.",,
supp_p95_a6,Supplement,,p95,1883.,"Ward, H. L. D.","Catalogue of the Romances in the Department of MSS. in the British Museum,","London, 1883, vol. i, pp. 38, 70-5, 87, 88-91, 508-515, 526, 874.","[The Chaucer MSS. indicated are Harley, 2280, 3943, 2392,
1239, 4912, and Addit. 12,044, all of Troilus, pp. 70-75.
Harl. 7334, 1758, Lansdowne 851, Royal 186 ii, Royal 17 D
lxv, Sloane 1685, 1686, 2593, all of Gamelyn, pp. 508-516.]",
supp_p96_a1,Supplement,,p96,1884.,"Ainger, Alfred.",The Women of Chaucer,"[in] The English Illustrated Magazine, London, vol. i, p. 733.","We have no hesitation in placing him [Chaucer] very
high in the list of those who have exalted our ideal of the
womanly character. Womanliness is, indeed, the character¬
istic feature of Chaucer's women. He uses the adjective
""womanly"" very often.
It evidently conveyed a definite idea to him, and more¬
over something distinct from any other single quality of the
sex. The typical virtues of woman, in Chaucer's view, are
mainly those of the saintly order. Purity, constancy, meek¬
ness under suffering, religious resignation, these form the
staple . . .
[p. 744] Like other great humorists, Chaucer has two distinct
methods of presenting the feminine character, and obtains
many of his happiest effects by the expressed or implied
contrast between woman as she is and woman as she ought
to be . . . But for a purely humorous treatment of the female
subject there is nothing in Chaucer more admirable than the
fable of the Cock and the Fox—the Nun Priest's Tale. The
cock Chanticleer, and his wife Pertelote, are a kind of ornitho¬
logical Mr. and Mrs. Caudle—with a difference.",
supp_p96_a2,Supplement,,p96,1884.,"Coote, Henry C.",Article [on] Chaucer's Lollius,"[in] The Athe næum, 1884, p. 176.",,
supp_p96_a3,Supplement,,p96,1884.,"Francis, H. T.","The Vedabbha Jātaka translated and compared with the 'Pardoner's Tale',",Cambridge.,"[A translation from the Pali of the Buddhist Birth Story
analogous to the Pardoner's Tale, with a short Introduction
and some Notes.]",
supp_p96_a4,Supplement,,p96-97,1884-5.,"Hart, James Morgan.","The College Course in English Literature, how it may be improved","[in] Trans. Modern Language Assn. of America, Baltimore, 1886, vol. i, pp. 86, 91.","[p. 86] I do not see what literary culture our undergraduates can
possibly derive from any English writings anterior to Chau¬
cer's. And even Chaucer, whom I sincerely and heartily
relish, is—shall I say—double-faced? He is a colossal sphinx.
We look at him from one side, and his smile is sunny and
inviting, and we hail him as one of ourselves, as indeed our
literary father. But when, by dint of patient exploration,
we have struggled around to the other side, we discover that
our so-called father is the veriest enfant perdu of all the
grossness, folly, superstition, and prattle that go by the
name of the Middle Ages.",
supp_p97_a1,Supplement,,p97,1884.,"Haweis, Mrs. [M. E.]","Chaucer's Beads, A Birthday Book, Diary and Concordance of Chaucer's Poems or Sooth Saws. London.",,"[Contains Forewords, pp. v-xi; Proverbs in Troilus and
Cressida, Legend of Good Women, Cuckoo and the Nightin¬
gale, The House of Fame, The Parliament of Birds, The Book
of the Duchess, Envoy à Scogan, The Ballad of Gentilesse,
The Canterbury Tales, Anelida and False Arcite, Ballad of
Good Counsel, The Complaint of Mars and Venus, Proverbs of
Chaucer, Envoy de Chaucer à Bukton; Proverbs in Romance
of the Rose (doubtful), Appendix and Index. Tyrwhitt's
version is used because it ""is the easiest in spelling, and best
suited for what is merely a small popular book."" Each day
a Chaucer proverb, with literal meaning and equivalent is
given.]",
supp_p97_a2,Supplement,,p97-98,a. 1884.,"Hazlitt, W. Carew.","Offspring of Thought in Solitude, Modern Essays,","London, 1884, pp. 81, 92-93, 94, 168, 237, 272, 334.","[p. 92] So far as it is possible to form an opinion, Chaucer achieved,
while living, a more than average share of social consideration
and eminence. He married well, was a man of business and
of the world, and had a keen enjoyment of existence. But
let us not put ourselves in the situation of his contemporaries,
and suppose that he was held by them in anything drawing
near to the esteem in which we hold him, as the father of our
poetry.
[p. 93] The time is not so far distant when we were unable to
distinguish the difference between Congreve and Shakespeare,
or, if we did, awarded the palm to the more modern and
legible poet. It was after Congreve's day that people set to
thinking what authors lived before Pope, and whether the
Canterbury Tales were worth perusing in any English but
Dryden's. It is not so much to boast of that Chaucer's fame
stands at last built on indestructible foundations, and that we
have learned to dispense with the service of his candle¬
holder! ...",
supp_p98_a1,Supplement,,p98-99,1884.,"Pitt-Taylor, Frank.","The Canterbury Tales,","being selections from the Tales of Geoffrey Chaucer rendered into Modern English with close adherence to the Language of the Poet, London, 1884.","[Brief Preface, followed by modernizations of the Prologue
and Tales by the Knight, Man of Law, Prioress, Monk,
Nun's Priest, Doctor, Pardoner, Wife of Bath, Clerk, Second
Nun, Canon's Yeoman and Manciple, with occasional omission
of various passages. The Prologue begins:]
When April with its sweet refreshing rain,
After the drought of March, hath reached again
The roots, and bathed each vein with gentle shower,
Of which virtue engendered is the flower;
When, too, the Zephyr, with her sweetest breath,
Inspiréd hath in every grove and heath
The tender crops, and when the youthful sun. . . . (etc.)",
supp_p99_a1,Supplement,,p99,1884.,"Ruskin, John.",A Lecture on Patience,"delivered at Oxford, November 22, 1884, and reported by E. T. Cook in the Pall Mall Gazette of November 21, 1884. (Reprinted in Cook's Studies in Ruskin, 1890.) Works of Ruskin, Library edn., ed. E. T. Cook and A. Wedderburn, 1908, vol. xxxiii, p. 525.","[The report reads:]
The first passage read on Saturday was the analysis of
Chaucer's ""Patience"":—
""Dame Patiencë sitting there I fonde,
With facë pale, upon an hill of sonde. . . .""",
supp_p99_a2,Supplement,,p99,1884.,"Ruskin, John.","Fors Clavigera,","Letter 95, October 1884. Works of Ruskin, ed. E. T. Cook and A. Wedderburn, 1907, vol. xxix, p. 502.","In poetry, Chaucer, Spenser, and Scott, for the upper
classes [at school], lighter ballad or fable for the lower,
contains always some thread of pretty adventure.",
supp_p99_a3,Supplement,,p99,1884.,"Sanborn, Kate.",One view of the Chaucerian Mania,"[in] The Manhattan, March-June, p. 367.","[p. 369] It would be idiotic to underrate Chaucer. He will ever be
invaluable to the historian, antiquarian and philologist. My
plea is for the young students who need to know so much
besides.
[A long and violent attack on the study of Chaucer by the
general reader.]
... What the young folk want of Chaucer is his descrip¬
tions of English life and character, his humour, pathos, and
satire, and they can be given them in a dozen pages.",
supp_p99_a4,Supplement,,p99-100,1884.,"Skeat, W. W.","The Kingis Quair,","ed. by W. W. Skeat; Scottish Text Soc., Edinburgh, 1884, pp. xvi, xxiii-rxxiii, xxxvii, xlvi, li, liv; notes, pp. 57-96.","[Mostly on the influence of Chaucar on the writer of the
'Kingis Quhair, Skeats says :]
[p. xxiv] I find clear allusions to, or phrases copief from, the
following poems by Chaucer: Troilus and Cressida, the metre
of which is imitated, which furnishes more than a dozen
instances; The Knightes Tale with at least as many; The
Clerkes Tale, with two instances; other of the Çanterbury
Tales; The Book of the Duchess; Annelida and Arctic, the
Assembly of Foules; the Complaint of Mars; Envoy a
[p. xxv] Skogan; the Legend of Good Women; and probably (a
Mr. Ward says) the House of Fame. [Examples follow, with
an examination of the grammatical influence of Chaucer.",
supp_p66_a2,Supplement,,p66,1878.,N/A,"Return of Members in the House of Commons,","in Accounts and Papers, vol. Ixii, Part I [Parliaments of England, 1213-1702], pp. 229-231.","[Kent County—Galfridus Chauceres. Parliament of England,
1386.]",
supp_p95_a7,Supplement,,p95-96,1884.,"à Beckett, Gilbert, and Stanford, C. Villiers.","The Canterbury Pilgrims,","Opera in 3 Acts, written by G. Gilbert à Beckett, composed by C. Villiers Stanford.","[The scene of the 1st Act is the exterior of the Tabard
Inn, Southwark, at close of the 14th century. The characters
include Sir Christopher Synge, a knight of the shire, Geoffry
Blount, the Host of the Tabard, his wife and daughter and
apprentice, two other apprentices and Hal o' the Chepe.
In Act i, sc. 3, the Pilgrims enter in twos and threes slowly
assembling, the Merchant, Clerk, Doctor of Physick, etc.,
all with appropriate music.
This opera, written for the Carl Rosa Company, was first
performed at Drury Lane, on Wednesday, April 23rd, 1884.]",
