ID,Volume,Part,Page,Date,Author,Title,Imprint,Quotation,Headnote
part1_p100_a1,Vol.1,Part I,p100,1567.,"Drant, Tho[mas].","[Address] To the Reader, [prefixed to] Horace his Arte of Poetrie, pistles and Satyrs Englished.... by Tho. Drant,",sign. *v b and *vi.,".... For good thyngs are hard, and euyl things are easye.
But if the settyng out of the wanton tricks of a payre of louers,
(as for example let them be cawled Sir Chaunticleare and
Dame Partilote) to tell you how their firste combination of
loue began.... is easye to be vnderstanded and easye to be
indyted... If onely these be poesis, or be poesis, [sic] or
haue any comparison to a learned making of poesy:
Principio me illorum dederis quibus esse poetas
Excerpam numero:
I take them to be ripe toungued tryfles; venemouse Allectyues,
and sweete vanityes.",
part1_p100_a2,Vol.1,Part I,p100,1567.,H. M.,Prefatory verse,"[to] Certaine Tragicall Discourses... by Geffraie Fenton.. 1567, sign. *viii. (Ed. R. L. Douglas, Tudor Trans. Series, 1898, p. 13.)","Floruit antiquo Galfridus tempore Chaucer
Scripsit & eximio permagna volumina versu
Et multi viguere viri, quos vnica virtus,
Nefandos facile effecit tolerare labores.
Vixerunt: & sola manet, nunc fama Sepultis
At tua nunc primum, (Galfride) virescere virtus
Incipit, & teneras cum spe producere plautas.",
part1_p100_a3,Vol.1,Part I,p100,[1567-1879?],"Harvey, Gabriel.",Marginal notes in Quintilian.,"See below, App. A.",,
part1_p100_a4,Vol.1,Part I,p100,1567.,"Stowe, John.","Epistle Dedicatory [to the Lord Mayor and Aldermen] [prefixed to] The Summarie of Englishe Chronicles [abridged],","1567, sign. a iiib. (Stow’s Survey of London, ed. C. L. Kingsford, 1908, vol. i, pp. lxxvii-viii.)","[If my book be appreciated] and fruitefullye used to the
amendemente of suche grosse erroures [as are to be found in
Richard Grafton's books] I shall be encouraged to perfecte that
labour that I haue begon, and such worthye workes of auncyent
Aucthours that I haue wyth greate peynes gathered together,
and partly performed in M. Chaucer and other...",
part1_p100_a5,Vol.1,Part I,p100,[1567-8?],"Howell, Thomas.","Newe Sonets, and pretie Pamphlets.","[Unique copy in the Capell collection, Trin. Coll., Camb.] The britlenesse of thinges mortall, and the trustinesse of Vertue, sign. B iij and b. (Howell’s poems, in Occasional issues of unique or very rare books, ed. A. B. Grosart, 1879, vol. viii, pp. 121-2.)",,"[These verses on the moral to be drawn from the story of Troilus and Cressida most probably refer to Chaucer's version of the poem. Cf. also the reference in Howell's Devises, 1581, below, p. 120. Howell owed a good deal to Chaucer; see on this point Sir Walter Raleigh’s introduction to Howell’s Devises, 1906, pp. xi-xiv.]"
part1_p101_a1,Vol.1,Part I,p101,1567-8.,"Keeper, John.","Prefatory Verse to Newe Sonets, and pretie Pamphlets,","by Thomas Howell, sign. A iv. [See last entry.] (Howell’s poems, in Occasional issues of unique or very rare books, ed. A. B. Grosart, 1879, vol. viii, p. 115.)","Ioannes Keper Oxon, ad tho Howell.
Aurea melliflui voluuntur scripta Govveri,
Chaucer; florent acta diserta senis,
Sic quoque, Chauterida similis captobis honores,
Pergere si vigilans vt modo pergis aues,
Vt bene capisti, nullos male linque labores,
Gloria sudore est, desidiaque dolor.
Finis.","[The misprints in this are in the original, as given by Grosart.]"
part1_p101_a2,Vol.1,Part I,p101,1568.,"[Caius, John, M.D.].","De Antiquitate Cantabrigiensis Academiœ,","libri duo, London, 1568 [published anonymously, the author being described as ‘Londinensis.’ Republished, in 1574, after Caius’s death, with his name on the title page. The references are on pp. 40, 41 of this edition, the only one in the B. M.]. (The works of John Caius, M.D., Cambridge University Press, 1912, pp. 34, 35.)","Nam ut hic res uniuersas suo complexu contineat, ita hæc
[p. 40]
uniuersarum scientiarum cognitionem & professionem habeat.
Consentit & Hoccleueus, clarissimi Chauceri & Goweri
discipulus, in epitome chronicon manuscripta, quam addidit
libro quem de regimine principum scripsit ad Henricum
sextum:
. . . . . . . . . . .
[p.41] Sed quia fusior hic Boulus est, proniorquè in rem con¬
trouersam de antiquitate Cantebrigiensis Academiæ...
visum est Ioannis Lydgati (Galfredi Chauceri, nobilissimi
olim Poetæ discipuli, omnium poetarum sui temporis in
Anglia facilè principis, sicut Baleus scribit etsi tu damnes,
ut vanum ut & alios omnes qui a te non stant) proferre
testimonium, opus iam ante annos multos Anglico metro
formulis excusum, omniquè populo diuulgatum.","[See below, p. 104, Thomas Caius, 1570.]"
part1_p101_a3,Vol.1,Part I,p101-102,1568.,"Charteris, Henry.","Vnto the godlie and christiane reidar, Henrie Charteris wischis grace... [prefixed tol The warkis of the famous and vorthie Knicht Schir Dauid Lyndesay . .","Newlie Imprentit be IOHNE Scor at the expensis of Henrie Charteris.... MDLXVIII, [fol. 3, no signatures.] Two copies of this edn. are known, one at Britwell, and one in Lord Mostyn’s library. (The poetical works of Sir D. Lyndsay, ed. D. Laing, 1879, vol. iii, p. 232; also D. Lyndesay’s Works, part v, the minor poems, ed. J. A. H. Murray, E. E. T. soc., 1871, p. 5.)","[Charteris descante on the Clergy's dislike of Lindsay] How
cummis it than, that this our Authour being sa plane aganis
thame, and as it war professit enemie to thame, culd eschaip
thair snairis, quhen vtheris in doing les hes cruellie perischit?
Sum will think because his wryting was commounlie mixit
with mowis and collourit with craftie consaitis (as Chaucer
and vtheris had done befoir) the matter was the mair mitigate.","[This reference is at sign. A 8 in The Warkis of the Famovs and Worthie Knicht, Sir Dauid Lyndesay... Imprentit at Edinburgh, be Henrie Charteris, anno MD lxxxxii.]"
part1_p102_a1,Vol.1,Part I,p102,1568.,"Churchyard, Thomas.","Verses, [prefixed to] Pithy pleasaunt and profitable Workes of maister Skelton, Poete Laureate.","Nowe collected and newly published. Anno 1568, sign. *A iij. (Poetical works of J. Skelton, ed. A. Dyce, 1843, vol. i, p. lxxviii.)","... Peers plowman was full plaine,
And Chauser's spreet was great
Earle Surry had a goodly vayne:
Lord Vaus the marke did beat.",
part1_p102_a2,Vol.1,Part I,p102,1568.,"Keeper, John.","Prefatory Verses to the Arbor of Amitie,","by Thomas Howell. (Unique copy in the Bodleian library, sign. A v b. Howell’s poems, in Occasional issues of unique or very rare books, ed. A. B. Grosart, 1879, vol. viii, p. 12. See British Bibliographer, ed. Sir S. E. Brydges, 1810, vol. i, p. 106.)","Which wise Minerue in lap hath nurst,
and gaue him [Howell] suck so sweete,
Whom I doe iudge, Apolloes Impe,
and eke our Chaucers peare:
What senselesse head of malice mad,
will seeke such branch to teare.",
part1_p102_a3,Vol.1,Part I,p102,1568.,"Payne, Henry.","The Will of Henry Payne,","of Bury St. Edmunds, co. Suffolk, Esq. June 14, 1568. (The Visitation of Suffolke, made by William Hervey.... ed. J. J. Howard, 1866, vol. ii, p. 70.)","[He gave as legacy to Sir Giles Allington, his best gelding
and his Chaucer] written in vellum and illumyned in gold.",
part1_p102_a4,Vol.1,Part I,p102-103,1568.,Unknown.,The Bannatyne MS.,"Nine poems falsely attributed to Chaucer, having ""quod Chawseir"" written at the end of them. (Bannatyne MS., ed. [J. B. Murdoch], Hunterian club, 1896, etc., vol. ii, p. 125; iii, 669, 755, 758, 768-9, 798, 804, 822.)","Quhlyome in Grece that nobill regioun [vol. ii, no. xiiv, pp. 123-5]
The Song of Troyelus
[,, iii, no. ccxxiv, pp. 668-9]
Schort Epegrammis agains Women [,, ,, ,, cclxxviii, p. 755]
Chau- (This work quha sa sall sie or ried)
ceir.
quod Chawseir [written in afterwards][,, ,,  ,, cclxxix, pp.755 & 8]
Devyce, Proves and eik Humilitie [,, ,, ,, cclxxxv, pp. 766-8]
O wicket Weman wilfull and variable [,, ,, ,, cclxxxvi, pp.768-9]
Followis the Lettre of Cupeid   [,, ,, ,, ccxcvi, pp. 788-98]
All tho that list of wemen evill to speik [,, ,, ,, ccxcvii, pp. 799-804]
Quat meneth this?
[,, ,, ,,  cccvi, pp. 817-22]",
part1_p103_a1,Vol.1,Part I,p103-104,1569.,"B., G. [Barnabe Googe or William Baldwin?]","A newe Booke called the Shippe of safegarde, wrytten by G. B. anno 1569. Imprinted at London by W. Seres,","sign. D vii b. (British bibliographer, ed. Sir S. E. Brydges, vol. ii, 1820, pp. 628-9.)","[The writer describes Hypocrisy as]
A rocke but soft and simple to the eie,
That pleaseth much the minde of worldlye sight,
Whereas disceyte doth closely couered lie,
Which hindreth men from trauailing aright,
The place is large and riseth some thing hie,
Upon the top whereof in open sight,
There stands an Image couered all of stone,
That there was placed many yeares agone.
Which Image here I would describe to thee,
But that long since it hath bene painted plaine
By learned Chaucer that gem of Poetrie,
Who passed the reach of any English braine,
A follie therefore were it here for me,
To touch that he with pencell once did staine.
Take here therefore what he therof doth say,
Writ in the Romance of his Roses gaye.
¶ Another thing was done their write,
That seemed like an Hypocrite,
And it was cleped Pope holye,
. . . . .
[Romance of the Rose, quoted, ll. 418-48.]
Thus hath the golden pen of Chaucer olde,
The Image plaine descriued to the eie,
Who passing by long since did it beholde,
And tooke a note therof aduisedly,
Unto his fellowes of that age it tolde,
And left it eke for his posteritie,
That ech man passing by might plainly know,
The perfite substance of that flattring show.","[This book has been attributed to both Googe and Baldwin, the G. standing for the latter's Christian name in Latin. In the Stationers' register, ed. E. Arber, no author, is named. The dedication by G. B. is addressed to “his very good sisters Mistresse Phillyp Darell and Mistresse Frances Darell, of the house of Scotneys."" As Barnabe Googe was the husband of Mary, dau. of Thomas Darell of Scotney, Kent, and one of her sisters was called Frances, and as Baldwin had apparently no connection with the Darells of Scotney, it seems more probable, in spite of the order of the initials that Googe, and not Baldwin, was its author. There is a unique copy of this work in the John Rylands library, Manchester; Brydges only prints an extract. See below, pp. 171-2, Anthony Nixon, 1602.]"
part1_p104_a1,Vol.1,Part I,p104,[c. 1570.],"Caius, Thomas.","Vindiciæ Antiquitatis Academiæ Oxoniensis contra Joannem Caium Cantabrigiensem,","p. 333. [First printed by Thomas Hearne, under the above title 1730, vol. ii, pp. 333, 352.]","Producitur Lydgatus, poëta Anglicus, Galfridi olim Chauceri
disciplus, qui ex Beda & Alfrido Cantabrum ducem, Partholini
regis fratrem, academiæ Cantabrigiensis authorem facit.","[For the whole controversy, see the D. N. B. under Thomas Caius; and above, p. 101.]"
part1_p104_a2,Vol.1,Part I,p104,1570.,"Lambarde, William.","MS. note at the beginning of the MS. of Lambarde's Saxon Dictionary,",MS. Bodl.,,"[For complete extract, see below, p. 816, 1711, Hearne.]"
part1_p104_a3,Vol.1,Part I,p104-107,1570.,"Foxe, John.",Ecclesiasticall history contaynyng the Actes and Monumentes of thynges passed in euery Kynges tyme in this Realme.,". . . Newly recognised and inlarged by the Author, John Foxe. [2nd edn.] At London, Printed by Iohn Daye... 1570, vol. i, sign. sign iiij, pp. 341-5, vol, ii, pp. 965-66 (ed. G. Townsend, 1843-9, vol. i, pp. xxii-iii; vol. ii, 1842, pp. 357-63; vol. iv, 1846, pp. 248-50).","[Vol. i. sign
sign iiij.] (A Protestation to the whole Church of England.)
To discend now somewhat lower in drawing out the descent
of the Church–What a multitude here commeth of faithful
witnesses in the time of Ioh. Wickleffe, as Ocliffe, Wickleffe,
an. 1376. W. Thorpe, White, Puruey, Patshall, Payne,
Gower, Chauser, Gascogne, William Swynderby, Walter Brute,
Roger Dexter, William Sautry about the year 1400. Iohn
Badley, an 1410. Nicholas Tayler, Rich. Wagstaffe, Mich.
Scriuener, W. Smith, Iohn Henry, W. Parchmenar, Roger
Goldsmith, with an Ancresse called Mathilde in the Citie of
Leicester, Lord Cobham, Syr Roger Acton Knight, Iohn Beuer¬
ley preacher, Iohn Hus, Hierome of Prage Scholemaster, with
a number of faithfull Bohemians and Thaborites not to be told
with whom I might also adioyne Laurentius Valla, and
Ioannes Picus the learned Earle of Mirandula. But what do
I stand upon recitall of names, which almost are infinite.
. . . . . . . . . . .
[Vol. i,
For so much as mention is here made of these superstitious
p. 341]
sects of Fryers, and such other beggerly religions, it shall not
seme much impartinent, being moued by the occasion hereof
... to annexe... a certayne other auncient treatise com¬
piled by Geoffray Chawcer by the way of a Dialogue or ques¬
tions moued in the person of a certaine uplandish and simple
ploughman of the Countrey, which treatise for the same, y e
autor intituled Jack vp land...
¶ A treatise of Geoffrey Chawcer intituled
Iacke vplande
[Here follows a reprint of Jack Upland. See above, p. 83.]
. . . . . . . . . . .
[Vol. ii,
p. 965]
Moreouer to these two [Linacre & Pace], I thought it not
Geffray
Chaucer.
out of season, to couple also some mention of Geffray
Iohn
Chaucer, and Iohn Gower: Whiche although beyng much
Gower.
discrepant from these in course of yeares, yet it may seme not
vnworthy to bee matched with these forenamed persons in com¬
mendation of their studie and learnyng...
... Likewise, as touching the tyme of Chaucer, by hys
owne workes in the end of his first booke of Troylus and
Creseide it is manifest, that he and Gower were both of one
Chaucer
& Gower
tyme, althoughe it seemeth that Gower was a great deale his
com-
auncient : both notably learned, as the barbarous rudenes of
mended
for their
that tyme did geue, both great frends together, and both in
studious
exercise.
like kind of studie together occupied, so endeuoryng them¬
selues, and employing their tyme, that they excelling many
other in study and exercise of good letters did passe forth their
Iyues here right worshipfully & godly to the worthye fame
and commendation of their name. Chaucers woorkes bee all
printed in one volume, and therfore knowen to all men.
This I meruell, to see the idle life of y e priestes and clergye
men of that tyme, seyng these lay persons shewed themselues
in these kynde of liberall studies so industrious & fruitfully
occupied: but muche more I meruell to consider this, how
Chaucer that the Bishoppes condemnyng and abolishyng al maner of
a right
Englishe bookes and treatises, which might bryng the people
Wick-
leuian.
to any light of knowledge, did yet authorise the woorkes of
Chaucers Chaucer to remayne still & to be occupyed : Who (no doubt)
bokes.
saw in Religion as much almost, as euen we do now, and
vttereth in hys works no lesse, and semeth to be a right
Wicleuian, or els was neuer any, and that all his workes
almost, if they be throughly aduised will testifie (albeit it bee
done in myrth, & couertly) & especially the latter ende of hys
thyrd booke of the Testament of loue: for there purely he
toucheth the highest matter, that is the Communion. Wherin,
excepte a man be altogether blynd, he may espye him at the
full. Althoughe in the same booke (as in all other he vseth
to do) vnder shadows couertly, as vnder a visoure he suborneth
truth, in such sorte, as both priuely she may profite the godly-
minded, and yet not be espyed of the craftye aduersarie. And
therefore the Byshops, belike, takyng hys workes but for iestes
and toyes, in condemnyng other bookes, yet permitted his
bookes to be read.
So it pleased God to blinde then the eyes of them, for the
Men brought  more commoditie of his people, to the entent that through the
to truth readyng of his treatises, some fruite might redound therof to
by read-
ing Chau-  his Churche, as no doubt, it dyd to many: As also I am
cers
workes, partlye informed of certeine, whiche knewe the parties, which
to them reported, that by readyng of Chausers workes, they
were brought to the true knowledge of Religion. And not
unlike to be true. For to omitte other partes of his volume,
whereof some are more fabulous than other, what tale can bee
more playnely tolde, then the talke of the ploughman? or
what finger can pointe out more directly the Pope with his
Prelates to be Antichrist then doth the poore Pellycan reason¬
The
yng agaynst the gredy Griffon? Under whiche Hypotyposis
plough-
or Poesie, who is so blind that seeth not by the Pellicane,
mans
tale in
Chauser.  the doctrine of Christ, and of the Lollardes to bee defended
agaynst the Churche of Rome? Or who is so impudent that
can denye that to be true, which the Pellicans there affirmeth
in describyng the presumptuous pride of that pretensed
[p. 966] Church? Agayne vhat egge can be more lyke, or figge vnto
an other, then ye words, properties, and conditions of that
rauenyng Griphe resembleth the true Image, that is, the
nature & qualities of that which we call the Churche of Rome,
in euery point and degre? and therfore no great maruell, if
that narration was exempted out of the copies of Chaucers
workes : whiche notwithstandyng now is restored agayne, and
is extant, for euery man to read that is disposed. This
Geffray Chauser being borne (as is thought) in Oxfordshire,
& dwellyng in Wodstocke, Iyeth buried in the Churche of
the minster of S. Peter at Westminster, in an Ile on the
South side of the sayd Churche, not far from the doore leading
to the cloyster, and vpon his graue stone first were written
these ii old verses
Galfridus Chauser vates et fama poesis
Maternæ, hac sacra sum tumulatus humo.
Afterward, about the yeare of our Lord 1556, one M.
Brickam, bestowyng more cost vppon his tumbe, did adde
therunto these verses folowyng. . .","[None of these references are in the first edition of 1563, but they appear in full in this, the second edition of 1570, from which they are copied, and are not increased in the latest edition in Foxe's lifetime, that of 1583. This was, as is well known, a very popular work, of which nine editions appeared by 1684; viz. 1563, 1570, 1576, 1583, 1596, 1610, 1632, 1641, 1684.][Here follow Brigham’s lines, q. v. above, p. 94, 1556; and see above, p. 59.]"
part1_p107_a1,Vol.1,Part I,p107,[c. 1570.],"Rogers, Daniel.",Two Latin Epigrams on Chaucer's tomb and his poems.,"MSS. of the Marquis of Hertford. Bk. 2 of Epigrams, leaves unnumbered. (4th Report of the Royal Commission Historical MSS., 1874, App. p. 253, col. 1.)","Tumulus of Geoffrey Chaucer (as follows):—
Musarum Phœbique decus, patriæque larisque
Chaucerum hoc clausit marmore parca brevis;
Cui patriis numeris Musas Helicone reduxit
In patriam et tractus, Albion alma, tuos,
Mortales acri perstringere suetus aceto;
Anglica quo regio vate superba fuit,
Scilicet, Ausonio laudem quot Horatius orbi,
Hic patriæ peperit tot monumenta sua [sic, for suæ?].
To Chaucer's poems; as follows :—
Quantus erat Tusco Boccacius ore, favebat
Itala quantum olim lingua suada [sic] Petrarche tibi
Qualis os insurgit Gallo sermone Marottus
Aptat dum patria [sic, for patriæ?] verba poeta lyræ;
Tantus eras Galfride tuis Chaucere Britannis
Ingenio vates nec minus ore potens
Anglica quo veneris nunc spirat lingua magistro
Quas Italio, Gallis, ille vel ille dedit.",
part1_p108_a1,Vol.1,Part I,p108-109,1572.,"Bossewell, John.","Workes of Armorie deuyded into three bookes, entituled, the Concordes of Armorie, the Armorie of Honor, and of Coates and Creastes.","In ædibus Richardi Totelli... 1572, sign. Civ, B v b-B viii, G iv b-G v, R ii b, U i-X.","[sign. C iv] The names of the aucthors... owt of whiche these
workes are chiefelye collected and amplified... Englishe
writers G. Chaucer, Jo. Gower.....
 . . . . . . . . . .
[sign. B v b] Sentences concerning generositie, collected out of sundrye
Aucthors, and firste certayne verses made by G. Chaucer,
teaching what is gentlenes, or who is worthy to be called
gentle.
The firste stocke father of gentlenes,
. . . . . . .
All weare he mitre, crowne, or diademe.
. . . . . . [Gentilesse, ll.1-21.]
[sign. B vi b] But nowe yet heare what M. G. Chaucer, oure noble
poete of thys Realme doth write touching gentlenes of birthe,
in hys taile of the wife of Bathe. These are hys woordes.
But for ye speake of suche gentlenesse.
. . . . . . . [ll.1109-64.]
[sign. B vii b] M. G. Chaucer, lamenteth in hys second Booke (whiche
hee entituleth the testament of loue) that Iaphetes chil¬
dren. . . . .
[Chaucerian and other pieces, I, bk. ii, ch ii, ll. 105, etc.]
. . . . . . . .
[sign. G iv b] This game [chess] was first inuented by Athalus, as
Master G. Chaucer reporteth in hys dreame, saying
at the Chesse with me she gan to playe.
[Book of the Duchesse, ll. 652-64.]
[sign. R ii b] For those, in whose power it is to do good, and doth it
not, the Crowne of honor and worshippe shalbe taken from
them, and (as Chaucer sayethe) with shame they shalbe
annulled, & from all dignitie deposed.
. . . . . . . . . .
[sign. U i] Chaucer in hys seconde and thirde bokes, entituled, the
Testament of loue, maketh a great processe of them [mar¬
guerites] as gemmes very precious, clere, and little.....
[Chaucerian and other pieces, I, bk. iii, ch. i, Il. 35, etc.]
. . . . . . . . .
[sign. U i b] Chaucer writeth moche of thys floure [daisy] in many
places of hys workes: and in especially in hys preface to the
legend of good weomen .....
[ll. 179-90.]
And the sayd Chaucer writeth in a goodly Balade of hys
also of the Daysie, where he calleth it
Daysie of lighte, verie grounde of comforte.","[The other references are quotations from Houre of Fame, ll. 1861-4; Sir Thopas, ll. 2096-7; Romaunt of the Rose, ll. 239-46, 1171-86; Knightes Tale, ll. 975-80, 2140-2.]"
part1_p109_a1,Vol.1,Part I,p109,1573.,"Harvey, Gabriel.","The Schollers Looue or Reconcilement of Contraries,","fol. 66. (Letter-Book of Gabriel Harvey, 1573-80, ed. from MS. Sloane 93, by E. J. L. Scott, Camden soc. 1884, p. 134. See also Preface, pp. viii, xv, xvi.)","[Harvey describes his method of reading:]
At Petrarche and Bocace I must have a flynge.
Every idiott swayne
Can commende there veyne.
Chau
Now and then a spare hower is allotted to Gascoyne
sage
Gower
And sum time I attende on gentle Master Ascham.
They sownde well enowghe withoute makinge ryme
That iumpe so well in cuntry tunge and tyme.
Would God Inglande cowlde afforde a thowsande sutch and
better,
On condition my pore selfe knewe never a letter.",
part1_p109_a2,Vol.1,Part I,p109,[1574.],"Robinson, Richard.","The rewarde of Wickednesse.... Newly compiled by Richard Robinson, Seruaunt in housholde to the right Honorable Earle of Shrowsbury.","[col.] Imprinted in London in Pawles Churche Yarde by William Williamson; sign. Q 2, b.","[sign. P 3 b]
Retourning from Plutos Kingdome, To noble Helicon;
The place of Infinite Ioye.
. . . . . . . .
[sign. Q  And Chawcer for his merie tales, was well esteemed there
2b]
And on his head as well ought best, a Laurell garland were,
All these I knewe and many moe, that were to long to name
That for their trauels were rewarde, for euermore with Fame.",['The Author to the Reader' is dated The xix Maie 1574.]
part1_p109_a3,Vol.1,Part I,p109,[1574?],Unknown.,Eulogium Chaucerj.,"Poem found in MS. in a black letter Chaucer (1561); date of other MS. notes, etc., c. 1574, transcribed by T. A. S., in Notes and Queries, ser. i, 1853, vol. vii. p. 201.","Geffraye Chaucer, the worthiest flower
Of English Poetrie in all the Bower.
. . . . . . [26 lines]
Though for his other parts of grace
Chaucer will liue and shewe his face.",
part1_p110_a1,Vol.1,Part I,p110,1575.,"Churchyard, Thomas.","A discourse of vertue,","see below, Appendix A, 1575.",,
part1_p110_a2,Vol.1,Part I,p110,1575.,"Gascoigne, George.","The delectable history of sundry aduentures passed by Dan Bartholmew of Bath.... his first Triumphe. The Posies of George Gascoigne, Esq.","[col.] Imprinted at London by H. M. for Christopher Barker, 1575, sign. E iiij. (Gascoigne’s Poems. ed. W. C. Hazlitt, Roxb. library, 1869-70, vol. i, p. 105.)","Thy brother Troylus eke, that gemme of gentle deedes
To thinke howe he abused was, alas my heart it bleedes!
He bet about the bushe, while other caught the birds,
Whome crafty Cresside mockt to muche, yet fede him still
with words.
And god he knoweth, not I, who pluckt hir first-sprong rose,
Since Lollius and Chaucer both make doubt vpon that glose.","[There are several references to Cresside in Gascoigne's poems; these are very possibly to Chaucer's poem, but no special reference is made to him, see for instance immediately below, The Doale of disdaine.]"
part1_p110_a3,Vol.1,Part I,p110,1575.,"Gascoigne, George.","The doale of disdaine,","etc. .. stanzas 5 and 8. The Posies of George Gascoigne Esquire. Weedes, sign. S vi and b pp. 283-4. (Gascoigne’s Poems, ed. W. C. Hazlitt, Roxb. library, 1869-70, vol. i, pp. 492-3.)","If Cressydes name were not so knowen
And written wide on euery wall: [etc.]
. . . . . . .
Thou art as true as is the best
That euer came of Cressedes Iyne.",
part1_p110_a4,Vol.1,Part I,p110-111,1575.,"Gascoigne, George.",Certayne Notes of Instruction concerning the making of verse or ryme in English.,"Appended to the Posies of George Gascoigne, Esquire. ... 1575, sign. T ij, T iij b, Uij b. Reprinted 1587. (Gascoigne’s Poems, ed. W. C. Hazlitt, Roxb. library, 1869-70, vol. i, pp. 500, 502, 507.)","[sign. T ij, p. 31] For it is not inough to roll in pleasant woordes
nor yet to thunder in Rym, Ram, Ruff, by letter (quoth
my master Chaucer) nor yet to abound in apt vocables, or
epythetes.
[From Prologue to Persones tale, l. 43]
. . . . . . . . . . . .
[sign. T iij b, p. 34] Also our father Chaucer hath vsed the same libertie
in feete and measures that the Latinists do vse: and who so
euer do peruse and well consider his workes, he shall finde
that although his lines are not alwayes of one selfe same num¬
ber of Syllables, yet beyng redde by one that hath vnder¬
standing, the longest verse and that which hath most Syllables
in it, will fall (to the eare) correspondent vnto that whiche
hath fewest sillables in it: and like wise that whiche hath in
it fewest syllables shalbe founde yet to consist of woordes that
haue euche naturall sounde, as may seeme equall in length
to a verse which hath many moe sillables of lighter accentes.
. . . . . . . . . . .
[sign. V ij b, p. 40] I had forgotten a notable kinde of ryme, called
ryding rime, and that is suche as our Mayster and Father
Chaucer vsed in his Canterburie tales, and in diuers other
delectable and light enterprises.","[For ‘Rym, Ram, Ruff,’ cf. 1595, Peele, below, p. 142.]"
part1_p111_a1,Vol.1,Part I,p111,[1575.],"Smith, Richard.",Commendatory Verses to The Posies of George Gascoigne Esquire.,"Corrected, perfected, and augmented by the Authour [2nd edn.]. Printed at London for Richard Smith, etc. (Gascoigne’s Poems, ed. W. C. Hazlitt, Roxb. library, 1869-70, vol. i, p. 26.)","The Printer in Commendation of Gascoigne and his workes.
Chawcer by writing purchast fame
And Gower got a worthie name:
Sweete Surrey suckt Parnassus springs :
And Wiat wrote of wondrous things:
Old Rochfort clambe the stately Throne,
Which Muses holde, in Hellicone.
Then thither let good Gascoigne go,
For sure his verse deserueth so.",
part1_p111_a2,Vol.1,Part I,p111,1575.,"Turbervile, George.",The Booke of Faulconrie or Hawking. ...,"Imprinted at London, for Christopher Barker, 1575, p. 260, sign. R ii b.","Yet for remedie of this disease (pin in the Hawkes foote)
some do aduise to open the vain of the leg, a thing not only
friuolous to talke of and a verie olde womans fable or Cantor¬
burie tale, but also verie perillous to be put in practise.",
part1_p111_a3,Vol.1,Part I,p111,[c. 1575.],Unknown.,MS. note ‘Gaulfridus Chaucer',"on MS. Egerton 2726, fol. i. See above, p. 50, c. 1450, Unknown.",,
part1_p111_a4,Vol.1,Part I,p111,1575.,"Wharton, John.","To the Christian Reader Iohn Wharton wisheth all good giftes of vertue [Prefatory address to] A misticall deuise of the spirituall and godly loue betwene Christ.. and the Church. Firste made by... Salomon, and now newly set forthe in verse,",by Jud Smith [i. e. the Song of Solomon].... sign. A 2.,"For surely (gentle Reader) if thou couit to heare any olde
bables [sic], as I may terme them, or stale tales of Chauser, or to
learne howe Acteon came by his horned head: If thy mynde
be fixed to any such metamorphocall toyes, this booke is not
apt nor fit for thy purpose.",
part1_p112_a1,Vol.1,Part I,p112,[1576.],A. F. [Arthur Hall].,"A letter sent by F. A. touchyng the proceedings in a priuate quarell and unkindnesse, betweene Arthur Hall, and Melchisedech Mallerie... With an admonition to the Father of F. A. to him being a Burgesse of the Parliament, for his better behauiour therein,","sign. E iv, E iv b and F i. [There are a separate set of signatures for the “Letter"" and the “Admonition,"" our reference is to the latter tract.] (Reprinted in Miscellanea Antiqua Anglicana, or a Select Collection of Curious Tracts, 1816; the two tracts here referred to are dated 1815; pp. 85-6).","[sign E iv] Now are we come to consider howe to answere the office
your trusters put you in, not for any perticular profit, but
[sign.
E iv b], for the whole common good... Will you go to Law of
nature, to the Law of God, to the Law of Princes, too ye Law
of Confederats: wil not al condemne you if you iugle: I haue
found it so. Although in very deede some men accept iuggling
for an English word in good part, yet I neuer vnderstoode
it in Chaucer or olde English, neyther in the conscience of
the professors of Charity or well dealing: part the wordes
[sign. F i] at your pleasure enter too Ethnickes or too Christianes.",
part1_p112_a2,Vol.1,Part I,p112,1576.,"Gascoigne, George.",The Grief of Ioye. ...,"Written to the Queenes moste excellent Ma tie. Roy. MS. 18, A. 61, fol. 5 b. (Gascoigne’s Poems, ed. W. C. Hazlitt, Roxb. lib., 1869-70, vol. i, p. 260.)","The first Songe
The greeues or discommodities of lustie yowth.
. . . . . . . .
. . . . I venter my good will
Yn barreyne verse, to doe the best I can
Lyke Chaucers boye, and Petrarks iorneyman.
. . . . . . . .
But if some Englishe woorde herein seme sweet,
Let Chaucers name exalted be therefore.
Yf any verse doe passe on pleasant feet
The praise thereof, redownd to Petrarks lore.",
part1_p112_a3,Vol.1,Part I,p112-113,1576.,"Hanmer, Meredith.","The Auncient Ecclesiasticall Histories of the First Six Hundred Yeares After Christ.... by Eusebius, Socrates, and Euagrius.... translated.... by Meredith Hanmer,","1577. The Epistle Dedicatorie, sign. * iij. The Preface vnto the Reader [hist. of Euagrius], p. 408.","Many nowe adayes had rather reade the stories of Kinge
Arthur: The monstrous fables of Garagantua: the Pallace of
pleasure: the Dial of Princes,.... the Monke of Burie full
of good stories: Pierce ploweman, the tales of Chaucer, where
there is excellent wit, good reading, and good decorum obserued,
the life of Marcus Aurelius.... the Epistles of Antonie
Guevarra... the pilgremage of Princes... Reinard the Fox:
Beuis of Hampton: the hundred merry tales: skoggan:
Fortunatus... but as for bookes of diuinitie... it is the
least part of their care.
There is hope the dayes shall neuer be seene when the
prophesie of Chaucer shall take place, where he sayth
When fayth fayleth in priestes sawes
. . . . . . .
Than shall the land of Albion
Be brought to great confusion,
and to the end our wished desire may take effect, let vs
hearken what exhortation he geueth vnto the chiefe magistrate,
his wordes are these
Prince desire to be honorable
. . . . . .
And wedde thy folke ayen to stedfastnes.
[Lak of Stedfastnesce, ll. 22-8.]","[The first quotation is from sayings printed by Caxton; Chaucerian and other pleces, ed. W. W. Skeat, 1897, p. 450, ll. 1-6. The dedication is dated 1576, as are the histories of Socrates and Evagrius, each with separate title pages.]"
part1_p113_a1,Vol.1,Part I,p113,[c. 1576.],"Maitland, Sir Richard (of Lethington).",On the folye of ane auld manis maryand ane young woman.,"MS. in Pepys lib. Cambridge. (Poems of Sir R. Maitland [ed. Joseph Bain], Maitland club, 1830, p. 40.)",". . . . For folye is to mary,
Fra tyme that baith thair strenthe and nature faillis;
And tak ane wyf to bring him selffe in tarye
For fresche Maiï, and cauld Januarij,
Agreeis nocht upon ane sang in tune.",[Reference to the Marchantes Tale?]
part1_p113_a2,Vol.1,Part I,p113,1576.,"Thynne, Francis.",Another discourse vppon the Philosophers Armes.,"MS. Ashmole 766, ff. 85 b, 86. Two mentions of Chaucer among a list of alchemists, such as Bacon, Ripley, Norton, etc. (Thynne's Animadversions, ed. F. J. Furnivall, Chaucer soc., 1876, p. 135; for date, etc., see also ibid., pp. xlix, 115, 134.)",,
part1_p113_a3,Vol.1,Part I,p113,1576.,"Whetstone, George.","The Rocke of Regard,","Part i. The Castle of delight; Cressid’s complaint, p. 21, sign. B iij. (Reprinted by J. Payne Collier, 1870?)","[Cressid complains of her age;]
Or as the horse, in whom disorder growes,
His iadish trickes, againe wil hardly loose;
So they in youth, which Venus ioyes do proue,
In drouping age, Syr Chaucers iestes will loue.",
part1_p114_a1,Vol.1,Part I,p114,1577.,"Dee, John, Dr.",Transcript by Dr. John Dee of Thomas Norton's Ordinall of Alchemy.,Ashmole MS. 57 [no pagination].,"Authors recited in this booke
. . . . .
Bacon
Boetius
Chauser
Chanon of Lichfelde
. . . .","[See 1477, Norton, above, p. 57.]"
part1_p114_a2,Vol.1,Part I,p114,1577.,"Harvey, Gabriel.",Letter Book.,"A suttle and trechrous aduantage (poetically imagined) taken at unawares by the 3 fatall sisters to beriue M. Gascoigne of his life.... fol. 35, p. 57. (Letter Book of Gabriel Harvey, A.D. 1573-1580, ed. from MS. Sloane 93, by E. J. L. Scott, Camden soc., 1884. See also for dates, Preface, pp. viii, xv, xvi.)","[Harvey imagines Gascoigne in Purgatory.]
This pleasure reape: and shake thou hands
With auncient cuntrymen of thine:
Acquayntaunce take of Chaucer first
And then with Gower and Lydgate dine.",
part1_p114_a3,Vol.1,Part I,p114-115,1577.,"Holinshed, Raphael.","The Laste volume of the Chronides of England, Scotlande, and Irelande,... Faithfully gathered and compiled by Raphaell Holinched.","At London, Imprinted for John Harrison, p. 1163. (Holinshed’s Chronicles.. in six volumes, London, 1808, vol. iii, pp. 58, 59.)","But nowe to rehearse what writers of oure English nation
liued in the days of this Kyng, [Henry the Fourth]. that
renowmed Poete Geffreye Chaucer is worthily named as
principall, a man so exquisitely learned in all sciences, that hys
matche was not lightly founde anye where in those dayes, and
for reducing our Englishe tong to perfect conformitie, hee
hath excelled therein all other. He departed this life about
the yeare of our Lord 1402, as Bale gathereth, but by other it
appeareth, that he deceased the fiue and twentith of October
in the yeare 1400, and lyeth buried at Westminster, in the
South parte of the great Church there, as by a monumente
erected by Nicholas Brigham it doth appeare: John Gower...
studyed not only the common lawes of this Realme, but also
other kindes of literature, and grew to greate knowledge in the
same,... applying his endeuor with Chaucer, to garnish the
Englishe tong, in bringing it from a rude unperfectnesse, unto
a moro apt elegancie: for whereas before those dayes, the
learned vsed to write onely in latine or Frenche, and not in
Englishe, oure tong remayned very barreyne, rude, and un¬
perfect, but now by the diligent industrie of Chaucer and
Gower, it was within a while greately amended, so as it grew
not only to be very riche and plentifull in wordes, but also so
proper and apt to expresse that which the minde conceyued as
any other usuall language. Gower departed this life shortly
after the decease of his deere and louing friend Chaucer, to
witte, in the yere 1402.",
part1_p115_a1,Vol.1,Part I,p115,1577.,"Northbrooke, John.","Spiritus est vicarius Christi in terra. A Treatise wherein Dioing, Dauncing, Vaine plaies.... commonly vsed on the Sabboth day, are reprooued, by the authoritie of the worde of God, and auncient Writers.","Imprinted.... 1579, pp. 49, 49 b. (Ed., same title, by J. P. Collier, Shakespeare soc. 1843, pp. 131-2.)","Youth. Hath any honest man of credite and reputation
beene euill thought of, for playing at Dice....
Age. That there hath, and not of the meanest sorte....I
will recite to you Chaucer, which saieth hereof [of Demetrius]
in verses.
Youth. I praye you doe so....
Age. [quotes Pardoners tale, ll. 603-28.]
Youth. This is verie notable: but yet I pray you shewe me,
what Chaucers owne opinion is touching Diceplaie:
Age. His opinion is this, in verses also.
[Pardoner's tale, ll. 590-602.]","[Entered at Stationers' Hall, Dec. 2, 1577. The first attack on theatrical representations, six months before Stephen Gosson's There is another edn., undated, attributed by Collier to 1578, but by other authorities, and in B. M. catalogue given as 1579.]"
part1_p115_a2,Vol.1,Part I,p115,1578.,"Harvey, Gabriel.",Gabrielis Harueii Gratulationum Valdinensium Libri Quatuor.,"Lib. iv, p. 22.","Præcones mulierum omnes, scribæque procique
Hæc in delicijs Bibliotheca siet,
Chaucerusque adsit, Surreius & inclytus adsit;
Gascoignoque aliquis sit, Mea Corda, locus.
. . . . . . . .",
part1_p115_a3,Vol.1,Part I,p115,[1578.],"Lyly, John.",Evphues. The Anatomy of Wyt.,"Imprinted at London for Gabriell Cawood; no date, sign. D iiij b. (Works of John Lyly, ed. R. Warwick Bond, 1902, vol. i, p. 219.)",".... though Aeneas were to fickle to Dido, yet Troylus
was to faithfull to Crœssida....","[See below, Appendix A, [1578], for further notes on Lyly's debt to Chaucer.]"
part1_p116_a1,Vol.1,Part I,p116,1578.,"P[rocter], T[homas].","Preface to Of the knowledge and conducte of warres,",sign. ¶ v.,"dreames & fantacies,.... of pleasant meetinges & fables
.... Yet amonge so manye bookes, as are written daylie of
amonge women, of Caunterbury, or courser tales, with diuers
iestes, & vaine deuises: in earnest; there is least labour layd
on that arte, wheareby kinges rule....",
part1_p116_a2,Vol.1,Part I,p116,1578.,"P[rocter], T[homas].","In the prayse of the rare beauty, and manifolde vertues of Mistres D. as followeth","in A gorgious Gallery of gallant Inuentions.... by T. P. [Thomas Procter]. Imprinted at London for Richard Iones, 1578, sign. H iiij. (Three collections of English Poetry [ed. Sir H. Ellis], Roxb. club, 1844, sign. h iiij.)","If Chawcer yet did Iyue, whose English tongue did passe,
Who sucked dry Pernassus spring, and raste the Juice there was;
If Surrey had not scalde the height of Ioue his Throne,
Unto whose head a pillow softe became Mount Helycon:
They with their Muses, could not haue pronounst the fame,
Of D. faire Dame, lo, a staming stock, the cheefe of natures
frame.",[The Roxburgh edition was printed from a copy at Northumberland House. There is also one in the Bodleian library.]
part1_p116_a3,Vol.1,Part I,p116,1578.,"Whetstone, George.",The Right Excellent and famous Historye of Promos and Cassandra.,"[col.] Imprinted at London by Richarde Ihones.... August 20, 1578. Part I, act i, sc. 3; sign. B iii. (Promos and Cassandra in Shakespeare’s library, ed. J. P. Collier [1843], p. 215.)","La[mia]. . . . . . .
And can then the force of lawe, or death, thy minde of loue
bereaue?
In good faith, no: the wight that once hath tast the fruits of
loue,
Untill hir dying daye will long, Sir Chaucers iests to proue.",
part1_p116_a4,Vol.1,Part I,p116,1579.,"Fulke, W.","D. Heskins, D. Sanders, and M. Rastel accounted... three pillers and Archpatriarches of the Popish Synagoque,","etc. The Third Booke of Maister Heskins Parleament repealed, by W. Fulke, chap. 34, p. 422.","To shutt vp this Chapter, he flappeth vs in the mouth, with
S. Mathewes Masse, testified by Abdias in the diuels name, a
disciple of the Apostles (as hee [H.] saith) but one that sawe
Christ him selfe, (as M. Harding sayeth) In verie deed a lewd
counterfeter of more then Caunterburie tales.",
part1_p117_a1,Vol.1,Part I,p117,1579.,"Lodge, Thomas.","A Reply to Stephen Gosson's Schole of abuse. In Defence of Poetry, Musick, and Stage Plays.","Bodl. Malone,Adds. 896, sign. a 6, pp. 1-48. (Works of Lodge [ed. E. W. Gosse], Hunt, club, 1883, vol. i, p. 15.)","Chaucer in pleasant vain can rebuke sin vncontrold; &
though he be lauish in the letter his sence is serious.",
part1_p117_a2,Vol.1,Part I,p117-118,1579.,"K[irke], E[dward].","Letter to Gabriel Harvey,","prefixed to Shepheards Calender. Also Notes to Shepheards Calender: Februarie, ff. 7-7b; March, fol. 10b; Maye, ff. 21 b, 22; June, fol. 25 b; Julye, fol. 30 b; September, ff. 39, 39b; Nouember, fol. 48; December, fol 51. (Works of Spenser, ed. A. B. Grosart, 1882-4, vol. ii, 1882, pp. 19, 20, 72, 74, 90, 142, 144, 147, 163, 185, 221, 223, 270, 282. Works, Globe edn., ed. R. Morris, pp. 44I, 450, 451, 453, 462, 463, 466, 469, 475, 476, 483, 485.)","[Tr. & Cr.  Vncouthe, vnkiste, sayde the olde famous Poete Chaucer,
bk. i,
l. 809.] whom for his excellencie and wonderfull skil in making, his
scholler Lidgate, a worthy scholler of so excellent a maister,
calleth the Loadestarre of our Language [see above, 1430, Fall
of Princes, p. 37] and whom our Colin clout in his Æglogue
calleth Tityrus the God of shepheards, comparing hym to the
worthiness of the Roman Tityrus, Virgile. Which prouerbe
myne owne good friend Ma. Haruey, as in that good olde
Poete it serued well Pandares purpose for the bolstering of
his baudy brocage, so very well taketh place in this our new
Poete, who for that he is vncouthe (as said Chaucer), is
vnkiste, and vnknown to most men, is regarded but of few.
But I dout not, so soone as his name shall come into the
knowledge of men, and his worthines be sounded in the
tromp of fame, but that he shall be not onely kiste, but also
beloved of all, embraced of the most, and wondred at of
the best. [""From my lodging at London thys 10. of Aprill,
1579.""]
. . . . . . . . . . .
[.7-7 b] [Glosse to Feb.] Heardgromes. Chaucers verse almost whole.
[The whole line is:—
""So loytring liue you little heardgroomes.""]
Tityrus. I suppose he meanes Chaucer, whose prayse for
pleasaunt tales cannot dye, so long as the memorie of hys name
shal liue, and the name of Poetrie shall endure.
. . . . . . . . .
This tale of the Oake and the Brese, he telleth as learned of
Chaucer, but it is cleane in another kind and rather like to
Æsopes fables.
[fol. 25 b] [Glosse to June] Tityrus. That by Tityrus is meant
Chaucer, hath bene already sufficiently sayde; and by thys
more playne appeareth, that he sayth, he tolde merye tales.
Such as be hys Canterburie tales, whom he calleth the God of
Poetes for hys excellencie;...","[These are only specimen extracts from the Glosses, but the rest are mainly notes on words. Cf. 1595, below, p. 142, Unknown.]"
part1_p118_a1,Vol.1,Part I,p118-119,1579.,"[Spenser, Edmund.]",The Shepheardes Calender.,"Februarie, fol. iv b; June, fol. 24; December, fol. 48 b and [Envoy] fol. 52. (Works of Spenser, ed. A. B. Grosart, 1882-4, vol. ii, 1882, pp. 63, 156, 273, 289. Globe edn., ed. R. Morris, pp. 449, 464, 484, 486.)","[fol iv b]
Thenot. But shall I tel thee a tale of truth,
Which I cond of Tityrus in my youth
Keeping his sheepe on the hills of Kent
. . . . . . . .
[fol 24]
The God of shepheards Tityrus is dead,
Who taught me homely, as I can, to make.
He, whilst he lived, was the soueraigne head
Of shepheards all, that bene with loue ytake:
Well couth he wayle his Woes, and lightly slake
The flames, which loue within his heart had bredd
And tell vs mery tales, to keep vs wake,
The while our sheepe about vs safely fedde.
Nowe dead he is, and Iyeth wrapt in lead,
(O why should death on hym such outrage showe?)
And all hys passing skil with him is fledde,
The fame whereof doth dayly greater growe.
But if on me some little drops would flowe
Of that the spring was in his learned hedde
I soone would learne these woods, to wayle my woe
And teache the trees, their trickling teares to shedde.
. . . . . . . . .
[fol. 48 b] The gentle shepheard satte beside a springe
. . . . . . . . .
That Colin hight which wel could pype and singe
For he of Tityrus his songes did lere.
. . . . . . . . .
[Enuoy]
Goe Iyttle Calender, thou hast a free passeporte,
Goe but a lowly gate emongste the meaner sorte
Dare not to match thy pype with Tityrus hys style
Nor with the Pilgrim that the Ploughman playde awhyle,
But followe them farre off, and their high steppes adore
The better please, the worse despise, I aske no more.","[For the influence of Chaucer on Spenser, see specially, Observations on Spenser‘s Faery Queene, by T. Warton, 1762, sect.5; On Spenser's use of Archaisms, by G.Wagner, Halle, 1879; Quomodo Edmundus Spenserus ad Chaucerum se flugens in eclogis ‘The Shepheardes Calender' versum heroicum renovarit, by Émile Legouis, Paris, 1896; Introduction to Shepheard’s Calender, by C. H. Herford, Macmillan 1897; Studies in Chaucer, by T. R. Lounsbury, N. York, 1892, vol. iii, pp. 43-6, and an article on Daphnaïda and the Book of The Duchess by T. W. Nadal in Publns. of Mod. Lang. Assoc. of America, Dec. 1908, vol. xxiii, No. 4, pp. 646-661.]"
part1_p119_a2,Vol.1,Part I,p119,1580.,"Lyly, John.",Euphues and his England.,"Imprinted at London for Gabriell Cawood. [Unique copy in Hampstead public library.] Printed by I. R. for Gabriell Cawood, 1597, sign. F ii [earliest edn. in B. M.]. (Works of John Lyly, ed. R. Warwick Bond, 1902, vol. ii, p. 43.)","I can not tell whether it bee a Caunterbury tale, or a Fable in
Aesope....","[See also Bond's edition, biographical appendix, vol. i, p. 401, where the editor notes that the expression is used as a synonym for a fable.]"
part1_p119_a3,Vol.1,Part I,p119,1580.,"Stowe, John.",The Chronicles of England...,"[in later edns. Annales of England] p. 548, under Hen. IV. [There is no Chaucer ref. in the earlier edn., A Summarie of Englyshe Chronicles, 1565. The“Summarie abridged,' quoted above on p. 100, is a distinct work.]","1592. Annales of England, pp. 43l, 517-18. See below, p. 136.
1600. ,,       ,,   pp.437,458, 527-8. See below, p. 164.","[For the text of this reference see p. 164 below, under 1600, The Annales of England, pp. 527-8, which is to the same purport as that in this edn., only much more expanded. Below are given all the Chaucer references. Where any change was made in them in the varions edns. of this work, the text of the new edition will be found under the year in which it first appeared. In the last edn., revised by Stowe just before his death in 1605, the Chaucer references are identical with those in the 1600 edn.]"
part1_p120_a1,Vol.1,Part I,p120,1581.,"Howell, Thomas.","H. His Deuises, for his owne exercise and his Friends pleasure,","sign. B iij b. [Unique copy in the Bodl. library, Malone, 342.] (Occasional issues of unique or very rare books, ed. A. B. Grosart, 1879, vol. viii, p. 178.)","¶ Ruine the rewarde of Vice.
. . . . . . . .
Is not the pride of Helene prayse bereft?
And Cresside staynde, that Troian knight imbrased:
Whose bewties bright but darke defame hath left,
Unto them both through wanton deedes preferred.
As they by dynte of Death their dayes haue ended,
So shall your youth, your pompe, and bewties grace
When nothing else but vertue may take place.","[Howell borrows many phrases from Chaucer in the ‘Devises‘; see Walter Raleigh's introduction to Howell’s Devises, Clarendon Press, 1906, pp. xi-xiv, and see above p. 100.]"
part1_p120_a2,Vol.1,Part I,p120-121,1581.,"Lawson, John.","Lawsons Orchet, wharin thou shall fynde most pleasaunt fructe of all mannor of sortes. That is to sai, the true acte, fact, or deade, of euery Prince reininge in this lande sens yt was first inhabett, with the yeares of thaire contynuaunce: and the varieite of the opinyons of the Historiographers, newcly gathyred, and augmented, contynuinge vnto the Conquest.","to sai, the true acte, fact, or deade, of euery Prince reininge in this lande sens yt was first inhabett, with the yeares of thaire contynuaunce: and the varieite of the opinyons of the Historiographers, newcly gathyred, and augmented, contynuinge vnto the Conquest.—1581.— [Then follows a note at the foot of the page] A°. Dm. 1581, et Regin. Elizab. 23. Jho. lawson feodary in y e County of Northub: sent me this booke. [And below it in a modern hand] This is Lord Burghleigh's Handwriting. Lansdowne MSS. 208, ff. 411-411 b. (This extract is printed by S. E. Brydges in Restituta, vol. iv, 1814, p. 29.)","[A personal Address from the Author] To the Reader [at
the end of the Chronicle is followed by a kind of Dedicatory
and explanatory address.]
[fol. 411] To the right honorable lorde Burghley &c. sir William
Damsell Knight, and to all his other good maisters off the
courte of wairdes and liuereis theire humble seruaunte John
lawson, wisheethe healthe, &c.
. . . . . . . . . .
Yet not so contented for more ease to have vnderstande
Thaire travell all, whiche shynde as pearles in dede,
I tooke maister John Iydgaite strighte then in my hande,
With whome the reste of my tyme I thought to leede:
Whose wordye praise and everlastynge meade,
[fol. 411 b] Thoo he was a monnke at that Abbay late Bury,
Myghte be in equale prase with maister Chawcer truly.
I might thaire reade the greate and actyve chyuelvie;
Betwene yᵉ Troyaine knightes, and yᵉ Greekes all;
Chawcer nor Gowere was neuer of more antiquitie
In proise or miter, with theire Englisshe literall,
Thaire ortographia, stile, nor syllapes in especiall:
(Whiche Iyghtned my harte the enterpryse for to take)
Than was master Iydgaite in the verses he did make.
That tedyous tyme he haithe discouered out at lardge:
In englysshe verse, right plesaunde to the eare;
Shewinge all the Pamfylie thaire haitered and rage,
Under blossomes of rethoricke, yᵉ style it shoulde not dere:
Off whoose pretence thoo I, maisters, may not come nere:
To attempte suche eloquence in als wightye a matter;
Made me take on hande yᵉ Iyke, to followe at laser.",
part1_p121_a1,Vol.1,Part I,p121-122,[1581?],"Sidney, Sir Philip.","An Apologie for Poetrie, written by the right noble, vertuous, and learned, Sir Phillip Sidney Knight.","Printed for Henry Olney, 1595, sign. B ii b, D iiib, D iv, Giv, I iv. (English Reprints, ed. E. Arber, 1869, pp. 21, 34, 51, 62)","[sign. B So in the Italian language, the first that made it aspire
iib. p.
21]
to be a Treasure-house of Science, were the Poets Dante,
Boccace, and Petrarch. So in our English were Gouer and
Chawcer.
After whom, encouraged and delighted with theyr excellent
fore-going, others haue followed, to beautifie our mother tongue,
as wel in the same kinde as in other Arts...
. . . . . . . . . . .
[sign. D See whether wisdome and temperance in Vlisses and
iii b, P.
34]
Diomedes, valure in Achilles, friendship in Nisus, and Eurialus,
[sign. D euen to an ignoraunt man, carry not an apparent shyning: and
iv]
contrarily, the remorse of conscience in Oedipus, the soone
repenting pride in Agamemnon, the selfe-deuouring crueltie
in his Father Atreus, the violence of ambition in the two
Theban brothers, the sowre-sweetnes of reuenge in Medœa,
and to fall lower, the Terentian Gnato, and our Chaucer's
Pandar, so exprest, that we nowe vse their names to signifie
their trades. ....
. . . . . . . . . . .
[sign. G Thirdly, that it [Poetry] is the Nurse of abuse, infecting
iv, p.
51]
vs with many pestilent desires: with a Syrens swectnes,
drawing the mind to the Serpents tayle of sinfull fancy. And
heerein especially, Comedies giue the largest field to erre,
as Chaucer sayth: howe both in other nations and in ours,
before Poets did soften vs, we were full of courage, giuen to
martiall exercises; the pillers of manlyke liberty and not
lulled a sleepe in shady idlenes with Poets pastimes.
. . . . . . . . . .
[sign.I  Chaucer, vndoubtedly did excellently in hys Troylus and
iv. p.
62]
Cresseid; of whom, truly I know not, whether to meruaile
more, either that he in that mistie time could see so clearely, or
that wee in this cleare age, walke so stumblingly after him. Yet
had he great wants, fitte to be forgiuen, in so reuerent antiquity.",
part1_p122_a1,Vol.1,Part I,p122,1582.,"Humphrey, Laurence.",Iesuitismi pars prima.,"Excudebat Henricus Middletonus, impensis G B. 1582. Præfatio, sign. ¶¶¶ 7.","G. Chau-    Oxoniensis fuit Galfridus Chaucerus, propter dicendi
cerus
gratiam & libertatem quasi alter Dantes aut Petrarcha;
quos ille etiam in linguam nostram transtulit, in quibus Romana
Ecclesia tanquam sedes Antichristi describitur & ad viuum
exprimitur: Hic multis in locis Fraterculos istos, monachos,
missificos, Pontificiorum ceremonias, peregrinationes facunde
notauit verum & spiritualem Christi in Sacramento esum
agnouit, turpitudinem coactæ virginitatis perstrinxit libertatem
coniugij in Domino commendauit, vt in fabulis Monachi,
Fratris, Aratoris & in reliquis legimus.","[For the whole question of Chaucer's translation of Dante, see note above, p. 88]"
part1_p122_a2,Vol.1,Part I,p122-123,1582.,"Stanihurst, Richard.","Thee First Fo[u]re Bookes of Virgil his Æneis; Translated intoo English heroical verse, by Richard Stanyhurst: wyth oother Poëtical diuises theretoo annexed.","Imprinted at Leiden in Holland by John Pateo, MDLXXXII. Prefatory Address, signs. A ij and A iij. Epitaph vpon... Lord Girald fitz Girald, p. 106. A copy of 1st edn. is in B. M. (Ed. E. Arber, English scholars library, 1880, pp. 4, 152.)","[Prefatory address] Too Thee Right Honourable my verie
loouing Broother thee Lord Baron of Dunsanye.
But oure Virgil not content wyth such meigre stuffe, dooth
laboure, in telling, as yt were a Cantorburye tale....
Too Iyke effect Chauncer bringeth, in thee fift booke, Troilus
thus mourning.
Thee owle seke, which that hight Ascaphylo,
Hath after mee shright al theese nightes two:
And God Mercurye, now of mee woful wreche
Thee soule gyde, and when thee, yt seche. [ll. 819-22]
[Epitaph] Vpon thee Death of Thee right honourable
thee Lord Girald fitz Girald, L. Baron of Offalye [died
1580]....
O that I thy prayses could wel decipher in order,
Like Homer or Virgiil, or Geffray Chauncer in English:
Then would thy Stanyhurst in pen bee liberal holden
Thee poet is barrayn; for prayse sich matter is offred.",
part1_p123_a1,Vol.1,Part I,p123,[1582.],"Watson, Thomas.","The Εκατομπαθια, or Passionate Centurie of Loue.","Sonnet v, prose introduction. London, imprinted by John Wolfe for Gabriell Cawood.... in Paules Churchyard, sign. A 3. (Reprinted for the Spenser soc., 1869, p. 19, and in English Reprints, ed. E. Arber, 1870, p. 41.)","[Sonnet v.] All this Passion (two verses only excepted) is
wholly translated out of Petrarch where he writeth–
S’amor non è, che dunque è quel ch' isento? [Part prima,
Ma s’egli è amor, per Dio que cosa, e quale?
Sonnet 103.]
Se buona, ond' è l’effetto aspro e mortale?
Se ria, ond' è si dolce ogni tormento?
Heerein certaine contrarieties, whiche are incident to him
that loueth extreemelye, are liuely expressed by a Metaphore.
And it may be noted that the Author, in his first halfe verse
of this translation varieth from that sense, which Chawcer
vseth in translating that selfe same: which he doth vpon no
other warrant then his owne simple priuate opinion, which yet
he will not greatly stand vpon.
If 't bee not loue I feele, what is it then?
If loue it bee, what kind a thing is loue?
If good, how chance he hurtes so many men?
If badd, how happ's that none his hurtes disproue","[Chaucer's version: If no love is, O god, what fele I so? And if love is, what thing and whiche is he? If love be good, from whennes comth my wo? If it be wikke, a wonder thinketh me, Vhen every torment and adversitee That cometh of him, may to me savory thinke; For ay thurst I, the more that I it drinke. Troilus and Criseyde, Bk. i, ll. 400-6.]"
part1_p124_a1,Vol.1,Part I,p124,1583.,"Babington, Gervase (Bp. of Worcester).","A very fruitfull Exposition of the Commaundements,","pp. 412-13 Ibid 1637, p. 78, [in] The Works of... Babington, 1637 (separate pagination for each work.) [In Philip Stubbes Anatomy of Abuses, ed. F. J. Furnivall, New Shakspere soc., 1877-9, pp. 89*-90*, the editor quotes Babington's reference to Chaucer's Pardoneres Tale against the sin of gaming.]",".... Olde Chaucer so long agoe set his sentence downe
against this exercise, and spares not to display the vertues of
it in this maner:
[Here follows the Pardoneres Tale, ll. 591-602, 627-8.]",
part1_p124_a2,Vol.1,Part I,p124,[a. 1584.,"Montgomerie, Alexander.]",The Flytting betwixt Montgomerie and Polwart.,"Newlie corected and ammended, Edinburgh 1629, sign. A. 3, A 4. (Montgomerie’s Poems, ed. J. Cranstoun, 1887, Scottish Text soc., pp. 63-5. See also ibid., introduction, pp. liii-iv, and Cranstoun’s article in D. N. B.)","Montgomerie to Polwart.
[l.112] Thy scrowes obscure are borrowed fra some buik,
Fra Lindsay thou tuik thou’rt Chaucers Cuike.
. . . . . . . . .
Polwart to Montgomerie.
[l.165] Also I may bee Chaucers man
And ȝet thy master not the lesse...","[The Flytting was first published in 1621, and the only copy known was in the Harleian library at its dispersal, but all trace of it has since been lost. A portion of the poem was quoted in King James's Reulis and Cautelis of Scottis Poesie in 1584, hence it must have been written before that date. Cf. above, p. 97, 1562, Alex. Scott.]"
part1_p124_a3,Vol.1,Part I,p124,1584.,"James VI, King.",Ane schort Treatise conteining some revlis and Cautelis to be obseruit and eschewit in Scottis Poesie,"[in] The Essayes of a Prentise, in the Divine Art of Poesie, 1584. Edinb. library D. e. 2. 57 [the Treatise begins at sign. K]. (Elizabethan Critical Essays, ed. G. Gregory Smith, 1904, vol. i, p. 222, and note pp. 406-7.)","For tragicall materis, complaintis, or testamentis, vse this
kynde of verse following, callit Troilus verse, as
To thee, Echo, and thow to me agane
In the desert, amangs the wods and wells.
[From 'Echo' by A. Montgomerie.]",
part1_p124_a4,Vol.1,Part I,p124-125,1584.,"Scot, Reginald.",The discouerie of witchcraft.,"Book 4, chap. 12, p. 88, book 14, chaps. 1, 2 and 3, pp. 353-69. (Reprint of 1st edn. 1584; ed. Brinsley Nicholson, 1886, pp. 69-70, 294-99.)","The censure of G. Chaucer, vpon the knauerie of Incubus.
The twelfe Chapter.
Now will I (after all this long discourse of abhominable
cloked knaueries) here conclude with certeine of G. Chaucers
verses, who as he smelt out the absurdities of poperie so found
he the priests knauerie in this matter of Incubus and (as the
time would suffer him) he derided their follie and falshood in
this wise:
For now the great charitie and praiers
. . . . . . .
There nis none other Incubus but hee, &c.
Geffr. Chau, in the beginning of the Wife of Baths tale. [ll. 865- 880]
. . . . . . . . . . .
[p. 858] Of the art of Alcumystrie...
Here I thought it not impertinent to saie somewhat of the
art.. of Alcumystrie...; which Chaucer, of all other men,
most liuelie deciphereth...[In this, and the following two
chapters there are several quotations from the Chanon
Yeoman's Prologue, as well as a prose summary of the tale.]",
part1_p125_a1,Vol.1,Part I,p125-126,[1584-88.],"Puttenham, George.","The Arte of English Poesie,","1589, pp. 11, 48-50, 54, 62, 71-3, 120, 177, 187-8, 200. (English Reprints, ed. E. Arber, 1869, pp. 32, 74-6, 80, 89, 99, 101-2, 157, 221, 232, 246; see also Elizabethan Critical Essays, ed. G. Gregory Smith, 1904, vol. ii, pp. 17, 62-4, 68, 79, 89, 92-3, 150; the two last references are omitted in this edn.)","And in her Maiesties time that now is are sprong vp
an other crew of Courtly makers, Noble men and Gentlemen
of her Maiesties owne seruauntes, who haue written excellently
vell..., of which number is first that noble Gentleman,
Edward, Earle of Oxford. Thomas, Lord of Bukhurst, when
he was young, Henry, Lord Paget, Sir Philip Sydney, Sir
Walter Rawleigh, Master Edward Dyar, Maister Fulke
Greuell, Gascon, Britton, Turberuille, and a great many other
learned Gentlemen. .... But of them all particularly this is
myne opinion, that Chaucer, with Gower, Lidgat and Harding
for their antiquitie ought to haue the first place, and Chaucer
as the most renowmed of them all, for the much learning
appeareth to be in him aboue any of the rest. And though
many of his bookes be but bare translations out of the Latin
and French, yet are they wel handled, as his bookes of Troilus
[p. 50] and Cresseid, and the Romant of the Rose, whereof he trans-
lated but one halfe, the deuice was Iohn de Mehunes, a French
Poet, (the Canterbury Tales were Chaucers owne inuention
as I suppose, and where he sheweth more the naturall of his
pleasant wit, than in any other of his workes, his similitudes,
comparisons, and all other descriptions are such as can not be
amended. His mestre Heroicall of Troilus and Cresseid is very
graue and stately, keeping the staffe of seuen, and the verse of
ten, his other verses of the Canterbury tales be but riding
ryme, neuerthelesse very well becomming the matter of that
pleasaunt pilgrimage in which euery mans part is played with
much decency. . . . . . . . .
[p. 62] But our auncient rymers, as Chaucer, Lydgate, and others,
vsed these Cesures either very seldome, or not at all, or
else very licentiously, and many times made their mestres
(they called them riding ryme) of such vnshapely wordes as
would allow no conuenient Cesure, and therefore did let their
rymes runne out at length, and neuer stayd till they came to
the end. . . . . . . . . .
[p. 120] Our maker therfore at these dayes shall not follow
Piers plowman, nor Gouer, nor Lydgate, nor yet Chaucer, for
their language is now out of vse with vs.","[These are the three longest references to Chaucer, the other allusions are generally to his verse; or quotations. Puttenham mentions Troilus and Criseyde four times, the C. Tales three times, and the Rom. of the Rose and Clerkes Tale once cach. One of the allusions to Chaucer's Cresseida' however (Arber's reprint, p. 221), and the quotation which follows, really refers to Henryson's Complaint of Cresseid, 1475, and the quotation is from the opening lines of that poem.]"
part1_p126_a1,Vol.1,Part I,p126,[c. 1585.],"Lambarde, William.",Dictionarium Angliæ Topographicum de Historicum:,"An Alphabetical Description of the Chief Places in England and Wales.... now first published from a Manuscript under the Author’s own Hand. London, MDCCXXX, pp. 390-1.","1402,
In the South Part of this Churche [Westminster Abbey]
Eulogium,
Bale Cent. Iyeth Geffrey Chaucer, whose Tombe was re-edified in my
Memorie by Mr Brigham, and of whome Leland sometyme
made this Epitaphe
Prœdicat algerum merita florentia Dantem
. . . . . . . .
Cui veneres debet patria lingua suas
[See below, App. A, c. 1545, Leland.]
... And lastly, not farre from Chaucer Iyeth Robert Halle,
slayne by the Lord Latymer, as he kneled at Masse, upon a
Strife growen betwene theim in Fraunce, for the takinge of
a Prisonner: Thus muche of the Buryed.","[This work was probably written in 1585, as in that year, Lambarde wrote to Camden saying that he must give up his own work in favour of Camden's; see Camdeni et illustrium virorum epistolae, scriptore Thoma Smitho, 1691, pp.28-30. See also below, p. 191, 1615, V[allans] W., The Honourable Prentise.]"
part1_p127_a1,Vol.1,Part I,p127-128,[c. 1585.],"Harvey, Gabriel.","MS. notes in Gabriel Harvey's handwriting,","prefixed to his copy of The Surueye of the World, by Dionise Alexandrine; englished by T. Twine, 1572. (Gabriel Harvey’s Marginalia, ed. G. C. Moore Smith, Stratford-upon-Avon, 1913, pp. 159-161, 162.)","[These MS. notes deal with astronomy in connexion with Poets, notably Chaucer,
Lydgate and Spenser, but they refer also to foreign writers, and contemporary
Englishmen. They aro pref̂xed to a collection of small Books of Travel bound
together, one of them [The Trauailer, by Ierome Turler] presented by Spenser to
Gabriel Harvey, 1578, most of them having Harvey's name on the title pages. These
books are in the possession of Prof. I. Gollancz.]
Notable Astronomical descriptions in Chawcer, and Lidgate;
fine artists in manie kinds, and much better learned than owre
moderne poets.
Chawcers conclusions of the Astrolabie, still excellent and
vnempeachable: especially for the Horizon of Oxford. A
worthie man, that initiated his little sonne Lewis with such
cunning and subtill conclusions: as sensibly and plainly
expressed as he cowld deuise. ... In the Squiers tale. In the
tale of the Nonnes preist. In the beginning of the seconde
booke of Troilus.
The Description of the Spring, in the beginning of the
prologues of Chawcers Canterburie tales.
In the beginning of the Complaint of the Black Knight. In
the beginning of the flo[wre] and the leafe.
In the beginning of Lidgats Storie of Thebes. In the
romant of the Rose: 122.6. In the beginning of the testament
of Creseide, a winterlie springe.
. . . . . . . . . . .
The description of Winter, in the Frankleins tale. In the
beginning of the flowre of Courtesie: made bie Lidgate.
In the beginning of the assemblie of Ladies. In a ballad 343.
The description of the hower of the day: in the Man of
Lawes prologue. In the tale of the Nonnes preist. In the
parsons prologue.
Notable descriptions, and not anie so artificial in Latin, or
Greek.
Eccè etiam personarum rerumque Iconismi.
The artificial description of a cunning man, or Magician,
or Astrologer, in the Franklins tale.
Two cristall stones artificially sett in the botom of the fresh
well : in the romant of the Rose, 123. The Natiuitie of
Hypermestre: in her Legend.
Fowre presents of miraculous vertu: An horse, & a sword;
a glasse & a ring : in the Squiers tale.
The Natiuitie of Oedipus, artificially calculated in the first
part of Lidgats storie of Thebes: bie the cunningest
Astronomers, and philosophers of Thebes.
The discouerie of the counterfait Alchymist, in the tale of
the Chanons Yeman.
Other commend Chawcer, & Lidgate for their witt, pleasant
veine, varietie of poetical discourse, & all humanitie: I
specially note their Astronomie, philosophie, and other parts of
profound or cunning art. Wherein few of their time were
more exactly learned. It is not sufficient for poets to be
superficial humanists : but they must be exquisite artists, and
curious uniuersal schollers.
. . . . . . . . . . .
Saepe miratus sum, Chancerum, et Lidgatum tantos fuisse in
diebus illis astronomos.",
part1_p128_a1,Vol.1,Part I,p128,[1585-1590?],"Harvey, Gabriel.",MS. notes in The Mathematical Iewel.,"See below, App. A.",,
part1_p128_a3,Vol.1,Part I,p128-129,1586.,"Camden, William.","Britannia Authore Guilielmo Camdeno,","p. 199. First printed 1586. (Trans, ed. and enlarged by Richard Gough, 1789, vol. i, p. 286.)","Dobuni, Oxfordshire... Oppidum ipsum [Woodstock] cùm
nihil habeat quod ostentet. Homerum nostrum Anglicum
Galfredum Chaucerum alumnum suum fuisse gloriatur. De
quo & nostris Poetis Anglicis illud verè asseram, quod de
Homero, & Græcis eruditus ille Italus dixit:
Hic ille est, cuius de gurgite sacro
Combibit arcanos vatum omnis turba furores.
Ille enim extra omnem ingenij aleam positus, & Poetastras
nostros longo pòst se interuallo relinquens.
–jam monte potitus
Ridet anhelantem dura ad fastigia turbam.","[For reference in later edn. see below, pp. 162-3, 1600.]"
part1_p129_a1,Vol.1,Part I,p129,1586.,"Ferne, Sir John.","The Blazon of Gentrie,","etc., p. 202.","The bearer heereof [= Arms of Pressignie], ne none of
his name be English: but bycause it is a french coate I will
give it you in french blazonne: .... But if you would
blaze in french of Stratford at Bow, say, that Pressignie
beareth barrewaies sixe peces, per pale counterchanged in
chief. . . . .","[Allusion to Prologue C. Tales, ll. 124-5?]"
part1_p129_a2,Vol.1,Part I,p129-130,1586.,"Webbe, William.","A Discourse of English Poetrie,","[only two copies known, of which one is among the Malone books in the Bodl, libraryl, sign. C ii b, C iii, D iii, E iiii. (English Reprints, ed. E. Arber, 1871, pp. 31-2, 41, 52; Elizabethan Critical Essays, ed. G. Gregory Smith, 1904, vol. i, pp. 241, 251, 263.)","[sign. C ii b,   The first of our English Poets that I haue heard of was Iohn
Ciii]
Gower... his freend Chawcer.. speaketh of him often¬
times in diuers places of hys workes. Chawcer, who for that
excellent fame which hee obtayned in his Poetry, was alwayes
accounted the God of English Poets (such a tytle for honours
sake hath beene giuen him),. . . hath left many workes, both
for delight and profitable knowledge, farre exceeding any other
that as yet euer since hys time directed theyr studies that way.
Though the manner of hys stile may seeme blunte and course
to many fine English eares at these dayes, yet in trueth, if it
be equally pondered, and with good judgment aduised, and
confirmed with the time wherein he wrote, a man shall per¬
ceiue thereby euen a true picture or perfect shape of a right
Poet. He by his delightsome vayne, so gulled the eares of
men with his deuises, that, although corruption bare such
sway in most matters, that learning and truth might skant bee
admitted to shewe it selfe, yet without controllment, myght
hee gyrde at the vices and abuses of all states, and gawle with
very sharpe and eger inuentions, which he did so learnedly
and pleasantly, that none therefore would call him into
question. For such was his bolde spyrit, that what enormities
he saw in any, he would not spare to pay them home, eyther
in playne words, or els in some prety and pleasant couert,
that the simplest might espy him.
. . . . . . . . . . .
[sign. D iii]
Let thinges that are faigned for pleasures sake haue a neer
resemblance of the truth. This precept may you perceiue to
bee most duelie obserued of Chawcer: for who could with
more delight prescribe such wholsome counsaile and sage
aduise, where he seemeth onelie to respect the profitte of his
lessons and instructions? or who coulde with greater wisedome,
or more pithie skill, vnfold such pleasant and delightsome
matters of mirth, as though they respected nothing but the
telling of a merry tale? so that this is the very grounde of
right poetrie, to give profitable counsaile, yet so as it must be
mingled with delight.",
part1_p130_a1,Vol.1,Part I,p130,1587.,"Churchyard, Thomas.",The Worthiness of Wales.,"An Introduction for Breaknoke Shiere, sign. H 1 b. (Reprint of edn. of 1587, Spenser soc., 1876, p. 62.)","If Ouids skill I had, or could like Homer write,
Or Dant would make thy muses glad, to please yᵉ worlds delite,
Or Chawser lent me in these daies, some of his learned tales,
As Petrarke did his Lawra praise, so would I speake of Wales.",
part1_p130_a2,Vol.1,Part I,p130,1588.,"Fraunce, Abraham.",The Lawiers Logike...,"Imprinted by W. How, 1588, fol. 27.","The like absurditie would it bee for a man of our age to
affectate such wordes as were quite worne out at heeles and
elbowes long before the natiuitie of Geffrey Chawcer.",
part1_p130_a3,Vol.1,Part I,p130,1589.,"Greene, Robert.","Menaphon,","sign. F 2 b. (Greene’s Works, ed. A. B. Grosart, Huth library, 1881-6, vol. vi, 1881-3, p. 86.)","The Reports of the Shepheards.
Whosoeuer Samela descanted of that loue, tolde you a
Canterbury tale.",
part1_p130_a4,Vol.1,Part I,p130-131,1589.,"[Nashe, Thomas.]",To the Gentlemen Students of both Vniuersities.,"Introduction to Greene’s Menaphon, sign. A 2. (Ed. E. Arber, 1895, pp. 15, 16. Works of Thomas Nashe, ed. R. B. McKerrow, 1904-5, vol, iii, 1905, p. 322.)","... Tut saies our English Italians, the finest witts our
Climate sends foorth, are but drie braind doltes, in comparison
of other countries: whome if you interrupt with redde rationem,
they will tell you of Petrache, Tasso, Celiano, with an infinite
number of others; to whome if I should oppose Chaucer,
Lidgate, Gower, with such like, that liued vnder the tirranie of
ignorance, I do think their best louers, would bee much dis¬
contented, with the collation of contraries, if I should write
ouer al their heads, Haile fellow well met–One thing I am
sure of, that each of these three, haue vaunted their meeters,
with as much admiration in English as euer the proudest
Ariosto did his verse in Italian.",
part1_p131_a1,Vol.1,Part I,p131,[1589-90?,"Shakespeare, William?]","Titus Andronicus,","II, i, 126-7.","The emperor's court is like the house of Fame,
The palace full of tongues, of eyes and ears.","[This is almost certainly a reference to Chaucer's House of Fame. It is true that there is a description of Fama’s abode in Ovid (Metam. xii, 39-64), but the expression 'house of fame' is not in Golding's translation. Moreover, the idea of the many tongues, eyes, and ears, is derived, if not direct from Virgil (Aen. iv, 178-83), from the close imitation by Chaucer, whose Fame had 'as fele eyen... As fetheres upon foules be' ... and 'also fele up-stonding eres And tonges' (H. of F. III, 291-2, 299-300). There may be a debt to Peele's Honour of the Garter, 1593, which would affect the question of the date of Titus. With regard to Shakespeare's authorship of the play, see Dr. M. M. Arnold Schröer, Über Titus Andronicus, Marburg 1891, Fleay’s Shakespeare Manual, 1876, p. 44, and H. B. Wheatley in New Shakespere Soc. Transactions, 1874, pp. 126-9. For other possible Chaucer references in Shakespeare, and his indebtedness to Chaucer and knowledge of him, see below, Appendix A, 1589, Shakespeare.]"
part1_p131_a2,Vol.1,Part I,p131,1590.,"Greene, R[obert].","Greenes Mourning Garment,","1616, sign. B 3, Huth library. (Greene’s Works, ed. A. B. Grosart, 1881-6, vol. ix, 1881-3, pp. 130-1.) [Published originally in 1590, but no copy of this edn. is known; the only edn. that we have been able to trace is one of 1616.]","The description of the youngest sonne.
Philador..... was courteous to salute all, counting it
commendable prodigality that grew from the Bonnet and the
Tongue, alluding to this olde verse of Chaucer.
Mickle grace winnes he
Thats franke of bonnet, tongue and knee.",
part1_p131_a3,Vol.1,Part I,p131,1590.,"Greene, Rob[ert].",The Royal Exchange. Contayning Sundry Aphorismes of Phylosophie.,"At London, printed by I. Charlewood .. 1590. [Unique copy Chetham library.] (Greene’s Works, ed. A. B. Grosart, Huth library, 1881-6, vol. viii, 1881-3, p. 321.)","Olde men, (saith Sir Ieffrie Chaucer), are then in their
right vaine, when they haue In diebus illis, in theyr mouth;
telling what passed long agoe, what warres they haue seene,
what charitie, what cheapeness of victuals, alwaies blaming
the time present, though neuer so fruitful.","[This is not in Chaucer, but see the description of Gower and Chaucer in Greene's Vision, 1592, xil, p. 209, ‘In diebus illis,’ hung upon their garments.’]"
part1_p131_a4,Vol.1,Part I,p131-132,1590.,Unknown.,"The Cobler of Caunterburie, or An inuective against Tarltons Newes out of Purgatorie.","At London, printed by Robert Robinson, 1590.—[2nd edn.] London, Printed by Nicholas Okes for Nathaniel Butter, 1608, sign. A 3 b,B 1 b, K 1 b. (Ed. Frederic Ouvry, 1862, pp. 2, 3, 6, 76.)","... to my booke, wherein are contained the tales that
were told in the Barge betweene Billingsgate and Grauesend:
imitating herein old father Chaucer, who with the like Method
set out his Canterbury tales: but as there must be admitted
no compare betweene a cup of Darby ale, and a dish of durtie
water : So sir Ieffery Chaucer is so high aboue my reach, that
I take Noli altum sapere for a warning; and onely looke at
him with honour and reuerence ....
. . . . . . . . . . .
[sign. B I b ... what say you to old father Chaucer? how like you
of his Canterburie tales? are they not pleasant to delight,
and wittie to instruct, and full of conceited learning to shewe
the excellency of his wit? All men commend Chaucer as
the father of English Poets, and said that he shot a shoote
which many have aymed at, but neuer reacht too....
. . . . . . . . . . .
[sign. K l b] Gentlemen... at the motion of the Cobler, wee haue
imitated old Father Chaucer, hauing in our little Barge, as
he had in his trauell sundry tales....","[Of this work, the author of Greene's Vision [1592, below, pp. 137-8] says, ""But now of late there came foorth a booke called the Cobler of Canterburie, a merrie worke, and made by some madde fellow, conteining plesant tales, a little tainted with scurilitie, such reuerend Chawcer as your selfe set foorth in your iourney to Canterbury."" Greene's Works, ed. A. B. Grosart, vol. xii, 1881-3, pp. 212-3. A copy of the first edn. of the Cobler is in the Bodl. library. The references are to the second edn., which is in the B. M., and varies from the first only very slightly. Cf. 1630, The Tincker of Turvey, p. 203, below.]"
part1_p132_a1,Vol.1,Part I,p132,[c. 1590.],Unknown.,Marginal note,"in MS. Addit. 24,663, fol. 1.","When Faythe fayleth in prestes sawes
wrytten by
. . . . . . .
Jefferae Chawser
be put to grett confusion.","[From sayings printed by Caxton, see above, p. 113, 1576, Meredith Hanmer.]"
part1_p132_a2,Vol.1,Part I,p132-133,1590-6.,"Spenser, Edmund.","The Faerie Queene.... 1590. The second part of the Faerie Queene, containing the fourth, fifth, and sixth bookes,","1596; book iv, canto 2, p. 28 [should be p. 30). Two cantos of Mutabilitie [i. e. part of book 7, first printed in] The Faerie Queene, 1609, book vii, canto 7, p. 359. Cf. also book i, canto 1, p. 5 [catalogue of the trees], with the Parliament of Foules, ll., 176, etc. (Works of Spenser, ed. A. B. Grosart, 1882-4, vols. vii, pp. 70-1; viii, p. 296. Globe edn., ed. R. Morris, 1869, pp. 239, 430.)","[The Squire brings word to Sir Blandamour and Sir Paridell
that two knights and two ladies they have overtaken are:]
[Book IV,
Two of the prowest Knights in Faery lond;
canto 2
xxxi]
And those two Ladies their two louers deare,
Couragious Cambell, and stout Triamond,
With Canacee and Cambine linckt in louely bond.
Whylome as antique stories tellen vs,
Those two were foes the fellonest on ground,
And battell made the dreddest daungerous
That euer shrilling trumpet did resound;
Though now their acts be no where to be found,
As that renowmed Poet them compyled,
With warlike numbers and Heroicke sound,
Dan Chaucer, well of Englishe vndefyled,
On Fames eternall beadroll worthie to be fyled.
But wicked Time that all good thoughts doth waste,
And workes of noblest wits to nought out weare,
That famous moniment hath quite defaste,
And robd the world of threasure endlesse deare,
The which mote haue enriched all vs heare.
O cursed Eld the cankerworme of writs,
How may these rimes, so rude as doth appeare,
Hope to endure, sith workes of heauenly wits
Are quite deuourd, and brought to nought by little bits?
Then pardon, O most sacred happie spirit,
That I thy labours lost may thus reuiue,
And steale from thee the meede of thy due merit,
That none durst euer whilest thou wast aliue,
And being dead in vaine yet many striue:
Ne dare I like, but through infusion sweete
Of thine owne spirit, which doth in me surviue,
I follow here the footing of thy feete,
That with thy meaning so I may the rather meete.
. . . . . . . . . .
[Book vii,  So heard it is for any liuing wight,
canto 7,
st. ix]
All her [Dame Nature's] array and vestiments to tell
That old Dan Geffrey (in whose gentle spright
The pure well head of Poesie did dwell)
In his Foules parley durst not with it mel,
But it transferd to Alane, who he thought
Had in his Plaint of kindes describ'd it well:
Which who will read set forth so as it ought,
Go seek he out that Alane where he may be sought.",
part1_p134_a1,Vol.1,Part I,p134,1591.,"Harington, Sir John.",An Apologie of Poetrie.,"Prefixed to Orlando Furioso in English heroical verses by John Harington, sign. ¶ vii. (Ancient Critical Essays upon English Poets and Poësy, ed. Joseph Haslewood, 1811-15, vol ii, 1815, pp. 139-40.)","... me thinkes I can smile at the finesse of some that
will condemne him (i. e. Ariosto), & yet not onely allow, but
admire our Chawcer, who both in words & sence, incurreth
far more the reprehension of flat scurrilitie, as I could recite
many places, not onely in his millers tale, but in the good
wife of Bathes tale, & many more, in which onely the
decorum he keepes, is that that excuseth it, and maketh it
more tolerable.",
part1_p134_a2,Vol.1,Part I,p134,1591.,"Lyly, John.",Endimion.,"[Character of Sir Tophas, name most probably suggested by Chaucer, see Works of John Lyly, ed. R. Warwick Bond, 1902; the play is reprinted in vol. iii; cf. notes ibid., pp. 503-4.]",,
part1_p134_a4,Vol.1,Part I,p134,1591.,"Spenser, Ed[mund].",Colin Clouts Come Home Againe.,"Printed for William Ponsonbie, 1595, ll. 1-6 [dedication dated 1591]. (Works of Spenser, ed. A. B. Grosart, 1882-4, vol. iv, p. 37, Spenser's Works, Globe edn., ed. R. Morris, 1869, p. 549.)","The shepheards boy (best knowen by that name)
That after Tityrus first sung his lay,
Laies of sweet loue, without rebuke or blame,
Sate (as his custome was) vpon a day,
Charming his oaten pipe vnto his peres,
The shepheard swaines that did about him play.",
part1_p134_a5,Vol.1,Part I,p134-135,1592.,"[Harvey, Gabriel.]","Foure Letters, and certaine Sonnets, especially touching Robert Greene. ...","The Second Letter. To my louing frend, Maister Christopher Bird of Walden, pp. 7, 73. (Works of G. Harvey, ed. A. B. Grosart, Huth library, 1884, vol. i, pp. 165, 252.)","... if mother Hubbard in the vaine of Chaucer, happen
to tel one Canicular tale; father Elderton, and his sonne
Greene, in the vaine of Skelton or Scoggin, will counterfeit an
hundred dogged Fables, Libles....
. . . . . . . . . . .
Sonnet xxii.
L'enuoy: or an Answere to the Gentleman, that drunke to
Chaucer, vpon view of the former Sonnets, and other Cantos,
in honour of certaine Braue men.
Some Tales to tell, would I a Chaucer were:
Yet would I not euen-now an Homer be
Though Spencer me hath often Homer term’d;
And Monsieur Bodine vow'd as much as he,
Enuy, and Zoilus, two busy wightes,
No petty shade of Homer can appeere,
But he the Diuell, and she his Dam display:
[p. 74] And Furies fell annoy sweete Muses cheere,
Nor Martins I, nor Counter-martins squibb:
Enough a doo, to cleere my simple selfe;
Momus gainst Heauen; and Zoilus gainst Earth,
A Quipp for Gibeline; and whip for Guelph.
Or purge this humour; or woe-worth the State,
That long endures the one, or other mate.",
part1_p135_a1,Vol.1,Part I,p135-136,1592.,"Nashe, Thomas.",Strange Newes of the intercepting of certaine Letters. ...,"by Tho. Nashe, The Epistle Dedicatorie, sign. A 2, A 4, G 3, K i. (Works of Thomas Nashe, ed. R. B. Mckerrow, 1904-5, vol. i, pp. 255, 258, 299, 316-17.)","To the most copious Carminist of our time, &c.
[sign. A 2] Gentle M. William,.... I am bolde in steade of new
Wine, to carowse to you a cuppe of newes: Which if your
Worship (according to your wonted Chaucerisme) shall accept
in good part, Ill bee your daily Orator to pray that, &c., &c.
.....
[sign. A 4] . . . . . Proceede to cherish thy surpassing carminicall arte
of memorie with full cuppes (as thow dost) let Chaucer bee
new scourd against the day of battaile, and Terence come but
in nowe and then with the snuffe of a sentence.....
. . . . . . . . . .
[sign. G 8] Homer, and Virgil, two valorous Authors, yet were they
never knighted, they wrote in Hexameter verses: Ergo,
Chaucer, and Spencer the Homer and Virgil of England, were
farre ouerseene that they wrote not all their Poems in Hexa¬
miter verses also.
. . . . . . . . . .
[sign. K1] Chaucere authoritie I am certaine, shalbe alleadgd against
mee for a many of these balductums [i. e. against coining new
and Latinised words]. Had Chaucer liu’d to this age I am
verily perswaded hee wou’d haue discarded the tone halfe of
the harsher sort of them.
They were the Oouse, which ouerflowing barbarisme, with¬
drawne to her Scottish Northren chanell, had left behind her.
Art, like yong grasse in the spring of Chaucers florishing, was
glad to peepe vp through any slime of corruption, to be behold¬
ing to she car'd not whome for apparaile, trauailing in those
colde countries.",
part1_p136_a1,Vol.1,Part I,p136,1592.,"Nashe, Thomas.","Pierce-Penilesse, his supplication to the Diuell,","sign. D 3 b. (Works of Thomas Nashe, ed. R. B. McKerrow, 1904-5, vol. i, pp. 193, 194.)","The fruits   To them that demaund what fruites the Poets of
of Poetry
our time bring forth, or wherein they are able to
proue themselues necessary to the state. Thus I answere.
First and for most, they haue cleansed our language from
barbarisme and made the vulgar sort here in London.... to
aspire to a richer puritie of speach.... What age will not
praise immortal Sir Philip Sidney.... together with Sir
english   Nicholas Bacon.... and merry sir Thomas Moore,
worke
for the chiefe pillers of our english speeche? Not so
much but Chaucers host Baly in Southworke, and his wife of
Bath he keeps such a stirre with, in his Canterbury tales, shalbe
talkt of whilst the Bath is vsde, or there be euer a badhouse
in Southwork.",
part1_p136_a2,Vol.1,Part I,p136,1592.,"Stowe, John.","The Annales of England... from the first inhabitation untill this present yeere 1592,","pp. 431, 517-8. [This is the same book as the Chronicles of England, 1580, only revised and enlarged, see above, p. 119, note under 1580, Stowe.]","Chaucer   About the same time the Eale [sic] of Salisbury,
and other
sent into   and sir Richard Anglisison a Poyton, the Byshoppe
France
of Saint Dauids, the Byshoppe of Hereford, Geffrey
Chaucer, (the famous Poet of England) and other, were sent
into Fraunce to treat a peace, or at the least a truce for two
yeere or more, but they coulde not obtayne any longer truce,
then for one moneth, which they utterly refused. Whereupon
they stayed in Fraunce about these things....","[For this journey of Chaucer's, see above, 1377, p. 5; 1410, p. 20. For the text of the 2nd reference, pp 517-18, see below, p. 164, under 1600, The Annales of England, pp. 527-8, where the reference is practically the same.]"
part1_p137_a1,Vol.1,Part I,p137,1592.,"Greene, Robert.",A Quip for an vpstart Courtier. ...,"1592, sign. D 2. (Works, ed. A. B. Grosart, Huth library, 1881-6, vol. xi, 1881-3, p. 255.)","... for the Sumner it bootes me to say little more against
him, then Chaucer did in his Canterbury tales, who said hee
was a knaue, briber, and a bawd : but leauing that authority
although it be authenticall. . . .","[The whole substance of this pamphlet is taken from Francis Thynne's poem, Pride and Lowlines, c. 1568, and the character descriptions in both pieces are much influenced by Chaucer.]"
part1_p137_a2,Vol.1,Part I,p137-138,[1592.],Unknown.,Greenes Vision. Written at the instant of his death. Conteyning a penitent passion for the folly of his Pen. Sero sed Serio.,"sign. C 1,C 2,C 3,C 4, H 1. (Greene’s Works, ed. A. B. Grosart. Huth library, 1881-6, vol. xii, 1881-3, pp. 208-74.)","[sign. C 1] The description of sir Geffery Chawcer.
His stature was not very tall,
Leane he was, his legs were small
Hosd within a stock of red,
A buttond bonnet on his head,
From vnder which did hang I weene
Siluer haires both bright and sheene,
His beard was white, trimmed round,
His countenance blithe and merry found,
A Sleeuelesse Iacket large and wide,
With many pleights and skirts side,
Of water Chamlet did he weare,
A whittell by his belt he beare,
His shoes were corned broad before,
His Inckhorne at his side he wore,
And in his hand he bore a booke,
Thus did this auntient Poet looke.
. . . . . . .
[sign. C 2,  Graue Lawreats, the tipes of Englands excellence for Poetry,
[p. 212]
and the worlds wonders for your wits, all haile.
. . . . . . . . . . .
[sign. C 3, [Greene blames himself for the writings of his youth;
p. 215]
Chaucer answers him:] . . . If thou doubtest blame for thy
wantonnes, let my selfe suffice for an instaunce, whose Canter¬
burie tales are broad enough before, and written homely and
pleasantly: yet who hath bin more canonised for his workes
than Sir Geffrey Chaucer?
. . . . . . . . . . .
[sign. C 4, [Gower on the contrary blames Greene.] ... Therefore
p. 218]
trust me John Gowers opinion is: thou hast applied thy wits
ill, and hast sowed chaffe and shalt reape no haruest. But my
maister Chaucer brings in his workes for an instance, that as
his, so thine shalbe famoused: no it is not a promise to con¬
clude vpon : for men honor his more for the antiquity of the
verse, the english & prose, than for any deepe loue to the
matter: for proofe marke how they weare out of vse.
. . . . . . . . . . .
[sign. H 1, [Greene’s answer to Chaucer and Gower]... Now I per¬
pp. 273-4]
ceiue Father Chawcer, that I followed too long your pleasant
vaine, in penning such Amorous workes, and that ye same that
I sought after by such trauail, was nothing but smoke.","[This has hitherto been thought not to be by Greene, but see J. Churton Collins in his edn. of The Plays and Poems of Robert Greene, Oxford, 1905, vol. i, p. 26, note, who maintains that it is by Greene, and written in 1590. See ibid., pp. 27, 28, for a full account of the contents of the pamphlet.] [As the whole pamphlet refers to the vision ot Chaucer and Gower, and to their conversation with the author, only some extracts have been given. See above, a note under 1590, Cobler of Canterburie, p. 132.]"
part1_p138_a2,Vol.1,Part I,p138-139,1593.,"Drayton, Michael.","Idea. The Shepheards Garland, fashioned in nine Eglogs.","in nine Eglogs. Imprinted at London for Thomas Woodcocke... 1593, sign. D 3-D 3 b, I 2, pp. 21-2, 60. (Poems, ed. J. P. Collier, Roxb. club, 1856, pp. 82, 114-5. Of. ibid., pp. xvii-xviii, where this copy is described; it has on the title-page the autograph of Robert, Earl of Essex, and a few MS. notes by him; the copy is now in the B. M. pr. m. C. 30, e. 21, Cf. also notes, p. 131.)","The Fourth Eglog...
Gorbo
. . . . . . .
Come sit we downe vnder this Hawthorne tree
The morrowes light shall lend us daie enough
And tell a tale of Gawen or Sir Guy
Of Robin Hood, or of good Clem a Clough
Or else some Romant vnto vs areed
Which good olde Godfrey * taught thee in thy youth
[* of MS.]
Of noble Lords and Ladies gentle deede,
Or of thy loue or of thy lasses truth
Eighth Eglog
Motto
Gorbo
Farre in the Country of Arden
There wond a knight hight Cassemen,
as bold as Isenbras,
Fell was he and eger bent,
In battell & in Tournament,
as was the good Sir Thopas
He had as antique stories tell
A daughter cleaped Dowsabelle
a mayden fayre & free","[In the Eglogs printed in Poemes lyrick and pastorall [1605-6], sign. E 8, the . . . . . . ‘Godfrey' reference is omitted; the line runs— By former Shepheards taught thee in thy youth.]"
part1_p139_a1,Vol.1,Part I,p139,[1598-1601.],"Devereux, Robert, 2nd Earl of Essex.",MS. note.,"[See above under 1593, Drayton, Michael, for notice of a copy of Drayton’s Idea, which belonged to Essex, and in which he altered ‘Godfrey’ to ‘Geffrey.’]",,
part1_p139_a2,Vol.1,Part I,p139,1593.,"Foulface, Philip, of Ale-foord, Student in good Felloship [pseud.].",Bacchus Bountie....,"by Philip Foulface, printed at London for Henry Kyrkham, 1593. (Harleian Miscell., Oldys and Park, vol. ii, 1809, p. 306. We have been unable to trace the possessor of this tract. See Hazlitt, Handbook, p. 686.)","[In the palace of Bacchus] After these againe came stumbling
in blind Homer, the Grecian poet; and with him came Aristo¬
phanes, Menander, and others; and along with these came
Virgil, Horace, Ovid, olde father Ennius, Geffery Chaucer,
Lydgate, Anthony Skelton, Will. Elderton, with infinite
mo....",
part1_p139_a3,Vol.1,Part I,p139-140,1593.,"Harvey, Gabriel.","Pierces Supererogation, or A new prayse of an Old Asse. A Preparatiue to certaine larger Discourses, intituled Nashes S. Fame,","pp. 145, 173, sign. Ff 1, 2. (Works of G. Harvey, ed. A B. Grosart, Huth library, 1884, vol. ii, pp. 228, 266, 311.)",".... and teach Chaucer to retell a Canterbury Tale.
[p. 178] Come diuine poets and sweet Oratours, the siluer stream¬
ing fountaines of flowingest witt and shiningest Art; come
Chawcer and Spencer; More and Cheeke; Ascham and
Astely; Sidney and Dier.
. . . . . . . . . .
[sign. Ff. 1-2] Errours escaped in the Printing. With certaine Addi¬
tions to be inserted.... In the Third booke, Page 205
[wrongly paged 135] insert.... that according to Chawcers
English there can be little adling, without much gabbing, that
is, small getting, without greatly lying and cogging.",
part1_p140_a1,Vol.1,Part I,p140,1598.,"Peele, George.","The Honour of the Garter, Displaied in a Poeme gratulatorie, to the worthie.... earle of Northumberland, Created Knight of that Order and install'd at Windsore. Anno Regni Elizabethæ 35.. Die Junii. 26.... Ad Mœcœnatem Prologus,","sign. A 4 b. (Peele’s Works, ed. A. H. Bullen, 1888, vol. ii, p. 319.)","Why thither [to heauen] post not all good wits from hence,
To Chaucer, Gowre, and to the fayrest Phaer
That euer ventured on great Virgils works?","[There is a good deal of reminiscence of Chaucer's Hous of Fame in the poem itself, cf. ll. 172-3.]"
part1_p140_a2,Vol.1,Part I,p140,1594.,"B., O.","Questions of profitable and pleasant concernings, talked of by two olde Seniors....","Printed by Richard Field.... 1594, sign. E 2,H 3b, I 2 b.","Their [the catholics' ] harmles desire to instruct the ignorant
.... is laid a sleepe and changed. I remember how they
dallied out the matter like Chaucers Frier at the first, vnder
pretence of spiced holinesse.
. . . . . . . . . .
[sign. H 3 b]  [A young] reueler... hieth... with his purse in
his hand ready drawne, for loosing of time, and that as
Chaucer saith, tied with a Leeke, that it may not be long
in opening.
. . . . . . . . . .
[sign. I 2 b] I beseech you sir haue you not taken this report out of
Chaucer his Ianuarie and his May. [Reference to the Merchantes Tale.]","[The dedication to. . Robert Devorax [sic, fer Devereux], Earle of Essex, is signed ""Yours [sic] honours most bounden O. B.""]"
part1_p140_a3,Vol.1,Part I,p140-141,[1594.],"Davies, Sir John.","Orchestra, or A Poeme on Dauncing . .","stanza 128 . . Printed by J. Robarts for N. Ling, 1596, sign. C.8. (Davies’ Works, ed. A. B. Grosart, Fuller's Worthies library, 1869-76, vol. i, p. 229. See also same, pp. 172-3.)","O, that I had Homer's abundant vaine,
I would hierof another Ilias make;
Or els the man of Mantua’s charmèd braine,
In whose large throat great Joue the thunder spake.
O that I could old Gefferie’s Muse awake
Or borrow Colin's fayre heroike stile,
Or smooth my rimes with Delia's servants' file.","[There is a (unique?) copy of this edn. in the Bodl. library. This verse does not occur in the 2nd edn. of 1622. The poem was entered for copyright in the Register of the Stationers' Company, under date June 25, 1594, although not published till 1596. See Notes and Queries, 3rd S. II, 1862, p. 461.]"
part1_p141_a2,Vol.1,Part I,p141,1594.,Unknown.,Palamon and Arsett.,,,"[A Play mentioned by Philip Henslowe in his diary, possibly Edward’s play, 1566 [q. v. above, p. 99]. See Henslowe’s Diary, ed. W. W. Greg, 1904, vol. i, F. 10, l. 21 (p. 19).]"
part1_p141_a3,Vol.1,Part I,p141,1595.,"Churchyard, Thomas.","A praise of poetrie,","sign. E 4 b, G 1 b, part of A Musicall Consort of Heauenly harmonie... called Churchyards Charitie. Imprinted at London, by Ar. Hatfield for William Holme, 1595, 4to. A copy was in the Huth library; the title page of A Praise of poetrie is on sign. E 3. (Reprint in Frondes Caducæ, vol. 4, Auchinleck Press, 1817, pp. 28, 38.)","Goore, Chaucer  In England liued three great men
and the noble
earle of Surry
Did Poetrie aduance
And all they with the gift of pen
Gaue glorious world a glance
. . . . . . .
Our age and former fathers daies
(Leaue Goore and Chauser out)
Hath brought foorth heere but few to praise
Search all our soyle about.",
part1_p141_a4,Vol.1,Part I,p141-142,1595.,"C[ovell], W[illiam].","Polimanteia, or The meanes lawfull and vnlawfull, to iudge of the fall of a common-wealth..... Whereunto is added, A letter from England to her three daughters, Cambridge, Oxford, Innes of Court...","sign. R 2 b-R 3 b. (Elizabethan England, ed. A. B. Grosart, Occasional issues of unique or rare books, vol. xv, 1881, p. 45.)","Oxford, thow maist extoll thy courte-deare-verse happie
Daniell, whose sweete refined muse... were sufficient
amongst men, to gaine pardon of the sinne to Rosemond....
Register your children's petegree in Fames forehead, so may
you fill volumes with Chauser's praise, with Lydgate, the
Scottish Knight, and such like, whose vnrefined tongues farre
shorte of the excellencie of this age, wrote simplie and purelie
as the times weare. And when base and iniurious trades
.... shall haue deuoured them.... yet that then such
(if you thinke them worthie)...... may liue by your
meanes, canonized in learnings catalogue.","[This book was formerly attributed to William Clerke, but in a copy which belonged to Prot Dowden, the dedication is signed William Covell, see Athenæum, July 14, 1906, p. 44, col. i.]"
part1_p142_a1,Vol.1,Part I,p142,1595.,"P[eele], G[eorge].",The Old Wiues Tale...,"Written by G. P., sign. E 1 b (ed. F. B. Gummere, in Representative English Comedies, ed. C. M. Gayley, vol i, 1903, p. 374 and note. Works of G. Peele, ed. A. H. Bullen, English dramatists, 1888, vol. i, p. 334).","Huan[ebango] Ile nowe set my countenance and to hir in
prose; it may be this rim ram ruffe is too rude an incounter.
[Prol. Persones Tale, l. 43.]","[Cf. above, pp. 110-1, 1575, Gascoigne.]"
part1_p142_a3,Vol.1,Part I,p142-143,[1595-6?],"C[arew], R[ichard].","The Excellencie of the English tongue,","by R. C. of Anthony Esquire to W. C. Inserted by William Camden in the 2nd edn. of his Remaines concerning Britaine, 1614, pp. 43-4. (Elizabethan Critical Essays, ed. G. Gregory Smith, 1904, vol. ii, p. 293).","Adde hereunto, that whatsoeuer grace any other language
carrieth in verse or Prose, in Tropes or Metaphores, in Ecchoes
and Agnominations, they may all bee liuely and exactly
represented in ours : will you haue Platoes veine? reade Sir
Thomas Smith, the Ionicke? Sir Thomas Moore. Ciceroes?
Ascham, Varro, Chaucer, Demosthenes? Sir John Cheeks (who
in his treatise to the Rebels, hath comprised all the figures of
Rhetorick). Will you reade Virgill? take the Earle of Surrey,
Catullus? Shakespheare and Marlows [printed Barlows] frag¬
ment, Ovid? Daniell, Lucan? Spencer, Martial? Sir John
Davies and others: will you have all in all for Prose and
verse? Take the miracle of our age, Sir Philip Sidney.",
part1_p143_a1,Vol.1,Part I,p143,[a. 1596?],"Peele, George.","The Tale of Troy,","by G. Peele, M. of Arts in Oxford, 1598. Printed by A. H. 1604, ll. 281-87. (Peele's Works, ed. A. H. Bullen, 1888, vol. ii, p. 255. See also same, p. [235]. Introductory note to A Farewell, etc. See also A Bibliographical . account of the rarest books in the English Language by J. P. Collier, 1865, vol. ii, p. 144 et seq.)","So hardy was the true Knight Troilus,
And all for loue of the vnconstant Cressed,
T’encounter with th' unworthy Diomed,
But leaue I here of Troilus ought to say,
Whose passions for the ranging Cressida,
Read as fair England’s Chaucer doth vnfold,
Would tears exhale from eyes of iron mould.","[This reference is not in the earlier edn. of 1589, appended to Peele's Farewell to ... Sir Iohn Norris and Syr Frances Drake. This 1604 edn. is a tiny volume, one inch and a half high (48mo); a unique (?) copy exists in private hands. Peele died about 1597.]"
part1_p144_a1,Vol.1,Part I,p144,1596.,"[Harington, Sir John.]",Vlysses vpon Aiax.,"Written by Misodiaboles to his friend Philaretes, sign. E 8 b.","A pleasant wench of the country (who beside Chaucers iest,
had a great felicitie in iesting)....",
part1_p144_a2,Vol.1,Part I,p144,[1596-7.],"Shakespeare, William.","The First Part of King Henry IV,","III, iii, 57.","How now, Dame Partlet the hen!","[The allusion must clearly be to Chaucer’s Nonne Preestes Tale, as he first gave the name of 'Pertelote' to the hen. In the Roman de Renart and Reinhart Fuchs, the hen’s name is 'Pinte.' See also below, App. A, 1589, Shakespeare.]"
part1_p144_a3,Vol.1,Part I,p144,1597.,"B[reton], N[icholas].",The Arbor of Amorous Devices.—In the praise of his Mistresse.,"[Unique copy, Capell coll. Cambr.] (Breton's Works, ed. A. B. Grosart, 1879, vol. i, p. 14.)","For Venus was a toy, and onely feignèd fable
And Cresed but a Chaucers ieast, and Helen but a bable.",
part1_p144_a4,Vol.1,Part I,p144,1597.,"S., J.","The Northren Mothers Blessing. The way of Thrift, Written nine years before the death of G. Chaucer.","London, Printed by Robert Robinson for Robert Dexter, 1597. [in] Certaine Worthye Manuscript Poems of great Antiquitie Reserued long in the Studie of a Northfolke Gentleman. And now first published by J. S. Imprinted at London for R. D. 1597, sign. E 3. (Ed. H. H. Gibbs, Roxb. club, 1873, bound with The historie of the most noble knight Plasidas, p. 162 a.)",,"[There is no allusion whatever to Chaucer in the text. In the B. M. copy, sign. E 2 b, there is written in a late 17th or early 18th century hand:—""G. Chaucer was born at Woodstock in Oxfordshire in ye 14th Century, died in 1440."" Cf. The Babees Book, ed. F. J. Furnivall, E. E. T. soc., 1868, Forewords, pp. lxix-lxxi.]"
part1_p144_a5,Vol.1,Part I,p144-145,[1597.],Unknown.,The Returne from Parnassus.,"[Part I.] MS. Rawlinson D 398, act iii, sc. 1; act iv, sc. 1. (The pilgrimage to Parnassus with.... the return from Parnassus, ed. W. D. Macray, Oxford, 1886, pp. 58, 62-3. For date see ibid., p. viii; see also the 2nd part of this play under 1602, below, p. 171. The extracts are given from the modern edn.)","[Gullio wishes Ingenioso to make him verses, which he will
himself polish and correct].... make mee them in two or
three divers vayns, in Chaucer’s, Gower's, and Spencer's and
Mr Shakspeare’s. ....
[pp. 62-3] [Ingenioso brings his verses] Gull. Lett mee heare Chaucer's
vaine firste. I love antiquitie, if it be not harshe.
[Ingenioso recites three verses in close imitation of Chaucer's
Troilus and Crisyde, bk. ii, Il. 967-73, 1026-27, 1091-2,
1037-43, ending with the lines
With asse’s feet and headed like an ape
It cordeth not; soe were it but a jape.
Gullio thereupon objects to the word jape:]
Ingen. Sir, the worde as Chaucer useth it hath noe unhonest
meaninge in it, for it signifieth a jeste.
Gull. Tush! Chaucer is a foole, and you are another for
defendinge of him.
Ingen. Then you shall heare Spencers veyne.
A gentle pen rides prickinge on the plaine
. . . . . . . . .
Gull. Stay man! .... Let me heare Mr Shakspear's veyne.
Ingen. [Seven lines in imitation of Shakespeare's ‘Venus
and Adonis.’]
Gull.  .... Ey marry, Sir, these have some life in them!
Let this duncified worlde esteeme of Spencer and Chaucer, I'le
worshipp sweet Mr Shakspeare, and to honoure him will lay
his Venus and Adonis under my pillowe.","[For an account of Chaucer influence on this play, as well as on part II, 1602, see Chaucer's Einfluss auf das englische Drama, by O. Ballman, Anglia, xxv, pp. 45-8.]"
part1_p145_a1,Vol.1,Part I,p145-146,1597.,"Beaumont, Francis.",F. B. to his very louing friend T.S.,"[Letter to Thomas Speght in] The Workes of .... Chaucer [ed. T. Speght], 1598, sign. [a iii b-a v].","[sign. a iii b] I am sorrie that neither the worthinesse of Chaucers owne
praise, nor the importunate praiers of diuerse your louing
friends can yet mooue you to put into print those good
obseruations and collections you haue written of him. For as
for the obiections, that in our priuate talke you are wont to
say are commonly alledged against him, as first that many of
his wordes (as it were with ouerlong lying) are growne too
hard and vnpleasant, and next that hee is somewhat too broad
in some of his speeches, and that the worke therefore should
be the lesse gratious : these are no causes, or no sufficient
causes to withhold from Chaucer such desert of glorie, as at
your pleasure you may bestow vpon him. For first to defend
him against the first reproofe. [Beaumont shows that no man
can so write in the shifting language of every day, ] as that all
his wordes may remain currant many yeares. [This even
happens among the Latin writers themselues, when Latin was
a spoken tongue]....
But yet so pure were Chaucers wordes in his owne daies,
as Lidgate that learned man calleth him The Loadstarre of
the English language: and so good they are in our daies, as
Maister Spencer... hath adorned his owne stile with that
beauty and grauitie, which Tully speakes of : [reviving ancient
words] and his much frequenting of Chaucers antient speeches
causeth many to allow farre better of him, then otherwise they
would...
Touching the inciuilitie Chaucer is charged withall; What
Romane Poet hath lesse offended this way than hee? [Virgil
and Ovid are worse, Plautus and Terence are most to be ex¬
cused, because they observed decorum] in giuing to their
comicall persons such manner of speeches as did best fit their
dispositions. And may not the same be saied for Chaucer ?
How much had hee swarued from Decorum, if hee had made
his Miller, his Cooke, and his Carpenter, to haue told such
honest and good tales, as hee made his Knight, his Squire, his
Lawyer, and Scholler tell? ....
Chaucers deuise of his Canterburie Pilgrimage is meerely
his owne, without following the example of any that euer writ
before him. His drift is to touch all sortes of men, and to
discouer all vices of that Age, and that he doth in such sort,
as he neuer failes to hit euery marke he leuels at...
Chaucer [may] bee rightly called, The pith and sinewes of
eloquence, and the verie life it selfe of all mirth and pleasant
writing : besides one gifte hee hath aboue other Authours, and
that is, by the excellencie of his descriptions to possesse his
Readers with a stronger imagination of seeing that done before
their eyes, which they reade, than any other that euer writ in
any tongue. And here I cannot forget to remember vnto you
those auncient learned men of our time in Cambridge, whose
diligence in reading of his workes them selues, and commending
them to others of the younger sorte, did first bring you and
mee in loue with him: and one of them at that time was and
now is (as you knowe) one of the rarest Schollers of the
worlde. The same may bee saide of that worthy man for
learning, your good friend in Oxford, who with many other
of like excellent iudgement haue euer had Chaucer in most
high reputation.  ...
From Leicester the last of Iune, Anno 1597.
Your assured and euer louing friend
Francis Beaumont","[Francis Beaumont, judge, d. 1598, was the father of the dramatist; he and Speght were both at Peterhouse between 1560-70; and he prided himself on being one of those who first urged Speght to edit Chaucer. ""The rarest scholler"" alluded to is possibly Abp. John Whitgift, who was during those years Fellow of Peterhouse, Master of Trinity College, Regius Professor of Divinity, etc. We have been unable to trace the identity of ""your good friend in Oxford."" This letter, somewhat expanded, appeared again in Speght’s edn. of 1602, though Beaumont died in 1598. See below, 1683-4, pp. 256-7, where Aubrey quotes this letter.]"
part1_p147_a2,Vol.1,Part I,p147-148,1598.,"Speght, Thomas.","The Workes of our Antient and lerned English Poet, Geffrey Chaucer, newly printed.","[See also App. A, 1598.]","[On title page]
In this Impression you shall find these Additions:
1. His Portraiture and Progenie shewed.
2. His Life collected.
3. Arguments to euery Booke gathered. [For extracts, see App.
4. Old and obscure Words explaned.
A, 1598.]
5. Authors by him cited, declared.
6. Difficulties opened.
7. Two Bookes of his neuer before printed.
Londini, Impensis Geor. Bishop: Anno 1598.
[Preliminary matter]
[Dedication] To... Sir Robert Cecil, sign. [a ij.]
To the Readers, sign. [a ii b, a iii.]
F. B. to his very louing friend T. S. sign. [a iii b-a v] [Francis
Beaumont, q. v. above, under 1597, pp. 145-6.]
The Reader to Geffrey Chaucer, sign. [a v b] [signed H. B.,
see below, pp. 148-9.]
[Portrait of Chaucer after Occleve), sign. [a vi.]
The Life of our learned English Poet, Geffray Chaucer, sign.
b i-c iii b.
Arguments to euery Tale and Booke, sign. c iii-c vi b. [For
some extracts from these, see below, Appendix A, 1598.]
The Epistle of William Thinne to King Henry the eight,
sign. ¶ i-¶ ii.
A Table of all the names of the workes, contained in this
volume, sign. A ii b-A iii b.
[At end of volume],
The old and obscure words of Chaucer explaned, sign.
Aaaa i-Bbbb ii.
The French in Chaucer translated, sign. Bbbb i b-Bbbb ii.
Most of the Authours cited by G. Chaucer in his workes, by
name declared, sign. Bbbb ii and b.
Corrections of some faults and Annotations vpon some
places, sign. Bbbb iij-vij b.

[sign. a ii b-a iii]
To the Readers.
Some few yeers past, I was requested by certaine Gentlemen
my neere friends, who loued Chaucer, as he well deserueth; to
take a little pains in reuiuing the memorie of so rare a man, as
also in doing some reparations on his works, which they iudged
to be much decaied by iniurie of time, ignorance of writers, and
negligence of Printers. For whose sakes thus much was then
by me undertaken, although neuer as yet fully finished.
[Speght gives a list of the work he has done, much the same
as on title page]. As that little which then was done, was
done for those priuat friends, so was it neuer my mind that
it should be published. But so it fell out of late, that Chaucers
Works being in the Presse, and three parts thereof alreadie
printed, not only these friends did by their Letters sollicit
me, but certaine also of the best in the Companie of Stationers
hearing of these Collections, came vnto me, and for better or
worse, would have something done in this Impression. [Speght
then apologises for the faultiness of his additional matter, on
the score of its not having been originally intended for publi¬
cation, and also because he was hurried over it.].... I
earnestly entreat al to accept these my endeuours in best part,
as wel in regard of mine owne well meaning, as for the desert
of oure English Poet himselfe: who in most vnlearned times
and greatest ignorance, being much esteemed, cannot in these
our daies, wherein Learning and riper iudgement so much
flourisheth, but be had in great reuerence, vnlesse it bee of such
as for want of wit and learning, were neuer yet able to iudge
vhat wit or Learning meaneth .....","[See note under 1532, Thynne, above, p. 78, also under 1597, Beaumont, pp. 145-6. For a complete reprint of Speght's Life of Chaucer, see Chaucer, a bibliographical manual, by E. P. Hammond, N. York, 1908, pp. 19-85.]"
part1_p148_a1,Vol.1,Part I,p148-149,1598.,B. H.,The Reader to Geffrey Chaucer.,"A short poem in praise of the editor, in Speght’s first edn. of Chaucer's works, signed H. B., sign. [a v b].","The Reader to Geffrey Chaucer.
Rea[der]
Where hast thow dwelt, good Geffrey, al this while
Unknowne to vs, saue only by thy bookes?
Chau[cer]
In haulks and hernes, God wot, and in exile,
Where none vouchsaf’t to yeeld me words or lookes,
Till one which saw me there, and knew my friends,
Did bring me forth; such grace sometime God sends.
Rea.
But who is he that hath thy Books repar’d,
And added moe, whereby thow art more graced?
Chau.
The selfe same man who hath no labor spar'd,
To helpe what time and writers had defaced:
And made old words, which were vnknown of many
So plaine, that now they may be known of any.
Rea.
Well fare his heart: I loue him for thy sake,
Who for thy sake hath taken all this pains.
Chau.
Would God I knew some means amends to make,
That for his toile he might receiue some gains.
But wot ye what? I knowe his kindnesse such,
That for my good he thinks no pains too much:
And more than that; if he had knowne in time,
He would haue left no fault in prose nor rime.
H.B.",
part1_p149_a1,Vol.1,Part I,p149-155,1598.,"Thynne, Francis.",Animadversions uppon the annotaciouns and corrections of some imperfections of impressiones of Chaucer’s Workes . . .,"1598, sett downe by F. Thynne. MS. in the Bridgewater Library. (Ed. F. J. Furnivall, Chaucer soc., 1875 and 1891, pp. 4-75.)","To Master Thomas Speighte
ffrancis Thynn sendethe
greetinge
The Industrye and loue (master Speighte) whiche yoᵘ haue
vsed, and beare, vppon and to oure famous poete Geffrye
Chaucer, deseruethe bothe comendatione and furtherance: the
one to recompense your trauayle, the other to accomplyshe the
duetye, whiche we all beare (or at the leaste, yf we reuerence
lernynge or regarde the honor of oure Countrye, sholde beare)
to suche a singuler ornamente of oure tonge as the woorkes of
Chaucer are: Yet since there is nothinge so fullye perfected,
by anye one, whereine somme imperfectione maye not bee
founde, (for as the prouerbe is, ’Barnardus,’ or as others have,
’Alanus, non videt omnia,') yoᵘ must be contented to gyue me
leave, in discharge of the duetye and loue which I beare to
Chaucer, (whome I suppose I have as great intereste to adorne
withe my smale skyll as anye other hath, in regarde that the
laborious care of my father made hym most acceptable to the
worlde in correctinge and augmentinge his woorkes,) to enter
into the examinatione of this newe editione, and that the
[p. 5] rather, because yoᵘ, with Horace his verse “si quid nouisti
rectius istis, candidus imparti,"" have willed all others to
further the same, and to accepte your labors in good parte,
whiche, as I most willingly doo, so meanynge but well to the
worke, I ame to lett yoᵘ vnderstande my conceyte thereof,
whiche before this, yf yoᵘ woulde have vouchesafed my howse,
or have thoughte me worthy to have byn acqueynted with
these matters (whiche yoᵘ might well haue donne without anye
whatsoeuer dispargement [sic] to your selfe,) yoᵘ sholde haue
vnderstoode before the impressione, althoughe this whiche I
here write ys not nowe vppon selfe will or fonnd conceyte to
wrangle for one asses shadowe, or to seke a knott in a rushe,
but in frendlye sorte to bringe truthe to lighte, a thinge whiche
I wolde desire others to vse towardes mee in whatsoeuer shall
fall oute of my penne. Wherefore I will here shewe suche
thinges as, in mye opynione, may seme to be touched, not
medlinge withe the seconde editione to one inferior personne
[John Stowe’s, 1561, above, p. 96] then my fathers editione was.
Fyrste in your forespeche to the reader, yoᵘ saye ’second¬
Iy, the texte by written copies corrected' by whiche worde
’corrected,' I maye seme to gather, that yoᵘ imagine greate
imperfectione in my fathers editione, whiche peraduenture
maye move others to saye (as some vnadvisedlye have sayed)
that my father had wronged Chaucer :) Wherefore, to stoppe
that gappe, I will answere, that Chaucers woorkes have byn
sithens printed twyce, yf not thrice, and therfore by oure care¬
[p. 6] lesse (and for the most parte vnlerned) printers of Englande,
not so well performed as yt ought to bee: so that, of
necessytye, bothe in matter, myter, and meaninge, yt must
needes gather corruptione, passinge throughe so manye handes,
as the water dothe, the further it runnethe from the pure
founteyne. To enduce me and all others to iudge his editione
(whiche I thinke yoᵘ neuer sawe wholye to-gether, beinge fyrst
printed but in one coolume [sic] in a page, whereof I will speake
hereafter) was the perfectest: ys the ernest desire and loue
my father hadde to haue Chaucers Woorkes rightlye to
be published. for the performance wherof, my father not onlye
vsed the helpe of that lerned and eloquent kn[i]ghte and anti¬
quarye Sir Briane Tuke, but had also made greate serche for
copies to perfecte his woorkes, as apperethe in the ende of the
squiers tale, in his editione printed in the yere 1542; but
further had comissione to serche all the liberaries of Englande
for Chaucers Workes, so that oute of all the Abbies of this
Realme (whiche reserved anye monumentes thereof) he was
fully furnished with multitude of Bookes. emongest whiche,
one coppye of some part of his woorkes came to his handes
subscribed in diuers places withe “examinatur Chaucer."" By
this Booke, and conferringe manye of the other written copies
to-gether, he deliuered his editione, fullye corrected, as the
amendementes vnder his hande, in the fyrst printed booke that
euer was of his woorkes (beinge stamped by the fyrste impres¬
[p. 7] sione that was in England) will well declare, at what tyme he
added manye things whiche were not before printed, as yoᵘ
nowe haue donne soome, of whiche I am perswaded (and that
not withoute reasone) the originall came from mee. In whiche
his editione, beinge printed but with one coolume in a syde,
there was the pilgrymes tale, a thinge moore odious to the
[p. 8] Clergye, then the speche of the plowmanne; that pilgrimes
tale begynnynge in this sorte:
In Lincolneshyre fast by a fenne,
Standes a relligious howse who dothe
yt kenne, &c.1
[p.9] In this tale did Chaucer [that is, the unknown author] most
bitterlye enueye against the pride, state, couetousnes, and
extorcione of the Bysshoppes, their officialls, Archdeacons,
vicars generalls, comissaryes, and other officers of the spirituall
courte. The Inuentione and order whereof (as I haue herde yt
related by some, nowe of good worshippe bothe in courte and
countrye, but then my fathers clerkes,) was, that one comynge
into this relligious howse, walked vpp and doune the churche,
beholdinge goodlye pictures of Bishoppes in the windowes, at
lengthe the manne contynuynge in that contemplatione, not
knowinge what Bishoppes they were, a graue olde manne withe
[1 This appears in The Newe Courte of Venus, see above, p. 82 [1536-40?],
The Pilgrim's Tale.
a longe white hedde and berde, in a large blacke garment girded
vnto hym, came forthe and asked hym, what he iudged
of those pictures in the windowes, who sayed he knewe not
what to make of them, but that they looked Iyke vnto our
mitred Bishoppes; to whome the old father replied, “yt
is true, they are Iyke, but not the same, for our byshoppes are
farr degenerate from them,” and withe that, made a large
discourse of the Bishopps and of their courtes.
This tale, when kinge henrye the eighte had redde, he called
my father unto hym, sayinge, “William Thynne! I dobte this
will not be allowed; for I suspecte the Byshoppes will call
[p. 10] the in questione for yt"". to whome my father, beinge in great
fauore with his prince, (as manye yet lyuinge canne testyfye,)
sayed, “yf your grace be not offended, I hoope to be protected
by yoᵘ:"" wherevppon the kinge bydd hym goo his waye, and
feare not. All whiche not withstandinge, my father was
called in questione by the Byshoppes, and heaued at by
Cardinall Wolseye, his olde enymye, for manye causes, but
mostly for that my father had furthered Skelton to publishe
his ’Collen Cloute’ againste the Cardinall, the moste parte of
whiche Booke was compiled in my fathers howse at Erithe in
Kente. But for all my fathers frendes, the Cardinalls per¬
swadinge auctorytye was so greate withe the kinge, that thoughe
by the kinges fauor my father escaped bodelye daunger, yet
the Cardinall caused the kinge so muche to myslyke of that
tale, that chaucer must be newe printed, and that discourse of
the pilgrymes tale lefte oute [with regard to this supposed
cancelled edn. by Wm. Thynne, see note by Mr. Bradshaw in
Thynne's Animadversions, ed. Furnivall, pp. 75-6]; and so
beinge printed agayne, some thynges were forsed to be
omitted, and the plowmans tale (supposed, but vntrulye, to be
made by olde Sir Thomas Wyat, father to hym which was
executed in the firste yere of Quene Marye, and not by Chaucer)
with much ado permitted to passe with the reste, in suche
sorte that in one open parliamente (as I haue herde Sir Johne
Thynne reporte, beinge then a member of the howse,) when
talke was had of Bookes to be forbidden, Chaucer had there
for euer byn condempned, had yt not byn that his woorkes had
byn counted but fables. Whereunto yf yoᵘ will replye, that
[p. 11] their colde not be any suche pilgrymes tale, because Chaucer in
his prologues makethe not mentione of anye suche personne,
which he wolde haue donne yf yt had byn so: for after that
he had recyted the knighte, the squyer, the squiers yeomane,
the prioresse, her noonne, and her thre preistes, the monke, the
fryer, the marchant, the Clerke of Oxenforde, seriante at the
lawe, franckleyne, haberdassher, goldsmythe, webbe, dyer and
tapyster, Cooke, shypmane, doctor of physicke, wyfe of Bathe,
parsonne and plowmane, he sayethe at the ende of the plow¬
mans prologe,
There was also a Reue, and a millere,
A Sumpnoure, and a Pardoner,
A manciple, and myselfe; there was no mo.
All whiche make xxx persons with Chaucer: Wherefore yf
there had byn anye moore, he wolde also haue recyted them in
those verses : whereunto I answere, that in the prologes he lefte
oute somme of those whiche tolde their tales: as the chanons
yomane, because he came after that they were passed out
of theyre Inne, and did ouer-take them, as in Iyke sorte this
pilgrime did or mighte doo, and so afterwardes be one of their
companye, as was that chanons yeomane, althoughe Chaucer
talke no moore of this pilgrime in his prologe then he doothe
of the Chanons yeomane: whiche I dobt not wolde fullye
appere, yf the pilgrimes prologe and tale mighte be restored to
his former light, they being nowe looste, as manye other
of Chaucers tales were before that, as I ame induced to thinke
by manye reasons.
But to leave this, I must saye that in those many written
Bookes of Chaucer, whiche came to my fathers handes there
were manye false copyes, whiche Chaucer shewethe in writinge
of Adam Scriuener (as yoᵘ haue noted): of whiche written
[p.12] copies there came to me after my fathers deathe some fyue and
twentye, whereof some had moore, and some fewer, tales, and
some but two. and some three. whiche bookes beinge by me (as
one nothinge dobting of this whiche ys nowe donne for
Chaucer) partly dispersed aboute xxvj yeres a-goo and partlye
stoolen oute of my howse at Popler: I gaue diuers of them to
Stephen Batemanne, person of Newington, and to diuers other,
whiche beinge copies vnperfecte, and some of them corrected
by my fathers hande, yt maye happen soome of them to coome
to somme of your frendes handes; whiche I knowe yf I see
agayne: and yf by anye suche written copies you have corrected
Chaucer, you maye as well offende as seme to do good. But I
judge the beste, for in dobtes I will not resolue with a settled
iudgemente althoughe yoᵘ may iudge this tediouse discourse of
my father a needlesse thinge in setting forthe his diligence in
breaking the yce, and gyuinge lighte to others, who may moore
easeyly perfecte then begyne any thinge, for ""facilius est
addere quam Inuenire"": and so to other matters.
[Next Thynne details 15 mistakes made by Speght, of which
the following directly concern Chaucer, viz :—
[pp. 12-13] (1) He states that Richard Chaucer (the poet's grandfather)
was his father.
[pp. 14-15] (2) He says Heralds think Chaucer came of a mean house,
[p.17] (4) He conjectures (from merchants' arms in windows) that
because his armes are mean.— This “ys a slender coniecture"".
[pp.18-19] (5) He misquotes Gower; who does not call Chaucer ""a
Chaucer’s ancestors were merchants.—This has no validity.
worthye poet"" nor ""dothe he make hym iudge of his
Workes"". But on the contrary Chaucer submits his works to
Gower in Troilus, book v. This error is Bales' and ""yoᵘ have
swallowed yt"".
[pp. 21-2] (7) He assumes that because in the Temple Records it
is noted that Chaucer beat a Franciscan Friar, that therefore
Gower belonged to the Temple as well as Chaucer; whereas
Thynne doubts whether Chaucer ever belonged to the Temple.
[p. 22] (8) He says he does not know the name of Chaucer's wife.
Nor does Thynne; for though some think it was Elizabeth,
a waiting woman to Queen Philippa, who had a grant of
a yearly stipend, ho believes this was Chaucer's sister or kins¬
woman, who became a nun at S. Helen’s, London.
[pp.27-30] Thynne then details mistakes made by Speght as to the
'Roman de la Rose' and Chaucer's 'Dreme'  or 'Dethe of
Blaunche the Duchesse'.
[pp 31-68] He then shows mistakes Speght has made in explaining
Chaucer's old words, and in annotations on, and corrections
of the text of Chaucer.— He then points out six more
mistakes :—
[pp. 68-9] (1) That Speght has wrongly placed the 'Plowman's Tale'
(before the Parson's Tale). Thynne’s father put it after the
Parson's Tale (which by Chaucer's own words was the last tale)
because he could not see by any prologues of the other tales
where else to place it. But it ought to""be sett in some other
place before the manciple and persons tale, and not as yt ys in
the last editione.""]
(2) One other thinge ys, that yt wolde be good that
Chaucer's proper woorkes were distinguyshed from the adulterat,
and suche as were not his, as the Testamente of Cressyde, The
Letter of Cupide, and the ballade begynnynge 'I haue a
layde, where so she bee' &c., whiche Chaucer never composed,
as may suffycientlye be proued by the thinges them selues.
(3) The thirde matter ys, that in youre epistle dedicatorye
[p. 70] to Sir Roberte Cecille, yoᵘ saye, “This Booke, whene yt was
first published in printe, was dedicate to Kinge Henrye the
eighte"". But that is not soo, for the firste dedicatione to that
kinge was by mye father, when diuerse of Chaucers woorkes
[p. 71] had byn thrise printed before; whereof two editions were by
William Caxtone, the fyrste printer of Englande, who first
printed Chaucers tales in one colume in a ragged letter, and
after in one colume in a better order; and the thirde editione
was printed, as farre as I remember, by winkine de word
or Richarde Pynson, the seconde and thirde printers of Eng¬
lande, as I take them. Whiche three edit[i]ons beinge verye
imperfecte and corrupte, occasioned my father (for the love he
oughte to Chawcers lernynge) to seeke the augmente and
correctione of Chawcer's Woorkes, whiche he happely fynyshed;
the same beinge, since that tyme, by often printinge muche
corrupted.  ...

(4) [Speght, in his catalogue of authors, has omitted many
authors 'vouched by chawcer'.
(5) & (6) Speght misreads 'Haroltes' for 'Harlottes'; and
[p. 74] 'Minoresse' for Moueresse,'  both in the “Romaunt of the Rose’].
Thus hoopinge that yoᵘ will accepte in good and frendlye
[p. 75] parte, these my whatsoeuer conceytes vttered vnto yoᵘ, (to the
ende Chawcer's Woorkes by muche conference and manye
iudgments mighte at leng[t]he obteyne their true perfectione
and glorye, — as I truste they shall yf yt please godde to
lende me tyme and leysure to reprinte, correcte, and comente
the same, after the manner of the Italians, who haue largelye
comented Petrarche;)—I sett ends to these matters: comyt¬
tinge you to god, and me to your Curtesye. Clerkenwell
Greene, the xvi of december, 1599. Your louinge frende,
FRANCIS THYNNE.","[Francis Thynne makes two mistakes here. (1) Speght was alluding to the collected edn. of Chaucer's 'Workes' first made by William Thynne, which was the basis of his own edn. Wm. Thynne's dedication is reprinted in all the old editions, 1542 (1550), 1561, 1598, 1602, 1687 and 1721. (2) Only one edn. of Chaucer's Works had been published before the date of Thynne's 1532, and that was Pynson's [see note under 1582, Thynne, p. 78]. But many soparate works of Chaucer had been published before 1582.]"
part1_p156_a1,Vol.1,Part I,p156,1598.,"Barnfleld, Richard.",Poems: In diuers humors.,"London. Printed by G. S. for Iohn Iaggard, and are to be solde at his shoppe neere Temple-barre, at the Signe of the Hand and starre, 1598, sign. E 2. Sonnet ii, Against the Dispraysers of Poetrie. (Illustrations of Old English Literature, 1866, ed. J. P. Collier, vol. i, pp. 43-4. Also Complete poems of Richard Barnfield, ed. A. B. Grosart, Roxb. club, 1876, p. 189; English Scholar's library, No. 14, ed. E. Arber, p. 119.)","Chaucer is dead; and Gower Iyes in grave!
The Earle of Surrey, long agoe is gone!
Sir Philip Sidneis soule, the Heauens haue!
George Gascoigne him beforne was tomb'd in stone!
Yet, tho' their Bodies lye full low in ground,
(As every thing must dye, that earst was borne)
Their liuing fame no Fortune can confound;
Nor euer shall their labours be forlorne.
And you, that discommend sweet Poetrie
(So that the Subject of the same be good.)
Here may you see your fond simplicitie!
Sith Kings have fauord it, of royall Blood.
The King of Scots (now liuing), is a Poet;
As his Lepanto and his Furies shoe it!",[These poems are the last of four pamphlets in verse bound and issued together in 1598; the title of the first being Tle Encomion ef Lady Pecunia. This reference is not in the edn. of 1605.]
part1_p156_a2,Vol.1,Part I,p156,1598.,"Chapman, George.","To the vnderstander,","an address prefixed to Achilles Shield, translated as the other seuen Bookes of Homer out of his eighteenth booke of Iliades by George Chapman Gent, sign. B. 2. (Elizabethan critical essays, ed. G. Gregory Smith, 1904, vol. ii, p. 305.)","All tongues haue inricht themselues from their originall...
with good neighbourly borrowing... & why may not ours.
Chaucer (by whom we will needes authorise our true eng¬
lish), had more newe wordes for his time then any man needes
to deuise now.",
part1_p156_a3,Vol.1,Part I,p156-157,1598.,"Dallington, Sir Robert,","A Method for Trauell, Shewed by taking the View of France, As it stoode in the yeare of our Lord 1598.","London, printed by Thomas Creede [1606?] sign. V 4. (The only modern edn. is a French translation, “View of Fraunce,” traduit par E. Emérique, 1892, pp. 188-9.)","And as wee may say of our English, that it very much
Lu Regius differeth from that of Chaucers time: so with Lu
[Louis le
Roy]
Regius of the French tongue, that within these fiftie
yeeres, it is almost growen a new language, and which still
like the French apparell euery yeere altered....But if you
demand the best Authours, for the language it selfe, I thinke,
as Tuscaine hath a Duute [sic] and a Petrarch, Greece an
Isocrates and a Demosthenes, Rome a Cicero and a Cæsar,
we a Sydney and a Chaucer: so France hath a Bertas and a
Romsart [sic], in this Kinde most recommendable.",
part1_p157_a1,Vol.1,Part I,p157,1598.,"Guilpin, Edward.","Skialetheia, or A shadowe of Truth, in certaine Epigrams and Satyres.","Satire vi, sign. E i. (Occasional issues of unique or very rare books, ed. A. B. Grosart, 1878, vol. vi, Skialetheia, p. 63.)","..... For in these our times
Some of Opinions gulls carpe at the riemes
Of reuerend Chawcer: other-some do praise them,
And vnto heau'n with wonders wings do raise them.
Some say the mark is out of Gowers mouth,
Others, he's better then a trick of youth.",
part1_p157_a2,Vol.1,Part I,p157-158,1598.,"Hakluyt, Richard.",The Principal Nauigations Voiages Traffiques and Discoueries of the English Nation . . .,"[second edn.] 1598, vol. i, Preface to the Reader, sign. **b, A Catalogue of the Ambassages, sign. **4 b, p. 124 (published, MacLehose, Glasgow, 1903, etc., vol. i, pp. liv, 307-8).","[sign. **b] And lastly, our old English father Ennius, I meane, the
learned, wittie, and profound Geoffrey Chaucer, under the per¬
son of his Knight, doeth full iudicially and like a cunning
Cosmographer, make report of the long voiages and woorthy
exploits of our English Nobles, Knights, & Gentlemen, to the
Northern, and to other partes of the world in his dayes.
. . . . . . . . . . .
[sign. ** 4b] ¶ The Ambassages, Treatises, Priueledges, Letters, and other
obseruations, depending upon the Voyages of this First Volume.
. . . . . . . . . . .
10. Certaine verses of Geffrey Chaucer, Concerning the long
Voyages, and valiant exploits of the English Knights in his
dayes. pag. 124.
[At the end of the voyage of Thomas of Woodstocke, Duke
of Gloucester, into Prussia in the yeere 1391].
[p.124] The verses of Geofrey Chaucer in the Knights Prologues
who liuing in the yeere 1402. (as hee writeth himselfe in his
Epistle of Cupide) shewed that the English Knights after the
losse of Acon, were wont in his time to trauaile into Prussia
and Lettowe, and other heathen lands, to advance the
Christian faith against Infidels and miscreants, and to seeke
honoure by feats of armes.
A Knight there was, and that a worthie man, [Hakluyt quotes (in
The English Knights Prologue.
The time
black letter) to ‘ayenst another Heathen in Turkie’]
when Chaucer
wrote, is thus
Written in the lustie moneth of May
mentioned in
the end of
in our Palace, where many a million
his letter of
of louers true have habitation,
Cupide.
The yeere of grace ioyfull and iocond,
a thousand, foure hundred and second.",[None ot these references are in the first edition ot 1589.]
part1_p158_a1,Vol.1,Part I,p158,1598.,"[Hall, Joseph (Bishop of Norwich).]",Virgidemiarum The Three last Bookes. Of byting Satyres.,"Imprinted at London by Richard Bradocke for Robert Dexter, 1598. Lib. 4, Satyre 4, sign. D 1 b; Lib. 5, Satyre 2, sign. E 7. [Copy in B. M. is bound with] Virgidemiarum sixe Bookes. First three Bookes of Toothless Satyrs.— London. Printed by Thomas Creede for Robert Dexter, 1597. [The title-page of the 1598 edn. faces sign. F 3 b.] (Satires by Joseph Hall with the Illustrations of the late Thomas Warton and Additional Notes by Samuel Weller Singer, 1824, pp. 101, 132.","[sign. D 1]
Till now he waxt a toothlesse Bacheler
He thaw's like Chaucers frosty Ianiuere;
And sets a Months minde vpon smyling May
[sign. E 7]
. . . . . . . .
Certes, if Pity died at Chaucers date,
[A reference to the sepulchre of Pity in the Court of Love (not by Chaucer), l. 701.]
He liu'd a widdower long behind his mate.",
part1_p158_a2,Vol.1,Part I,p158,1598.,"Marston, John, [pseud. W. Kinsayder].","The Scourge of Villanie, Three Bookes of Satyres.","At London Printed by I. R. and are to be sold by John Buzbie, sign. B 4 and b. (The Works of John Marston, ed. J. O. Halliwell, 1856, vol. iii, p. 246.)","Know I hate to affect too much obscuritie, & harshnes,
To those that seem iudiciall perusers.
because they profit no sense... Perseus is crabby, because
antient, & his ierkes (being perticulerly giuen to priuate cus¬
tomes of his time) duskie, Juuenal (vpon the like occasion)
seemes to our iudgement, gloomie. Yet both of them goe a
good seemely pace, not stumbling, shuffling. Chaucer is harde
euen to our vnderstandings; who knows not the reason?
Howe much more those old Satyres which expresse themselues
in termes, that breathed not long euen in their daies.","[For further traces of Chaucer influence on Marston, see Chaucer’s Einfluss auf das englische Drama, by O. Ballman, Anglia, xxv, pp. 77-8.]"
part1_p159_a1,Vol.1,Part I,p159,1598.,"Meres, Francis.","A Comparatiue discourse of our English Poets, with the Greeke, Latine, and Italian Poets. [In] Palladis Tamia. Wits Treasury, Being the second part of Wits Commonwealth,","p. 279. (English Garner, ed. E. Arber, 1879, vol. ii, p. 94. Elizabethan critical essays, ed. G. Gregory Smith, 1904, vol. ii, p. 314.)","As Greece had three Poets of great antiquity, Orpheus, Linus
and Musœus; and Italy, other three auncient Poets Liuius
Andronicus, Ennius and Plautus: so hath England three
auncient Poets, Chaucer, Gower and Lydgate.
As Homer is reputed the Prince of Greck Poets; and
Petrarch of Italian Poets: so Chaucer is accounted the God
of English Poets.",
part1_p159_a2,Vol.1,Part I,p159-160,1598.,"Stowe, John.","A Suruay of London,","1598, pp. 107, 192, 198, 338-9 [wrongly printed 238], 383 (ed. C. L. Kingsford, Oxford, 1908, vol. i, pp. 143, 241, 253, vol. ii, pp. 63, 110-11.)","[p. 107] Ealdegate Ward [speaking of the shaft set up before
St. Andrew Undershaft] Geffrey Chawcer, writing of a vaine
boaster, hath these wordes, meaning of the said shaft:
Chaucer,
chance
of Dice.
Right well aloft and high ye beare your heade
 . . . . . . . . .
That all the streete may heare your body cloke.
. . . . . . . . .
Chaucer, [p. 192] [Stowe quotes 1st stanza of H. Scogan’s moral ballad,
fol. 334,
335.  then says] Then follow of verse 23 staues, containing a
persuasion from losing of time, follily in lust, & vice, but to
spend the same in vertue and in godlines, as ye may reade in
Geffrey Chawcer his works lately printed.
. . . . . . . . .
Chaucer. [p. 198] Richarde Chawcer Vintner gaue lands to that church
fol. 334,
335. [Aldmary], & was there buried 1348. Richard Chaucer father
to Geffrey Chaucer the poet, as may be supposed.
. . . . . . . . .
[pp. 338-9] For the Inne of the Tabard Geffrey Chaucer
Esquire, the most famous Poet of England, in commendation
thereof, in the raigne of E. the 3 writeth thus [Stowe quotes
Il. 19-29 Prologue Cant. Tales].
[p. 383]
Geffrey Chaucer the .... Geffrey Chaucer the most famous Poet of
The Citie of Westminster.
famous poet of Eng¬
land.
1400, but since Nicholas Brigham Gentleman, raysed a Monu¬
England, also in the Cloyster [of the Abbey],
ment for him in the South crosse Ile of the Church; his
workes were partly published in print by William Caxton in
the raigne of Henry the sixt : Increased by William Thinne
Esquire, in the raigne of Henry the eight : Corrected and twice
increased through mine oune painefull labours, in the raigne of
Queene Elizabeth, to wit in the yeare 1561, and again beautified
with noates, by me collected out of diuers Recordes and Monu¬
mentes, which I deliuered to my louing friende Thomas Speight,
and he hauing drawne the same into a good forme and methode,
as also explained the old and obscure wordes, etc., hath
published them in Anno 1597.","[The poem here called Chance of dice, a MS. of which is in the Bodleian (MS. Fairfax 16), is anonymous, it is certainly not by Chaucer. See above, c. 1440, p. 44.]"
part1_p160_a1,Vol.1,Part I,p160,[1598-1600.],"Harvey, Gabriel.",MS. notes,"in his copy of Speght’s Chaucer. See below, App. A [1598-1600].",,
part1_p160_a2,Vol.1,Part I,p160,1599.,"Daniel, Sam[uel].",Musophilus: Containing a generall defence of learning.,"Separate title-page and pagination, but part of the Poeticall Essayes of Sam. Danyel. Newly corrected and augmented .... 1599, sign. B 3. (Daniel’s Complete Works, ed. A. B. Grosart, 1885-96, vol. i, p. 230.)","But yet in all this interchange of all,
Virtue we see, with her faire grace, stands fast;
For what hy races hath there come to fall,
With low disgrace, quite vanished and past,
Since Chaucer liu’d who yet liues and yet shall,
Though (which I grieue to say) but in his last.
Yet what a time hath he wrested from time,
And won vpon the mighty waste of daies,
Vnto th' immortall honor of our clime,
That by his meanes came first adorn'd with Baies,
Vnto the sacred Relicks of whose rime
We yet are bound in zeale to offer praise?
And could our liues begotten in this age
Obtaine but such a blessed hand of yeeres,
And scape the fury of that threatning rage,
Which in confused clowdes gastly appeares.
Who would not straine his trauailes to ingage,
When such true glory should succeed his cares?
But whereas he came planted in the spring,
And had the Sun, before him, of respect;
We set in th' autumne, in the withering,
And sullen season of a cold defect.
. . . . . . . .","[Musophilus was probably also issued separately in 1599, before being bound up vith Poeticall Essayes; this was a common practice of Daniel’s.]"
part1_p161_a1,Vol.1,Part I,p161,1599.,"Nashe, Thomas.",Nashes Lenten Stuffe....,"sign. D 4, p.23. (Works of Thomas Nashe, ed. R. B. McKerrow, 1904-5, vol.iii, 1905, p. 176.)","The prayse of the red Herring.
.... had I my topickes by me in stead of my learned
counsell to assist me, I might haps marshall my termes in
better aray, and bestow such costly coquery on this Marine
magnifico as you would preferre him before tart and galingale,
which Chaucer preheminentest encomionizeth aboue all
iunquetries or confectionaries whatsoeuer.",
part1_p161_a2,Vol.1,Part I,p161,[1599?],"Shakespeare, William.","The Merry Wives of Windsor,","I, iii, 80-1.","Pist. Shall I Sir Pandarus of Troy become,
And by my side wear steel?","[It is probable that this allusion is to Chaucer's Troilus. For the whole question of Chaucer references in Shakespeare, see below, App. A, 1589, Shakespeare.]"
part1_p161_a4,Vol.1,Part I,p161,1599.,"Spenser, Edmund.",A View of the Present State of Ireland.,"MSS. B. M.. Cambridge, Dublin, etc. (Works of Spenser, ed. A. B. Grosart, 1882-4, vol. ix, pp. 112, 233. Spenser’s Works, Globe edn., ed. R. Morris, 1869, pp. 639, col. 2, and 676, col. 2.)","[p. 639] Irenœus. All these that I have rehearsed unto you, be not
Irish garments, but English; for the quilted leather Jacke is
old English; for it was the proper weede of the horseman, as
ye may reade in Chaucer, where he describeth Sir Thopas his
apparrell and armoure, when he went to fight agaynst the
Gyant, in his robe of shecklaton, which shecklaton is that kind
of guilded leather with which they use to embroder theyr Irish
jackes. And there likewise by all that description ye may see
the very fashion and manner of the Irish horseman most lively
set foorth, his long hose, his shooes of costly cordewayne,
his hacqueton, and his habberjon, with all the rest therto
belonging.
. . . . . . . . . . .
[p. 676] For Borh in old Saxon signifyeth a pledge or suretye, and yet
it is soe used with us in some speaches, as Chaucer sayeth,
St. John to borrowe, that is for assurance and warrantye.
[Squire's Tale, l. 596]",
part1_p65_a4,Vol.1,Part I,p65,[c. 1500.],Unknown.,Two mentions of Chaucer's name,"in a volume entitled Astronomiæ aphorismi. Sloane MS. 446, ff. 50b and 56.",Chaucer Anglus..... Chaucer.,
part1_p65_a5,Vol.1,Part I,p65,[c. 1500.],Unknown.,"Praise of the Mass,","Rawl. MS. poet. 36, last folio (supplementary vol. to Minor Poems of Lydgate, ed. H. N. MacCracken, E. E. T. soc,, in preparation).","Yif eny crafte be in baled makyng
I reserve hyt to the poetys olde
Chaucers Gower and Iydgatys wrytyng
Whych in balade made bokys manyfold.",
part1_p65_a6,Vol.1,Part I,p65-66,1501.,"Douglas, Gavin, Bishop of Dunkeld.","The Palis of Honoure, compyled by Gauyne dowglas...","Imprinted at London... by Wyllyam Copland [1553?] (Poetical works, ed. J. Small, 1874, vol i, p. 36).","Sa greit aue prees of pepell drew vs neir,
The hundreth part thair names ar not heir,
Ȝit saw I thair of Brutus Albyon,
Chauser & other In his vulgare, and morall Johne Goweir.
Geffray Chaucier, as a per se sans peir
Englyshe and
Scottishe poetis. Lydgait the monk raid musing him allone.","[No MS. is known to exist; J. Small has reprinted Copland’s edn; a facsimile of the Edinburgh edn. of 1579 (very rare) was made for the Bannatyne club, 1827. The two editions vary greatly in language; the extract here given is from that of 1579.]"
part1_p66_a1,Vol.1,Part I,p66,1503.,"Dunbar, William.","The Goldyn Targe,","ll. 253-61. (Poems, ed. J. Small, 1893, Scott. text soc., vol. ii, p. 10. For numerous MSS. and edns. see introduction, pp. cxciv, etc.","[May 1503.] O reverend Chaucere, rose of rethoris all,
As in oure tong ane flour imperiall
That raise in Britane ewir, quho redis rycht,
Thou beris of makaris the tryumph riall;
Thy fresch anamalit termes celicall
This mater coud illumynit haue full brycht:
Was thou noucht of oure Inglisch all the Iycht,
Surmounting ewiry tong terrestriall
Alls fer as Mayes morow dois mydnycht!
O morall Gower, and Ludgate laureate,
Your sugurit lippis and tongis aureate,
Bene to oure eris cause of grete delyte;
Your angel mouthis most mellifluate
Our rude langage has clere illumynate,
And faire our-gilt oure speche, that imperfyte
Stude, or your goldyn pennis schupe to wryte;
This Ile before was bare, and desolate
Off rethorike, or lusty fresch endyte.",
part1_p66_a2,Vol.1,Part I,p66-67,[1503-4.],"Hawes, Stephen.",Here begynneth the booke called the example of vertu made by Stephyn Hawys...,the xix yere [of the reign of Henry VII.] fol. 3 b.,"O, prudent GOWER! in language pure
Without corruption, most facundious!
O, noble CHAUCER! euer most sure
Of fruitful sentence right delicious
O, virtuous LYDGATE! much sententious
Unto you all, I do me excuse
Though I your cunning do now use.
Explicit Prologus.
..... I miss, as I am sure
My Master, Chaucer! to take the cure
Of my pen; for he was expert
In eloquent terms subtle and couert.
[3rd stanza from end.]","[A copy of the 1st edn., printed apparently by Wynkyn de Worde c. 1512, is in the Pepys library, Cambridge; of the 2nd edn. of 1530 (by the same printer) one copy is at Britwell and one belonged to Thomas Corser.]"
part1_p67_a1,Vol.1,Part I,p67-68,1506.,"Hawes, Stephen.","The Historie of graunde Amoure and la bell Pucel, called the Pastime of plesure.... imprynted by John Wayland,","1554, cap. xiv, signs. f iii b-f iiii b. (ed. Thomas Wright, Percy soc., vol. xviii, 1846, p. 53).","A commendation of Gower, Chaucer and Lydgate.
. . . . . . . .
Remembre the, of the trace and daunce
Of poetes olde, wyth all thy purueyaunce.
As moral Gower, whose sentencious dewe
Adowne reflareth, with fayre golden beames
And after Chaucers, all abroade dothe shewe
Our vyces to clense, his depared streames
Kindlyng our hartes, wyth the fiery leames
Of morall vertue, as is probable
In all his bokes, so swete and profitable
The boke of fame, whiche is sentencious
He drewe him selfe, on his owne inuention
And then the tragidies, so piteous
[sign. f. fifi]
Of the nintene ladyes, was his translation
And upon his ymagination
He made also, the tales of Caunterbury
Some vertuous, and some glad and merye
And of Troylus, the piteous doloure
For his ladye Cresyde, full of doublenes
He did bewayle, full well the langoure
Of all his loue, and great vnhappines
And many other bokes doubtles
He did compyle, whose goodly name
In prynted bookes, dothe remayne in fame.
And after him, my master Lydgate
[4 verses on Lydgate]
[sign f. iiii b] Were not these thre greatly to commende
Whiche them applied, such bokes to contriue
Whose famous draughtes, no man can amend
The tyme of slouthe, they did from them driue
After their deathe, for to abide on Iyue
In worthy fame, by many a nacion
Their bokes, their actes do make relation.
O master Lydgate, the most dulcet spryng
Of famous rethoryke. . . .
. . . . . . . .","[Then follows Hawes’s celebrated praise of Lydgate. First printed by Wynkyn de Worde in 1509; a copy of this edn. is at Ham House, Surrey (library of Earl of Dysart); Wayland’s, from which the above extract is taken, is the earliest edn. in the B. M. ; Tottell's edn. of 1555 is the one reprinted by the Percy soc.]"
part1_p68_a1,Vol.1,Part I,p68,1507.,"Dunbar, William.","Lament for the Makaris,","ll. 49-52. (Poems, ed. J. Small, Scott. text soc., 1893, vol. ii, p. 50. For numerous MSS. and edns. see introduction, pp. cxciv, etc.)","He [i. e. Time] hes done petuously deuowr,
The noble Chaucer,1 of makaris flouir
The Monk of Bery, and Gower, all thre;
Timor Mortis conturbat me.",
part1_p68_a2,Vol.1,Part I,p68-69,[1507?],"Skelton, John.","¶ Here after foloweth a litle book of Phillip sparow,","Compyled by mayster Skelton, Poete Laureate. [col.] Imprinted at London.... at the sygne of the Lamb, by Abraham Weale [i. e. Veale], ll. 495-512, 612-27, 788-803, sign. Bivb, B v, B vii and b, C iii and b. Veale’s edn. (c. 1570?) is the latest of the early edns. Copy in B. M. Barclay in his Ship of Foles, written in 1508, refers to Philip Sparrow. (Poetical works, ed. A Dyce, 1843, vol. i, pp. 66, 69, 70, 75.)","[l. 495]
Chaunteclere, owr Cocke,
Must tel what is of the clocke
By the astrologye
that he hath naturally
Conceyued and caughte
And was neuer taught
By Albumazer
the Astronomer
[sign. B v]
Nor by ptholomy
Prince of Astronomy,
Nor yet by Haly;
And yet he croweth dayly
And nightly the tydes
that no man abides
1 Bannatyne MS. Chawser.
With partlot his hen
Whome now and then
He plucketh by the hed
[l.511]
. . . . .
[sign. B vii]
Though I can rede and spel,
[L.612]
Recount, report, and tell
Of the tales of Caunterbury,
Some sad storyes, some mery.
[sign. B vii b]
As Palamon and Arcet,
Duke Theseus and partelet;
And of the wife of Bath,
Thar worketh much scath
Whan her tale is told
Among huswiues bold
How she controld
Her husbandes as she wold,
And them to dispise
In the homeliest wise
Bring other wiues in thought
Their husbandes to set at naughte. [l.627]
. . . . . . .
[sign. C iil]
In Chauser I am sped,
[l.788]
His tales I haue red:
His mater is delectable
Solacious and commendable;
His englishe wel alowed,
So as it enprowed,
For as it is enployed
There is no englyshe voyd—
At those days moch commended,
And now men wold haue amended
his english, where at they barke,
laign. C iu ol
And marre all they warke:
Chaucer, that famous Clarke,
His tearmes were not darcke,
But pleasaunt, easy, and playne;
No worde he wrote in vayne.
[l. 803]
Also Iohn Lydgate
Wryteth after an hyer rate
It is diffuse to fynde
The sentence of his mind.
. . . . . .",
part1_p70_a1,Vol.1,Part I,p70,1508.,"Chepman, Walter, and Myllar, Andrew.",Here begynnys the mayng or disport of chaucer.,"[col.] Heir endis the maying and disport of chaucer. Imprentit in the south gait of Edinburgh be Walter chepman and Androw myllar the fourth day of aprile the yhere of god .M.ccccc and viii yheris, sign. a vij. (Reprinted by Malcolm Laing under the title ‘The Knightly tale of Golagrus and Gawane, and other ancient poems.’ . . . 1827.)",,"[The Advocates' library, Edinb. possesses a unique copy of this book, which is really Lydgate's Complaint of the Black Knight, 1402-3 (q. v. p. 16), with the title similar to that in MS. Arch. Selden B. 24. See e. 1488, p. 63 above. Colophons given from this MS.]"
part1_p70_a2,Vol.1,Part I,p70-71,1509.,"Feylde, Thomas.",Here begynneth a lytel treatyse called the contrauerse bytwene a louer and a Jaye lately compyled.,"[col.] Thus endeth the treatyse of the louer and a Jaye / lately compyled by me Thomas Feylde. ¶ Imprynted at London in Flete strete at the sygne of the Sonne by Wynkyn de Worde. The Prologue stanza 3; Amator, 2 stanzas; Graculus, 1 stanza, sign. a b, b iv b, c i, c. ii. (Copy belonging to the Duke of Devonshire, Roxb. Club, Reprint, 1818, ed. T. F. Dibdin.)","[Prologue, st. 3.]
[sign. A i b] ¶ Cancer 1 floure of rethoryke eloquence
Compyled bokes pleasaunt and meruayllous
After hym noble Gower experte in scyence
Wrote moralytyes herde and delycyous
But Lydgate's workes are fruytefull and sentencyous
Who of his bokes hathe redde the fyne
He wyll hym call a famus rethorycyne.
. . . . . . . .
Amator.
[sign. B lv b]
¶ I have serched of late
Many poete laureate–
That dyuers bookes dyde make
[sign. C i]
And storyes regystred
Yet in comparyson
Of my trewe affeccyon
Scarcely can I fynde one
Syth Troylus reygned
¶ That was trewe and faythfull
In loue that is paynfull
Without fraude dysceytefull
Or preuy stryfe—
1 [Note the spelling Cancer for Chaucer.]
Therefore as I fynde
I wyll shewe my mynde
Ryght fewe of Gryseldes kynde
Is now lefte on Iyue.
Graculus.
[sign. C ii]
¶ Recorde of Cresyde
Whome Troylus loued
And was sore payned
Canser doth tell
Her loue was fayned
And wortely chaunged.
And gyuen to Dyomede
With grekes to dwelle.",
part1_p71_a1,Vol.1,Part I,p71,1509.,"Richmond, Margaret, Countess of.","Will,","with bequest of the Canterbury Tales. (Memoir of Margaret, Countess of Richmond and Derby, by C. H. Cooper, 1874, App. pp. 129, 134.)","These ben the legacies of vs Margarette Countesse of Rich¬
monde and Derbye moder to our souerain lord King Henry
the vijth made at Hatefelde Episcopi the XV day of Februarye
the xxiiijth yere of hys reign....
To John Saynt John.... Item a booke of velom of
Canterbury tales in Englische.",
part1_p71_a2,Vol.1,Part I,p71,1513.,"Bradshaw, Henry.",The Holy Lyfe and History of Saynt Werburge.,"Printed by R. Pynson, 1521 (copy in B. M.), sign. S ii. (Reprint of above for Chetham soc., vol. XV, ed. Ed. Hawkins, 1848, p. 209; ed. Carl Horstmann, E. E. T. soc. 1887, p. 199.)","To all auncient poetes, litell boke, submytte the
Whilom flowyng in eloquence facundious,
And to all other whiche present nowe be:
Fyrst to maister Chaucer and Ludgate sentencious.
Also to preignaunt Barkley nowe beyng religious
To inuentiue Skelton and poet laureate
Praye them all of pardon both erly and late.",
part1_p71_a3,Vol.1,Part I,p71-72,1513.,"Douglas, Gavin, Bishop of Dunkeld.","The xiii Bukes of Eneados of the Famose Poete Virgill Translated... bi... Mayster Gawin Douglas.–Proloug of the First Buik,","Elphynstoun MS. Edin. (used by Small), first printed 1553, from the press of William Copland. (Poetical works of G. Douglas, ed. J. Small, 1874, vol. ii, pp. 14-17.)","Chausers Thocht venerable Chaucer, principall poet but peir, [p. 14]
commenda-
cion
Hevinlie trumpat, horleige and reguleir,
In eloquence balmy, condit, and diall,
Chausers. Of fresch endite, throw Albion iland braid,
Mylky fountane, cleir strand, and rose riall,
fault.
In his legeand of notable ladyis, said
That he culd follow word by word Virgill,
Wisare than I mycht faill in lakar stile;
. . . . . . . .
I say nocht this of Chaucer for offence,
[p. 16]
Bot till excuse my lawit insuffitience.
For as he standis beneth Virgill in degre,
Ondir him als far I grant myself to be;
And nocht the les into sum place, quha kend it,
My master Chaucer greitlie Virgile offendit.
All thocht I be to bald hyme to repreif,
He was far baldar, certes by his leif,
Saying he followit Virgillis lantern to forne,
Quhen Eneas to Dido was forsworne.
. . . . . . . .
Bot sickirlie, of resoun me behuuis
[p. 17]
Excuse Chaucer fra all maner repruuis,
In loifing of thir ladyis lilly quhyte
He set on Virgile and Eneas this wyte;
For he was euer, God wait, wemenis frend.","[1518 is known to be the date of composition of Gavin Douglas's Æneid.] [This extract is not given in full. Chaucer's lines to which Douglas refers are:— Glory and honour, Virgil Mantuan, Be to thy name! and I shal, as I can, Folow thy lantern, as thou gost biforn How Eneas to Dido was forsworn. The thirteenth book is the continuation of the Æneid by Maphæus Vegius.] The Legend of Good Women, ll. 924-7."
part1_p72_a2,Vol.1,Part I,p72,1517.,"Worde, Wynkyn de.",Colophon to Chaucer's Troylus and Cressida printed by him;,sign. z vij b. B. M. and Camb. Univ. lib.,"Thus endeth the treatyse of Troylus the heuy
By Geffraye Chaucer, compyled and done
He prayenge the reders, this mater not deny
Newly correcked [sic], in the cyte of London
In Flete strete, at the sygne of the sonne
Inprynted by me, Wynkyn de Worde
The M.ccccc. and xvii. yere of our lorde.",
part1_p73_a1,Vol.1,Part I,p73,1517.,"Talbot, Sir Gilbert.",Inventory of the goods of Sir Gilbert Talbot,"[taken after his death which occurred on Aug. 16th, 1517]. Roy. Com. Hist. MSS., MSS, in Various Collections, vol. ii, MSS. of Lord Edmund Talbot, p. 308, 1903.","[Among the contents of Sir Gilbert's own chamber are two
boOks:] A boke in paper prynt of the talys of Caunterbury,
price vs. iiijd. A premour, price xs.",
part1_p73_a2,Vol.1,Part I,p73,1519.,"Erasmus, Desiderius.",Erasmus Iodoco Ionae Erphordiensi.,"S.D. sign. V 2, p. 507, in Opus Epistolarum des. Erasmi Roterodami ... anno MDxxix. (The lives of Johan Vitrier.... and John Colet.... translated by J. H. Lupton, 1883, p. 23.)","Habet gens Britannica, qui hoc præstiterunt apud suos, quod
Dantes ac Petrarcha apud Italos. Et horum euoluendis scriptis
linguam expoliuit [he, Colet] iam tum se præparans ad prae¬
conium sermonis Euangelici.
[This letter is dated] Idus Iun. Anno M.D.xix.","[Lupton says Gower and Chaucer are probably alluded to in this rather vague description. See Lupton's 'Life of Dean Colet,' 1887, pp. 57-8]"
part1_p73_a3,Vol.1,Part I,p73,[1520.,"Rastell, John ?]","Prologue [to] Terens in englysh,",sign. A i and b.,"The poet.
[sign. a i] The famous renown through the worlde is sprong
Of poetys ornate that vsyd to indyte
Of dyuers matters in theyr moder tong
Some toke vppon them translacions to wryte
Some to compile bokys for theyr delyte
But in our english tong for to speke playn
I rede but of fewe haue take any gret payn.
Except master Gowre which furst began
And of moralite wrote ryght craftely
Than master Chaucer that exellent man
Which wrote as compendious & elygantly
As in any other tong euer dyd any
Ludgate also which adournyd our tong
whose noble famys through the world be sprong.
[sign. a i b] By these men our tong is amplyfyed so
That we therin now translate as well may
As in eny other tongis other can do.","[This address of ""The poet"" is placed before ""The translacyon out of latin into englysh of the furst comedy ot tyrens called Andria."" No date or place of publication. There is some doubt whether this was printed by Rastell.]"
part1_p74_a1,Vol.1,Part I,p74-75,1528.,"Skelton, John.",A ryght delectable Tratyse upon a goodly Garlande or Chapelet of Laurell.,"[col.] Imprynted by me Rycharde faukes, 1523, sign. B ii and b D ii, D iv b. (Skelton's Poetical works, ed. A. Dyce, 1843, vol. i, pp. 377-8, 405.)","[sign. B ii] And as I thus sadly amonge them auysid
I saw Gower, that first garnisshed our englysshe rude,
And maister Chaucer, that nobly enterprysyd
How that our englysshe myght fresshely be ameude
The monke of Bury then after them ensuyd
Dane John Iydgate: theis englysshe poetis thre,
As I ymagenyd repayrid vnto me.
To geder in armes, as brethern, enbrasid;
There apparell farre passynge beyonde that I can tell;
With diamauntes and rubis there tabers were trasid,
None so ryche stones in turkey to sell;
Thei wantid nothynge but the laurell;
And of there bounte they made me godely chere,
In maner and forme as ye shall after here.
Mayster Chaucer to Skelton.
[sign. B ii b] Counter wayng your besy delygence
Of that we beganne in the supplement,
Enforcid ar we you to recompence,
Of all our hooll collage by the agreament,
That we shall brynge you personally present
Of noble Fame before the quenes grace
In whose court poynted is your place.
Poeta Skelton answeryth.
O Noble Chaucer, whos pullisshyd eloquence
Oure englysshe rude so fresshely hath set out,
That bounde ar we with all dew reuerence,
With all our strength that we can brynge about,
To owe to yow our seruyce, and more if we mowte!
But what sholde I say? ye wote what I entende,
Whiche glad am to please, and loth to offende.
. . . . . . . . .
[sign. D ii] [Reference to Pandar, Troilus and Cresseid.]
. . . . . . . . .
[sign. D iv b] Forthwith vpon this, as it were in a thought
Gower, Chawcer, Lydgate, theis thre
Be fore remembred, me curteisly brought
In to that place where as they left me,
Where all the sayd poetis sat in there degre.
But when they sawe my lawrell rychely whought [sic],
All other besyde were counterfete they thought.",
part1_p75_a1,Vol.1,Part I,p75,[1525?],Unknown.,Here begynneth a lytell treatyse cleped La Conusaunce Damours.,"Imprinted by Rycharde Pynson... [colophon undated]. Thus endeth la conusaunce damours, sign. c. i. (T. Corser, Collectanea, Chetham soc., part iv, 1869, p. 439, gives the Chaucer reference and particulars of the title, which is wanting in the B.M. copy.)","[Speaking of Troylus and Creseide]
What shulde I herof longer processe make
Theyr great loue is wrytten all at longe
And howe he dyed onely for her sake
Our ornate Chaucer other bokes amonge
In his Iyfe dayes dyd vnderfonge
To translate: and that most plesantly
Touchyng the matter of the sayd story.",
part1_p76_a1,Vol.1,Part I,p76,1526.,"Pynson, Richard.",Prohemye,"[to the Canterbury tales in his edn. of Chaucer's works. See above], sign. a i b. Colophon to Assemble of Foules, sign. d ij. Title to La bell dame sauns mercy, sign. d ij b. Colophon to La bell dame and Title to Morall proverbes, sign. e iij b.","Whiche boke is dyligently and trewly corrected by a copy
of Willyam Caxtons imprintyng according to the true makinge
of the sayd Geffray Chaucer.
[On sign. c iij of the Boke of Fame (bound up with the Canterbury tales), Pynson
has inserted Caxton's epilogue to the same, c. 1483 (q. v. p. 61).]
[sign. d ij] Thus endeth the assemble of Foules otherwyse called
saynt Valentynes day compyled by the famous clerke Geffray
Chaucer.
(sign. d ij b] This boke called la bele Dame Sauns mercy was translate
out of Frenche in to Englysshe by Geffray Chaucer flour of
poetes in our mother tong.
[sign. e iij b] Thus endeth the boke called La bell dame sauns mercy:
And here foloweth certayne morall prouerbes of the foresayd
Geffray Chaucers doyng.","[The 'prohemye' is really Caxton's, c. 1483 (q. v. pp. 51-3) with slight variations of spelling and an omission between ""wherin he fynysshyth thys sayd booke"" and ""as here after alle alonge by thayde of almyghty god,"" where Pynson has inserted the following:] [Although these 'moral proverbs' are in this colophon wrongly ascribed to Chaucer, they are yet correctly headed 'Morall prouerbes of Christyne' on sign. e fiij. See, on this point, Chaucer, a bibliographical manual, by E. P. Hammond, N. York, 1908, p. 115.]"
part1_p76_a3,Vol.1,Part I,p76-77,1530.,"Copland, Robert.",Robert Coplande boke prynter to new fanglers and Lenuoy of R. Coplande boke prynter.,"Verses in Wynkyn de Worde's Assemble of foules [see last entry]. (Quoted in a letter of John Billam, 1786, in Ames's Typographical Antiquities, ed. T. F. Dibdin, 1810-12, vol. ii, pp. 279-80. See below, 1786.)","Chaucer is deed the which this pamphlete wrate
So ben his heyres in all suche besynesse
And gone is also the famous clerke Lydgate
And so is yonge Hawes, god theyr soules adresse
Many were the volumes that they made more and les
Theyr bokes ye lay up, tyll that the lether moules
But yet for your myndes this boke I wyll impresse
That is in tytule the parlament of foules
[Envoy addressing the assemble of foules]
And where thou become so ordre thy language
That in excuse thy prynter loke thou haue
Whiche hathe the kepte from ruynous domage
In snoweswyte paper, thy mater for to saue
With thylke same langage that Chaucer to the gaue
In termes olde, of sentence clered newe
Than methe muche sweter, who can his mynde auewe.",[The first four verses each terminate with a reference to the 'parlament of foules' ; the verse quoted here is the second. There are three verses in the envoy. The references are taken from Dibdin's Ames.]
part1_p77_a1,Vol.1,Part I,p77,1530.,"Lindsay, Sir David.",The complaynte and testament of a Popiniay Which lyeth sore wounded and maye not dye.,"[col.] Imprynted at London in Fletestrete.. by John Byddell 1538. Incipit Prologus, sign. a i b. [Title of later (Scotch) edns., The testament and complaynt of our souerane lordis Papyngo, Kyng James the Fyft, etc.] (Poetical works, ed. D. Laing, 1879, vol. i, pp. 61-2; cf. App., vol. iii, pp. 259-60. Also Works, part ii, the Monarche and other Poems, ed. J. Small, E. E. T. soc. 1866, 2nd edn. 1883, p. 223.)","Of poetis now in tyll oure vulgar toung,
For why the bell of retorik is roung
By Chaucer, Goweir, and Lidgate laureate
Who dare presume these poetis till impoung
Whose swete sentence through Albion bene soung.","[Note there is a great difference in the spelling of the earlier and later edns., the first being English, the later ones Scotch.]"
part1_p77_a2,Vol.1,Part I,p77,1531-2.,"Gaunte, William.","Will,","with bequest of Canterbury Tales, see below, App. A, 1531-2.",,
part1_p77_a3,Vol.1,Part I,p77-78,1532.,"Berthelet, Thomas.",To the Reder.,"Jo. Gower de confessione Amantis. Imprinted at London in Fletestrete by Thomas Berthelette, sign. aa iij b, aa iiij.","And this... I maye be bolde to saye, that if we shulde
neuer haue sene his [Gower's] counnynge warkes, the whiche
... wytnesse, what a clerke he was, the wordes of the mooste
famous and excellente Geffraye Chauser, that he wrote in the
end of his moste speciall warke, that is intitled Troylus and
Creseyde, do sufficiently testifye the same, where he sayth:
O morall Gower [etc. Tr. and Cr., Bk. v, ll. 1856-9.]
¶ The whiche noble warke, and many other of the sayde
Chausers, that neuer were before imprinted, and those that
very fewe men knewe, and fewer hadde them, be nowe of late
put forthe together in a fayre volume. [i. e. Thynne’s edn. See
next entry.] By the whiche wordes of Chauser, we may also
vnderstonde, that he and Gower were bothe of one selfe tyme,
both excellently lerned, both great frendes to gether, and bothe
a Iyke endeuoured them selfe and imployed theyr tyme so wel
and so vertuously, that they dyd not onely passe forth their
Iyfes here ryght honourably; but also for their so doyng, so
longe (of Iykelyhode) as letters shal endure and continue, this
noble royalme shall be the better, ouer and besyde theyr
honest fame and renowme.  . . . . . .
. . . . . . . . . . .
[sign. aa iiij] The other [Chaucer] Iyeth buryed in the monasterye of
Seynt Peters at westmyster in an ile on the south syde of the
Churche.",[In the 2nd edn. of 1554 this address is practically unaltered.]
part1_p78_a1,Vol.1,Part I,p78-79,1532.,"Chaucer, Geoffrey.","The workes of Geffray Chaucer newly printed, with dyuers workes whiche were neuer in print before.",[Blackletter. ed. by William Thynne. col.] Thus endeth the workes of Geffray Chaucer. Printed at London.. T. Godfray... 1532.,,"[The Dedication to Henry VIII, sign. A ij-A iij is by Sir Brian Tuke (q. v. pp. 79-80). On the last page, fol ccclxxxiii, is Surigo's epitaph on Chaucer. Skeat has pointed out (Chaucerian and other Pieces, Oxford, 1897, p. ix), that if the title of Thynne's book is properly read, it will be seen that he did not intend to include as Chaucer's all the works printed in it. He suggests that the title should read 'The workes of .. Chaucer.. with dyuers workes [of various authors] whiche were neuer in print before.' So that it was Thynne’s intention to print a collection of the works of Chaucer and other writers; and it was Stowe, who, in his edn. of 1561, so altered the title as to claim for Chaucer for the first time the authorship of the whole of Thynne's volume. Besides these works by other writers (see list in note below), Thynne printed for the first time six of Chaucer's genuine works, viz. : Rom. of the Rose, ll. 1-1705; Legend of Good Women; Book of the Duchess; Complaint to Pity; Lack of Steadfastness and Astrolabe. For an account of this edn., and the poems contained in it, as well as for later editions, see Chaucer's works, ed. W. W. Skeat, 1894, vol. i, pp. 28 et seq.; also Skeat's introduction to a facsimile reprint of the above, published by A. Moring and H. Frowde, 1905. For a clear account of all editions of Chaucer's 'Works,' from Pynson 1526 up to 1906, see Chaucer, a bibliographical manual, by E. P. Hammond, N. York, 1908, pp. 114-149. For purposes of reference, we append here a list of the varlous poems which have by his editors been wrongly attributed to Chaucer, and printed as his in the old folio edns., including those 'appended' by Thynne, and which were claimed by later editors. For further information about these spurious poems, see Skeat’s Chaucer Canon, 1900, pp. 94-148, also Chaucer, a bibliographical manual, by E. P. Hammond, N. York, 1908, pp. 406-63. Possibly Nos. 21 and 24 have never been actually quoted as Chaucer's, but Skeat thinks it is difficult to be sure ot this. At any rate, they occur in 'Chaucer's Works'. This also applies to No. 5. See list of apocryphal pieces in Skeat’s edn. of Chaucer's Works, vol. vii, 1897. For an admirable summary of the present position as regards the Chaucer Canon, see Chaucer, by E. P. Hammond, pp. 51-69.] Spurious poems printed by Pynson 1526. 1. La Belle Dame sans Mercy [by ship see Skeat's Introduction to the Richard Ros; repr. by Thynne]. Works of Chaucer and others, p. xl- 2. Morall prouerbs [by Richard Ros]. xli]. 3. The complaint of Mary Magdaleyn 4. The letter of Dydo to Eneas. [Reprinted by Thynne. For author- 5. Proverbes of Lydgate. First printad by Thynne [in collected 30. Balade de Bon Conseil: ""If it befall. Works] 1532. 6. Right Goodly Questions [by Lyd31. A Balade which Chaucer made in the praise or rather dispraise of women gate?]. for their doubleness [by Lydgate]. 7. Balades: to King Henry V. and to the Knights of the Garter [by 32. The Craft of Lovers. 33. A Balade: ""Of their nature they Hoccleve]. greatly them delite."" 8. Three sayings [14 lines]. 9. The Romaunt of the Rose, ll. 1706 to 34. The Ten Commandments of Loue. 35. The Nine Worthy Ladies. end. 10. The Testament of Creseyde [by 36. A Virelai. 37. A Balade: ""In the Season of FeueHenrysoun]. rere."" 11. A Goodly Balade: 'Mother of nor38. A Balade: ""O Mercifull and merciture.' able."" 12. The Flower of Courtesy [by Lydgate]. 39. Mercury, Pallas, Venus, Minerua, and 13. The Assembly of Ladies [by a lady]. Paris. 14. The Complaint of the Black Knight 40. A Balade pleasaunt: ""I haue a [by Lydgate]. Ladie. 15. A Praise of Women: 'Al tho the lyste 41. A Balade: ""O Mossy Quince."" of women euyl to speke' [by 42. A Balade, warning men to beware of Lydgate?]. deceitful women [by Lydgate ?]. 16. The Testament of Loue [by Thomas 43. A Balade on Chastity. Usk.] 44. The Court of Loue. 17. The Remedy of Love. 18. The Letter of Cupid [by Hoccleve]. First printed by Speght (1598). 19. A commendation of Our Lady [by Lydgate]. 45. Chaucer's Dream; or, 'The Isle of 20. To my Soverayn Lady [by Lydgate]. Ladies.' 21. To King Henry IV [by Gower]. 46. The Flower and the Leaf [by a lady]. 22. The Cuckoo and the Nightingale [by Clanvowe]. Speght's 2nd edn. 1602. 23. Envoy to Alison. 47. Jack Upland [in prose]. 24. A Moral Balade [by Scogan]. 25. Go forth King [by Lydgate?] 26. Balade of Good Counsel [by Lydgate]. First included in 'Chaucer's Works' by Urry 1721. Thynne's 2nd edn. 1542. 48. The Cook's Tale of Gamelyn. 27. The Plowman's Tale. 49. The Pardoner and Tapster, and First printed by Stowe 1561. The Second Merchant's Tale or 28. A Saying of Dan John [by Lydgate]. Tale of Beryn. 29. Yet of the same [by Lydgate]."
part1_p79_a1,Vol.1,Part I,p79-80,1532.,"[Tuke, Sir Brian.]","Dedication to Henry viii,","prefixed to Chaucer's works, ed. William Thynne, 1532, sign. A ii-A iij (printed in Francis Thynne's Animadversions, ed. F. J. Furnivall, Chaucer soc. 1876, pp. xxiv-vi).","... I... Wylliam Thynne /... moued by a certayne
inclynacion & zele / whiche I haue to here of any thyng
soundyng to the laude and honour of this your noble realme /
haue taken great delectacyon / as the tymes and laysers might
suffre / to rede and here the bokes of that noble & famous
clerke Geffray Chaucer / in whose workes is so manyfest
comprobacion of his excellent lernyng in all kyndes of doctrynes
and sciences/ suche frutefulnesse in wordes/ wel accordynge
to the mater and purpose / so swete and plesaunt sentences /
suche perfectyon in metre / the composycion so adapted / suche
fresshnesse of inuencion / compendyousnesse in narration /
suche sensyble and open style / lackyng neither maieste ne
mediocrite couenable in disposycion / and suche sharpnesse or
quycknesse in conclusyon / that it is moche to be marueyled /
howe in his tyme/ whan doutlesse all good letters were layde
a slepe through out the worlde /.... suche an excellent poete
in our tonge / shulde, as it were (nature repugnyng) spryng and
aryse...","[Only a small portion of this preface is printed–the direct praise of Chaucer-as it is so easily accessible in Thynne’s Animadversions. There follows an account of Thynne's search for and collation of copies of Chaucer's works; this also is to be found in the Animadversions. Although written in Thynne's name, the preface really was composed by his friend Sir Brian Tuke. See Thynne's Animadversions, ed. Furnivall, Hindwords, p. xxvi ; also Studies in Chaucer, by T. R. Lounsbury, 1892, vol. i, p. 266.]"
part1_p80_a1,Vol.1,Part I,p80,[1532-5.],Unknown.,The Plowmans tale.,[col.] Printed at London by Thomas Godfray. Cum priuilegio.,,"[This is the earliest known print of The Plowman's Tale: there is a unique copy at Britwell. It was most probably printed by William Thynne's directions, as he was apparently prevented from including it (as well as the Pilgrim’s tale) in his first edn. of Chaucer, 1532. See Francis Thynne’s Animadversions, p. 151 below. The tale is ascribed to Chaucer by Speght (see App. A, under 1598), and, beginning with Thynne’s second edn., 1542, q. v. p. 83, is printed with his works and regularly assumed to be by him, until Dart in the 'Life' prefixed to Urry's edn. of 1721, for the first time doubts its authenticity. Tyrwhitt finally rejected it. For later single edns. see under 1606 below, p. 177, also Illustrations of... Gower and Chaucer, 1810, by Todd, p. xxxix note, where an edn. by Wyllyam Hyll (1542?) is described. See also T. Corser, Collec- tanea, iv, pp. 330-1, and Chaucer, a bibliographical manual, by E. P. Hammond, N. York, 1908, pp. 444-6.]"
part1_p80_a2,Vol.1,Part I,p80,1588.,"Elyot, Sir Thomas.","Pasquyll the Playne,",sign. A iij b.,"Pasquill [to Gnato] what a gods name haue ye a booke in
youre hand? A good feloweshyp wherof is it? Let me se
Nouum stestamentum [sic]. . . . . But what is this in youre
bosom? An other booke. . . Let se, what is here? Troylus
& Chreseid? Lorde what discord is bytwene these two bokes.","[There is no copy of the 1st edn. in the B. M., but there is one in the Douce collection in the Bodleian; the extract here is from the 2nd edn, 1540.]"
part1_p80_a3,Vol.1,Part I,p80-81,1533.,"[Heywood, John.]",A mery playe betwene the pardoner and the frere the curate and neybour Pratte.,"Imprynted by Wyllyam Rastell, 1533 [written probably before 1521, see D.N.B., and Facsimile Reprint, ed. J. S. Farmer 1909] sign. A ii-A iii (ed. F. J. Child, Four old plays, 1848, pp. 94-5, 97).","[The two following passages are taken, with almost similar word¬
ing, direct from Chaucer’s Prologue of the Pardoner's Tale, ll. 7-48,
49-60.]
But first ye shall knowe well yᵗ I com fro Rome
[36 lines, to]. . . . .
[sign. A ij b] So that he offer pens or els grotes.
But one thynge ye women all I warant you
[16 lines, to]. . . . .
Now shall ye se
[sign. A iij] Lo here the popes bull.","[The Pardoner in The Foure Ps (printed c. 1545, written c. 1580), also resembles Chaucer‘s Pardoner in tone and attitude; and there is undoubted reminiscence of Chaucer's Parlement of Foules in the description of the eagle in the ballad written by Heywood to celebrate the marriage of Queen Mary with Philip of Spain in 1554. The ballad is reprinted in Harleian Miscellany, ed. Park, 1818, vol. x, pp. 255-6.]"
part1_p81_a1,Vol.1,Part I,p81,1535.,"Layton, Richard.",Letter to Thomas Cromwell.,"(Record Office, see Calendar of State Papers, ed. J. Gairdner, vol. ix, no. 42. This extract is given in Henry VIII and the English Monasteries, by F. A. Gasquet, revised edn. 1899, p. 144.)","[Layton writes from Bath abbey] Ye shall herewith receive
a book of Our Lady’s miracles well able to match the Canter¬
bury Tales. Such a book of dreams as ye neuer saw, which I
found in the library.",
part1_p81_a2,Vol.1,Part I,p81,1535.,"Roper, Margaret, or More, Sir Thomas.",Letter to Lady Alington.,"The workes of Sir Thomas More, 1557, p. 1441, col. 2, F. (The Mirrour of vertue.... or the Life of Sir Thomas More . . by William Roper, ed. I. Gollancz, the King’s classics, 1903, p. 143; for MSS. and edns. see ibid., pp. ix-xii.)","In good fayth father quoÞ I, I can no ferther goe, but am
(as I trowe Cresede saith in Chaucer) comen to Dulcarnon
euen at my wittes ende.","[William Roper prefaces this letter by the following note, on p. 117:—""When Mistress Roper had received this Letter [from Lady Alington], she, at her next repair to her Father in the Tower, showed him this Letter. And vhat communication vas thereupon between her Father and her, ye shall perceive by an Answer here following (as written to the Lady Alington). But whether this answer were written by Sir Thomas More in his Daughter Roper's name, or by herself, it is not certainly known.""]"
part1_p81_a3,Vol.1,Part I,p81-82,1586.,Unknown.,"A Remedy for Sedition, wherein are conteyned many thynges concernyng the true ond loyall obeysance, that commens owe unto their prince and soueraygne lorde the kynge.",sign. B i.,"Geffrey Chauser sayeth also somewhat in theyr prayse,
beare it well away, and lawde theyme as ye fynde cause,
O eterne people vniuste and vntrewe,
Ay vndiscrete and chaungynge as a fane,
Delytynge euer in rumours that be newe;
For Iyke the mone euer waxe ye and wane:
Your reason halteth, your jugement is lawe,
Your dome is false, your constance euyll preueth,
A full great foole is he that on you leneth.","[An imperfect rendering of Clerkes Tale, ll. 994-1001.]"
part1_p82_a1,Vol.1,Part I,p82,[1536-40?],Unknown.,"The Pilgrim's Tale,","ff. xxxiii, vi, xiv, ll. 93, 263, 721-4, 739-40; from the reprinted Courte of Venus, Douce fragment 92 b. (Thynne’s Animadversions, ed. F. J. Furnivall, Chaucer soc. 1876, App. I., pp. 79, 84, 97-8.)","for chaucer sathe in the sted of the quen elfe, [l. 93]
[Ther walketh now the lymytour himself] [Wyf of Bath, l. 874]
. . . . . . .
ther ministre shold be diligent
[ll. 260-3]
as Christ himselue, to teache vs nought for-gett
[. . . . . . line left out]
and first he dyd yt, and after he taght.
(Cant. Tales Gen. Prol.],
Parson, ll. 497-8.
. . . . . . .
he sayd he durst not it dis[c]lose
[ll. 721-4]
but bad me reyd the ‘romant of the rose,‘
the thred leafe, Iust from the end
[ll. 7129-7214? or ll.
quoted below.]
to the secund page, ther he dyd me send
[ll. 724]
. . . . . . .
he prayd me thes vi stauis for to marke
[ll. 739-40]
whiche be chaucers own hand work [i. e. ll. 7165-70]","[With regard to date and authorship of above, see two articles by Mrs. C. C. Stopes in Athenæum, June 24, 1899, pp. 785-6 (The Metrical Psalms and the Court of Venus), and July I, 1899, p. 38 (The Authorship of the Newe Courte of Venus).]"
part1_p82_a2,Vol.1,Part I,p82,1540.,"Cavendish, William.",MS. Catalogue,"of his library at North Awbrey near Lincoln, formerly in the possession of John Wilson, of Bromhead, near Sheffield. (Who wrote Cavendish’s life of Welsey? [by Joseph Hunter] 1812, p. 21.)","Chaucer, Froyssarte Chronicles, a boke of French and English.",
part1_p82_a3,Vol.1,Part I,p82-83,[c. 1540.],Unknown.,"Two MS. verses,","Harleian MS. 4826, fol. 139.","Off worthy Chaucer
here the pickture stood
That much did wryght
and all to doe vs good.
Summe ffuryous ffoole
Have Cutt the same in twayne
His deed doe shewe
He have a barren Brayne.","[Some rightly indignant lover of Chaucer's MS. has written these lines at the foot of fol. 139, from the margin of which almost all the full-length portrait of Chaucer has been cut.]"
part1_p83_a2,Vol.1,Part I,p83,[c. 1540.],Unknown.,"Tales, and quicke answeres, very mery, and pleasant to rede.","Unique copy in Huth library. [Reprint called] Shakespeare's Jest Book, ed. S. W. Singer, 1814, tale 28, pp. 28-9.","This tale sheweth that dreames sometyme come to passe by
one meane or other. And he that desyreth to knowe more of
dreames wrytten in our englysshe tonge, let hym rede the tale
of the nounnes preste, that G. Chauser wrote: and for the
skeles howe dreames and sweuens are caused, the begynnynge
of the boke of Fame, the whiche the sayde Chauser compiled
with many an other matter full of wysedome.",
part1_p83_a3,Vol.1,Part I,p83,1542.,"Chaucer, Geoffrey.",Workes of Geffray Chaucer.,"[Blackletter ed. W. Thynne, 2nd edn.] W. Bonham, 1542. (Of. Note under 1532, Thynne, W., pp. 78-9.)",,"[This 2nd edn. of Thynne's Chaucer often bears different printers' names, Toye, Kele, Petit, Bonham, Reynes, etc. For this reason it is often confused with the undated reprint, see under 1546 or 1550 below, p. 86, but it is a quite distinct and rarer edn.]"
part1_p83_a4,Vol.1,Part I,p83,1542.,Unknown.,The Plowman's Tale.,"Printed in Thynne’s 2nd edn. of Chaucer‘s Works, as above, fol. cxix, following the Parson's Tale.",,"[This is the first time the Plowman's Tale was printed in an edn. of Chaucer‘s ‘Works,‘ it was first printed separately by Thomas Godfray in folio [1532-5], q.v., p. 80. In the next edn. of Chaucer's ‘Works‘ (undated, but ascribed to the years 1545 or 1550 q. v. p. 86) the Plowman’s Tale was inserted before the Parson’s, and the first line of the prologue to the Parson‘s Tale was altered to suit; reading ""By this the plowman had his tale ended"" instead of manciple. The genuine reading was not restored until Tyrwhitt did so in his edition of 1775. See Thynne's Animadversions, ed. F. J. Furnivall, 1876, pp. 68, 69, 147; also for a note of H. Bradshaw's, ibid., p. 101.]"
part1_p83_a5,Vol.1,Part I,p83-84,[a. 1542.],"Wyatt, Sir Thomas (d. 1542).","[Satire ii], Of the Courtiers life written to Iohn Poins; [Satire iii], How to use the Court and himselfe therein, written to Syr Fraunces Bryan. [Printed in] Songes and Sonettes written by the... Lorde Henry Howard... 1557.","[See next entry] f. 47 and 48 b (Tottell’s Miscellany, English Reprints, ed. E. Arber, 1870, p. 89, ll. 50-1, p. 92, ll. 73-8).","I am not he that can. . . . . . . .
. . . . . . . . .
[fol. 47] Praise syr Topas for a noble tale,
And scorne the story that the knight tolde :
. . . . . . . . .
[fol. 48 b] In this also se that thou be not idle:
Thy nece, thy cosyn, sister, or thy daughter,
If she bee faire. . . . . . . .
If thy better hath her loue besought her:
Auaunce his cause, and he shall helpe thy nede,
It is but loue, turne thou it to a laughter.
But ware I say, so gold thee helpe and spede:
That in this case thou be not so vnwise,
As Pandar was in such a like dede.
For he, the fole of conscience, was so nice:
That he no gaine would haue for all his paine.","[For Chaucer's influence on Wyatt's verse, which was considerable, see below, App. A, a. 1542.]"
part1_p84_a1,Vol.1,Part I,p84,[c. 1542.],"Howard, Henry, Earl of Surrey.",Poem on the Death of... Sir T[homas] W[yatt].,"[First printed in the collection of] Songes and Sonettes, written by the ryght honorable Lorde Henry Haward late Earle of Surrey, and other. Apud Richardum Tottel, 1557. [col.] Imprinted at London... by Richard Tottel, the fift day of June, An. 1557. [This is known as Tottel’s Miscellany, a unique copy of this first edn. is in the Bodleian; our transcript is from the 2nd edn. [in B. M.], with col. ‘Imprinted at London... by Richard Tottell the xxxi. day of July, An. 1557,‘ ff. 16 b and 17. (Tottel's Miscellany, English Reprints, ed. E. Arber, 1870, p. 29.)","Of the death of the same sir T.[homas] W.[yatt]
. . . . . . .
Of the same.
W. Resteth here, that quick could neuer rest:
. . . . . . . .
A hand, that taught, what might be said in rime:
That reft Chaucer the glory of his wit :
A mark, the which (unparfited, for time)
Some may approch, but neuer none shal hit.","[There are three known copies of the 2nd edn. of Tottell. See an article on Tottel's Miscellany, by W. W. Greg in The Library, April, 1904.]"
part1_p84_a2,Vol.1,Part I,p84,1542.,"Leland, John.","Naeniae in mortem Thomae Viati,","ll. 1-8. See below, App. A, 1542.",,
part1_p85_a1,Vol.1,Part I,p85,[1543?],Unknown.,Heading to Truth.,"MS. Arch. Seld. B 10, fol. F ii and b. (at end of Harding’s Chronicle, p. 4 of “the Prouerbes of Lydgate."" More odd texts of Chaucer's minor poems, ed. F. J. Furnivall, Chaucer soc. 1886, p. 29).",Ecce bonum consilium galfridi chaucers contra fortunam.,
part1_p85_a2,Vol.1,Part I,p85-86,1544.,"Ascham, Roger.",Toxophilus.,"Londini In ædibus Edouardi Whytchurch, Book i, sign. E i b, E ii b-iii, E iv-iv b, F ii-ii b. (English Reprints, ed. E. Arber, 1868, pp. 52, 54, 56, 59.)","[sign. B i b] The Nource of dise and cardes is werisome Ydlenesse,
enemy of vertue, ye drowner of youthe, that tarieth in it, and
as Chauser doth saye verie well in the Parsons tale, the greene
path waye to hel, hauinge this thing appropriat vnto it, that
where as other vices haue some cloke of honestie, onely
ydlenes can neyther do wel, nor yet thinke wel.
[Parson's Tale, ll. 710-16 ?]
. . . . . . . .
[sign. E
ii b]
Whose horriblenes [speaking of Gaming] is so large that
it passed the eloquence of our Englishe Homer [Chaucer] to
compasse it: yet because I euer thought hys sayinges to have
as much authoritye as eyther Sophocles or Euripedes in Greke,
therefore gladly do I remembre these verses of hys:—
Hasardry is very mother of lesinges
And of deceyte and cursed sweringes
[sign. E iii]
Blasphemie of Christ, manslaughter, and waste also,
Of catel of tyme, of other thynges mo.
[Pardoner's Tale, ll. 590-4.]
(Here Ascham inserts a moral disquisition on various clauses
of these verses.]
. . . . . . . .
[sign. E iv] Cursed sweryng blasphemie of Christe. These halfe verses
Chaucer in an other place more at large doth well set out, and
verye liuely expresse, sayinge.
Ey bi goddes precious hert and his nayles
And by the blood of Christ that is in Hales
. . . . . . . . .
Forsweringe, Ire, falsnes and Homicide, etc.
[Pardoner's Tale, ll. 615-7].
[sign.E
iv b]
.... Two men I herd my selfe, whose sayinges be far more
grisely than Chaucers verses.  ...
[sign. F ii]
Yet this I woulde wysche that all great men in Englande
had red ouer diligentlye the Pardoners tale in Chaucer, and
there they shoulde perceyue and se, howe moche suche games
stande with theyr worshyppe, howe great soeuer they be.  ...
I wyll make an ende with this saying of Chaucer:
[sign. F.
ii b]
Lordes might finde them other maner of pleye
Honest ynough to driiue the daye awaye.
[Pardoner's Tale, ll. 627-8.]",
part1_p86_a1,Vol.1,Part I,p86,1544.,"Betham, Peter.","The Prefatory Epistle [to] The preceptes of Warre,","set forth by James the Erle of Purlilia and translated into Englysh by Peter Betham 1544. [col. ] Imprynted at London, in the Olde Jewery, by Edwarde Whytchurche, cum priuilegio ad imprimendum solum. (Title and extract with Chaucer ref. given in Censura Literaria, by Sir S. E. Brydges, vol. vii (iv of new series), 1808, pp. 67-72.)","[p. 69]  Yet lette no man thyncke, that I doo damne all usual
termes borowed of other tounges whan I doo well Knowe
that one tounge is interlaced with an other. But nowe to
be shorte, I take them beste Englysshe men, which folowe
Chaucer, and other olde wryters, in whyche study the nobles,
and gentle men of Englande, are worthye to be praysed, whan
they endeuoure to brynge agayne his owne clennes, oure
Englysshe toungue, and playnelye to speake wyth our owne
termes, as our [f]athers dyd before us....","[There is no copy in B.M., but one in Bodl. and one in Camb. Univ. library.]"
part1_p86_a3,Vol.1,Part I,p86-87,[c. 1545.],"Forrest, William.",History of Joseph.,"Univ. Coll. Oxford MS. 88, fol. 3. (The History of Grisild the Second..... written by William Forrest... ed. Rev. W. D. Macray. Roxb. Club, 1875, p. 167.","The Prologe.
. . . . . . . .
I wote this hathe not the florischinge veyne
Of Gowers phrase, adorned in suche sorte,
Oather of Chaucers, that Poete soueraynge
To aske their counsaylles I came all to shorte:
Lydgate in this gaue me no comforte;
So tell I yowe, before yee doo ytt reade,
I cannot them rayse, so longe agoe deade.","[""Dated as having been finished April 11, 1569, but said by the author to have been originally written 24 years before."" Cf. Rox. Club edn. introduction, p. xxi.]"
part1_p87_a1,Vol.1,Part I,p87,[c. 1545.],"Leland, John.",Commentarii de Scriptoribus Britannicis.,"[MS. Bodl.] [first printed by] Antonius Hall,... Oxonii, 1709. Cap. Dv, De Gallofrido Chaucero, pp. 419-26, cap. cdxciii, De Joanne Govero, p. 416.",,"[This is the first ‘life' of Chaucer. For a print of it, ses below, App. A e 1545 Leland.]"
part1_p87_a2,Vol.1,Part I,p87,[c. 1545.],"Leland, John.","Principum, ac illustrium aliquot de eruditorum in Anglia Virorum, Encomia... nunc primum in lucem edita.","Londini,... 1589. Encomia illustrium virorum. In laudem Gallofridi Chauceri, Isiaci, p. 79; De Gallofrido Chaucero, Equite, p. 80; De Gallofrido Chaucero, pp. 93-4. (Reprinted by T. Hearne, in J. Lelandi de Rebus Britannicis Collectanea, 1770, vol. v, pp. 141-2 152.)",,[These three sets of verses are all included (with some variation in the flrst and third) in the account of Chaucer given by Leland in the Commentarii de Scriptoribus Britannicis. See last entry.]
part1_p87_a3,Vol.1,Part I,p87,[c. 1545.],"Leland, John.","Joannes Lelandi antiquarii De Rebus Britannicis Collectanea,","tom. iii [Tanner MS. Bodl.] fol. 48. (Reprinted, with same title by T. Hearne, 1770, vol iv, p. 49.)","Westmonasterii
Distichon ex epitaphio Galfredi Chauceri
Galfredus Chaucer, vates & fama poësis
Maternæ, hac sacra sum tumulatus humo.","[These lines are the last two of Surigo's epitaph, see above, 1479, p. 60. The references in The Itinerary of John Leland (Tanner MSS. Bodl.), ed. Thomas Hearne, 2nd edn. 1745, are to Thomas and Alice Chaucer: they are vol. ii, p. 7; iv, pp. 6, 19; vii, pp. 69, 104.]"
part1_p87_a4,Vol.1,Part I,p87,1546.,"Ashton, Peter.",Epistle dedicatory [to] A shorte treatise vpon the Turkes Chronicles.... translated out of Latyne into englysh....,"by Peter Ashton. Imprinted at London in Fletestrete.... by Edwarde Whitchurche M.D.XL.vi., sign. *vi b. (British Bibliographer, ed. Sir S. E. Brydges, 1810-14, vol. ii, 1812, p. 94. Short extract, containing Chaucer reference.)","For truly, throwghe out al this simple and rude translation,
I studyed rather to vse the most playn and famylier english
speche, then ether Chaucers wordes (which by reason of
antiquitie be almost out of vse) or els ink horne termes (as
they call them), whiche the common people, for lacke of latin,
do not vnderstand.",
part1_p88_a1,Vol.1,Part I,p88,1548.,"Bale, John.",Illustrium Maioris Britanniae Scriptorum.,"[1st edn.] fol. 198 and b [Life of Chaucer), fol. 202 b [John Lydgate], fol. 233b [Thomas Wyat]. (For text of extracts see Appendix A, 1548, Bale, and cf. 2nd edn. of 1557-9, p. 96 below.)",,
part1_p88_a2,Vol.1,Part I,p88,[1548?],"Lindsay, Sir David.","The Historie of Ane Nobil and Wailzeand Squyer, William Meldrum.","[col.] Imprentit at Edinburgh be Henrie Charteris Anno MDxciiii, sign. a ii and a ii b. (Poetical works, ed. D. Laing, 1879, vol. i, pp. 159-60; also Works, part iii, ... Squyer... Meldrum ed. F. Hall, E. E.T. soc. 1868, pp. 321-2.)","[l. 11]
Poetis thair honour to auance
Hes put thame in rememberance
Sum wryt of preclair Conquerouris,
And sum of vailzeand Empriouris;
. . . . . . .
[l.28]
Sum wryt of deidis amorous;
As Chauceir wrait of Troilus
How that he luiffit Cressida:
Of Jason and of Medea.","[In the table of contents to The Warkis of... Sir Dauid Lyndsay... Imprentit ... be Henrie Charteris, Anno M. DLxxxii, this poem is mentioned as the ‘Historie of the Squyer William Meldrum of the Benis, neuer befoir Imprentit,' but it was not included in the Works, and no edn. of that date is now known to exist. Squyer Meldrum occurs again in the table of contents in the 1592 edn. of Lindsay's Works, but is not printed amongst them, yet it seems certain that an edn. was issued previous to 1585, as six copies are mentioned as part of the stock in trade of Robert Gourlay, bookseller of Edinburgh, who died in Sept. of that year. See Laing, vol. iii, pp. 278-86.]"
part1_p88_a3,Vol.1,Part I,p88,1549.,"Becke, Edmund.",Preface,"to Becke's edition of the Bible, fol. 1549, sign. A A vi.","To the most puissant and mighty prince Edwarde the first..
. . . . . . . . .
If all magistrates &̀ the nobilitie, wolde wel wey with them
selfs the inestimable dignitie, & incomparable goodnes of Gods
boke,... and wolde also as willingly vouchsafe to suffurate
& spare an houre or ii in a day, from theyr worldly busines,
emploing it about the reading of this boke, as they have been
vsed to do in Cronicles & Canterbury tales, then should they
also abandone... all blasphemyes, swearing, carding, dysing.
... Oh what a florishing commune wealth should your grace
inioy & haue. . .",
part1_p88_a4,Vol.1,Part I,p88-89,[1549?],"Cranmer, Thomas.",A Sermon concerning the time of Rebellion.,"Corp. Christ, coll. MS. Camb. cii, pp. 409-99. (Cranmer's Works, ed. J. E. Cox, Parker soc. 1844-6, vol. ii, 1846, p. 198.)","If we receiue and repute the gospel as a thing most true and
godly, why do we not live according to the same? If we count
it as fables and trifles why do we take upon us to give such
credit and authority to it?
To what purpose tendeth such dissimulation and hypocrisy?
If we take it for a Canterbury tale, why do we not refuse it?
Why do we not laugh it out of place, and whistle at it?",[This extract is given fromn the Parler soc. edition.]
part1_p89_a1,Vol.1,Part I,p89,1549.,"Latimer, Hugh.",The sconde Sermon... preached before the Kynges maiestie... ye xv. day of March Mcccccxlix.,"Imprinted at London by John Daye [1549?]. The second sermon has a different title page to the first, though bound together. To the Reader, sign. A iiii. (Seven Sermons before Edward VI. English Reprints, ed. E. Arber, 1869, p. 49. Also Latimer’s works, ed. Rev. G. E. Corrie, Parker soc., 1844-5, vol. i, pp. 106-7.)","... if good lyfe do not insue and folow upon our readynge
to the example of other[s] we myghte as well spende that tyme
in reading of prophane hystories, of cantorburye tales, or a
fit of Roben Hode.",
part1_p89_a2,Vol.1,Part I,p89,[1549?],Unknown.,"Le A. to the Reder, Envoy to The goodli historv of the moste noble and beautyfull Ladye Lucres of Scene... and of her louer Eurialus,","sign. H iij b. (Reprinted in the Hystorie of the most noble knight Plasidas, ed. H. H. Gibbs, Roxb. club, 1873, Preface, p. ix.)","Ther was also the noble Troylus
Whych all hys Iyfe, abode in mortall payne
Delayed by Cresyde whose history is piteous
Tyll at the last Achylles had hym slayne
Yet other there be whyche in thys carefull chayne
Of loue haue contynued, all theyr Iyfe dayes
Deathe was theyr end, there was non other wayes.","[No date nor printer's name (but possibly W. Copland). A translation of Æneas Sylvius Piccolomini's (afterward Pius II) De duobus amantibus Eurialo et Lucresia, written in 1448. The reference is most probably to Chaucer's version of Troilus and Cressida.]"
part1_p89_a3,Vol.1,Part I,p89-90,[1549?],Unknown.,The Complaynt of Scotlande.,"[Attributed by Murray to an unknown priest of the name of Wedderburn, and by Laing to Robert Wedderburn, Vicar of Dundee; also to Sir James Inglis, and to Sir D. Lindsay] Paris? 1549? [f. 19 b]. Two copies in B. M. (Complaynt of Scotland, ed. J. Leyden, 1801, p. 98,–ed. J. A. H. Murray, E. E. T. soc., 1872-3, part i, p. 63.)","[The shepherds each tell a tale]... Sum vas in prose & sum
vas in verse sum var storeis and sum var flet taylis. Thir
var the namis of them as eftir follouis, the taylis of cantir¬
berrye. Robert le dyabil....","[See Murray's edn. for an account of this work; Dr. F. J. Furnivall reprinted in his Captain Cox, ed. for Ballad soc. 1871, the list of books contained in the Complaynt. In the Grenville copy the foliation ceases at f. 81 recto and commences again as f. 82 on what should be f. 54 recto. The reference here given means f. 19b of the unnumbered leaves; if the foliation were continuous it would be f. 50 b.]"
part1_p90_a1,Vol.1,Part I,p90,[c. 1550?],Unknown.,"Extract from Chanon Yemannes Tale,","ll. 1428-71 [in a collection of extracts relating to the philosopher's stone and other alchemical subjects], Sloane MS. 1098, ff. 17b-18.","Lo thus sayeth arnolde of the newe towne
when y t hym Iyketh lo this ys hys ende.
. . . . . . .
Chaucer.",
part1_p90_a2,Vol.1,Part I,p90,[c. 1550?],Unknown.,"Extract from Chanon Yemannes Tale,","ll. 1428-81 [in a collection of extracts similar to above] Sloane MS. 1723, fol. 35.","Lo thus saith Arnolde of the new towne
Jeffray Chawcer.
. . . . . . .
God send euery good man boote of his bale.
finis.",
part1_p90_a3,Vol.1,Part I,p90,1550.,"Coke, John.","The Debate betwene the Heraldes of Englande and Fraunce,","compyled by Jhon Coke, clarke of the Kynges recognysaunce.... MDL. sign. I viii b. (Reprinted with Le Débat des Hérauts d’Armes.... ed. L. L. Pannier et P. Meyer, soc. des anciens textes Français, 1877, p. 108.)","¶ The names of sum famous Clarkes in Englande of late
dayes, and at this present time.
ITEM Syr Heralde what great clarkes & Oratours hath ben
of late dayes and be at this daye in England, as Chauser,
Gower, Lydgate, Bongay, Grosdon, Payce, Lylly, Lynacre,
Tunstall, Latymer, Hoper, Couerdale, with many other.
And albeit the persons of these honourable men, ben to
many vnknowen, yet theyr famous workes be common in all
the vnyuersities of christendome. So it is euydent that we
by reason of thantiquite of our vniuersities have euermore had
and yet haue more famous clarkes then you.",
part1_p90_a4,Vol.1,Part I,p90-91,[1550-3?],"Turner, William (Dean of Wells).",Letter to Mr. Fox,"concerning his Book of Martyrs: and Some Intelligence of his Knowledge of Bishop Ridley, dated Nov. 26. Harl. MS. 416, fol. 132. (Works of N. Ridley, ed. Rev. H. Christmas, Parker soc., 1841, pp. 490, 94.)","Hoc me valde male habet, quod sanctissimi martyris domini
Thorpii liber non sit ea lingua Anglice conscriptus, qua eo
tempore quo ipse vixit tunc tota Anglia est usa. Nam talis
antiquitatis sum admirator, ut ægerrime feram talis antiquitatis
thesauros nobis perire; quo nomine haud magnam apud me
gratiam inierunt qui Petrum Aratorem, Gowerum et Chaucerum,
et similis farinæ homines, in hanc turpiter mixtam linguam,
neque vero Anglicam neque pure Gallicam, transtulerunt.","[I greatly regret that the book of that most holy martyr Thorp is not edited in the old English which was in general use at the time in which he lived. For so great an admirer am I of antiquity, that I could ill bear treasures of such antiquity to perish from amongst us. On which account I feel no great obligations to those persons, who have translated Plers Plowman. Gower and Chaucer, and authors of a similar stamp, into a mongrel language, neither true English nor pure French.]"
part1_p91_a1,Vol.1,Part I,p91,[c. 1550-57.],"Bale, John.","[Entries in Bale‘s, autograph note-book.]","MS. Cod. Seld., supra 64 (No. 3452 in Bernard’s Catalogue) Bodl. Library, ff. 50, 59b, 68 b, 69, 116, 135, 170 b, 211, 212 [printed in] Index Britanniæ Scriptorum.. ed. R. Lane Poole, Oxford, 1902, pp. 74- 78, 82, 208, 210, 233, 255, 305.",,
part1_p91_a2,Vol.1,Part I,p91,1552.,"Ascham, Roger.","A Report and Discourse written by Roger Ascham, of the affaires and state of Germany and the Emperour Charles his court duryng certaine yeares while the sayd Roger was there.","Printed by John Daye [1570?] sign. A iiij. (Works, ed. Rev. Dr. Giles, 1864-5, Library of Old Authors, vol. iii, p. 6.)","Diligence also must be vsed [by an Historian] in kepyng
truly the order of tyme: and describyng Iyuely, both the site
of places and nature of persons not onely for the outward
shape of the body: but also for the inward disposition of the
mynde, as Thucidides doth in many places very trimly, and
Homer euerywhere, and that alwayes most excellently, which
obseruation is chiefly to be marked in hym. And our Chaucer
doth the same, very praise worthely: marke hym well and
conferre hym with any other that writeth of in our tyme in
their proudest toung, whosoeuer Iyst.",
part1_p91_a3,Vol.1,Part I,p91-92,1558.,"Wilson, Thomas.",The Arte of Rhetorique.....,"Book iii, fol. 86 and 86 b. (Ed. by G. H. Mair, 1909, p. 162.)","Emong al other lessons, this should first be learned that we
neuer affect any straunge ynkehorne termes, but so speake as
is commonly receiued.... Some farre iorneid ientlemen at
their returne home, like as thei loue to go in forrein apparel,
so thei wil pouder their talke with ouersea language. He
that cometh lately out of France will talke Frenche English,
& neuer blushe at the matter. Another choppes in with
Angleso Italiano: the lawyer will store his stomack with the
[fol.
86 b]
pratyng of Pedlers. The Auditour in makyng his accompt
and rekenyng, cometh in with sise sould, and cater denere,
for vi s iiij d. The fine Courtier wil talke nothyng but
Chaucer. The misticall wise menne, and Poeticall Clerkes-
vill speake nothyng but quaint prouerbes, and blynd allegories,
delityng muche in their awne darkenesse, especially, when
none can tell what thei dooe saie.",
part1_p92_a1,Vol.1,Part I,p92-93,[c. 1555.],"Stevins, Walter.",The conclusions off the astrolabye compylyd by Geffray Chaucer newlye amendyd. ....,"Sloane MS. 261, ff. 3-4 30 b, 66.","[fol. 3]
To the reader
WHEN I happenyd to looke vpon the conclusions of the
astrolabie compiled by Geffray Chawcer, and founde
the same corrupte, and false in so many and sondrie places,
that I doubtede whether the rudenes of the worke weare not a
gretter sclaunder to the authour, then trouble and offence to
the readers; I dyd not a Iytell marvell if a booke shoulde come
oute of his handes so imperfite and indigest, whose other workes
weare not onely reckenyd for the best that euer weare sette
fowrth in oure english tonge : but also weare taken for a mani¬
fest argumente of his singuler witte and generalitie in all kindes
of knowledge. Howebeit, when I called to remembrance that
in his proheme he promised to sette fowrth this worke in fyue
partes, wherof weare neuer extante but these two first partes
onely, it made me belyue that either the worke was neuer
[fol. 3 b] fynisshed of the authoure, or els to haue ben corrupted sens by
some other meanes; or what other thinge might be the cause
therof I wiste not. Neuer the lesse vnderstandinge that the
woorke, which before lay as neglected, to the profite of no man
and discourage of many, mighte be tourned to the commoditie
of as manye as herafter showlde happen to trauayle in that parte
of knowledge : I thought it a thinge worth my laboure if I coulde
sette it in better order and frame–which thinge howe I haue
done it, let be theire indifferente iudgemente, which heretofore
haue readen thether settinge forth; or lyst to compare this and
that together, wherin I confesse that besydes the amendinge
of verie many wordes I haue displaced some conclusions, and
in some places wheare the sentences weare imperfite, I haue
supplied and filled them, as necessitie required.—As for some
conclusions I haue altered them, and some haue I cleane put
[fol. 4] oute for vtterlye false and vntrue: as namelye the conclusion
of direction and retrogradaconn of planetes: and the conclu¬
sions to knowe the longitudes of sterres, whether thei be
determinate or indeterminate in the astrolabie. The conclu¬
sion, to knowe with what degree of the sodiacke any planet
ascendeth on the horizonte whether his latitude be north or
sowth; as the meanynge of the same conclusion was most
hardest by reason of the imparfitenes therof so in practise I
fownde him most false, as he shall fynde that Iyst to take the
Iyke paines. Notwithstandinge this haue I doone, not chal¬
lenginge for my selffe, but renuncynge and leauinge to worthie
Chaucer his due praise for this worke, which if it had come
parfite vnto oure handes (no dowbte) woolde haue merited
wonderfull praise. As for me if I haue done any thinge therin
it shall suffice if the louers of wittie Chawcer do accepte my
good will and entente.
Vale.
. . . . . . . . . . .
[fol. 90 b] [Upon the first degree of Aries] Albeit y t in Chaucers
tyme upon the .12. day of March the sonne entred into the
bedde of Aries: yet in oure tyme y u shalt finde that the sonne
entreth therin the .10. day of the same moneth.
. . . . . . . . . . .
[fol. 66] Thus endethe the conclusions of the astrolabye composed by
Geoffrey Chawcer.","[For an account of this MS. and evidence as to its date, see the Introduction to the Treatise on the Astrolabe, by A. E. Brae, 1870, pp. 6-11.]"
part1_p93_a1,Vol.1,Part I,p93-94,1555.,"Braham, Robert.","The pistle to the reader,","[prefixed to] The Auncient historie and onely trewe and syncere Cronicle of warres betwixte the Grecians and the Troyans... translated in to englyshe verse by John Lydgate, sign. *B i and *B i b. (Prefaces, dedications... from early English books, by W. C. Hazlitt, 1874, pp. 18, 19.)",".... And so by these degrees, hath bene at the laste by
y e díligence of John Lydgate a moncke of Burye, brought into
our englyshe tonge: and dygested as maye appere, in verse
whoes trauayle as well in other his doynges as in this hathe
wythout doubte so muche preuayled in this our vulgare lan¬
guage, that hauynge his prayse dewe to his deseruynges, may
worthyly be numbred amongst those that haue chefelye deserued
of our tunge. As the verye perfect disciple and imitator of
the great Chaucer, y e onelye glorye and beauty of the same.
Neuertheles, Iyke wyse as it hapned y e same Chaucer to lease
y e prayse of that tyme wherin he wrote beyng then when in
dede al good letters were almost aslepe, so farre was the grose¬
nesse and barbarousnesse of that age from the vnderstandinge
of so deuyne a wryter. That if it had not bene in this our
time, wherin all kindes of learnyng (thancked be god) haue as
much floryshed as euer they did by anye former dayes within
this realme, and namelye by the dylygence of one willyam
Thime (sic) a gentilman who laudably studyouse to yᵉ polyshing
of so great a Jewell, with ryghte good iudgement trauail, &
great paynes causing the same to be perfected and stamped as
it is nowe read, yᵉ sayde Chaucers workes had vtterly peryshed,
or at yᵉ lest bin so depraued by corrupcion of copies,
[sign.
*B i b]
that at the laste, there shoulde no parte of hys meaning
haue ben founde in any of them.",
part1_p94_a1,Vol.1,Part I,p94,1555.,Unknown.,The Institucion of a gentleman.,"A. . D. . M.D.L.V. Imprinted at London . . . . by Thomas Marshe, sign. a iiii b-a v, b ii b, g iiii, h vii b, h viii.","[sign. a iiii b-a v] Tale of the wyf of Bathe. ll. 1133-76 (a few
[sign. b ii b] Reference to the maunciple’s tale Il. 207-22.
lines omitted).
[sign. g iiii] The reeves prologue ll. 3903-4.
[sign. h vii b] The pardoners tale ll. 603-28.
[sign. h viii] The pardoners tale ll. 591-602.","[A brief account ot the 2nd edn., 1568, of this work will be found in Sir S. E. Brydge's Restituta, 1814, vol. i. pp. 536-40; no references to Chaucer are given.]"
part1_p94_a2,Vol.1,Part I,p94,1556.,"Brigham, Nicholas.",[Inscription on Chaucer's Tomb in Westminster Abbey.],,"M.S.
QUI FUIT ANGLORUM VATES TER MAXIMUS OLIM
GALFRIDUS CHAUCER CONDITUR HOC TUMULO:
ANNUM SI QUÆRAS DOMINI, SI TEMPORA VITÆ.
ECCE NOTÆ SUBSUNT QUÆ TIBI CUNCTA NOTANT.
25 OCTOBRIS 1400
AERUMNARUM REQUIES MORS.
N. BRIGHAM HOS FECIT MUSARUM NOMINE SUMPTUS
1556.","[See p. 186, below, under a. 1613, R. Commaundre, who gives this epitaph, down to Octobris 1400, then adds Surigo's two lines, quoted by Leland (c. 1545, p. 87); he, however, erroneously pute down the inscription to Hickeman. For the whole question of Chaucer's tomb and re-interment, see note under a. 1479, Caxton, p. 59 above.]"
part1_p94_a3,Vol.1,Part I,p94,1556.,"More, Sir William.",Catalogue of his Books,"made by Sir William More, of Losely in Surrey, Aug. 20, 1556, a transcript of which is in Archæologia, 1855, vol. xxxvi, pp. 290-2.",[p.290] Itm. chausore . . . V S.,
part1_p95_a1,Vol.1,Part I,p95,1557-9.,"Bale, John.",Scriptorum Illustrium maioris Brytanniæ.. Catalogus.,"[col.] Basileæ, ex officina Ioannis oporini anno Salutis humanæ M.DLix Mense Februario. 2 vols. [2nd edn.] Further notices of Chaucer; vol. i, pp. 525-7 [Life of Chaucer, fuller than in 1st edition]; p. 537 [Thomas Occleve]; p. 586 [John Lydgate]; p. 700 [Radcliffe, R.]; p. 702 [Grimoald, Nicholas]. (For Bale’s whole account of Chaucer, pp. 525-7, see below, Appendix A, 1557-9; cf. also first edn. 1548 above, p. 88.)",,"[The date 1557 is not on the title-page, but is at the head of sign. a 6.]"
part1_p95_a2,Vol.1,Part I,p95,[a. 1559.],"Grimoald or Grimald, Nicholas.","Troilus ex Chaucero comœdia,",lib. 1.,,"[No copy of this work is known to exist, the only mention of it is in John Bale's Scriptorum illustrium maioris Brytanniæ Catalogus, Basle [1557-9], p. 702.]"
part1_p95_a3,Vol.1,Part I,p95,[a. 1559.,"Radcliffe, Ralph.]",De patientia Grisildis. De Melibœo Chauceriano.,,,"[No copies of these two works are known to exist. They are mentioned by John Bale in his Scriptorum illustrium maiorie Brytanniæ Catalogus, Basle [1557-9], p. 700.]"
part1_p95_a4,Vol.1,Part I,p95,[c. 1560?],Unknown.,Heading to Astrolabe,"in Sloane MS. 314, fol. 65 b.",1391. Sr Jeffery Chawseres worke.,
part1_p95_a5,Vol.1,Part I,p95,[c. 1560.],Unknown.,"A fragment of MS. of 16th century handwriting,","[evidently translated from Leland, as printed by Bale, see above, 1557-9] pasted on the fly-leaf of the 2nd edn. of Caxton's Canterbury Tales (printed c. 1483) in a copy in B. M. (G. 11,586). It is stated underneath that the fragment was “cut out from a very antient binding of this Book."" See Life of Caxton, by W. Blades, 1861-3, vol. ii, pp. 163-4.","Geffery Chaucer Englishman borne of noble parantage, neer
Oxford imployed his studye ther, as a neighbour and well-
willer vnto the same, He was a sharpe Logician, a sweete
Rhetorician, a pure Poett, a graue Philosopher, and a sacred
theologician, He surpassed the Mathematickes in his tyme in ther
art or cemeinge, He studied vnder John Sombo, St. Nicholas
Linna of the order of the Carmelites, He had trauailed into
ffraunce, & was expert in that language so well that he made
the Romaunt of the Rosse and a great number of sundry
Bookes, He florished in the yeare 1402.",
part1_p95_a6,Vol.1,Part I,p95-96,[1561.],"Baldwin, William.",Beware the Cat.,"[col.] Imprinted at London at the long Shop adjoyning vnto Saint Mildreds Church in the Pultrie by Edward Allde, 1584. The Second Parte.","Chaucers   While I harkned to this broil, laboring to discern
house of
fame
bothe voices and noyces a sunder, I heard such a
mixture as I think was neuer in Chaucers house of
fame, for there was nothing within an hundred mile of me
doon on any side, (for from so far but no further the ayre may
come because of obliquation) but I herd it as wel as if I had
been by it, and could discern all voyces, but by means of
noyses understand none.","[There were three impressions of this tract, one in 1561, another in 1570, and the third in 1584, but of the first two only fragments remain; see J. P. Collier's Bibliographical and Critical Account of the rarest books in the English Language, 1865, vol. i, p. 43. Of the last edn. there are now two copies known, one (the Huth copy, now in B.M.) is imperfect, wanting the titlepage; the other, from which we quote, was in the possession of Professor Edward Dowden; this copy is perfect, but is cut close, and wants the signatures and headlines.]"
part1_p96_a2,Vol.1,Part I,p96,1561.,"Sackville, Thomas, and Norton, Thomas.",The Tragedie of Ferrex ond Porrex.,"See below, App. A, 1561.",,
part1_p96_a3,Vol.1,Part I,p96,1561.,"Stowe, John.",The workes of Geffrey Chaucer...,"1561. Six headlines mentioning Chaucer, ff. 340-48.",,
part1_p96_a4,Vol.1,Part I,p96,1561.,Unknown.,"A Couplet on Chaucer,","on title page, under the coat- of-arms, in the issue of above edn. without woodcuts. (One in B.M., 83. l. 5.)","Vertue florisheth in Chaucer still,
Though death of hym, hath wrought his will.","[This couplet is also printed in Speght’s 2nd edn. of Chaucer 1602, after sign ciij b.]"
part1_p96_a5,Vol.1,Part I,p96-97,1561.,Unknown.,Verses,"[without heading or signature, among the prefatory matter to] The firste syxe bokes of the mooste Christian Poet Marcellus Palingenius, called the zodiake of life.... Newly translated... by Barnaby Googe. (This extract is given in Censura Literaria by Sir S. E. Brydges, vol. ii, 1806, p. 207, also in Arber's reprint of Googe’s Eglogs, &c., 1871, p. 8.)","If Chaucer nowe shoulde liue,
Whose eloquence deuine,
Hath paste y e poets al that came
Of auncient Brutus Iyne,
If Homere here might dwell,
Whose praise the Grekes resounde
If Vergile might his yeares renewe,
If Ouide myght be founde:
All these might well be sure
Theyr matches here to fynde,
So muche dothe England florishe now
With men of Muses kynde.","[The above verses are not in the ""firste thre books,"" translated by B. G. 1560; nor in the edn. of 1565. Cf. the verses on p. 116 below, 1578, Procter.]"
part1_p97_a1,Vol.1,Part I,p97,1562,"Bale, John.",MS. notes,"by John Bale, printed by Thomas Hearne in Johannis de Trokelowe, Annales Edwardi II,.... e codicibus MSS., nunc primus divulgavit Tho. Hearnius.. 1729. Appendix iii, pp. 286, 287; Notæ MSS. ipsius Joannis Bale, adjectæ Codici impresso de Scriptoribus, etc. [For extracts, see Appendix A, 1562, Bale.]",,
part1_p97_a2,Vol.1,Part I,p97,1562.,"Legh, Gerard.","The Accedens of Armory,",sign. C j.,"Isidore wryteth, that the planet [Venus] exciteth to loue
wonderfullye, especiallye betwene man and woman. But that
I committe wholy to the iudgement of woorthy Gower, and
of that famous syr Gefferey Chauser, whose workes do yet
remayn as greene, as the Lawrell tree, comparable in euerye
poynt with those, which haue deserued chiefest prayse.",
part1_p97_a3,Vol.1,Part I,p97,1562.,"Scott, Alexander.","Ane New Ȝeir Gift to the Quene Mary, quhen scho come first Hame,","1562, fol. 91 a, stanza 16. [Transcribed from the edn, of the Scottish Text soc.]","For sum ar sene at sermonis seme sa halye,
Singand Sanct Dauidis psalter on pair bukis,
And ar bot biblistis fairsing full Þair bellie,
Bakbytand ny t bouris, noyand Þame in nwikis,
Ruging and raifand vp kirk rentis lyke ruikis;
As werrie waspis aganis Goddis word makis weir:
Sic Christianis to kis with Chauceris kuikis
God gife Þe grace aganis Þis gude new 3eir.","[The reference to Chauceris kuikis is given in Scott's poems, ed. J. Cranstoun, Scott. text soc. 1896, p. 5; poems of A. Scott from the Bannatyne MS., printed for private circulation 1882, p. 11, and notes pp. 98-9; N. and Q. 6th ser., vol. v, 1882, p. 334, notes by W. W. Skeat and W. E. Buckley. Cranstoun also, p. 5 and notes, p. 108, quotes from Montgomerie’ s “The Flyting,"" a. 1584, ll. 112-14 (q. v. below, p. 124). For the reading Chanteris kuikis, see Ancient Scottish poems 1770 and 1815, ed. Sir G. Dalrymple, Lord Hayles, p. 247; Poems of A. Scott, ed. D. Laing 1821, p. 9; Poems of A. Scott, modernised, ed. W. Mackean, 1887; and Scott's poems, ed. A. Karley Donald, E.E T.soc., 1902, p. 6, and notes, pp. 74-5.]"
part1_p97_a4,Vol.1,Part I,p97-98,1563-8.,"Ascham, Roger.",The Scholemaster.,"At London. Printed by Iohn Daye, 1570, [posthumously published] sign. R iiij b., S i and b. (English Reprints, ed. E. Arber, 1870, pp. 145-6, 8.) [The 2nd edn., sometimes called the 1st, is dated 1571.]","[sign. R
iiij b]
Some that make Chaucer in Englishe and Petrarch in
Italian, their Gods in verses, and yet be not able to make
true difference, what is a fault, and what is a iust prayse, in
[sign, S i]
those two vorthie wittes, will moch mislike this my writyng.
Si]
But such men be euen like followers of Chaucer and Petrarke
as one here in England did folow Syr Tho. More: who, being
most vnlike vnto him, in wit and learning, neuertheles in
wearing his gowne awrye vpon the one shoulder, as Syr Tho.
More was wont to doe, would needes be counted like vnto hym.
. . . . . . . . . . .
[sign.
And you, that.... neuer went farder than the schole of
S i b]
Petrarke and Ariostus abroad, or els of Chaucer at home....",
part1_p98_a1,Vol.1,Part I,p98,1568.,"Neville, Alexander.","A dedicatory poem in Eglogs, Epytaphes, and Sonettes, newly written by Barnabe Googe,","1563, 15 Marche. ¶ Imprynted at London, by Thomas Colwell, for Raffe Newbery. Three copies only known, Huth & Britwell libraries and Capel collection Trin. Coll. Camb. (English Reprints, ed. E. Arber, 1871, p. 23).","Alexander Neuyll.
. . . . . . .
Go forward styll to aduaunce thy fame
Life's Race halfe ryghtly ron
Farre easyer tis for to obtain
the Type of true Renowne.
Like Labours haue been recompenst
with an immortall Crowne.
By this doth famous Chaucer lyue,
by this a thousande moore
Of later yeares. By this alone
The old renowmed Stoore
of Auncient Poets lyue....",
part1_p98_a2,Vol.1,Part I,p98-99,1564.,"Bullein, William.","A Dialogue bothe pleasaunte and pietifull, wherein is a goodly regimente against the feuer Pestilence... Newly corrected by William Bullein the autour thereof.—","Imprinted at London by Ihon Kingston, Marcii MDL xiiii. [Unique copy of 1st edn. 1564, in Britwell library. In 1573 edn., earliest in B. M., the reference is on pp. 19-20.] (Ed. M. W. Bullen and A. H. Bullen, E. E. T. soc., extra series lii, 1888, pp. 16-17.)","Wittie Chaucer satte in a chaire of gold couered with
Roses, writing Prose and Risme, accompanied with the Spirites
of many Kynges, Knightes and faire Ladies, whom hee
pleasauntly besprinkeled with the sweete water of the welle
consecrated unto the Muses ecleped Aganippe; and as the
heauenly spirite commended his deare Brigham for the worthy
entombing of his bones, worthy of memorie, in the long slepyng
chamber of most famous kinges, Euen so in tragedie he bewailed
the sodaine resurrection of many a noble man before their
time, in spoylyng of Epitaphes; whereby many haue loste
their inheritaunce, &c. And further thus he said lamentynge:—
Couetos men do catch al that thei may haue,
The feeld & the flock, the tombe & the graue,
And as they abuse riches, and their graues that are gone,
The same measure they shall haue euery one,
Yet no burial hurteth holy men though beastes them deuour,
Nor riche graue preuaileth the wicked for all yearthly power.","[See above, c. 1479, Caxton, p. 59, also above, 1556, Brigham, p. 94.]"
part1_p99_a1,Vol.1,Part I,p99,1565.,"Calfhill, James.","Aunswere to the Treatise of the Crosse [by John Martiall],","fol. 134 b. (Ed. R. Gibbings, Parker soc. 1846, pp. 287-8.)","... the friers coule must be honored. Ye remember what
the hoste in Chawcer sayd to sir Thopas for hys leude ryme:
the same do I say to you (bicause I haue to do with your
Cantorbury tales) for youre fayre reasons.","['No more of this, for goddes dignitee’ Quod oure hoste, 'for thou makest me So wery of thy verray lewednesse That, also wisly god my soule blesse, Myn eres aken of thy drasty speche.' Prol. to Melibeus, ll. 1-5.]"
part1_p99_a2,Vol.1,Part I,p99,1565.,"Googe, Barnaby.",The Preface to the . . Reader,"[in] The Zodiake of Life. See below, App. A.",,
part1_p99_a4,Vol.1,Part I,p99,1566.,"Edwards, Richard.","Palamon and Arcite,","a play acted before the Queen at Oxford [now lost] Extract from Wood’s MS. (Bodl.?) corrected by Mr. Gough (printed in The Progresses.... of Queen Elizabeth, by John Nichols, 1823, vol. i, p. 210).","At night the Queen heard the first part of an English play,
named Palamon & Arcyte, made by Mr Richard Edwards, a
Gentleman of her Chapel, acted with very great applause in
Christ Church Hall.","[See below p. 141, 1594, note to Palamon and Arsett.]"
part1_p99_a5,Vol.1,Part I,p99,1566.,"Robinson, Nicholas (Dean of Bangor).",An account of the performance of Edwards’s Palamon and Arcite at Oxford,"[see above] (printed in The Progresses... of Queen Elizabeth, by John Nichols, 1823, vol. i, p. 236).","Dies Aet. die Lunæ.....
Ut superiori nocte, sic et ista Theatrum exornatum fuit
splendide, quo publice exhiberetur Fabula Militis (ut Chaucerus
nominat) e Latino in Anglicum sermonem translate per
Magistratum Edwards et alios ejusdem Collegii alumnos.",
part1_p72_a1,Vol.1,Part I,p72,1517.,"Chaucer, Geoffrey.",The noble and amerous auncyent hystory of Troylus & Cresyde in the tyme of the syege of Troye.... Compyled by Geffraye Chaucer....,"[Printed by Wynkyn de Worde, see next entry.]",,
part1_p75_a2,Vol.1,Part I,p75,1526.,"Chaucer, Geoffrey.","[Works of Chaucer and others, printed by R. Pynson.","No general title-page, but made up of three parts, probably intended to sell separately.]","[Non-Chaucerian pieces distinguished by italics].
[Part I.] Here beginneth the boke of Troylus and Cre¬
seyde, newly printed by a trewe copye, [the col. sign. K
vi, only mentions Pynson's name as printer.]
[Part II.] Here begynneth the boke of Fame made by
Geffray Chaucer: with dyuers other of his workes, sign. a i
[col.], sign. ciij.
The assemble of Foules, sign. c iiij.
La bell dame sauns mercy [by Richard Ros] sign. d ij b [col.]
e iij b.
Ecce bonum consilium Galfredi Chaucer Contra fortunam,
sign. e iiij.
Morall prouerbes of Christyne, sign. e iiij.
The complaynt of Mary Magdaleyne, sign. e v-f iii b.
The letter of Dydo to Eneas, sign. f iv-f v.
Prouerbes of Lydgate ['I counsayle whatsoeuer thou be’],
sign. f v b-f vi.
[Part III.] Here begynneth the boke of Canterbury
Tales dilygently and truely corrected and newly printed,
sign. a i [col.], sign. y iii b.","[This is the first attempt at a collected edition of Chaucer's works. It was Pynson who first introduced the precedent of mixing up the works of Chaucer with those of others. See Introduction, p. XV, by W. W. Skeat to The Works of Chaucer and Others (facsimile reprint of Thynne's edn.), 1905; and also below, under 1582, Thynne, William, pp. 78-9.]"
part1_p76_a2,Vol.1,Part I,p76,1530.,"Chaucer, Geoffrey.",Here foloweth the Assemble of foules.... compyled by the preclared and famous Clerke Geffray Chaucer,Imprynted in london.... by me Wynkyn de Worde 1530.,,"[Unique(?) copy at Britwell. See for an account of this book Ames's Typographical Antiquities, ed. T. F. Dibdin, 1810-12, vol. ii, pp. 278-80.]"
part1_p83_a1,Vol.1,Part I,p83,[c. 1540.],"Chaucer, Geoffrey.",Jack by Lande Compyled by the Famous Geoffrey Chaucer.....,Cum priuilegio Regali. Prynted for Ihon Gough. [Gonville and Caius Coll. Camb.] MS. Harl. 6641.,,"[See below, 1570, p. 105, for Foxe's reprint of Jack Upland.]"
part1_p84_a3,Vol.1,Part I,p84-85,1542-3.,Unknown.,An Acte for thaduauncement of true Religion and for thabbolisshment of the contrarie.,"Statute 34 and 35 Henry VIII, chap. i, section v. (Statutes of the Realm, vol. iii, 1817, p. 895.)","[The statute provides for the utter abolishment, etc., of
forbidden books.] Provided allso that all bokes in Englishe
printed before the yere of our Lorde a thousande fyve hundred
and fourtie intytled the Kings Hieghnes proclamacions iniunc¬
tions, translacions of the Pater noster, the Aue Maria and the
Crede, the psalters prymers prayer statutes and lawes of the
Realme, Cronycles Canterburye tales, Chaucers bokes Gowers
bokes and stories of mennes lieues, shall not be comprehended
in the prohibicion of this acte....",
part1_p86_a2,Vol.1,Part I,p86,[1545 or 1550?.],"Chaucer, Geoffrey.",The Workes of Geffray Chaucer...,Wyllyam Bonham.,,"[A reprint of Thynne's 2nd edn. 1542, q. v. p. 88, in which the Plowman's Tale was inserted before the Parson's, see note under 1542, Plowman's Tale, p. 88. Other copies of this edn. bear a different printer's name in the col., Robart Toye, Rycharde Kele, or Thomas Petit. Cf. above, pp. 78-9, 1582, Thynne, W.]"
part1_p94_a4,Vol.1,Part I,p94,1557.,"[Grimoald or Grimald, Nicholas, editor?]","A print of Chaucer's poem on Truth (Balade de bon conseyl),","with interesting variations, in Songes and Sonettes, written by ... Lorde Henry Haward late Earle of Surrey, and other, 1st edn., 5 June, 1557 [unique copy in Bodleian], sign. A Ai, under 'Uncertain Authors,' and headed 'To leade a vertuous and honest life.' (Tottel’s Miscellany, ed. E. Arber, 1870, pp. 194-5.)",,
part1_p96_a1,Vol.1,Part I,p96,1561.,"Chaucer, Geoffrey.","The workes of Geffrey Chaucer, newlie printed, with diuers addicions, whiche were neuer in print before: With the siege and destruccion of the worthy Citee of Thebes, compiled by Ihon Lidgate, Monke of Berie. As in the table more plainly doeth appere, 1561.",[Blackletter. Generally known as Stowe's edition.],,"[This is partly a reprint of Thynne's edn. of 1532, and partly consists of additional matter contributed by John Stowe. There are two issues of it, with different title pages, one with woodcuts in the Prologue to the C. Tales, and one without; see the full account of this edn. given by W. W. Skeat in his edn. of Chaucer's Works, 1894, vol. i, pp. 31-48; also by E. P. Hammond, in Chaucer, a bibliographical manual, N. Tork, 1908, pp. 119-122, and see also the note under 1582, Thynne, above, pp. 78-9.]"
part1_p99_a3,Vol.1,Part I,p99,1566.,Unknown.,Decree of the Court of Requests as to the payment of money at Chaucer's tomb.,7th Feb. 8 Eliz [1566.],,"[See below, 1585, p. 128; Order by the Court of Requests; and 1596, Cæsar, p. 143, below.]"
part1_p119_a1,Vol.1,Part I,p119,1579.,"A Student in Cambridge [C., J?].",A poore Knight his Pallace of priuate pleasures...,"written by a student in Cambridge, and published by I. C. Gent. Imprinted at London by Richarde Jones, sign. C iij b. Of Cupid his Campe. D. of Northumberland’s library; unique copy. (Three collections of English Poetry, ed. [Sir Henry Ellis] Roxb. club, 1845, sign. C iij b).","Then Morpheus sayd, loe where he stands that worthy
Chauser hight
The cheefest of all Englishmen, and yet hee was a knight.
There Goure did stand with cap in hand, and Skelton did the
same,
And Edwards hee, who, while he liude, did sit in chaire of
fame.",
part1_p128_a2,Vol.1,Part I,p128,"1585, Nov. 8.",Unknown.,Order by the Court of Requests as to the payment of money at Chaucer's tomb.,"Books of Decrees and Orders, Court ot Requests, vol. xiv, fol. 29. (Life Records of Chaucer, ed. R.E. G. Kirk, Chaucer soc., 1900, pp. 334-5.)","Michaelmas term 27-28 Eliz., 3rd Nov.
Puttenham v. Puttenham.
Order as to £45 received by John Bowyer, Esquire, one of
the Queen's [Serjeants at-]arms, upon a lawful tender thereof
by Thomas Colbie, Esquire, on 3Ist October last, ""at the
tombe of Jeffrey Chawcer, within the Church of St. Peter in
Westminster, betwene the howers of two & fower of the clocke
in the after noone of the same,"" according to a Decree made
on the 7th Feb. 8 Eliz. [1566].","[This decree has not been traced. See 1596, below, p. 148, Cæsar.]"
part1_p134_a3,Vol.1,Part I,p134,[1591?].,‘Simon Smel-Knaue (studient in good-felowship).’,"Fearefull and lamentable effects of two dangerous Comets, which shall appeare in the Yeere of our Lord 1591, the 25. of March.","At London, printed by I. C. for John Busbie, sign. C 2. (See British Bibliographer, ed. Sir S. E. Brydges, 1810-14, vol. i, p. 375. Cf. 1608 The Penniless Parliament, below, p. 183.)","Chaucers bookes shall this yeere, prooue more witty then
euer they were: for there shall so many suddayne, or rather
sodden wittes steppe abroad, that a Flea shall not friske foorth
vnlesse they comment on her.",
part1_p138_a1,Vol.1,Part I,p138,1593.,‘A.’,"The Passionate Morrice, a sequel to Tell-Trothes New-Yeares Gift,","1593. Imprinted by Robert Bourne, sign. H 2 b. Unique copy Peterborough Cathedral library. (Ed. F. J. Furnivall, Shakspere soc., 1876, p. 95.)","Doe yow tearme such dooing iesting? thought Honestie:
if Chaucers iapes were such iestes, it was but bad sporte.",
part1_p141_a1,Vol.1,Part I,p141,1594.,"Gr[eenwood], P.","Grammatica Anglicana prœcipuè quatenus a Latina differt, ad vnicam P. Rami methodum concinnata,","Authore P. G. ... 1594. [separate title page sign. E 5). Vocabula Chauceriana quaedam selectiora, et minus vulgaria ipsae Hodie Poetarum deliciæ, vna cum eorum significatis....... Stellis ac herbis vis est, sed maxima verbis.",,"[Here follows, sign. E 6-E 8, an explanation of 121 Chaucerian words. The preface is signed P. Gr.; the book is therefore catalogued in B. M. under Gr., P.]"
part1_p142_a2,Vol.1,Part I,p142,1595.,"Unknown, [C., J.?]","Alcilia, Philoparthen's Louing Follie,","1595, stanza 48, sign. D 2. Unique copy in Town library, Hamburg. (Occasional issues of unique or very rare books, ed. A. B. Grosart, 1879, vol. viii, p. 27. See introduction for discussion on authorship, etc.)","Vncouth vnkist our auncient* Poet said,
*Chaucer.
And he that hides his wants, when he hath need, [Tr. & Cr.
May after haue his want of wit bewraid,
bk. i. l.
809]
And faile of his desire, when others speed.
Then boldly speak: the worst is at first entring,
Much good successe men misse for lack of ventring.","[Cf. above, p. 117, E. K.'s prefatory letter to Shepherd’s Calendar, 1579.]"
part1_p143_a2,Vol.1,Part I,p143,1596.,"Cæsar, Sir Julius.","The Ancient State, Authoritie, and Proceedings of the Court of Requests,","2 Octob. 1596, [Printed] Anno 1597, p. 140.","Anno 18 Elizab. [1577]
9 Maij. fol. 212. Memorandum, that Mary Puttenham the
wife of Richard Puttenham Esquire, hath this day in open
Court receiued the summe of 13 shil. 8d. due vnto her for the
halfe yeeres paiment of one yeerly annuitie to be taken and
issuing out of the rentes reuenues, and profites of the said
Richard her husband, by force of a decree heretofore in that
behalf made by her Maiesties Counsell of this Court, the same
being due at the Annunciation of our Lady last past, and
attached and defalked by Spencer esquire, one of her Maiesties
Serieants at Armes, by order of this Court, vpon the last day
of Aprill last past, out of such summes of money as were ten¬
dered vpon Chawcers tombe within the Cathedrall church of
S. Peter in Westminster, by Rob. Cheynie Citizen of London,
and there paied to the vse of the same Rich: Puttenham.","[Cf. above, 1566, p. 99, and 1585, p. 128.]"
part1_p147_a1,Vol.1,Part I,p147,1598.,"Chaucer, Geoffrey.","The Workes of our Antient and lerned English Poet Geffrey Chaucer, newly printed.","[ed. Thomas Speght. Blackletter.] Londini, Impensis Geor. Bishop, anno 1598.",,"[Other title pages run, ‘London Printed by Adam Islip, at the charges of Bonham Norton, Anno 1598’; or ‘London Printed by Adam Islip at the charges of Thomas, Wight, Anno 1598.’ For second edition see below, p. 168. Bishop's share was transferred to Adams, 14 March, 1610-11 (Arber, iii, 454).]"
