ID,Volume,Page,Date,Date_certainty,Author,Title,Imprint,Quotation,headnote
part1_p14_a1,Vol.1,p14,[a. 1400],low,Unknown.,The Gest hystoriale of the destruction of Troy,"Unique MS., Hunterian museum, Glasgow, bk. xix, fol 124 b, ll. 8051-4 (ed. G. A. Panton and David Donaldson, E. E. T. soc., 1869 and 1874, pp. 261-2).","The sorow of Troilus for Breisaid his loue.
. . . . . . . .
No lengur of thies louers list me to carpe,
Ne of the feynit fate of þat faire lady;
Who-so wilnes to wit of þaire wo fir,
Turne hym to Troilus, & talke þere ynoghe!","[It is doubtful whether this allusion 'Turne hym to Troilus and talke þere ynoghe' refers to Chaucer's Troilus, but there is a possibility that it may do so. The whole Gest is an amplified englishing of Guido de Colonna’s Historia Trojana (c. 1381-82), and the corresponding passage in Guido runs:—""Cedo, Troile, quæ te tam juvenilis errare Coegit Credulitas, ut Briseidæ lacrimis crederes deceptivis et ejus blanditiis""; and in what precedes and follows, the English book follows Guido pretty closely; so that it seems likely that the passage is suggested by him.]"
part1_p14_a2,Vol.1,p14-15,[1400],medium,"Lydgate, John.","The Serpent of Deuision, Wherein is conteined the true History or Mappe of Romes ouerthrowe..... Whereunto is annexed the Tragedye of Gorboduc..... At London. Printed
by Edward Allde for John Perrin,...",1590. sign. c. iij b .c. iv.,"[Describing the death of Cæsar]... so that touching the
manner of his tragedy : I may conclude with ye flower of
Poets in our English tung, and the first that euer elumined
our language with flowers of rethorick eloquence: I mean
famous and worthy Chaucer, which compendiously wrought
the death of this mightye Emperour, saying thus
With Bodkins was Cœsar Julius
Murdred at Rome of Brutus Crassus
When many a Region he had brought full lowe,
Lo! who may trust Fortune any throw.
[A very free summary of Monkes Tale
ll. 3863-5, 3885-98, 3912-15.]
The conclusion. Thus by the large writings and golden
vollums of that woorthye Chaucer, the froward Dame of
Chaunce hath no respect of persons.","[This tract was previously printed under the title “The Damage and Destruccyon in Realmes, first by me Peter Treuerys,"" c. 1520, then by Owen Rogers, 1559. In Gorboduc, ed. L. Toulmin Smith (Englische sprach. u. lit. denkmäler, ed K. Vollmöller, vol. 1)1883, pp. xx-ii, an extract with part of the Chaucer reference is given from Lord Calthorpe's Yelverton MSS, vol. 85, ff. 146b-156; the tract will be found mentioned in Report II, Roy. Com. Hist. MSS., vol. i, 1871, p. 42. See Miss Toulmin Smith for date, authorship, editions, etc.]"
part1_p15_a1,Vol.1,p15,[c. 1400],low,"Lydgate, John.",The Chorle and the bird.,"Last stanza. MS. Harb 116, fol. 152. (Lydgate’s minor poems, ed. J. O. Halliwell, 1840, Percy soc., vol. ii, p. 193.)","Go gentill quayer, and Recommaunde me
Vnto my maistir with humble affectioun
Beseke hym lowly of mercy and pite
Of thy rude makyng to haue compassioun
And as touching thy translacioun
Oute of frensh / hough euer the englisshe be
Al thing is saide undir correctioun
With supportacioun of your benignite.",
part1_p15_a2,Vol.1,p15,[c. 1401],low,"Lydgate, John.","The floure of curtesye,","stanzas 34-5; no MS. copy known; first printed in Chaucer's works, ed. W. Thynne, 1532, sign. D dd. ii b, or fol. cclxxxiiii b, and in J. Stowe's 1561 edn. of Chaucer, fol. ccxlix, who first attributed it to Lydgate (Chaucerian and other pieces, ed. W. W. Skeat, 1897, p. 273; for date and authorship, see ibid., introduction, p. xlv).","Euer as I can supprise in myn herte
(34)
Alway with feare betwyxt drede and shame
Leste oute of lose, any worde asterte
In this metre, to make it seme lame,
Chaucer is deed that had suche a name
Of fayre makyng that [was] without wene
Fayrest in our tonge, as the Laurer grene.
We may assay forto countrefete
(35)
His gay style but it wyl not be;
The welle is drie, with the Iycoure swete
Both of Clye and of Caliope.
. . . . . . .",
part1_p15_a3,Vol.1,p15-16,[1402-3],medium,"Lydgate, John.","The complaint of the Black Knight,","MS. Fairfax 16, ff. 20b, 30, [used by Krausser]; Add. 16165, ff. 190b, 200 b.; Arch. Selden, B 24, fol. 120. (Ed. Emil Krausser, 1896, pp. 54-5.)","What shal I say of yonge Piramus?
(53)
Ot trwe Tristram for al his high renovne?
Of Achilles or of Antonyus?
Of Arcite or of him Palamovne?
What was the ende of her passioun?
But after sorowe dethe and then her graue.
Lo her the guerdon that [thes] louers haue!
. . . . . . . .
(55)
Of Thebes eke [loo] the fals Arcite,
And Demophon eke for his slouthe,
They had her lust and al that myght delyte,
For al her falshede and [hir] grete vntrouthe.","[At the end of Arch. Selden (c. 1488, q.v., below p. 68) occur these words: ""Here endith the maying and disport of Chaucere,"" and under this title the Complaint was printed by Chepman and Myllar, 1508 (q. v. p. 70). Dart reprinted it also as Chaucer's in 1718 (q. v. below). For authorship and date see Chaucerian and other pieces, ed. W. W. Skeat, 1897, introduction, pp. xliii-v; he reprints the Complaint from W. Thynne's edn. of 1532, pp. 245-66, Chaucer references, pp. 256-7.]"
part1_p16_a1,Vol.1,p16,[c. 1403,low,"Clanvowe, Sir Thomas?]",The Cuckow and the Nightingale,"MSS. in B. M., Bodleian, Camb. Univ. library (Chaucerian and other pieces, ed. W. W. Skeat, 1897, p. 347; and for authorship, date, details of MSS. and early printed edns. see ibid., pp. Ivii-lxi).","[first line] The god of love, a! benedicite!
How mighty and how greet a lord is he!
[quoted from Knight's Tale, lI. 1785-6].","[For the argument that this poem is by Sir John Clanvowe, and was written before 1391, see G. L. Kittredge in Mod. Philology, Chicago, vol. i, pp. 13-18.]"
part1_p16_a2,Vol.1,p16-17,[c. 1403?],low,"Lydgate, John.",Here begynneth a breue compiled tretyse callyd by the Auctor thereof Curia Sapiencie.,"MS. Trin. Coll. Cambr. R. 3. 21. 377; printed by Caxton [1481?] under title De Curia Sapientiæ (of which a few verses only are extant among the Caxton fragments in the B. M., pr. mk. IB 55003); and by Wynkyn de Worde, 1510, as The courte of sapyence. Proheme, stanzas 7, 8, 9, sign. a ii, f. i b.","(7)
But netheles as tasted bytternesse [sign. a ii]
All swete thynge maketh be more precyous
So shall my boke extende the goodlynesse
Of other auctoures whiche ben gloryous
And make theyr wrytynge delycyous
I symple shall extoll theyr soueraynte
And my rudenes shall shewe theyr subtylyte.
(8)
Gower chaucers erthly goddes two
Of thyrste of eloquent delycacye
. . . . . . . .
(9)
. . . . . . .
. . . . ...
With all your successours fewe or moo
Fragraunt in speche / experte in poetrye
You ne yet them in no poynt I enuye
Exyled as ferre I am from your glorye
As nyght from daye / or deth from vyctorye.
I you honour / blysse / loue / and gloryfye
Who so thynketh my wrytynge dull & blont [sign. f.1b]
And wolde conceyue the colours purperate
Of Rethoryke go he to triasunt
And to Galfryde the poete laureate
To Januens a clerke of grete astate
Within the fyrst parte of his gramer boke
Of this mater there groundely may he loke.","[The extract here given is from the 1510 edn. The allusion to 'Galfryde the poete laureate,' refere most probably to Galfridus de Vinosalvo, also called 'Galfridus Anglicus.' See below, p. 49. See The Temple of Glas, ed. J. Schick, E. E. T. soc., notes, pp. 77-8. Dr. H. N. MacCracken will not allow that this poem is by Lydgate; see his Lydgate Canon, Philological society Transactions 1908, p. xxxi.]"
part1_p17_a1,Vol.1,p17-18,[1403?],low,"Lydgate, John.",The Temple of Glas.,"MS. Tanner, 346, ff. 76-97. 1400-20. Il. 102-10 (direct reference to Chaucer), Il. 75-6, 137-42, 184-5, 405-6, 409-10 (indirect references). (Ed. J. Schick, E. E. T. soc., extra series Ix, 1891, pp. 3-7, 17.)","[ll. 75-6] There was [also] Grisildis innocence
And al hir mekenes, & hir pacience.
[ll. 102-10] There saugh I also þe soror of Palamoun,
That he in prison felt, & al þe smert,
And hov þat he, þurugh vnto his hert,
Was hurt vnwarli þurugh casting of an eyȝe
Of faire fressh, þe ȝung[e] Emelie,
And al þe strife bitwene him & his broþir,
And hou þat one fauȝt eke with þat oþir
Wiþ-in þe groue, til þei bi Theseus
Acordid were, as Chaucer telliþ us.
[ll. 137-142] And vppermore depeint men myȝt[e] se,
Hov with hir ring, goodli Canace
. . . . . . .
. . . ..
. . . . . . .
(9)
Of euere foule þe ledne & þe song
Coud vndirstond, as she welk hem among;
And hou hir broþir so oft holpen was
In his myschefe bi þe stede of bras.
[ll. 184-5] For it ne sit vnto fressh[e] May
Forto be coupled to oold[e] Ianuari¬
[ll. 405-6] Grisild[e] was assaied at[te] ful,
That turned aftir to hir encrese of Ioye;
[ll. 409-10] Also þe turment þere coude no man akoye
Of Dorigene, flour of al Britayne.",
part1_p18_a2,Vol.1,p18-19,[c. 1407],low,"Scogan, Henry.",A moral balade made by Henry Scogane squyer,"[addressed to Henry IV's sons], stanzas 9, 13, 17. MS. Ashmole 59, ff. 26-27. Printed by Caxton [1478?], Caxton fragments, no. 1 [B. M. pr. mk. IB 55016), and by W. Thynne in Chaucer’s works, 1532, ff. 380-1. (Chaucerian and other pieces, ed. W. W. Skeat, 1897, pp. 239-40; Parallel text of Chaucer’s minor poems, ed. F. J. Furnivall, Chaucer soc. [1871], pp. 427, 430.)","[fol. 26]
My maistre Chaucier / god his soule have /
þat in his langage / was so curyous
He saide þat be fader / nowe dede and grave /
Beqwaþe no-thing / his vertue with his hous /
Vn-to his sone /
(13)
[fol. 26b] By avncetrye þus may yee no-thing clayme
As þat my maistre Chaucier doþe expresse
But temporell thinge / þat man may hurte & mayme
þane is gode stocke / of vertuous noblesse.
..... herke howe my maistre seyde
[Here follow the three verses of Gentilesse.]
(17)
[fol. 27] Loo here þis noble Poete of Brettayne
Howe hyely he in vertuous sentence
þe lesse in youþe / of vertue / can compleyne
Wherfore I prey yowe / dooþe youre diligence","[Scogan quotes Chaucer's poem Gentilesse in full, as it is given in Ashmole MS.59, fol. 27.]"
part1_p19_a2,Vol.1,p19-20,[1409-11?],low,"Lydgate, John.",The Life of our Lady.,"Cotton MS. App. viii, No. i; Harl. MS. 629, fol. 43b-44. Printed by Caxton 1484(?) [B. M. and Bodl.] as A comendacion of chauceres, cap. xxxiiij, sign. e 7 b. Printed by Robert Redman, 1531, sign. N iv b. Oi.; table of chapters, sign. a 2b.","¶ A commendacioun of Chaucers. [Harl 629. fol. 43 b-44]
And eke my master Chauceris nowe is graue
The noble rethor Poete of breteine
That worthy was the laurer to haue
Of peetrie [sic] and the palme atteine
That made firste to distille and reyne
The golde dewe droppis of speche and eloquence
In-to oure tounge thourȝ his excellence
¶ And founde the flourys first of rethoryk
Oure rude speche oonly to enlumyne
That in oure tunge was neuer noon him like
For as the sunne dothe in heuen shyne
In mydday speere dovn to vs by-lyne [fol. 44]
In whos presence noo sterre may appere
Riȝt so his ditees withoute any peere
¶ Eny makyng with his liȝt disteine
In sothfastnesse who so taketh heede
Wherfor noo wondre thouȝ myn herte pleyne
Vpon his dethe and for sorowe blede
For wante of him nowe in my greet[e] nede
That shulde allas conveie and directe
And with his supporte amende and corecte
¶ The wronge tracys of my rude penne
Ther as y erre and goo nouȝt Iyne riȝt
But for that he ne may me not kenne
I can no more but with alle my myȝt
With alle myne herte and myne inward siȝt
Praye for him that nowe lieth in cheste
To god above to ȝiue his soule good reste
¶ And as y can forthe y wil procede
Sithen of his helpe ther may noo socour bee
And thourȝ my penne ay quakyng for drede
Neither to. Cloie. ne to. Caliope
Me liste not calle for to helpe me
Ne to no muse my pointel for to guye
But leue alle this and seie to Marie
O clene castel and the chaste toure
Of the hooly goost modir and virgine
Be thou my helpe &c. ...","[This poem will also be found in Harl. MSS. 3802; 3952; 4011, No. 7; 5272, No 1. See p. 53, below, for another version of the first 7 lines.]"
part1_p20_a1,Vol.1,p20,1410,high,"Froissart, Sir John.",Here begynneth the first volum of Sir Johan Froyssart: of the cronycles of Englande.... translated ... into.... englysshe.... by John Bourchier knight lorde Berners.,"Imprinted.. by Richarde Pynson.. M.D. xxiii, cap, cccxiv, fol. cxcvi, col. i. (Tudor trans. ser., ed. W. E. Henley, 5 vols. 1901-2, vol. ii, p. 459; Globe edn., ed. G. C. Macaulay, 1895, p. 205.)",".... and than about lent [1377] there was a secrete treatie
deuysed to be bytwene the two kynges [of France and England]
at Moutrell by the see. And so were sent by the kynge
of Englande to Calais sir Rycharde Dangle Rycharde Stan
Geffray Chaucer.","[This is printed here because of its interest, although it is not an English reference; see App. B. 1386-88, Froissart, and cf. also above 1377, p. 5, and below 1592, p. 186.]"
part1_p20_a2,Vol.1,p20-21,1410,high,"Walton, John (of Osney).","Liber boeti de Consolatione phiosophi de latino in Angliam, 1410, per Capellanum Joannem","[fol. 1 b], Roy. MS. 18 A. xiii, fol. 2 and b. (Chaucer's works, ed. W. W. Skeat, 1894, vol. ii, p. xvii, and Athenæum, Dec. 28, 1895, p. 902.)","To Chaucer that is floure of rethoryk
In englisshe tong and excellent poete
This wot I wel no thing may I do lyk
Thogh so that I of makynge entyrmete.
. . . . . . . .
. . . . . .
. . . . . . .
And Gower that so craftily doth trete
As in his book of moralitee
Thogh I to theym in makyng am unmete
ȝit most I shewe it forth that is in me.","[Only a few verses are given by Skeat, but the Chaucer reference is among them. T. Hearne (Robert of Gloucester's Chronicle, ed. T. Hearne, 1724, vol. il, p. 706) in a letter to John Bagford, 1708, states that he saw an edition of 1525, of this translation, but we can find no further trace of it. See below, under 1708, p. 206.]"
part1_p21_a1,Vol.1,p21-23,1412,high,"Hoccleve, Thomas.",The Regement of Princes.,"MS. Harl. 4866 [Beggar and Hoccleve], fol. 34, Il. 1863-9. [Lament for Chaucer], f. 35 b-36, Il. 1958-74. [Regement for Henry V. when Prince of Wales–Proem], ff. 37-37b, Il. 2077-2107. [§ 14] De consilio habendo in omnibus factis, ff. 87 b-88, ll. 4978-98. (Works, Part III. The Regement of Princes, ed. F. J. Furnivall, E. E. T. soc., extra ser. Ixxii. 1897, pp. 68, 71, 75-6, 179-80. See also extracts reprinted in The Dunbar Anthology, 1401-1508, ed. E. Arber, 1901, pp. 80-3.)","¶ “What schal I callë þe? what is þi name?"" [fol. 34]
""Hoccleuë, sone?"" ""I-wis, fadir, þat same.""
""Sone, I haue herd, or this, men speke of þe;
Þou were aqueynted with Caucher, pardee¬
God haue his soulë best of any wyght !—
Sone, I wole holdë þe þat I haue hyght.""
¶ ""O, maister deere, and fadir reuerent! [fol. 36]
Mi maister Chaucer, flour of eloquence,
Mirour of fructuous entendëment,
O, vniuersel fadir in science!
Allas! þat þou thyn excellent prudence,
In þi bed mortel mightist naght by-qwethe;
What eiled deth? allas! whi wolde he sle the?
¶ ""O deth! þou didest naght harme singuleer,
In slaghtere of him; but al þis land it smertith
But nathëlees, yit hast þou no power
His namë sle; his hy vertu astertith
Vnslayn fro þe, which ay vs Iyfly hertyth,
With bookës of his ornat éndytyng,
That is to al þis land enlumynyng.
Mi derë maistir–god his soulë quyte!— [fol. 87]
And fadir, Chaucer, fayn wolde han me taght;
But I was dul, and lernèd lite or naght.
¶ Allas! my worthi maister honorable,
This landës verray tresor and richesse,
Deth, bi thi deth, hath harme irreparable
Vnto vs doon; hir vengeable duresse
Despoilèd hath þis land of þe swetnesse
Of rethorik; for vn-to Tullius
Was neuer man so lyk a-mongës vs.
¶ Also, who was hier in philosophie
To Aristotle, in our tonge, but thow!
The steppës of virgile in poesie
Thow filwedist eeke, men wot wel y-now.
. . . . . . . .
¶ She [Death] myghte han taried hir vengeance awhile,
Til that sum man had egal to thè be.
Nay, lat be þat! sche knew wel þat þis yle
May neuer man forth bryngë lyk to the,
And hir officë needës do mot she;
God bad hir so, I truste as for thi beste;
O maister, maister, god þi soule reste!
. . . . . . . .
¶ The firstë fyndere of our faire langáge,
[fol. 87b]
Hath seyde in caas sembláble, & othir moo,
So hyly wel, þat it is my dotáge
ffor to expresse or touche any of thoo.
Alasse! my fadir fro the worlde is goo–
My worthi maister Chaucer, hym I mene—
Be þou aduóket for hym, heuenes quene!
¶ As þou wel knowest, o blissid virgyne,
With louyng hert, and hye deuocïoun
In þyne honour he wroot ful many a lyne;
O now þine helpe & þi promocïoun,
To god þi sonë make a mocïoun,
How he þi seruaunt was, maydén marie,
And lat his louë floure and fructifie.
¶ Al-þogh his Iyfe be queynt, þe résemblaunce
Of him haþ in me so fressh Iyflynesse,
þat, to putte othir men in rémembraunce
Of his persóne, I haue heere his lyknesse
Do makë, to þis ende in sothfastnesse,
þat þei þat haue of him lest þought & mynde,
By þis peynturë may ageyn him fynde.","[In the MS. Chaucer's carefully-drawn and coloured likeness is in the right margin of this last verse, with his finger pointing at 'Iyknesse' (4th line). At the top of the much commoner full-length figure in the left margin of the MS. Reg. 17. D. 6, is ""¶ Chaucers yn age."" There was another drawing of Chaucer in MS. Cott. Otho A. 18, but the Chancer part is now burnt.]"
part1_p23_a1,Vol.1,p23-25,[1412-20],medium,"Lydgate, John.","The hystorye, sege and dystruccyon of Troye.","MS. Cott. Aug. 4, ff. 48 b, 72, 90b, 91, 153; Arundel MS. 99; Roy MS. 18. D. ii; Printed (with above title) by Richard Pynson, 1513. 2nd bk., c. XV, fol. I 4b; 3rd bk. c. xxii, N 5; cxxv, Q 5b-Q 6; 5th bk. c. xxxvii, Dd. 3 b (ed. Henry Bergen, E. E. T. soc. 1906-1910, pp. 278, 279, 410, 515, 516-17, 873).","[Cott. Aug. 4,
And ouermore to tellen of Cryseyde
fol 48b, col. i]
Mi penne stumbleþ for longe or he deyde
My maister Chaucer dide his dilligence
To discryve þe gret excellence
Of hir bewte and þat so maisterly
To take on me it were but hiȝe foly
. . . . . .
Gret cause haue I & mater to compleyne [fol. 48b,
On antropos & vp-on hir envie
col. 2]
þat brak þe þrede & madë for to dye
Noble galfridë poete of breteyne
Amonge de englisch þat made first to reyne
þe gold dewe-dropis of rethorik so fyne
Oure rude langage only tenlwmyne
To god I pray þat he his soulë haue
. . . . . . .
And Chaucer now allas is nat alyue [fol. 72, col. i]
Me to reformë or to be my rede
For lak of whom slouȝer is my spede
þe noble Rethor that alle dide excelle
For in makyng he drank of þe welle
Vndir pernaso þat þe musis kepe
On whiche hil I myȝt neuer slepe
. . . . . .
[Of the Woe of Troylus & Cressid.]
It woldë me ful longe occupie
[fol. 90b, col. i]
Of euery þinge to makë mencioun
And tarie me in my translacioun
Ȝif I shuldë in her wo procede
But me semeth þat it is no nede
Sith my maister chauncer her-a-forn
In þis mater so wel hath hym born
In his boke of troylus and Cryseyde
Whiche he madë longe or þat he deyde
. . . . . . .
þe hool story Chauncer kan ȝow telle
ȝif þat ȝe liste no man bet alyue
[col. ii]
Nor þe processe halfe so wel discryue
For he owre englishë gilt with his sawes
Rude and boistous firste be oldë dawes
þat was ful fer from al perfeccioun
And but of litel reputacioun
Til þat he cam & þoruȝ his poetrie
Gan oure tongë firste to magnifie
And adourne it with his elloquence
To whom honour laude & reuerence
þoruȝ-oute þis londë ȝouë be & songe
So þat þe laurer of oure englishe tonge
Be to hym ȝouë for his excellence
Riȝt a whilom by ful hiȝe sentence
Perpetuelly for a memorial
Of Columpna by the cardynal
[fol. 91]
To petrak fraunceis was ȝouen in ytaille
þat þe report neuere after faille
Nor þe honour dirked of his name
To be registred in þe house of fame
Amongë oþer in þe hiȝeste sete
My maister galfride as for chefe poete
-
þat euere was ȝit in oure langage
þe name of whom shal passen in noon age
But euer ylyche with-oute eclipsinge shyne
And for my part I wil neuer fyne
So as I can hym to magnifie
In my writyngë pleinly til I dye
And god I praye his soulë bring in Ioie.
. . . . . . . .
For he þat was gronde of wel seying
[fol. 153, col. i]
In al hys Iyf hyndred no makyng
My maister Chaucer þat founde ful many spot
Hym liste not pinche nor gruche at euery blot
Nor meue hym silf to perturbe his reste
I haue herde telle but seide alweie þe best
Suffring goodly of his gentilnes
Ful many þing enbracid with rudnes
And ȝif I shal shortly hym discryve
Was neuer noon to þis day alyue
To reckne allë boþë ȝonge & olde
þat worþi was his ynkhorn for to holde
And in þis lond ȝif þer any be
In borwe or toun village or cite
þat konnyng haþ his tracis for to swe
Wher he go brood or be shet in mwe
To hym I makë a direccioun
Of þis boke to han inspeccioun","[See below, Appendix A, 1412-20, for fuller references. See also Chaucer's Troylus and Cryseyde and Boccaccio's Filostrato, ed. W. M. Rossetti, Chaucer soc., pp. x, xi, where a reference is given from the Arundel MS. 99, fol. 96, col. 2, and 96b (corresponds to Cott. Aug. 4, fol. 90b, col. 1). A modernised version by Thomas Heywood was printed by Thomas Purfoot in 1614 under title The life and death of Hector (q. v. below, p. 189). Chaucer references are on pp. 102, 183, 185 (wrongly paged 183), 317. See also under c. 1440, Unknown, below, p. 44, for a note on Lydgate's praise of Chaucer.]"
part1_p25_a1,Vol.1,p25-26,1420,high,"Brinchele, John.",Will.,"July 4, 1420. (Commissary Court of London, More, fol. Ixiiij b.)","Ego, Johannes Brynchele, Ciuis & Cissor Londonis....
Item relaxo et condono Johanni Broune totum illud debitum,
in quo michi tenetur de meio bonis pro prijs. Et volo quod
habeat illum librum vocatum Boecius de Consolatione Philoso¬
phie in latinis, quem habui pro vadio Alterius libri Angliam,
vocati Boecius de Consolacione Philosophie. Item lego David
Fyvyan, Rectori ecclesie Sancti Benedicti Fynke Supradicti
vt sit Superuisor presentis testamenti mei, vj s' viij d, et vnum
librum in Anglicis vocatum Boecium de Consolacione Philo¬
sophie. Item lego Willelmo Holgrave, vt sit vnus executorum
meorum, vjs' viij d, et optimum Arcum meum, et librum
meum vocatum Talys of Caunterbury..... [Will proved]
xiij kalendarum Septembrie, Anno domini MLCCCCmoxxmo.","[This earliest bequest of Chaucer's Canterbury Tales and Boece, is quoted in notes, p. 136, to Fifty earliest English wills in the Court of Probate, London; copied and ed. by F. J. Furnivall for the E. E. T. soc. 1882.]"
part1_p26_a1,Vol.1,p26,[c. 1420],low,Unknown.,Headline to The Former Age.,"Camb. Univ. lib. MS. I i. 3, 21, fol. 52 b. (Parallel-text of Chaucer's minor poems, ed. F. J. Furnivall, Chaucer soc. [1871], p. 174.)",Chawcer vp-on this fyfte metur of the second book.,"[This, and the following headlines, are given merely as examples, and do not profess to be exhaustive.]"
part1_p26_a2,Vol.1,p26,[c. 1420],low,Unknown.,"Headline to Sir Thopas's end link,","in MSS. Ellesmere (fol. 157) and Hengwrt (fol, 215). (Six-text Canterbury Tales, ed. F. J. Furnivall, Chaucer soc., 1871-8, p. 199, parts i-iii.)","[Ellesmere] ¶ Heere the Host stynteth Chaucer / of his tale
of Thopas.
[Hengwrt] ¶ Here the hoost / stynteth Chaucer of his tale
of Thopas / and biddeth hym / telle another tale.",
part1_p26_a3,Vol.1,p26,[c. 1420],low,Unknown.,Colophon to Cooks Tale.,"MS. Hengwrt, fol. 57b. (Six-text Canterbury Tales, ed. F. J. Furnivall, Chaucer soc., 1871-8, parts i-iii, p. 128.)",Of this Cokes tale maked Chaucer na moore.,
part1_p26_a4,Vol.1,p26-32,[1420-22],medium,"Lydgate, John.",Siege of Thebes.,"Prologue. MS. Arundel 119, ff. 1-3b. The thirde parte, ff. 75-7. Chaucer's works, ed. J. Stowe, 1561, ff. 356-77 b. (Ed. A. Erdmann, E. E. T. and Chaucer soc. Prologue, pp. 1-7, practically the whole of it, also pp. 128-9.)","WHan briȝte phebus / passëd was þe ram [fol. 1]
Myd of Aprille / and in-to bolë cam,
And Satourn old / with his frosty face
In virgynë / taken had his place,
Malencolik / and slowgh of mocioun,
And was also / in thoposicioun
Of lucina / the monë moyst and pale,
That many Shour / fro heuene made avale;
whan Aurora / was in þe morowe red,
And Iubiter / in the Crabbës Hed
Hath take his paleys / and his mansioun;
The lusty tyme / and Ioly fressh Sesoun
whan that Flora / the noble myghty quene,
The soyl hath clad / in newë tendre grene,
with her flourës / craftyly ymeynt,
Braunch and bough / wiþ red and whit depeynt,
Fletinge þe bawme / on hillis and on valys:
The tyme in soth / whan Canterbury talys
Complet and told / at many sondry stage
Of estatis // in the pilgrimage,
Euerich man / lik to his degrè,
Some of desport / some of moralitè,
Some of knyghthode / loue and gentillesse,
And some also of parfit holynesse,
And some also in soth / of Ribaudye
To makë laughter / in þe companye,
(Ech admitted / for non wold other greve)
Lich as the Cook / þe millere and the Reve
Aquytte hem-silf / shortly to conclude,
Boystously / in her teermës Rude,
vhan þei hadde / wel dronken of the bolle,
And ek also / with his pyllëd nolle
The pardowner / beerdlees al his Chyn, [fol. 1b]
Glasy-Eyed / and face of Cherubyn,
Tellyng a tale / to angre with the frere,
As opynly // the storie kan ȝow lere,
word for word / with euery circumstaunce,
Echon ywrite / and put in remembraunce
By hym þat was / ȝif I shal not feyne,
Floure of Poetës / thorghout al breteyne,
Which sothly haddë / most of excellence
In rethorike / and in eloquence
(Rede his making / who list the trouthë fynde)
Which neuer shal / appallen in my mynde,
But alwey fressh / ben in my memorye:
To whom be ȝouë / pris / honure / and glorye
Of wel seyinge / first in oure language,
Chief Registrer / of þis pilgrimage,
Al þat was tolde / forȝeting noght at al,
Feynëd talis / nor þing Historial,
With many prouerbe / diuers and vnkouth,
Be rehersaile / of his Sugrid mouth,
Of eche thyng / keping in substaunce
The sentence hool / with-outë variance,
Voyding the Chaf / sothly for to seyn,
Enlumynyng / be trewë pikëd greyn
Be crafty writinge / of his sawës swete,
Fro the tymë / that thei deden mete
First the pylgrimes / sothly euerichon,
At the Tabbard / assembled on be on,
And fro suthwerk / shortly forto seye,
To Canterbury / ridyng on her weie,
Tellynge a tale / as I rehercë can,
Lich as the hoste / assignëd euery man.
None so hardy / his biddyng disobeye. [fol. 2]
And this whilë / that the pilgrymes leye
At Canterbury / wel loggëd on and all,
I not in soth / what I may it call,
Hap / or fortune / in Conclusioun,
That me byfil / to entren into toun,
The holy seynt / pleynly to visite
Aftere siknesse/ my vowës to aquyte,
In a Cope of blak / and not of grene,
On a palfrey / slender / long / and lene,
wiþ rusty brydel / mad nat for þe sale,
My man to-forn / with a voidë male;
which of Fortunë / took myn Inne anon
Wher þe pylgrymes / vere loggëd euerichon,
The samë tyme / Her gouernour, the host,
Stonding in halle: ful of wynde and bost,
Lich to a man / wonder sterne and fers,
Which spak to me / and seide anon, “daun Pers,
Daun Domynyk / Dan Godfrey / or Clement,
Ȝe be welcom / newly into kent,
Thogh þoure bridel / haue neiþer boos ne belle;
Besechinge ȝou / þat ȝe wil me telle
First ȝoure name / and of what contrè
With-outë morë shorte-ly that ȝe be,
That loke so pale / al deuoyde of blood,
Vpon ȝoure hede / a wonder thred-bar hood,
Wel araiëd / for to ridë latë.""
I answerde / 'my namë was Lydgate,
Monk of Bery / nyȝ fyfty ȝere of age,
Come to this toune / to do my pilgrimage,
As I haue hight / I haue therof no shame.'
""Daun Iohn,"" quod he / ""wel brokë ȝe ȝoure name!
Thogh ȝe be soul / beth right glad and light! [fol. 2b]
Preiyng ȝou / soupë with vs to-nyght,
And ȝe shal hauë / mad at ȝoure devis,
A gret puddyng / or a rounde hagys,
A Franchëmole / a tansey / or a froyse.
To ben a Monk / Sclender is ȝoure koyse;
Ȝe han be seke / I dar myn hede assure,
Or latë fed / in a feynt pasture.
Lift vp ȝoure hed / be glad, tak no sorowe!
And ȝe shal hom ridë with vs to-morowe!
I seyë, whan ȝe rested han ȝour fille,
Astere soper / Slepe wil do non ille.
Wrappe wel ȝoure hede / with clothës rounde aboute!
Strong notty ale / wol makë ȝou to route.
Tak a pylow / þat ȝe lye not lowe!
ȝif nedë be / Sparë not to blowe!
To holdë wynde / be myn opynyoun
Wil engendre / Collikes passioun
And makë men to greuen / on her roppys,
whan thei han filled / her mawës and her croppys.
But toward nyght / ete some fenel Rede.
Annys / Comyn / or coriandre sede!
And lik as I / pouer haue / and myght,
I Chargë ȝow / rise not at Mydnyght,
Thogh it so be / the moonë shynë cler.
I wol my-silf / be ȝoure Orloger
To-morow erly / whan I se my tyme,
For we wol forþ / parcel a-forë Pryme,
A company / pardè / Shal do ȝou good.
What! look vp, Monk / for, by kokkis blood,
Thow shalt be mery / who so þat sey nay.
For to-morowe, anoon / as it is day,
And that' it gynne / in þe Est' to dawe,
[fol. 3]
Thow shalt be boundë / to a newë lawe,
Att goyng oute of Canterbury toune,
And leyn a-sidë / thy professioun.
Thow shalt not chesë / nor þi-silf withdrawe,
ȝif eny myrth / be founden in thy mawe,
Lyk the custom / of this Compenye;
For non so proude / that dar me denye,
Knyght nor knauë / Chanon / prest / ne nonne,
To telle a talë / pleynly as thei konne,
Whan I assigne / and se tyme opportune.
And for that we / our purpoos wil contune,
We wil homward / the samë custome vse,
And thow shalt not / platly the excuse.
Be now wel war / Stody wel to-nyght!
But, for al this / be of hertë liȝt!
Thy wit shal be / þe Sharper and the bet.""
And we anon / were to Soper set,
And seruëd wel / vnto oure plesaunce;
And sone after / be good gouernaunce
Vnto bed goth euery maner wight.
And touarde morowe / anon as it was light,
Euery Pilgryme / bothë bet and wors,
As bad oure hostë/ toke a-non his hors,
Whan the sonnë / roos in the est ful clyere,
Fully in purpoos / to come to dynere
Vnto Osspryng / and brekë þer our faste.
And whan we weren / from Canterbury paste
Noght the space / of a bowë draught,
Our hoost in hast / haþ my bridel rauht
And to me seide // as it were in game,
""Come forth, daun Iohn / be ȝour Cristene name,
And lat vs make / some manere myrth or play! [fol. 3b]
Shet ȝoure portoos / a twenty deuelway!
It is no disport / so to patere and seie.
It wol make ȝoure lippës / wonder dreye.
Tel some tale / and make ther-of a Iape!
For be my Rouncy / thow shalt not eskape.
But preche not / of non holynesse!
Gynne some tale / of myrth or of gladnesse,
And nodde not / with thyn heuy bekke!
Telle vs some thyng / that draweþ to effecte
Only of Ioyë! / make no lenger lette!
And whan I saugh / it woldë be no bette,
I obeyëd / vnto his biddynge,
So as the lawë / me bonde in al thinge;
And as I coudë / with a palë cheere,
My tale I gan / anon / as ȝe shal here.
Explicit Prologus.
The thirde part, ff. 75-76.
¶ And ȝit, allas! / bothen eve and morowe,
O thyng ther was / that doubled al her sorowe,
That Old Creon / fader of fellonye,
Ne woldë suffre, thorgh his Tyrannye,
The dedë bodies / be buryed nowther brente,
But with beestis and houndys to be rente.
he made hem all / vpon an hepe be leyde.
wherof the wymmen trist' and evyl apeyde,
For verray dool, as it was no wonder,
her hertys felt almost ryve a-sonder.
¶ And as my mayster Chaucer list endite,
Al clad in blak / with her wymples whyte,
With gret honour / and duë reuerence, [fol. 75b]
In the temple / of the goddesse Clemence
They abood the space / of fourtënyght,
Tyl Theseus / the noble worthy knyght,
Duk of Athenys / with his Chyvalrye
Repeyrëd hom / out of Femynye,
And with hym ladde / ful feir vpon to sene,
Thorgh his manhod / ypolita the quene,
And her suster / called Emelye.
and whan thies wommen / gonnë first espye
This worthy Duk / as he cam rydynge,
Kyng Adrastus /, hem alle conveyinge,
The wommen brouht vnto his presence,
which hym bysought / to ȝive hem audience.
And all attonys swownyng in the place,
Ful humblely / preiden hym of grace
To rewe on hem / her harmys to redresse.
But ȝif ȝe list / to se the gentyllesse
Of Theseus / how he hath hym born,
ȝif ȝe remembre / ȝe han herde it to forn
wel rehersyd / at Depforth in the vale,
In the begynnyng / of the knyghtys tale:
¶ First how that he / whan he herd hem speke,
For verray routhë felt his hertë / breke;
And her sorowys / whan he gan aduerte,
From his courser / doun anon he sterte,
Hem confortyng in ful good entente,
And in his Armys he hem all vp hente.
The knyghtys tale / reherseth euery del
Fro poynt to poynt / ȝif ȝe lookë wel.
And how this Duk / with-oute more abood, [fol. 76]
The samë day / toward Thebës rood,
Ful lik in soth / a worthy conquerour,
And in his hoost / of Chyualrye the flour.
And fynally, to spekyn of thys thing,
with old Creon / that was of Thebës kyng,
how that he faught / and slough hym lik a knyght,
And all his host / putte vnto the flyght.",
part1_p32_a1,Vol.1,p32,[c. 1420-30],low,Unknown.,Colophon to Parson's Tale.,"MSS. Ellesmere, fol. 236b; Addit, 5140, fol. 357 b; Harl. 1758, fol. 231; Petworth, fol. 307 b. (Six-text Canterbury Tales, ed. F. J. Furnivall, Chaucer soc. 1871-8, parts v-viii, p. 685.)","[Ellesmere] ¶ Heere is ended the book / of the tales of
Caunterbury / compiled by Geffrey Chaucer / of whos soule
Ihesu crist / haue mercy Amen.
[Addit.] Explicit narracio Rectoris et ultima inter narraciones
huius libri de quibus composuit Chaucer / cuius anime pro¬
picietur Deus / AMEN.
[Harl. ] ¶ Here / endeth the / book / of / the / tales / of
Caunterburye /. Compyled bi Geffroye / Chaucers /. Of /
whos / soule / Ihesu crist / haue mercye / ¶ AmeN quod
Cornhylle.
[Petworth] Here endeþ þe boke of þe talys of Canterbury
compiled by Geffray Chawcer on whoos soule Ihesu crist haue
mercy // AmeN //",
part1_p32_a2,Vol.1,p32,[c. 1420-30],low,Unknown.,Headline to Sir Thopas.,"MSS. Ellesmere, fol. 155b; Hengwrt, fol. 213b; Cambridge Univ. lib. Gg. 4. 27, fol. 323; Corpus, fol. 215; Petworth, fol. 224. (Six-text Canterbury Tales, ed. F. J. Furnivall, Chaucer soc. 1871-8, parts i-iii, p. 191.)","[Ellesmere] Heere bigynneth Chaucers tale of Thopas.
[Hengwrt]
Heere bigynneth Chaucers tale of Thopas.
[Cambridge] Heere begynnyth Chaucers tale of sere Thopas.
[Corpus]
Here bygynneth þe tale of Chaucer of sire Thopas.
[Petworth] Here bygynneþ þe tale of chaucere by Sire Thopace.",
part1_p33_a1,Vol.1,p33,[1420-30],medium,Unknown.,Headlines and colophons to Tale of Melibeus.,"MSS. Ellesmere, ff. 157b, 171; Hengwrt, ff. 216, 234b; Corpus, fol. 217b [headline only]; Lansdowne, 851, ff. 192, 206; Harl. 1758, fol. 182 [col. only]; Petworth, fol. 246 b [col. only]. (Sixtext Canterbury Tales, ed. F. J. Furnivall, Chaucer soc. 1871-8, part iv, pp. 201, 252.)","[Ellesmere] ¶ Heere bigynneth Chaucers tale of Melibee.
¶ Heere is ended Chaucers tale of Melibee/ and
[Hengwrt] ¶ Heere bigynneth Chaucers tale of Melibeus.
of Dame Prudence.
[Corpus] Here bygynneþ Chauceres tale of Melibe and
¶ Here is endid / Chaucers tale / of Melibe.
[Lansdowne] Hic incipit fabula de Mellybeo per Chaucer.
his wyf Prudence and his doughter Sapience.
Explicit Fabula Galfridi Chaucer / de Melibeo.
[Harl. 1758] Here / endith Chaucers / tale / of Melibe / And
Milite
[Petworth] ¶ Here endeþ chaucers tale of melebye.
Prudence.",
part1_p33_a2,Vol.1,p33,[c. 1420-35],low,Unknown.,Headline to Prioress's end link.,"MSS. Ellesmere, fol. 155; Hengwrt, fol. 213; Cambridge Univ. lib. Gg. 4. 27, fol, 322 b ; and side-note in Lansdowne 851, fol. 189. (Six-text Canterbury Tales, ed. F. J. Furnivall, Chaucer soc. 1871-8, parts i-iii, p. 190.)","[Ellesmere] Bihoold the murye wordes of the Hoost to
Chaucer.
[Hengwrt] Bihoold the myrie talkyng / of the Hoost /. to
Chaucer.
[Cambridge] Byhold the myrie talkynge of the Hoost to
Chaucer.
[Lansdowne] Byhold the myrie talkynge of the Hoost to
Chaucer.",
part1_p33_a3,Vol.1,p33,1421-2,high,"Hoccleve, Thomas.",[Dialogus cum Amico.],"MS. Durham iii, 9, fol. 23 b. (Hoccleves works, ed. F. J. Furnivall, E. E. T. soc. vol i, The minor poems, 1892, p. 135, Il. 694-7.)","The wyf of Bathe, take I for auctrice
þat wommen han no ioie ne deyntee
þat men sholde vp-on hem putte any vice;
I woot wel so / or Iyk to þat, seith shee.",
part1_p34_a1,Vol.1,p34,[c. 1421-5],low,"Lydgate, John.","Horse, Goose, Sheep. Incipit Disputacio inter Equum Aucam, & Ouem.","MS. Harl. 699, fol. 68. (Political, religious and love poems, ed. F. J. Furnivall, E. E. T. soc., 2nd edn. 1903, p. 18.)","¶ The hardy prikeris / vpon hors[ë] bak
Be sent to-forn / what ground is best to take,
In that ordynaunce, that ther be no lak
Bi providance / the feelde / whan thei shal make,
An hors wole weepë / for his maistir sake :
Chaunser remembrith / the swerd, the ryng, the glas,
Presented wern / vpon a stede of bras.",
part1_p34_a2,Vol.1,p34,1423,high,"James I., King of Scotland.",The Kingis Quair.,"Unique MS. Arch. Selden B. 24. (Ed. W. W. Skeat, Scott. text soc. 1884, p. 48.)","Vnto [the] Impnis of my maisteris dere,
Gowere and chaucere, that on the steppis satt
Of rethorike, quhill thai were lyvand here,
Superlatiue as poetis laureate
In moralitee and eloquence ornate,
I recommend my buk In Iynis sevin,
And eke thair saulis vn-to the blisse of hevin. Amen.","[For general resemblance of this poem to Chaucer's work, see also ibid. Introd. pp. xxiii-xxxii, xxxvii, and notes, pp. 57-96; and English Poets, ed. T. H. Ward, 2nd edn. 1883, vol. i. pp. 129-31.]"
part1_p34_a3,Vol.1,p34,[c. 1425],low,Unknown.,Colophon at end of Chaucer's Parliament of Foules.,"MS. Camb. Univ. lib. Gg. 4. 27, fol. 490 b. (Parallel text of Chaucer's minor poems, ed. F. J. Furnivall, Chaucer soc. [1871], p. 98.)","Explicit parliamentum Auium In die sancti Valentini tentum
secundum Galfridum Chaucer. Deo gracias.",Explicit parliamentum Auium In die sancti Valentini tentum secundum Galfridum Chaucer. Deo gracias.
part1_p34_a4,Vol.1,p34-35,[1426],medium,"Lydgate, John.",The Pilgrimage of the Life of Man.,"[Translated by Lydgate from the French of Diguileville.] MS. Cott. Vitel. Cxiii, ff. 256 b-7. (Ed. F. J. Furnivall, E. E. T. soc. 1901, part ii, pp. 527, 528, ll. 19751-89.)","And touchynge the translacioun
Off thys noble Orysoun,
Whylom (yiff I shal nat feyne)
The noble poete off Breteyne,
My mayster Chaucer, in hys tyme,
Affter the Frenche he dyde yt ryme,
Word by word, as in substaunce,
Ryght as yt ys ymad in Fraunce,
fful devoutly, in sentence,
In worshepe, and in reuerence
Off that noble hevenly quene,
Bothe moder and a maydë clene.
And sythe, he dyde yt vndertake,
ffor to translate yt ffor hyr sake,
I pray thys [Quene] that ys the beste.
ffor to brynge hys soule at reste,
That he may, thorgh hir prayere,
Aboue the sterrys bryht and clere,
Off hyr mercy and hyr grace
Apere afforn hyr sonys fface,
Wyth seyntys euere, for A memórye,
Eternally to regne in glorye.
And ffor memoyre off that poete,
Wyth al hys rethorykës swete,
That was the ffyrste in any age
That amendede our langage;
Therfore, as I am bounde off dette,
In thys book I wyl hym sette,
And ympen thys Oryson
Affter hys translacïon,
My purpós to détermyne,
That yt shal énlwmyne
Thys Iytyl book, Rud off makyng,
Wyth som clause off hys wrytyng.
And as he made thys Orysoun
Off ful devout entencïoun,
And by maner off a prayere,
Ryht so I wyl yt settyn here,
That men may knowe and pleynly se
Off Our lady the .A. b. c.",[Here follows Chaucer's A B C Prayer to the Virgin.]
part1_p35_a1,Vol.1,p35,[c. 1430?],low,"Lydgate, John.","Nowe folowrþe here þe maner of a bille by wey of supplicacoun putte to þe kyng holding his noble feest of Christ¬
masse in þe Castel of Hertford, as in a disguysing of þe Rude
vpplandische people compleyning on hir wyues, with þe boystous
aunswere of hir wyues, deuysed by lydegate.","MS. Trin. Coll. Cambridge, R. 3. 20. ff. 45-6. (Printed by E. P. Hammond [in] Anglia, vol. xxii, Halle, 1899, pp. 371-2.)","[The wives answer]
And for oure partye þe worthy wyff of Bathe
Cane shewe statutes moo þan six or seuen
howe wyves make hir housbandes wynne heven
. . . . . . . . .
Þer pacyence was buryed long agoo
Gresyldes story recordeþe pleinly soo.",[The editress states that she is unable to fix a probable or even approximate date for this 'disguising'.]
part1_p36_a1,Vol.1,p36,[1430],medium,"Lydgate, John.","The Prohemy of a marriage betwix an olde man and a yonge wife, etc.","MS. Harl. 372, fol. 45. (Lydgate's minor poems, ed. J. O. Halliwell, 1840, Percy soc., vol. ii, p. 28.)","Remembre wele / on olde Ianuary
Which maister Chaunceres / ful seriously descryueth
And on fressh May / and how Iustyne did vary,
Fro placebo / but yet þe olde man wyueth
þus sone he wexeth blynde / & þan onthryueth
Fro worldly joye / for he sued bad doctryne;
Think on Damyan / Pluto & Proserpyne.","[Dr. H. N. MacCracken considers this poem is far more likely to be by Hoccleve than by Lydgate. See his Lydgate Canon, Philological soc. Trans. 1908, p. xliv.]"
part1_p36_a2,Vol.1,p36,[1430],medium,"Lydgate, John.","This world is a thurghefare ful of woo,","MS. Harl. 2251, fol. 249 (old no. 275 b). (Lydgate’s minor poems, ed. J. O. Halliwell, 1840, Percy soc., vol. ii, p. 128.)","O, ye maysters, that cast shal yowre looke
Vpon this dyte made in wordis playne,
Remembre sothly that I the Refreyd tooke,
Of hym that was in makynge souerayne,
My mayster Chaucier, chief poete of Bretayne,
Whiche in his tragedyes made full yore agoo,
Declared trewly and list nat for to seyne,
How this world is a thurghfare ful of woo.",
part1_p36_a3,Vol.1,p36,[1430],medium,Unknown.,"Headlines, etc.,","in MS. Addit, 35, 286, the best Ashburnham MS. of the Canterbury Tales, ff. 166, 168b, 188.","Here bigynneth Chaucers tale of syr Topas.
Here bigynneth Chaucers tale of Melibee and prudence.
Here endeth Chaucers tale of Melibee and prudence.",
part1_p36_a4,Vol.1,p36-43,1430,high,"Lydgate, John.",Fall of Princes.,"MSS. Harl. 1766, ff. 8, 8b, 9, 9b, 26, 26b, 101, 190, and 262, and Harl. 4203, ff. 78b, col. 2. 140b, col. 1.","[1] Here begynneth the boke of Johan Bochas discryuing the fall
of princes.... Translated in to Englysshe by John Lydgate. [col.]
Imprinted at London in flete strete by Richarde Pynson.... 1527.
[2] A Treatise...shewing..the falles of...Princes...First.
compyled in Latin by the excellent Clerke Bocacius...and...
translated...by Dan John Lidgate... [col.] Imprinted at
London ... by Richard Tottel 1554.
[3] The tragedies, gathered by John Bochass, of all such Princes
as fell from theyr estates. ... Translated into Englysh by John
Lydgate. ... Imprinted at London, by John Wayland... [1558]
[For convenience of identification, references to all three editions
are given, numbered respectively 1, 2, 3.]
Harl. 1766, fol. 8-9b (1) A ii-iii (2) A ii-iii (3) Ai i-ii b
"" "" "" 26-26b (1) viii b-ix (2) viii b-ix (3) viii-b
"" "" "" 101 (1) xlvii (2) xlvi (3) xliii b
"" 4203 "" 78b (1) (2) xc [only in this edn.]
"" "" "" 140 (1) clxiiii-b (2) clxiiii b (3) cliiii
"" 1766 "" 190 (1) clxxx (2) clxxx (3) sign aa iiib
"" "" "" 262 (1) (2) ccxvii [only in this edn.]
My mayster Chaunceer / with his fressh comodyes, [Harl. 1776
Is ded, Allas / Cheef Poete of breteyne,
fol. 8.]
That whylom made / ful pitous tragedyes:
The Fal of Prynces / he did also compleyne
As he that was / of makyng souereyne;
Whoom al this lond / shulde of ryght preferre,
Sith of your language / he was the lodesterre.
. . . . . . . .
[Then, after mentioning 'Senek in Rome.. And Tullius..
Fraunceys Petrark.. And John Bochas,' and their works of
'materys lamentable,' Lydgate goes on]
And semblably / as I haue toold to-fforn,
[fol. 8 b]
my mayster Chaunceer / did bis besynesse
And in his dayës / hath so wel hym born,
Out of our tounge / tauoyden al Rudnesse,
And to Reffourme it / with Colours of swetnesse
Wherfore let vs / yiue hym lawde and glorye
And putte his name / with Poetys in memorye.
Off whoos labour / to makë mencïon,
Wheer-thorugh he shulde / of ryght comendyd be,
In yowthe he madë / a translacïon
Off a book / which callyd is Trophe
In lombard tounge / as men may Rede and see,
And in Our Vulgar / longe or that he deyde,
Gaff it the name / of Troylus and Creseyde,
Which for to Redë / louers hem delyte,
They ha[n] ther-Inne / so greet Deuocïon
And this Poete / hym-sylff also to quyte,
Off Boeces book / the consolacïon
made in his tyme / an hool translacïon
And to his sone / that Callyd was 'lowys,'
he made a tretees / ful noble and of greet prys
Vpon thastrelabre / in ful notable fourme
Sette hem in Ordre / with ther dyuisïons,
mennys wittes / taplyen and confourme,
To Vndirstonde / be ful expert Resons,
Be Domeffying / of sondry mansyons,
The Roote Out sought / at the assendent
To-fforn or he gaff / ony Iugëment.
He wrot also / ful many a day agone,
Dante in ynglyssh1 / hym-sylff so doth expresse,
The pitous story / of Ceix and Alcyone
And the Deth of blaunchë / the Duchesse;
And notably / [he] did his besynesse
By greet auys / his wittës to dyspose
To translate / the Romaunce of the Rose.
Thus in Vertu / he set al his entent /
ydelnesse and vices / for to Flee.
Off foulys also / he wrot the parlement /
Ther-Inne remembryng / of Royal Egles thre
how in ther Choys / they felte aduersite
To-for naturë / proffryd the bataylle,
Ech for his party / yiff it wolde auaylle.
[fol. 9]
He dyd also / his dilligence / and peyne
In Our Vulgar / to translate and endyte
Orygen / vpon the mawdeleyne;
1 [This statement by Lydgate, which is repeated by Bale ('Dantem Italum transtulit,' see
below, App. A. 1557-9), Speght (in his list of Chaucer's works in his 1598 edn. fol. ci.), Laurence
Humphrey, 1582 below, p. 122, Edward Leigh 1656, pp. 232-8, and others, has given rise to
considerable discussion as to whether Chaucer did or did not translate any part of Dante (see
Studies in Chaucer, by T. R. Lounsbury, vol. i, p. 425, vol. ii, pp. 236-7). Prof. Skeat holds
that under this name Lydgate is referring to the 'House of Fame' which shows marked Dante
infuence (Minor Poems of Chaucer, pp. Ixx-lxxi, see also an article by A. Rambeau, in Englische
Studien, 1880, vol. iii, p. 209, 'Chaucer's House of Fame in seinem Verhältniss zu Dante's
Divina Commedia'). Dr. Paget Toynbee does not agree that this refers to the House of Fame,
as Lydgate was ignorant of Italian, see Dante in English Literature, 1900, pp. 1-2.]
And of the lyon / a book he did wryte.
Off Anneleyda / and of fals Arcyte
he made a compleynt / doolful and pytous,
And of the brochë / which that Vulcanus
At thebes wrought / ful dyuers of nature,
Ouyde wryteth / whoo therof hadde a sight /
For hyh desir / he shuldë nat endure
But he it hadde / neuir be glad nor Iyght /
And yif he hadde it / Onys in his myght /
Iych as my mayster / seith and wryt in dede
It to conserne / he shulde ay leue in drede.
This poete wrot / at Request of the quene,
A legendë / of parfight hoolynesse
Off goode women / to Fynden out nyntene
That did excelle / in bounte and fayrnesse,
But for his labour / and his besynesse
Was inportable / his wittes to encoumbre,
In al this world / to Fynde so greet a noumbre.
He made the book / of Cauntirbury talys
Whan the pylgrymës / Rood on pylgrymage
Thorugh-out kent / by hillës and by Valys,
And al the storyes / toold in ther passage,
Endyted hem / ful wel in our language,
Somme of knyghthood / and somme of gentillesse,
And somme of loue / and somme of parfightnesse,
And somme also / of greet moralyte,
Somme of dispoort / includyng greet sentence.
In prose he wrot / the tale of mellybe
And of his wyff / that callyd was prudence,
And of Grysyldes / parfight pacience,
And how the monk / of storyes newe and Olde,
Pitous tragedyes / by the weyë tolde.
This seide Poete / my mayster, in his Dayes,
Made and compyled / ful many a fressh Dyte,
Compleyntës, ballades / Roundelles, Virrelayes
Ful delytable / to heryn and to se,
For which, men shulde / of ryght and equite,
Sith he of ynglyssh / in makyng was the beste
Prey vn-to god / to yeue his soule good Reste.
And this Poetys / I make of mencïon
[fol. 9b]
Wer, be Old tyme / had in greet deynte,
With kynges, Prynces / in euery Regïon
Gretly preferryd / afftir ther degre,
For lordys haddë / plesaunce for to se,
To studye among / and to Caste ther lookys
At good leyser / vpon wyse bookys.
. . . . . . . . [fol. 26, at foot]
But yif ye lyst / haue cleer inspeccïon
Off this stoory / vpon euery syde,
Redith the legende / of martyrs of Cupyde
which that Chauncer / in Ordre as they stood,
Compyled of women / that wer callyd good.
TOwchyng the stoory / of Kyng Pandyon [fol. 26b]
And of his goodly / fayrë Doughtre tweyne,
How Thereus / fals of Condicïon,
hem to Dysceyue / did his besy peyne,
They bothe namyd / of bewte souereyne,
Goodly progne / and yong[e] phylomene,
Bothe Innocentys / and of Entent ful Clene.
Ther pitous Fate / in hopë to expresse,
It wer to me but a presumpcïon,
Sith that Chauncer / dyd his besynesse
In his legende / as made is mencyon,
Ther martirdam / and ther passyon
For to Rehersen hem / and dyd his besy peyne
As Cheef Poetë / Callyd of breteyne.
Off goodë women / a book he did wryte,
The noumbre vncomplet / fully of nyntene,
And ther the stoory / he pleynly did endyte
Off Tereus of progne / and phylomene
wher ye may seen / ther legende, thus I mene,
Doth hem worshepe / and forth ther Iyff doth shewe
For a Cleer merour / be Cause ther be so fewe,
I wyl passe ouir / and speke of hem no more,
And vn-to Cadmus / forth my stylë dresse.
. . . . . . . .
TOwchyng lucrece / Exaumple of wyffly trouthe, [fol. 101]
How yongë Tarquyn / hire falsly did Oppresse,
And afftir that / which was a greet[e] Routhe
How she hire sylff / slowh for heuynesse
It nedith nat / Rehersyn the processe,
Sith that Chaunceer / Cheef Poete of breteyne
Wrot of hire Iyff / a legende souereyne.
Ek othir stooryes / which he wroot in his lyue
Ful notably / with euery Circumstaunce,
And ther Fatys / did pitously descryue,
Lyk as they Fyl / put hem in Remembraunce.
Wherfore / yiff I shulde my penne auaunce
Afftir his makyng / to putte hem in memórye,
Men wolde deme it / presumpcion and veynglorye.
FOr as a sterre / in presence of the sonne
Lesith his fresshnesse / and his Cleer[e] lyght,
So my Rudnessë / vndir skyës donne,
Daryth ful lowë / and hath lost his syght
To be comparyd / ageyn the beemys bryght
Off this Poete / wherfore it wer but veyn;
Thyng seid by hym / to wryte it newe ageyn.
. . . . . . . .
Dant In ytaylle. Virgyle in Romë town, [Harl. 4203, fol. 73 b.,
Petrak in Florence . hadde al hys plesance,
col. 2]
And prudent Chauseer . in brutys Albyon,
lik hys desyr . fond vertuous suffysance.
Fredam of lordshype . weyed in ther ballance
Be cause they flouryd . in wysdam & science;
Support of prynces . fonde hem ther dyspence.
In this trouble . dreedful & odyous
[fol. 140b, col. 1]
As is rehersyd . in ordyr ye may reede,
The noble knyght . Paulus Lucious
Exiled was . of malis & hatereede,
Folwyng vpon . the grete horrible dede,
The pitous deth . & the hateful cas
Of gret Antonye . & Cleopatras.
The tragedyë . of these ilkë tweyne
For me, as now . shal be set a-syde,
Cause Chaucer . cheef poyet of bretaygne,
In hys book . the legende of Cupyde,
Seying ther hertys . coudë not devyde.
Remembryng . there . as oon they dide endure,
So wer they buryed . in oon sepulture.
Thyng onys seid . be labour of chauceer
Were presumpcion . me to make ageyn,
Whos makyng was . so notable & enteer
Ryght compendious . & notable in certeyn,
Which to reherse . the labour were in veyn,
Bochas remembryng . how Cleópatras
Causyd Antonye . that he destroyed was.
Hyr auarice . was so Importable,
[col. 2]
He supprysed . with hyr gret fayrnesse,
Folwyng ther lustys . foul & habomynable,
She desyryng . to haue the Emperesse,
And he, allas . of froward wylfulnese
To plesyn hyr . vnhappily began
To werreyë . the gret Octauyan.
. . . . . . . .
Myn Auctour here / no lengere lyst soiourne,
[Harl 1776,
Off this Emperours / the Fallys for to wryte,
fol. 190]
But in haste / he doth his stylë tourne
To Zenobia / hire story for tendyte;
But, for chaunceer / so wel did hym quyte
In this tragédyes / hir pitous fal tentrete,
I wyl passe ovir / Rehersyng but the grete.
In his book / of Cauntirbury talys,
This souereyn Poete / of brutys Albyon,
Thorough pylgrymes toold / by hillys and by valys,
Whereof Zenobia / is made mencyon
Off hire noblesse / and of hire hyh Renon
In a tragedye / Compendyously told al
Hir marcyal prowesse / and hire pitous fal.
I nevir was aqueynted / with virgyle
[fol. 262]
nor with sugryd Dytees / of Omer,
nor Dares frygius / with his goldene style,
nor with Ovyde / in Poetrye moost entieer,
nor with the souereyn balladys of Chaunceer,
which, among alle / that euere wer Rad or songe,
Excellyd al othir / in our Englyssh tonge.
. . . . . . . .
As the gold-tressyd / bryght[e] somyr sonne
Passith othir sterrys / with his beemys clere,
And as Lucynya / Chaseth skyës donne,
The frosty nyghtes / whan Esperus doth appere,
Ryght so my1 mayster / had[dë] neuir pere, 1MS. my may
I mene Chaunceer/ in stooryes that he tolde,
And he also wrot / tragedyës Olde.
The Fal of Prynces / gan pitously compleyne
As Petrark did / and also Iohn bochas,
Laureat Fraunceys / Poetys bothe tweyne,
Toold how Prynces / for theer greet trespace,
wer ouirthrowe / Rehersyng al the caas
As Chaunceer / did in the monkys tale....","[The two references from Harl. 4203 are wanting in the earlier and better MS. Harl. 1766. See below, p. 219, 1641, Wits Recreation, where the first verse is given.]"
part1_p43_a1,Vol.1,p43,[c. 1430-40],low,"Shirley, John.",Headlines to Fortune.,"MSS. Camb. Univ. Iib. Ii. 3. 21, fol. 53; Fairfax 16, fol. 191; and Shirley's two MSS., Ashmole 59, fol. 37, and Trin. Coll. Camb. R. 3. 20, fol. 142. (Parallel text of Chaucer's minor poems, ed. F. J. Furnivall, Chaucer soc. [1871], pp. 440-1.)","[Ii. 3. 21] Causer / Balades de vilage sanz peinture.
[Ashmole] ¶ Here foloweþe nowe a compleynte of þe
Pleintyff ageinst agenst [sic] fortune translated oute of
ffrenshe into Englisshe by þat famous Rethorissyen / Geffrey
Chaucier /
[Trin. Coll] and here filoweþe a balade made by Chaucier
of þe louer / and of Dame ffortune.
[Fairfax] ¶ Balade de vilage saunz Peynture. Par Chaucer.",
part1_p43_a2,Vol.1,p43,[c. 1430-40],low,Unknown.,Fairfax,"MS. 16. See below, Appendix A.",,
part1_p43_a3,Vol.1,p43,1434-57,high,"Gascoigne, Thomas.",Dictionarium Theologioum.,"MS. 117, 118, Lincoln Coll. Oxford, pars secunda, p. 377.","[Gascoigne, after mentioning Chaucer's regrets for some of
his writings, expressed just before his death, adds these words]:
""Fuit idem Chawserus pater Thome Chawserus [sic] armigeri,
qui Thomas sepelitur in Nuhelm [Ewelme] juxta Oxoniam.""","[This extract is printed by Prot. J. W. Hales in his article on 'Geofrey and Thomas Chaucer,' in Athenæum, March 31, 1888, pp. 404-5. It does not occur in Loci e libro veritatum, passages selected from Gascoigne's theological dictionary, ed. J. E. Thorold-Rogers, 1881. This is the earliest assertion that Thomas Chaucer was the poet's son. For the whole question see Life Records of Chaucer, Chaucer soc, 1900, part iv, pp. li-lvii; also Chaucer a bibliographical manual, by E. P. Hammond. N. York, 1908, pp. 47-8.]"
part1_p44_a1,Vol.1,p44,1439,high,"Lydgate, John.",The glorious lyfe and passion of seint Albon ... and ... saint Amaphabel.,"MSS. Trin. Coll. Camb. 39; Lincoln 57, etc. Sign. a ii, of the edn, pr. in 1534 at the request of Robert Catton. [Unique copy in the B. M., pr. mk. C. 34. g. 17.] (ed. C. Horstmann 1882, p. 11.)","The golden trompet of the house of fame,
With full swyfte wyngës of the pegasee
Hath [blowe?] full farre the knyghtly mannes name,
Borne in Verolame, a famous olde citie.",
part1_p44_a2,Vol.1,p44,[c. 1440],low,Unknown.,Note,"to Lydgate's Troy Book in MS. Roy. 18 D. ii fol. 88 [ink, 87 pencil] b. col. i at foot. Of the worshipful recommendacyon that the monke of Bury Þat translate Þis boke gaue Chaucere, þe chef poete off Breteyne.",Sythe my Maystare chaucer here aforne.,"[See above, p. 25, for this reference of Lydgate's to Chaucer.]"
part1_p44_a3,Vol.1,p44,[c. 1440],low,Unknown.,"Headline to general proloque to Canterbury
Tales.","Harl. 1758, fol. 1. (Six-text Canterbury tales, ed. F. J. Furnivall, Chaucer soc. 1871-8, pts. i-iii, p. 1.) hEre begynneth the book of tales of Caunterburye. compiled by Geffraie Chaucers . of Brytayne chef poete.","hEre begynneth the book of tales of Caunterburye. compiled
by Geffraie Chaucers . of Brytayne chef poete.",
part1_p44_a4,Vol.1,p44,[1440?],low,Unknown.,The Tale of Colkelbie Sow.,"Bannatyne MS. [1566]. Printed for the Hunterian club [ed. James Barclay Murdoch], 1896, vol. iv, p. 1048. (Early popular poetry of Scotland, ed. David Laing (revised W. C. Hazlitt 1895), vol. i, p. 210.)","Twenty-four chikkynis of þame scho hes
. . . . . . .
The first wes the samyn Chantecleir to luke
Off quhome Chaucer treitis in to his buke,
And his lady Partlot sister and wyfe
Quhilk wes no lyse in detis of þat Iyfe.","[Robert Pitcairn, in his introduction to Early popular poetry of Scotland, ed. by David Laing (vol. i, pp. 179-81), says ""that from the Prohemium the poem appears to have been written during the era of Minstrelsy, although stom internal evidence posterlor to Chaucer,"" and he therefore assigns it to ""some time previous to the middle of the 15th century, since it seems to have been very popular considerably anterior to the age of Douglas and Dunbar.""]"
part1_p44_a5,Vol.1,p44-45,[c. 1440],low,Unknown.,The Chaunces of the Dyse.,"MS. Fairfax 16, ff. 152, 153b (supplementary vol. to Minor Poems of Lydgate, ed. MacCracken, E. E. T. soc., in preparation).","Of olde stories taken ye grete hede
[fol. 152]
That ye ne had moo bokes is gret skathe
For your talent ys gretely set to rede
Ye kan by rote the wifes Iyfe of Bathe
He myght wel sey ful erlych and to rathè
Chosen he had that machched with yow were
Sure of a shrewe myght he ben with out fere.
. . . . . . . . .
Creseyde is here in worde bothe thought and dede [fol. 153 b]
Fil neuer dise sith god was bore so trewe
. . . . . . . .
Ye leue youre olde and taken newe and newe.","[This poem has one stanza for every possible throw, and, like Ragman Roll, the stanza was given as a 'fortune' to the thrower. It is quoted by Stowe as being by Chaucer, q.v., p. 159 below.]"
part1_p45_a1,Vol.1,p45,[c. 1440],low,Unknown.,A Rebuke to Lydgate.,"MS. Fairfax 16, fol. 326a (supplementary vol. to Minor Poems of Lydgate, ed. H. N. MacCracken, E. E. T. soc., in preparation).","So wolde god that my symple connyng
[15]
Ware sufficiaunt this goodly flour to prayse
For as to me ys non so ryche a thyng
That able were this flour to counterpayse
O noble chaucer passyd ben thy dayse
Off poetrye ynamyd worthyest
[20]
And of makyng in alle othir days the best
Now thou art go thyn helpe I may not haue
Wherfor to god I pray right specially
Syth thou art dede and buryde in thy graue
That on thy sowle hym lyst to haue mercy
[25]
And to the monke of bury now speke I
For thy connyng ys syche and eke thy grace
After chaucer to occupye his place.",
part1_p45_a2,Vol.1,p45,[c. 1440],low,Unknown.,Head lines and end lines,"[in] Addit. MS. 34,360, ff. 21b, 49, 53.","[fol. 21b] Balade that Chauncier made, [with an 'Envoy' of six lines,
beginning:] So hath myn hert caught in remembraunce.
. . . . . . . . . . .
[fol. 49] [Chaucer's Complaint to Pity, headed, as in Harl. 78, fol.
80,] And now here folwith A Complaynt of Pite made by
Geffray Chauncier the Aureat Poete that euer was founde in
oure vulgar to fore his dayes.
. . . . . . . . . . .
[fol. 53] Explicit Pyte dan Chaucer lauture.","[See Two British Museum MSS. by E. P. Hammond [in] Anglia, vol. xxviii, 1905, pp. 1-28.]"
part1_p46_a1,Vol.1,p46,[c. 1440],low,Unknown.,A Greeting on New Year's morning.,"Lambeth MS. 306, fol. 136. (Political, religious and love poems, ed. F. J. Furnivall, E. E. T. soc. [new edn. 1903], p. 66, 1. 19.)",palaman gafe his herte to emely.,"[This refers most probably to Chaucer's Knight's Tale, rather than to Boccaccio. Such, at least, is Dr. Furnivall’s opinion.]"
part1_p46_a2,Vol.1,p46,[1443-7?],low,"Bokenam, Osbern.",The Leuys of Seyntys.,"Translated into Englys be a Doctour of Dyuynite clepyd Osbern Bokenam, Frer Austyn of the Conuent of Stokclare. Unique MS. Arundel 327. Vita Sanctae Margaretae, Il. 170-8. (Reprinted for Roxb, club 1835, p.13. O. Bokenam’s Legenden, ed. Carl Horstmann 1883, pp. 11, 12.)",".. as Homer / Ouyde or ellys Virgyle
Or Galfryd of Ynglond / I wolde copyle
A clere descripcyoun / ful expressely
Of alle hyr feturys / euene by & by
But sekyr I lakke both eloquens
And kunnyng / swych maters to dilate
For I dwellyd neuere / wᵗ the fresh rethoryens
Gower / Chauncers / ner wyth Iytgate.
Wych Iyuyth yet / lest he deyed late.","[Galfryde of Ynglond in Prol. l. 83 is Galfridus de Vinosalvo. See The temple of glas, ed. J. Schick, E. E. T. soc. 1891, notes, p. 78; and cf. above, p. 17 [c. 1403?] Lydgate, Court of Sapyence, note.]"
part1_p46_a3,Vol.1,p46,[c. 1444],low,"[Lydgate, John.]",Poem on the truce of 1444.,"MS. Harl. 2255, fol. 132. (Political poems and songs, ed. Thomas Wright, 1861, vol. ii, p. 216.)","Comoun Astrologeer as folk expert weel knowe
To kepe the howrys and tydis of the nyght,
Sumtyme hih and sumtyme he syngith lowe
Dam pertelot sit with hire brood doun right
The ffox comyth neer with oute Candellyght
To trete of pees, menyng no treson,
To avoyde al gile and ffraude he hath be hight
Alle go we stille the Cok hath lowe shoon.","[Each verse ends with the same refrain, and the first three verses (the above is the fourth) of the poem point out that 'speche is but fooly and sugryd elloquence' and that silence is good. Reminiscences of the Nonne Preestes Tale run all through the first four verses.]"
part1_p46_a5,Vol.1,p46,[c. 1445?],low,"Shirley, John.",Sidenote to Chaucer's A. B. C.,"in MS. Sion Coll., Arc. 2. 23, fol. 79. (Odd texts of Chaucer's minor poems, ed. F. J. Furnivall, Chaucer soc. 1868-80, p. 66.)","¶ Chauc[er] ¶ Deuotissima oracio [ad] Mariam . pro omni
ten[tacione] tribulacione necess[itate] angustia.",
part1_p47_a1,Vol.1,p47,[c. 1445],low,"Unknown, and Shirley, John.",Headline to Lack of Stedfastness.,"MSS. Harl. 7333, fol. 147 b, and Shirley's Trin. Coll. Camb. R. 3. 20, b of 10th fol. from end. (Parallel-text of Chaucer's minor poems, ed. F. J. Furnivall, Chaucer soc. [1871], p. 434.) See below, App. A.","[Harl.] This balade made Geffrey Chaunciers the Laureall
Poete Of Albion and sent it to his souerain lorde kynge
Richarde the secounde þane being / in his Castell of / Winde¬
sore/.
[Cambridge] ¶ Balade Royal made by • oure laureal poete
of Albyon • in hees laste yeeres /.",
part1_p47_a2,Vol.1,p47,[c. 1445],low,Unknown.,Headline to Marriage or Bukton.,"MS. Fairfax 16, fol. 193b, and in Julian Notary’s edn. q.v. (1499-1502, p. 65) sign. B iii. (Parallel-text of Chaucer's minor poems, ed. F. J. Furnivall, Chaucer soc. [1871], p. 424.)","[Fairfax] ¶ Lenvoy de Chaucer A Bukton. /
[Notary] Here foloweth the counceyll of Chaucer touchyng
Maryag &c. whiche was sente te [sic] Bucketon &c.",
part1_p47_a3,Vol.1,p47,[c. 1445],low,Unknown.,Headline to Envoy to Scogan.,"MSS. Camb. Univ. lib. Gg. 4. 27, fol. 7b; Fairfax 16, fol. 192b; Pepys 2006, p. 385, hand E. (Parallel-text of Chaucer’s minor poems, ed. F. J. Furnivall, Chaucer soc. [1871], p. 421.)","[Cambridge] Litera directa de Scogon per .G. C.
[Fairfax] ¶ Lenuoy de Chaucer A Scogan./
[Pepys] ¶ Lenuoie de Chaucer A Scogan.",
part1_p47_a4,Vol.1,p47,1448-9,high,"Metham, John, of Norwich.",Amoryus and Cleopes.,"Unique MS. Quaritch [since sold], Epilogue, [fol. 57?.] (Political, religious and love poems, ed. F. J. Furnivall, E. E. T. soc. [new edn. 1903], pp. 306-7.)","And yff I the trwthe schuld here wryght,
As gret a style I schuld make in euery dregre,
[so]
As Chauncerys, off qwene Eleyne or Cresseyd, doht endyht,
Or off Polyxchene, Grysyld, or Penelope.
. . . . . . . .
My mastyr Chauncerys, I mene, that longe dyd endure
In practyk off rymyng; qwerffore proffoundëly
With many prouerbys, hys bokys be rymyd naturelly.",
part1_p47_a5,Vol.1,p47,[c. 1450],low,"Burgh, Benedict.",,"See below, Appendix A.",,
part1_p47_a6,Vol.1,p47-48,[c. 1450],low,"Shirley, John.",Headline and marginal note to Gentilesse.,"Shirley's MSS. Ashmole 59, fol. 27; Trin. Coll. Camb. R. 3. 20b of fol. 9 from end; Harl. 7333, fol. 147b, col. 2. (Parallel-text of Chaucer's minor poems, ed. F. J. Furnivall, Chaucer soc. [1871], p. 428.)","[Ashmole, marginal note] Geffrey Chaucier made þeos thre
balades nexst þat followen //
[Cambridge] ¶ Balade by Chaucier.
[Harl.] ¶ Moral balade of / Chaucier /",
part1_p48_a1,Vol.1,p48,[c. 1450],low,"Shirley, John.",Headline to the Compleynt of Venus.,"Shirley's MSS. Trin. Coll. Camb. R. 3. 20, fol. 139; and Ashmole 59, fol. 43b. (Parallel-text of Chaucer's minor poems, ed. F. J. Furnivall, Chaucer soc. [1871], p. 412.)","[Trin. Coll.] And filowing begynneþe • a balade translated
out of frenshe in to englisshe / by Chaucier Geffrey þe frenshe
made . sir . Otes de Grauntsome • knight • Sauosyen /
[Ashmole] Here begynneþe a balade made by þat worþy
Knight of Sauoye in frenshe calde sir Otes Graunson . trans¬
lated by . Chauciers //",
part1_p48_a2,Vol.1,p48,[c. 1450],low,"Shirley, John.",Headline to Stanza,"in Ellesmere Lydgate MS. See below, App. A.",,
part1_p48_a3,Vol.1,p48,[c. 1450],low,"Shirley, John.",Headline to Truth.,"Shirley’s MS. Trin. Coll. Camb. R. 3. 20 [2 copies], p. 144, and 9th fol. from end. (Paralleltext of Chaucer's minor poems, ed. F. J. Furnivall, Chaucer soc. [1871], p. 409.) See note below in App. A. under [c. 1450] Shirley.",¶ Balade þat Chaucier made on his deeth bedde.,
part1_p48_a4,Vol.1,p48,[c. 1450],low,"Shirley, John.",Headline to Adam Scrivener.,"Shirley’s MS. Trin. Coll. Camb. R. 3. 20, 4th fol. from end. Cf. J. Stowe's edn. 1561, fol. ccclv b, col. 1. (Parallel-text of Chaucer's minor poems, ed. F. J. Furnivall, Chaucer soc. [1871], p. 177.)","[Trin. Coll.] ¶ Chauciers wordes • a. Geffrey vn to Adame
his owen scryueyne.
[Stowe] Chaucers woordes vnto his owne Scriuener.
[See below, 1614, Ben Jonson, p. 189, for a reference to Adam Scrivener.]","[See below, 1614, Ben Jonson, p. 189, for a reference to Adam Scrivener.]"
part1_p48_a5,Vol.1,p48,[c. 1450],low,"Shirley, John (?).",Headline to The Compleynt of Mars.,"MS. Trin. Coll. Camb. R. 3. 20, fol. 130. (Parallel-text of Chaucer's minor poems, ed. F. J. Furnivall, Chaucer soc. [1871], p. 100.)","¶ Loo yee louers gladeþe and comforteþe you . of þallyance
etrayted bytwene / þe hardy and furyous Mars . þe god of
armes / and Venus þe double goddesse of loue made by
.Geffrey Chaucier. at þe comandement of þe renomed and
excellent Prynce my lord þe Duc Iohn of Lancastre.",
part1_p48_a6,Vol.1,p48-49,[1450],medium,"Shirley, John.","Heading and headline to þe Cronycle made by
Chaucier.","MS. Ashmole 59, fol. 38 b. (Odd texts of Chaucer's minor poems, ed. F. J. Furnivall, Chaucer soc. 1868-80, app. p. vi.) þe Cronycle made by Chaucier.","¶ Here nowe folowe þe names of þe nyene worshipfullest
Ladyes þat in alle cronycles . and storyal bokes haue beo
founden of trouþe of constaunce and vertuous or reproched
womanhode . by Chaucier.",
part1_p49_a1,Vol.1,p49,[c. 1450],low,"Shirley, John.",Verses,"in praise of Chaucer, in his metrical prologue to Boethius de Consolacione Philosophisæ; running title, etc., and praise of Chaucer at the end of Boethius. Add. MS. 16, 165, ff. 2, 4, 5 b-6, 8-12, 14 b-16, 21 b-22, 25 b-26, 33 b-36, 94.","þe prologe of the Kalendere of þis litell booke. [fol. 2]
. . . . . . .
And for to put hit in youre mynde
First þus by ordre shul ye fynde
Of Boece þe hole translacyoun
And Phylosofyes consolacyoun
Laboured by Geffrey Chaucier
[fol. 2b]
Whiche in oure volgare had neuere ys pere
Of eloquencyale Retorryke
In Englisshe was neuer noon him Iyke
Gyft him þe prys and seyþe þerhoo
For neuer knewe ye such na moo....
And þus endeþe... Boece... translated by þe moral and
famous Chaucyer which first enlumyned þis lande with retoryen
and eloquent langage of oure rude englisshe modere tonge...",
part1_p49_a2,Vol.1,p49,[a. 1450],low,Unknown.,The Tale of Beryn.,"See below, Appendix A.",,
part1_p49_a3,Vol.1,p49,[c. 1450?],low,Unknown.,Poem. How a Louer Prayseth hys Lady.,"MS. Fairfax 16, fol. 309. (Temple of Glas, by J. Lydgate, ed. J. Schick, E. E. T. soc., extra series Ix, 1891, pp. cxliii, 78.)","Cum on Iulius, with sum of thy flouris;
Englesshe geffrey1 with al thy colourys,
That wrote so wel to pope Innocent;
And mayster Chauser, sours and fundement
On englysshe tunge swetely to endyte
Thy soule god haue with virgynes white
Moral gower, Iydgate, rether and poete
Ouide stase lucan of batylls grete
Wher art thou boece symachus and Guido
Virgil barnard Austyn and Varro
Archytressy melbeely and Aleyne
They knouwe me not my al is in veyne.
1 ['Englesshe geffrey' is Galfridus de Vinosalvo. See above, p. 17, note.]",
part1_p50_a1,Vol.1,p50,[c. 1450],low,Unknown.,Headline to Purse.,"MSS. Fairfax 16, fol. 193; Shirley’s Harl. 7333, fol. 147b; and in French, Pepys 2006, p. 388, hand E. (Parallel-text of Chaucer's minor poems, ed. F. J. Furnivall, Chaucer soc. [1871], pp. 448-9.)","[Fairfax] The complaynt of Chaucer to his Purse.
[Harl.] ¶ A supplicacion to Kyng Richard by chaucier.
[Pepys] ¶ La Compleint de Chaucer A sa Bourse Voide.",
part1_p50_a2,Vol.1,p50,[c. 1450],low,Unknown.,Headlines to Proverbs.,"MSS. Fairfax 16, fol. 195 b; Harl. 7578, fol. 20. (Parallel-text of Chaucer's minor poems, ed. F. J. Furnivall, Chaucer soc. [1871], p. 432.)","[Fairfax] Prouerbe of Chaucer.
[Harl.] Prouerbe of Chaucers.","[Dr. Furnivall, p. 431, adds [Quod Chaucer] to the Answers, at Mr. Bradshaw's suggestion.]"
part1_p50_a3,Vol.1,p50,[c. 1450],low,Unknown.,Headline to the Compleynte to Pite.,"MSS. Harl. 78, fol. 8; Phillipps, Cheltenham, 9053, p. 91. (Parallel-text of Chaucer's minor poems, ed. F. J. Furnivall, Chaucer soc. [1871] p. 41, and note p. 49 ; More odd texts of Chaucer's minor poems, 1886, p. 11; Odd texts of Chaucer's minor poems, 1868-80, App., p. ii note.)","[Harl.] þe balade. of . Pytee . By Chauciers.
[Phillipps] And now here folwith A complaynt of pite
made by Geffray Chaucier the Aureat Poete that euer was
founde in oure vulgar to fore his dayes.",
part1_p50_a4,Vol.1,p50,[c. 1450],low,Unknown.,Colophon to Balade of Pite.,"to Balade of Pite. Phillipps MS., Cheltenham, 9053, p. 99. (More odd texts of Chaucer's minor poems, ed. F. J. Furnivall, Chaucer soc. 1886, p. 50.)","Explicit Pyte
dan Chaucer Lauceire (?).",
part1_p50_a5,Vol.1,p50,[c. 1450],low,Unknown.,Latin headings and colophons,"to MS. Egerton 2726 (Haistwell MS. of Cant. Tales, the H. A. of Tyrwhitt’s edn.), ff. 180, 180b, 197, 270b.",,"[Fol. 1 in a late 16th or early 17th century hand, ""Gaulfridus Chaucer""; fol. 271, late 18th or carly 19th century hand, in red ink, ""here endith the Canterbury Tales compiled by Geffrey Chaucer, of whose soule Ihesu Crist haue mercy. Amen.""]"
part1_p50_a6,Vol.1,p50-52,1450],medium,Unknown.,Spurious links in the Canterbury Tales.,,"Four lines of a spurious Prologue to Sir Thopas, with some
changes in the Prologue to Melibeus following, in MS. Trin.
Coll. Camb. R. 3 3, fol. 87, 87b. [The true Prologue to Sir
Thopas is not found in this MS.]
Hiere endeth the Manciples tale.
A Prolog and a tale tolde be Master Chaucer.
Whan Chaucers
be oure oost was praide. To telle a tale he is na
withsaid. But beningly
and with gode chere. Began his tale
and saide as folwith hiere.
[fol. 87] Listeneth lordinges in good entent...
[Il. 1-30 only: ending]
There any Ram shal stonde &ce.
[then follow 'Verba Hospitis,' i. e prologue to Melibeus,
50 lines, including 2 lines (not in Skeat) at the end:]
Wich anon in profe I wol telle in this presence
Of Melibe & his wif & there douzter Sapience.
[also in place of Skeat, Il. 7-8, MS. has:]
Whi so quod I whi wolt thou lat me
That I may nat telle at my liberte.
[then at the end the rubric:]
Anothir tale in prose
tolde be mastir Chaucer
of Melibe and Prudence.
[followed by the Tale on fol. 88.]
Four additional lines at the end of the Cook's Tale in MS. Rawl.
poetry 141, fol. 29.
And thus wᵗ horedom & bryberye
To geder thei vsed till thei honged hye.
flor who so euel byeth shal make a sory sale
And thus I make an ende of my tale.
Twelve additional lines at the end of the Cook's Tale in MS.
Bodley 686, printed in Chaucer's works, edn. of 1687, q.v. below,
p. 260.
Four lines between Cook's Tale and Gamelyn in MS. Lansdowne
851, printed in Canterbury Tales, ed. T. Wright, 1847, vol. i,
p. 175, also in App. A. of Six Text Canterbury Tales, ed.
Furnivall, 1868, part I.
Two lines between Cook's Tale and Gamelyn in MSS. Royal
18, C. ii, Sloane 1685, Barlow, Hatton, Laud 739, Camb.
Univ. Libr. Mm. ii. 5, Petworth, Egerton 2863, Hodson¬
Ashburnham, printed in App. A. to Six Text Canterbury
Tales, ed. Furnivall 1868, part I.
Sixteen lines between Merchant's Tale and W. of Bath in MSS.
Barlow, Laud 739, Royal 18, C. ii, printed by Tyrwhitt in
his edn. of the Canterbury Tales, 1775-8, vol. iv, note to
l. 5583, also in Canterbury Tales, ed. T. Wright, 1847, vol. i,
pp. 245-6 note, also in Chaucer, a bibliographical manual, by
E. P. Hammond, N. York, 1908, p. 297.
Six lines between the Franklin's and Doctor's Tale in MS.
Harl. 7335, printed by Tyrwhitt in his edn. of the Canterbury
Tales, 1775-8, vol. ii, pp. 162-3, see also his Introd. Discourse,
§ xxviii, and his note on l. 11929; also printed by T. Wright
in his edn. of the Canterbury Tales, 1847, vol. ii, pp. 245-6.
Fourteen lines between Canon's Yeoman's Tale and Doctor's
Tale in MSS. Arch. Selden, B 14, Royal 17, D. xv. Royal
18 C. ii, Rawl, poet. 149, Petworth, Camb. Univ. Libr. Mm.
ii. 5, Hatton, Sloane 1685, Barlow, Egerton 2863, Laud 739,
printed in separate issue of the Petworth MS. Chaucer soc.
1875.
Sixteen lines between Canon's Yeoman's Tale and Doctor's Tale
(different from above) in MS. Lansdowne 851, fol. 169, printed
in separate issue of this MS., Chaucer soc., part V, 1875, also
by T. Wright in Canterbury Tales, 1847, vol. ii, p. 245 note.
Tuelve lines between Pardoner and Shipman's Tale in MSS.
Harl, 1758, Rawl. poet. 149, Petworth, Camb. Univ. Libr.
Mm. 25 and I i. 3. 26, Hatton, Sloane 1685, Barlow, Laud
739, Royal 18, C. ii, Egerton 2863, printed by Skeat in his
edn. of the Canterbury Tales, Chaucer's works, vol. iv, 1894,
p. 164 note; also the various MSS. readings in Specimens
of... Moveable Prologues, prefixed to the Six Text Chaucer,
ed. Furnivall, Chaucer soc. 1868, part I.
Six lines between Pardoner and Shipman's Tale (quite different
from above) in MS. Lansdowne 851, fol. 180 b, printed in the
separate issue of this MS., Chaucer soc., part V, 1875.
Eight lines ending Squire's Tale in MSS. Arch. Selden B 14 and
Lansdowne 851, printed in the separate issue of Lansdowne
MS., Chaucer soc., part iv, 1874, also by T. Wright, in his
edn. of the Canterbury Tales, 1847, vol. ii, p. 157 and vol. i,
p. 246 note.
Four lines introducing the Wife of Bath in MS. Lansdowne
851, printed in the Six Text Canterbury Tales, ed. Furnivall,
1868, also in separate issue of Lansdowne MS., Chaucer soc.,
part IV, 1874.","[These links, or additional lines joining up the Tales, are given here, although they do not refer to Chaucer by name. Still, being of the nature of an addition to, and imitation of his work, they may be termed refcrences. With the exception of the first two extracts, which are not elsewhere printed, the text is not given.]"
part1_p53_a1,Vol.1,p53,[c. 1450],low,Unknown.,Two stanzas,"linking Hoccleve's poem, No. vi, ""Item de beata virgine"" to the Canterbury Tales, and turning it into the ploughman's tale, in MS. Christ Church CLII, fol. 228 b, [printed in] A New Ploughman’s Tale: Thomas Hoccleve’s Legend of the Virgin and her Sleeveless Garment, with a spurious link, ed. by A. Beatty, Chaucer soc. 1902, p. 12.",,"[There is no mention of Chaucer in this 'link', but it is an attempt by an unknown writer to fit Hoccleve’s poem into the scheme of Chaucer's Canterbury Tales, as it represents the host calling upon the Ploughman to tell his tale, and the latter's reply.]"
part1_p53_a2,Vol.1,p53,[c. 1450],low,Unknown.,Account of Lydgate,"[in] MS. Harl. 4826, fol. 2. (printed in The ancient poem of Guillaume de Guileville, entitled Le Pelerinage de l’homme... 1858, Introd, pp. viii-ix).","John Lidgat, borne at Lidgat in Suffolke,... Hee was a
great Ornament of ye English Toung, Imitating therein our
Chaucer. To this end hee vsed to reade Dante ye Italian,
Alan ye French Poet, and such like, which hee diligently
translated into English. ...",
part1_p53_a3,Vol.1,p53,1451,high,"Cumberworth, Sir Thomas.","Will,",see Appendix A.,,
part1_p53_a4,Vol.1,p53,[1450-60?],low,Unknown.,Stanza in praise of Chaucer,"at end of Parliament of Foules. MSS. Harl. 7333, fol. 132, col. 4 ; Trin. Coll. Camb. R. 3. 19, fol. 24 b (slightly varying from each other. Paralleltext of Chaucer's minor poems, ed. F. J. Furnivall, Chaucer soc. [1871], pp. 98-9).","[Harl. 7333] Maister gefferey Chauucers þat now lith graue
þe noble Rethor poete . of grete bretayne
þat worthi . was the laurer to have
Of poyetry . And þe palme atain
þat furst made to still & to rain
þe gold dew Dropes . of speche in eloquence
In to english tonge / þorow his excellens.","[A version of Lydgate's lines in the Life of our Lady, 1409-11 q. v. above, p. 19. This stanza is also given in Chaucerian and other pieces, ed. W. W. Skeat, 1897, p. 450.]"
part1_p53_a5,Vol.1,p53,[1450-60?],low,Unknown.,Unto my Lady the Flower of Womanhood.,"MS. 306, fol. 138. (Political, Religious and Love Poems ... ed. F. J. Furnivall, E. E. T. soc. [2nd edn. 1903], p. 72.)","Go litill bill, with all humblis,
Vnto my lady, of woman hede þe floure
and saie hire howe newe troilus lithe in distreȝ
All onely for hire sake.","Go litill bill, with all humblis, Vnto my lady, of woman hede þe floure and saie hire howe newe troilus lithe in distreȝ All onely for hire sake."
part1_p53_a6,Vol.1,p53-54,[a. 1456],low,"Shirley, John.",The Prologue of the Knyghtes tale.,"MS. Harl. 7333, fol. 37, col. 1. (Prose introduction to Chaucer's Knight’s Tale.)","O yee so noble and worthi pryncis and princesse, oþer estatis
or degrees, what-euer yee beo, þat haue disposicione or ple¬
saunce to rede or here þe stories of old tymis pessed, to kepe
yow frome ydelnesse and slowthe, in escheuing oþer folies
þat might be cause of more harome filowyng, vowcheth sauf,
I be-seche yowe to fynde yowe occupacioun in þe reding
here of þe tales of Caunterburye wiche beon compilid in þis
boke filowing First foundid, ymagenid and made boþe for
disporte and leornyng of all poo that beon gentile of birthe or
of condicions by þe laureal and moste famous poete þat euer was
to-fore him as in þemvelisahing of oure rude moders englisshe
tonge, clepid Chaucyer a Gaufrede of whos soule god for his
mercy have pitee of his grace. Amen.","[For Stow’s reference to Shirley's collecting Chaucer's works, see below, 1603, p. 174.]"
part1_p54_a1,Vol.1,p54,[c. 1460-70],low,Unknown.,Headlines and end lines,"in Sloane MS. 1686 (Canterbury Tales), fr. 243b-244, 247b.","Here endith the Prioresse tale
[fol. 243b]
And here begynneth Chauncer the prolog of sir Thopas.
When seide was this tale, euery man
As sobre was / as wonder was to see
Tille at oure Oost / iape to be-gan
And than at erst / he loked vpon me
.i. Chauncer.
And seid thus: . . . .
. . . . . .
A tale of Chauncer.
[Headline
fol. 244]
Here endith Chauncer the prolog of sir Thopas
And here begynneth his tale
. . . . . .
[Headline of fol. 247b] Prolog off Chauncer.
Pleasith you to here the Tale of Maister Chauncer.
Chauncer A yong man whilom called Melibe.
. . . . . . .",
part1_p54_a2,Vol.1,p54-55,[c. 1470],low,"Ashby, George.",Active policy of a Prince (prologue).,"MS. Camb. Univ. lib. Mm. iv. 42, ff. 2b-3. (George Ashby's poems, ed. M. Bateson, E. E. T. soc. extra series, lxxvi, 1899, pp. 13-14.)","(1)
Maisters Gower, Chauucer & Lydgate,
Primier poetes of this nacion,
Embelysshing oure englisshe tendure algate
Firste finders to oure consolacion
Off fresshe, douce englisshe and formacion
Of newe balades, not vsed before
By whome we all may haue lernyng and lore.
(2)
Alas! saufe goddes wille, & his plesaunce,
That ever ye shulde dye & chaunge this Iyffe,
Vntyl tyme / that by youre wise pourueunce (sic)
Ye had lafte to vs / sum remembratife
Of a personne, lerned & Inuentif,
Disposed aftur youre condicion,
Of fresshe makyng to oure Instruccion.
(3)
But sithe we all be dedly and mortal,
And no man may eschewe this egression,
I beseche almyghty god eternal
To pardon you all youre transgression
That ye may dwelle in heuenly mansion,
In recompense of many a scripture
That ye haue englisshede without lesure.
(4)
So I, George Asshby, not comparison
Making to youre excellent enditing
With right humble prayer & orison,
Pray god that by you I may haue lernyng,
And, as a blynde man in the wey blondryng,
As I can, I shall now lerne and practise
Not as a master but as a p[r]entise.",
part1_p55_a1,Vol.1,p55,[c. 1470],low,Unknown.,Poem,"[in] MS. Bodl. Rawl, poet. 36, fol. 4. (Supplementary vol. to Minor Poems of Lydgate, ed. H. N. MacCracken, E. E. T. soc., in preparation.)","[l. 9] To me ye haue sent a letter of derision
[10] Werfore I thanke you as I fynde cause,
The ynglysch of Chaucere was nat in youre mynd.
Ne tullyus termys wyth so gret elloquence
But ye as vucurtes and Crabbed of leynde
[15] Rolled hem on a hepe it semyth by the sentens.","[The poem is a jilted lover’s reply to the 'scorn', or flyting letter of his mistress, which latter is also in verse, and immediately precedes this piece.]"
part1_p56_a1,Vol.1,p56,1471,high,"Bruyn, Elizabeth.",Will,"of Dame Elizabeth Brune in South
Ockendon church, Essex (Excerpts from ancient wills, by H. W. King; transactions Essex archæol. soc., 1884, new series, vol. ii, pp. 56-7).","I will that Robert Walsall have the boke called Canterbury
tales, and one gilt cup wᵗ ye coueryng, and one sparuer of
silke, and a diall of gold, and ij hors in my stable, and j double
harpe.",
part1_p56_a2,Vol.1,p56,1475,high,"Henryson, Robert.",The Testament of Cresseid.,"Compylit be M. Robert Herysone, Sculemai-ster in Dunfermeling. Imprentit at Edinburgh be Henry Charteris MDXciii, [sign. A ii and b]. Stanzas 6, 7, 9, and 10. (Chaucerian and other pieces, ed. W. W. Skeat, 1897, pp. 328-9.)","¶ I mend the fyre and beikit me about
Than tuik ane drink my spreitis to comfort
And armit me weill fra the cauld thairout
To cut the winter nicht & mak it schort.
I tuik ane Quair, & left all vther sport.
Writtin be worthie Chaucer glorious
Of fair Cresseid, & worthie Troylus.
¶ And thair I fand efter that Diomeid
Ressauit had that Lady bricht of hew.
How Troilus neir out of wit abraid,
And weipit soir with visage paill of hew,
. . . . . . .
¶ Of his distres me neidis nocht reheirs,
For worthie Chauceir in the samin buik
In gudelie termis, & in Ioly veirs
Compylit hes his cairis, quha will luik.
. . . . . . .
¶ Quha wait gif all þᵗ Chauceir wrait was trew [sign. A.
ii. b]
Nor I wait nocht gif this narratioun
Be authoreist or fenȝeit of the new
Be sum Poeit, throw his Inuentioun
Maid to report the Lamentatioun
And wofull end of this lustie Creisseid,
And quhat distres scho thoillit, & quhat deid.","[No early MS. copy is known; first printed by W. Thynne, in his edn. ot Chaucer's works, 1532, and long thought to be by Chaucer. Speght printed it as his in 1598, and was romonstrated with by Francis Thynne, see below, p. 155, and for full information as to editions and authenticity, see Chaucer, a bibliographical manual, by E. P. Hammond, N. York, 1908, p. 457.]"
part1_p57_a1,Vol.1,p57,[a. 1477],low,Unknown.,"The Book of Curtesye,","printed by William Caxton, 1477-8, fol. 163 b. (Ed. F. J. Furnivall, E. E. T. soc., 1868, pp. 34-5. Dr. Furnivall also printed 2 MS. copies of the same treatise, Oriel MS. 79, and Balliol MS. 354.)","(48)
O fader and founder of ornate eloquence
That enlumened hast alle our bretayne
To soone we loste / thy laureate scyence
O lusty Iyquour / of that fulsom fontayne
O cursid deth / why hast thow þᵗ poete slayne
I mene fader chaucer / maister galfryde
Alas the whyle / that euer he from vs dyde.
(49)
Redith his werkis / ful of plesaunce
Clere in sentence / in langage excellent
Briefly to wryte / suche was his suffysance
Whateuer to saye / he toke in his entente
His langage was so fayr and pertynente
It semeth vnto mannys heerynge
Not only the worde / but verely the thynge.
(50)
Redeth my chylde / redeth his bookes alle
Refuseth none / they ben expedyente
Sentence or langage / or bothe fynde ye shalle
Ful delectable / for that good fader mente
Of al his purpose / and his hole entente
How to plese in euery audyence
And in our tunge / was welle of eloquence.","[Speght quotes the first of the above three verses in Chaucer's Works, 1598, sign. cii, stating he 'found them in a book of Iohn Stowes called Little John.']"
part1_p57_a2,Vol.1,p57-58,[c. 1477],low,"Norton, Thomas,",The Ordinall of Alchimy.,"MSS. Harl. 853, No. 4, fol. 40b, Ashmole 57, p. 50. First printed (in Latin) in Michael Maier's Tripus Aureus, 1618, p. 120, (in English) in Elias Ashmole’s Theatrum Chemicum, 1652, cap. iii, p. 42 (cf. below 1577, Dr. John Dee, p. 114, and Ashmole, p. 227).","Hir name [a stone] is magnesia, fewe people hir knowe,
She is founde in hye places as well as in lowe
Plato knewe her propertie, and called hir by hir name,
and Chauser rehearseth how Titanos is the same.
In the Canon his tale, saynge what is thuse,
but quid ignotum per magis ignotius
that is to saye, what maie this be,
but unknowe by more unknowne named is she.",[This extract is given from the Harl. MS. c. 1600-20.].
part1_p58_a5,Vol.1,p58-59,[a. 1479],low,"Caxton, William.","Epilogue to Boethius de Consolacione
Philosophie,","fol. 93 b. (Reprinted in Life of Caxton, by William Blades, 1861-3, vol. i, pp. 151-2; cf. also vol. ii, pp. 66-71.)","...the worshipful fader & first foundeur & embelissher
of ornate eloquence in our englissh. I mene Maister Geffry
Chaucer hath translated this sayd werke oute of latyn in to
oure vsual and moder tongue... wherein in myne oppynyon
he hath deseruid a perpetuell lawde and thanke of al this
noble Royame of Englond....
And furthermore I desire & require you that of your charite
ye wold praye for the soule of the sayd worshipful man
Geffrey Chaucer first translatour of this sayd boke into englissh
& enbelissher in making the sayd langage ornate & fayr .
whiche shal endure perpetuelly . and therefore he ought
eternelly to be remembird . of whom the body and corps
lieth buried in thabbay of west-mestre beside london tofore
the chapele of seynte benet . by whos sepulture is wreton
on a table hongying on a pylere his Epitaphye maad by a
Poete laureat . Whereof the copye foloweth &c....","[Caxton here gives Surigo's epitaph; the last four lines Blades supposes may be Caxton's own; for these see next entry, below, p. 60. For the whole question of Chaucer's burial-place and tomb, and his re-interment by Brigham in 1555 or 1556, see Berthelet, 1532; Brigham, 1556; Bullein, 1564; Foxe, 1570; Camden, 1600; Stowe, 1600; Weever, 1681; Ashmole, 1652; Dart, 1728; below, pp. 78, 94, 98, 107, 163, 165, 204, 227, 363, also M. H. Bloxam in Archeological Journal, 1881, vol xxxviii, p. 361, Athenæum, Aug. 9, 1902, p. 189 (art. by J. W. Hales), Aug. 30, 1902, p. 288, Oct. 25, 1902, p. 552 (Mrs. C. C. Stopes), and Chaucer, a bibliogroplical manual, by E. P. Hammond, N. York, 1908, pp. 44-7.]"
part1_p59_a1,Vol.1,p59-60,[a. 1479],low,"Surigo, Stephen (lic. doct, of Milan).","Latin epitaph on Chaucer,","printed by Caxton at end of Boethius de Consolacione philosophie, fol. 94 and 94 b. (Life of Caxton by William Blades, 1861-3, vol. i, p. 152; and Chaucer's works, ed. W. Thynne, 1532, fol. 383.)","Epitaphium Galfridi Chaucer. per
poetam laureatum Stephanum surigonum
Mediolanensem in decretis licenciatum
Pyerides muse, si possunt numina fletus
Fundere . diuinas atque rigare genas,
Galfridi vatis chaucer crudelia fata
Plangite . sit lacrimis abstinuisse nephas
Vos coluit viuens . at vos celebrate sepultum
Reddatur merito gracia digna viro
Grande decus vobis . est docti musa maronis
Qua didicit melius lingua latina loqui
Grande nouumque decus Chaucer . famamque parauit
Heu quantum fuerat prisca britanna rudis
Reddidit insignem maternis versibus . vt iam
Aurea splendescat . ferrea facta prius
Hunc latuisse virum nil . si tot opuscula vertes
Dixeris . egregiis que decorata modis
Socratis ingenium . vel fontes philosophie
Quitquid & archani dogmata sacra ferunt
Et quascunque velis tenuit dignissimus artes
Hic vates . paruo conditus hoc tumulo
Ah laudis quantum preclara britannia perdis
Dum rapuit tantum mors odiosa virum
Crudeles parce . crudelia fila sorores
Non tamen extincto corpore . fama perit
Viuet ineternum . viuent dum scripta poete
Viuant eterno tot monimenta die
Si qua bonos tangit pietas . si carmine dignus
Carmina qui cecinit tot cumulata modis
Hec sibi marmoreo scribantur verba sepulchro
Hec maneat laudis sarcina summa sue
Galfridus Chaucer vates . et fama poesis
Materne . hac sacra sum tumulatus humo
Post obitum Caxton voluit te viuere cura
Willelmi. Chaucer clare poeta tuj
Nam tua non solum compressit opuscula formis
Has quoque sed laudes . iussit hic esse tuas","[This epitaph, though not by an Englishman, is given here because it is so constantly quoted, see, for example, below, p. 87, c. 1545, Leland; p. 78, 1532 Thynne; p. 186, a. 1613, Commaundre; 1598, Speght, Life of Chaucer, sign. c ii b and c iij, and note on p. 59 above.]"
part1_p60_a1,Vol.1,p60,1479,high,"Parmenter, John.",Will dated 17 Aug. 1479.,"Prerogative Court of Canterbury, Logge,f. 142. Item lego Waltero Nonne vnum librum vocatum Canterbury tales.","Item lego Waltero Nonne vnum librum vocatum Canterbury
tales.",[Parmenter was Commissary-General of Diocese of Canterbury.]
part1_p60_a2,Vol.1,p60,[1482?],low,"Paston, John.",Catalogue of John Paston’s books,"[in] The Paston letters. (Ed. Sir John Fenn, 1787, vol. ii, p. 300; ed. James Gairdner, 1872-5, vol. iii, 1875, p. 300.)","The Inventory off Englysshe Boks off John.... made the
v daye of Novembre, anno regni Regie E. iiij....
2. Item, a Boke of Troylus whyche William Bra....
hathe hadde neer x yer and lent it to Dame.... Wyng¬
felde and ibi ego vidi, valet.","[The Catalogue is very imperfect. It is written on a strip of paper about 17 inches long, and has been rolled up, so that some of the names have been nearly obliterated. The exact date is unknown, but it is not earlier than 1474, when ""The Game and Play of Chess"" (which is mentioned in the catalogue) issued from Caxton's press at Westminster.]"
part1_p61_a2,Vol.1,p61,[c. 1483].,low,"Caxton, William.",Epilogue to the Book of Fame.,"Emprynted by wylliam Caxton, sign. d 5. (Life of Caxton, by William Blades, 1861-3, vol. ii, pp. 165-7.)","I fynde no more of this werke to fore sayd / For as fer
as I can vnderstonde / This noble man Gefferey Chaucer
fynysshyd at the sayd conclusion of the metyng of lesyng
and sothsawe / whereas yet they be chekked and maye not
departe / whyche werke as me semeth is craftyly made / and
dygne to be vreton & knowen / For he towchyth in it ryght
grete wysedom & subtyll vnderstondyng / And so in alle
hys werkys excellyth in myn oppynyon alle other wryters
in our Englyssh / For he wrytteth no voyde wordes / but
alle hys mater is ful of hye and quycke sentence / to whom
ought to be gyuen laude and preysyng for hys noble makyng
and wrytyng / For of hym alle other haue borowed syth and
taken / in alle theyr wel sayeng and wrytyng / And I
humbly beseche & praye yow / emonge your prayers to remem¬
bre hys soule / on whyche and on alle crysten soulis I beseche
almyghty god to haue mercy Amen.","[See Blades, vol. ii, p. 166, and Chaucer's works, ed. W. W. Skeat, 1894, vol. iii, Notes to House of Fame, p. 287, for accounts of the lines Caxton added at the end of this poem.]"
part1_p61_a4,Vol.1,p61-63,[c. 1483?].,low,"Caxton, William.","Prohemye to Canterbury Tales (2nd
edn.),","sign. a ij and a ij b. (Life of Caxton, by William Blades, 1861-3, vol. i, pp. 173-4.)","[sign. a ¶ G.Rete thanks lawde and honour / ought to be gyuen
ij]
vnto the clerkes / poetes / and historiographs / that
haue wreton many noble bokes of wysedom of the lyues /
passions / & myracles of holy sayntes of hystoryes / of noble
and famous Actes / and faittes / And of the cronycles sith
the begynnyng of the creacion of the world / vnto thys
present tyme / by whyche we ben dayly enformed / and haue
knowleche of many thynges / of whom we shold not haue
knowen / yf they had not left to vs theyr monumentis wreton /
Emong whom and inespecial to fore alle other we ought to
gyue a synguler laude vnto that noble & grete philosopher
Gefferey chaucer the whiche for his ornate wrytyng in our
tongue maye wel haue the name of a laureate poete/. For to
fore that he by his labour enbelysshyd / ornated and / made
faire our englisshe / in thys Royame was had rude speche &
Incongrue / as yet it appiereth by olde bookes / whyche at thys
day ought not to haue place ne be compared emong ne to his
beauteuous volumes / and aournate [sic] writynges / of whom
he made many bokes and treatyces of many a noble historye
as wel in metre as in ryme and prose / and them so craftyly
made / that he comprehended hys maters in short / quyck
and hye sentences / eschewyng prolyxyte / castyng away
the chaf of superfluyte / and shewyng the pyked grayn of
sentence / vttered by crafty and sugred eloquence / of whom
emong all other of hys bokes / I purpose temprynte by the
grace of god the book of the tales of cauntyrburye / in whiche
I fynde many a noble hystorye of euery astate and degre /
Fyrst rehercyng the condicions / and tharraye of eche of
them as properly as possyble is to be sayd / And after theyr
tales whyche ben of noblesse / wysedom / gentylesse / Myrthe /
and also of veray holynesse and vertue / wherin he fynysshyth
thys sayd booke / whyche book I haue dylygently ouersen
and duly examyned to thende that it be made acordyng vnto
his owen makyng / For I fynde many of the sayd bookes /
whyche wryters haue abrydgyd it and many thynges left out /
And in some place haue sette certayn versys / that he neuer
made ne sette in hys booke / of whyche bookes so incorrecte
was one broughte to me vj yere passyd / whyche I supposed
had ben veray true & correcte / And accordyng to the same
[sign.a I dyde do emprynte a certayn nombre of them / whyche
ij b]
anon were sold to many and dyuerse gentyl men / of whom
one gentylman cam to me / and said that this book was
not accordyng in many places vnto the book that Gefferey
chaucer had made / To whom I answerd that I had made
it accordyng to my copye / and by me was nothyng added ne
mynusshyd / Thenne he sayd he knewe a book whyche hys
fader had and moche louyd / that was very trewe / and
accordyng vnto hys owen first book by hym made / and
sayd more yf I wold enprynte it agayn he wold gete me the
same book for a copye /  how be it he wyst wel / that hys
fader wold not gladly departe fro it / To whom I said / in
caas that he coude gete me suche a book trewe and correcte /
yet I wold ones endeuoyre me to enprynte it agayn / for to
satysfye thauctor / where as to fore by ygnouraunce I erryd in
hurtyng and dyffamyng his book in dyuerce places in settyng
in some thynges that he neuer sayd ne made / and leuyng
out many thynges that he made whyche ben requysite to be
sette in it / And thus we fyll at accord / And he ful gentylly
gate of hys fader the said book / and delyuerd it to me / by
whiche I have corrected my book / as here after alle alonge
by thayde of almyghty god shal folowe / whom I humbly
beseche to gyue me grace and ayde to achyeue / and accom¬
plysshe / to hys lawde honour and glorye / and that alle ye
that shal in thys book rede or heere / wyll of your charyte
emong your dedes of mercy / remembre the sowle of the
sayd Gefferey chaucer first auctour / and maker of thys
book / And also that alle we that shal see and rede therin /
may so take and vnderstonde the good and vertuous tales /
that it may so prouffyte / vnto the helthe of our sowles / that
after thys short and transitorye Iyf we may come to euer¬
lastyng lyf in heuen/. Amen.
By Wylliam Caxton.",
part1_p63_a1,Vol.1,p63-64,[c. 1488],low,Unknown.,Colophons,"in MS. Arch. Selden B. 24, ff. 119-20, 129-31, 136-8, 152, 187, 191. (The authorship of the Kingis Quair, by J. T. T. Brown, 1896, pp. 72-5. The colophons below are printed from this book, and not from the MS.)","[fol. 119, p. 72] Flee from the press and duell with suthfastness
. . . . . . . .
Explicit Chauceres counsailing.
[fol. 119, p. 73] Richt as pouert causith sobirness
. . . . . .
Quod Chaucere
[Poem by J. Walton in his translation of Boethius de Conzolatione. See above, p. 20.]
[fol. 119 b] Deuise proues and eke humylitee
. . . . . .
[fol. 120] Quod Chaucere quhen he was ryght auisit
[Not Chancer's; see Chaucer's minor poems (vol. i of works), ed. W. W. Skeat,
1894, p. 47.]
[fol. 120 b] In May quhan Flora the fresche lusty quene
. . . . . .
[fol. 129 b] Here endith the maying aud disport of Chaucere.
[Lydgate’s Complaint of the Black Knight, 1402-3, p. 16, above, q. v.]
[fol. 130] Moder of God and virgyne undefouled.
[fol. 131 b] Explicit oracio Galfridi Chaucere.
. . . . . .
[Hoccleve.]
[fol. 136] The compleynt of Venus folowith.
[fol. 137] Off Gransoun the best that makith france
. . . . . .
Quod Galfridus Chaucere.
[fol. 137 b] Of hie Emperice and quene celestial.
[fol 138] Eternaly abuse all erdly wight.
. . . . . .
[Not Chaucer's. See  Skeat, as above.]
Quod Chaucere.
[fol. 138 b, p. 74] The Lord of loue crie benedicitee.
[fol. 152] Here endis the parliament of foulis
. . . . . .
. . . . . .
Quod Galfride Chaucere
[fol. 187, p. 75] I proue as wele as by autoritee.
. . . . .
[fol 191 b] And thus ended Chaucere the legendis of ladyis.",
part1_p64_a1,Vol.1,p64,1490,high,"Irlandia, John de.",Colophon,"at the end of 2nd book of MS. 18. 2. 8, Advocates' library Edin., immediately before Chaucer's poem ""Mother of God."" At the beginning of the whole work is ""Johannis de Irlandia, Opera Theologica, 1490."" (See Paralleltext of Chaucer's minor poems, ed. F. J. Furnivall, Chaucer soc. [1871] etc., p. 144.)","And sene I haue spokin samekle of this noble and haly
virgin I will in the end of þis buk writ ane orisoune þat
Galfryde Chauceir maid and prayit to þis lady And thoᵗ I be
noᵗ Eloquent in þis tovng as was þat noble poet I wil writ her
twa orisouns in lattin that I maid of þis noble and excellent
lady and send furth of parice with a buk that I maid of hir
concepcioun to þi fader of gud mynd The first is of þe gret
honoᴿ and dignite of þis lady And the second is of hir noble
and haly byrth of hir blist son Ihsus.",[Two Latin Orisons here follow.]
part1_p65_a1,Vol.1,p65,[c. 1492],low,"Pynson, Richard.",Prohemye,"(signed) by Pynson to his edn. of Chaucer’s Canterbury tales, sign. a i and a i b.",,"[This is really Caxton's 'prohemye' as it is his edition, see above, pp. 61-3; see below, p. 76, 1526, Pynson, where the differences between the two are pointed out; there is very little variation between the prohemye as given by Pynzon in 1492 and in 1526.]"
part1_p65_a2,Vol.1,p65,1498,high,"Chaucer, Geoffrey",The boke of Chaucer named Caunterbury tales.,sign. ... iii b.,"[col.] Here endyth the boke of the tales of Caunterbury
Compiled by Geffray Chaucer / of whoos Soule Criste haue
mercy. Emprynted at Westmestre by Wynkin de Word yᵉ
yere of our lord. M.CCCC.lxxxxviii.","[See Index to early printed books, by R. Proctor, 1898, etc., no. 9710. The edition of the Canterbury Tales of Wynkyn de Worde, 1495, referred to by Ritson in Bibliographia Poetica, p. 20, Lowndes, Ames, Tyrwhitt and others, is almost certainly non-existent, and comes apparently from a misprint in Ames, who follows Bagford, see Chaucer, a bibliographical manual, by E. P. Hammond, N. York, 1908, pp. 203, 543.]"
part1_p18_a1,Vol.1,p18,[1406-13],medium,"Edward, 2nd duke of York.",Here begynneth.... the Book of Huntyng the which is clepyd Mayster of the Game.,"MS. Cott. Vesp. B. xii, f. 12 b. (The Master of the Game, ed. Wm. A. and F. Baillie-Grohman, 1904, p. 3.)","The Prologe [to King Henry IV].
... þough I vuworþi be I am Maister of this game wiþ
þat noble prince your fadere oure aldere souereyne and liege
lord forsaid. And for I ne wold þat his hunters ne yours þat
now be or shuld come here aftir weren vnknowe in þe profite¬
nesse of þis art for þi shall I leue this symple memorial
ffor as Chaucer saiþ in this prologe of the XXV good wymmen.
Be wryteng haue men of ymages passed for writyng is þe keye
of alle good remembraunce.
[Prologue to Legend of Good Women, ll. 25-6.]",
part1_p19_a1,Vol.1,p19,"1409, May 20",high,N/A,The seal of Geoffrey Chaucer used by Thomas Chaucer at this date.,"Ancient Deeds, DS. 79 (Life-Records of Chaucer, ed. Kirk, 1900, p. 433, and Archæologia, 1852, vol. xxxiv, p. 42).",,
part1_p46_a4,Vol.1,p46,[c. 1445?],low,"[De la Pole, William, Duke of Suffolk?]",N/A,"See below, Appendix A.",,
part1_p58_a1,Vol.1,p58,[1477-8],medium,"Chaucer, Geoffrey","Parlement of Foules, Gentilesse, Truth, Fortune, Envoy to Scogan.","No title-page, date, or place of publication.]",,"[Printed by Willlam Caxton, imperfect, two copies only known, B. M. and Camb. Univ. library. For description by Mr. Bradshaw of the Cambridge copy see Trial forevords to Parallel text of Chaucer's minor poems, ed. F. J. Furnivall, Chaucer soc. [1871], pp. 116-18. See also Life of Caxton by William Blades, 1861-3, vol. ii, pp. 61-3; Index to carly printed books by R. Proctor, 1898, etc., no. 9629. Gentilesse is here printed as part of Scogan's Moral ballad, c. 1407, q. v. above, pp. 18-19. The copy mentioned by Blades and other bibliographers as being at the Grammar-school of St. Albans, is the one now in the B. M.]"
part1_p58_a1,Vol.1,p58,[1477-8],medium,"Chaucer, Geoffrey","Anelida and Arcite, compleynt of chaucer vnto his empty purse.","No title-page, date, or place of publication.] (A facsimile reprint was issued in 1905, by the Camb. Univ. press.)",,"[Printed by William Caxton, small 4°., unique copy, Camb. Univ. lib. For description see Trial forewords to Parallel text of Chaucer's minor poems, ed. F. J. Furnivall, Chaucer soc. [1871], p. 118. See also Life of Caxton by William Blades, 1861-8, vol. ii, pp. 64-6.]"
part1_p58_a3,Vol.1,p58,[1477-8],medium,"Chaucer, Geoffrey",Canterbury Tales.,"No title page or colophon, printed by William Caxton.]",,"[Two copies in B. M., also several in other libraries. See for description Life of Caxton, by William Blades, 1861-3, vol. ii, pp. 45-7; also Index to early printed books by R. Proctor, 1898, etc., no. 9626.]"
part1_p58_a4,Vol.1,p58,[a. 1479].,low,"Chaucer, Geoffrey",Boethius de consolacione Philosophie....,[colophon.] Geffrey Chaucer hath translated....I William Caxton have done my deuoir to enprinte it. [No date or place of publication.],,"[For description see Life of Caxton by William Blades, 1861-3, vol. ii, pp. 66-71; and Index to early printed books, by R. Proctor, 1898, etc., no. 9630.]"
part1_p60_a3,Vol.1,p60,[c. 1483,low,"Chaucer, Geoffrey",Troylus and Creseyde].... Here endith Troylus as touchyng Cresede.,Explicit per Caxton. [No title or date.],,"[See for description, Life of Caxton, by William Blades, 1861-3, vol. ii, pp. 169-70, and Index to early printed books, by R. Proctor, 1898, etc. no. 9664.]"
part1_p61_a1,Vol.1,p61,[c. 1483].,low,"Chaucer, Geoffrey",The book of Fame made by Gefferey Chaucer.,"[No title, the above is the beginning of the text, sign. a ij. [col.] Emprynted by wylliam Caxton. [No date or place of publication.]",,"[See for description, Life of Caxton, by William Blades, 1861-3, vol ii, pp. 165-7; and Index to early printed books by R. Proctor, 1898, etc., no. 9662.]"
part1_p61_a3,Vol.1,p61,[c. 1483?,low,"Chaucer, Geoffrey",Canterbury Tales....,"No title, date, or pagination.] (Printed by William Caxton, 2nd edn.)",,"[See for description, Life of Caxton, by William Blades, 1861-3, vol. ii, pp. 162-4; and Index to early printed books by R. Proctor, 1898, etc., no. 9661.]"
part1_p64_a2,Vol.1,p64,[c. 1492],low,"Chaucer, Geoffrey",The boke of the tales of Canterburie.... by W. Caxton.,Printed by] R. Pynson.,,"[See Index to early printed books, by R. Proctor, 1898, etc., no. 9780.]"
part1_p65_a3,Vol.1,p65,[1499-1502],medium,"Chaucer, Geoffrey",The Loue and complayntes bytwene Mars and Venus.... Here foloweth the counceyll of chaucer touchyng Maryag....,Thys in pryntyde in Westmoster inkyng strete. Per me Julianus Notarii.,,"[Unique copy in Britwell library. See under 1445, headline to Marriage or Bakton given from this edn., p. 47 above.]"
