ID,Volume,Part,Page,Date,Author,Title,Imprint,Quotation,Headnote
part2_p106_a1,Vol.2,Part II,p106,1818.,"Hazlitt, William.",Lectures on the Comic Writers.,"On the Works of Hogarth, etc. Delivered in 1818. (Collected Works of William Hazlitt, ed. Waller and Glover, 1902-6, 13 vols., vol. viii, pp. 144, 151.)","[p.144] [The contradictory faculties of embodying the serious and
ludicrous combined in Chaucer, Shakspere and Hogarth.]",
part2_p106_a2,Vol.2,Part II,p106,1818.,"Hazlitt, William.","A View of the English Stage,","p. 239. (Collected Works, ed. Waller and Glover, 1902-6, 13 vols., vol. viii, p. 284, 371.)","[p. 284] Chaucer spoke of the Monks historically, Shakespear
poetically.","[These theatrical criticisms appeared first in the Morning Chronicle, Champion, Examiner and Times, 1813-17.]"
part2_p106_a3,Vol.2,Part II,p106,1818.,"Hazlitt, William.","Review of Letters of Horace Walpole,","[in] The Edinburgh Review, Dec. 1818, vol. xxxi, p. 92. (Collected Works, ed. Waller and Glover, 1902-6, 13 vols., vol. x, p. 171.)","The author is exceedingly amusing in his attempt at tracing
his descent from Chaucer.","[This refers to Walpole's letter to George Montagu, of Aug. 11, 1748, q.v. above, vol. i, p. 898.]"
part2_p107_a1,Vol.2,Part II,p107,1818.,"Keats, John.",Robin Hood; to a Friend.,"(Complete Works of John Keats, ed. H. Buxton Forman, 5 vols., 1900-01, vol. ii, p. 118, vol. iv, p. 73 [in a letter to J. H. Reynolds of 3 Feb. 1818].)","Gone, the merry morris din;
Gone the song of Gamelyn;
Gone, the tough-belted outlaw
Idling in the “grenè shawe.""","[Cf. ""Where ridestow under this grene shawe,"" Freres Tale, line 88. Similarly Keats uses the phrase ""Ah! hertè mine"" in a letter (11 Oct. 1819, Works, vol. v, p. 129). This occurs passim in Troilus, but is common in old poetry.]"
part2_p107_a2,Vol.2,Part II,p107,1818.,"Keats, John.","Letter to John Hamilton Reynolds,","[dated] Teignmouth, May 3, 1818. (Complete Works of John Keats, ed. H. Buxton Forman, 5 vols. 1900-1, vol. iv, p. 106.)","We will have some such days upon the heath like that
of last summer-and why not with the same book? or what
say you to a black-letter Chaucer printed in 1596 [sic]...
Aye, I've got one huzza! I shall have it bound in gothique
— a nice sombre binding-it will go a little way to
unmodernize.",[There is no Chaucer of 1596. Keats probably meant Speght's edn. of 1598.]
part2_p107_a3,Vol.2,Part II,p107,1818.,"Keats, John.","Poem in Letter to Thomas Keats,","July 17, 1818. (Complete Works of John Keats, ed. H. Buxton Forman, 1900-1, 5 vols., vol. ii, p. 231, vol. iv, p. 139.)","And as this is the summum bo¬
num of all conquering,
I leave ""withouten wordes mo""
The Gadfly's little sting.
[Prol. l. 808.]",
part2_p107_a4,Vol.2,Part II,p107-108,1818.,"Scott, Sir Walter.","Chivalry,","[in] Supplement to Encyclopædia Britannica, vol. iii, pp. 121, 124, 128, 130, 132, 140. (Miscellaneous Prose Works of Sir W. Scott, 30 vols., Edinburgh, 1834-71, vol. vi, pp. 27-8, 42, 56-7, 65, 74-5, 107.)","Chaucer, when he describes the assembly of the knights
[p. 27]
[p. 28] who came with Arcite and Palemon to fight for the love of
the fair Emilie, describes the manners of his age in the
following lines :—
For every knight that loved chivalry
. . . . . .
It were a lusty sight for to see.
. . . . . .
[p. 42] The Canterbury Tales of Chaucer contain many narratives,
of which, not only the diction, but the whole turn of the
narrative, is extremely gross. Yet it does not seem to have
occurred to the author, a man of rank and fashion, that they
were improper to be recited, either in the presence of the
Prioress or her votaries, or in that of the noble Knight who
— of his port was meek as is a maid,
And he makes but a light apology for including the disasters
And never yet no villany he said.
of the Millar of Trompington, or of Absalom the Gentle Clerk,
[p. 56] In the words of Chaucer, describing the Character of the
in the same series of narrations with the Knight’s Tale.
Squire–
Curteis, he was, lowly and servisable,
And carf before his fader at the table.
Chaucer's Squire, besides that he was “singing and fluting
. . . . . . .
all the day""—
Could songs make and well indite
Joust, and eke dance, and well pourtray and write.
[p.57] Unquestionably, few possessed all these attributes; but the
poet, with his usual precision and vivacity, has given us the
picture of a perfect esquire.  ...
[p. 74] Chaucer has enumerated some of these varieties [of
Knights' armour]:—
With him ther wenten Knights many on.
[p. 75]
Some wol ben armed in an habergeon
[and eight following lines].",
part2_p108_a1,Vol.2,Part II,p108,1818.,"Scott, Sir Walter.","Rob Roy,","3 vols., vol. ii, chap. vi, p. 122, ch. xii, p. 242. (Border Edition, ed. Andrew Lang, 1893, vol. ii, ch. ii, p. 21, ch. viii, p. 93.)","[Vol. ii,
p. 21]
We alighted at the door of a jolly hostler-wife, as Andrew
called her, The Ostelere of old father Chaucer, by whom we
were civilly received.
[Vol. ii,
So stands the Thracian herdsman with his spear
[Chapter heading.]
p. 98]
[and five following lines].
[Dryden's] Palamon and Arcite.",
part2_p109_a1,Vol.2,Part II,p109,1818.,"Todd, Henry John.","Johnson's Dictionary,","ed. by the Rev. H. J. Todd, 4 vols., vol. i, pp. liv, lxx n., lxxvi-vii.","[p. liv] [Quotation from Sir Thopas, giving the “romaunces of pris.""]
[p.lxiii] [Johnson says that “Gower calls Chaucer his disciple."" On
this Todd says:] Dr. Johnson is mistaken in saying that
Gower calls Chaucer his disciple; for it is Venus whom Gower
describes, at the close of his Confessio Amantis, claiming
Chaucer as her scholar and bard. That Gower is to be
placed before Chaucer is unquestionable. He was born before
Chaucer. Authors both historical and poetical, in the century
after the decease of these poets, usually coupling their names
and describing their accomplishments, place Gower before
Chaucer; not intending precedence in respect to talents, but
merely to seniority. John Fox observes, that “he (Chaucer)
and Gower were both of one time; although it seemeth that
Gower was a great deale his ancient.”
[p. lxx n.] Dr. Johnson has copied both the poetry and prose of
Chaucer from the edition of Urry in 1721, which Mr.
Tyrwhitt, the last accomplished editor of the poet's Canter¬
bury Tales, pronounces most incorrect. This may be abun¬
dantly seen even by the comparison of so much of the
Prologue, as Dr. Johnson took from Urry, with the text as
now adopted from the excellent edition of Tyrwhitt. With
the text of the remaining poems we must be content, till an
elaborate and correct edition of the poet's works, which we
greatly want, be given. Perhaps some little help is afforded
towards such an important undertaking, in Illustrations of
Gower and Chaucer, published in 1810 [by Todd, q.v. above];
an account of several manuscripts of Chaucer, containing
hitherto unemployed materials, being there given.  ...Of
the prose of Chaucer there has been less corruption.
[p. lxxvii] [John Walton of Oseney's praise of Chaucer quoted; see
above, 1410, vol. i, pp. 20-21.]",
part2_p109_a2,Vol.2,Part II,p109,1818.,Unknown.,Notice of Hazlitt's 2nd Lecture on English Poetry— Chaucer and Spenser–,"[in] Blackwood’s Edinburgh Magazine, vol. ii, February, pp. 558-60. [For Hazlitt see above, 1818.]","[The Notice is a general account of Hazlitt’s lecture, devoid
of any real critical examination.]",
part2_p109_a3,Vol.2,Part II,p109-110,[a. 1819.],"[Southey, Robert.]","The Doctor,","[published] 1834, vol. i, p.48, vol. ii, pp. vi, 24, vol. iii, p. x, vol. v, p. 157, vol vii, p. 87 note.","[Vol. i,    The persons who?—
p. 48]
I maie not tell you all at once;
But as I maie and can, I shall
By order tellen you it all.
So saith Chaucer. [A reminiscence of B. of the Duchesse, ll.
216-18?]
[Vol. ii,
pp. vi
[Heading to chapter XXXV.]
and 24]
Why I should I sowen draf out of my fist
When I may sowen wheat, if that me list?
Chaucer [Parson's Prol., ll. 35-6].
[Vol, iii,   Prelude of Mottoes.
p. x]
Out of the old fieldes, as men saith
[and four following lines, Assemble of Foules, st. 4].
Chaucer.
[Vol. v,
p. 157]
[Wordsworth has ‘very skilfully’ modernised one of
Chaucer's poems.]
[Vol. vii, p. 87]
We... sat doun, an' grat.*","[Note] * i. e. wept, from the old word greet, common to all the northern languages. Chaucer, Spenser, etc., use it. [The Doctor, though not published till 1834, was begun in 1813, and Cuthbert Southey says (Life and Correspondence of Southey) that the greater part of the book was written before he was born, i. e. before 1819.]"
part2_p10_a1,Vol.2,Part II,p10-11,1803.,"Lamb, Charles.","Two Letters to William Godwin,","[dated] Nov. 8 [and] Nov. 10, 1803. (Works of Charles and Mary Lamb, ed. E. V. Lucas, 1903-5, 7 vols, vol. vi, pp. 281-2.)","Nov. 8, 1803.
MY DEAR SIR,—I have been sitting down for three or
four days successively to the review [of Godwin's Life of
Chaucer], which I so much wished to do well, and to your
satisfaction. But I can produce nothing but absolute flatness
and nonsense. My health and spirits are so bad, and my
nerves so irritable, that I am sure, if I persist, I shall teaze
myself into a fever....
You will give me great satisfaction by sealing my pardon
and oblivion in a line or two, before I come to see you, or I
shall be ashamed to come.
Your, with great truth,
C. Lamb.
Nov. 10, 1803.
DEAR GODWIN,— You never made a more unlucky and per¬
verse mistake than to suppose that the reason of my not
writing that cursed thing was to be found in your book. I
assure you most sincerely that I have been greatly delighted
with Chaucer. I may be wrong, but I think there is one
considerable error runs through it, which is a conjecturing
spirit, a fondness for filling out the picture by supposing what
Chaucer did and how he felt, where the materials are scanty.
So far from meaning to withhold from you (out of mistaken
tenderness) this opinion of mine, I plainly told Mrs. Godwin
that I did find a fault, which I should reserve naming until I
should see you and talk it over. This she may very well
remember, and also that I declined naming this fault until
she drew it from me by asking me if there was not too much
fancy in the work. I then confessed generally what I felt.
... I remember also telling Mrs. G. (which she may have
dropt) that I was by turns considerably more delighted than
I expected.... I even had conceived an expression to meet
you with, which was thanking you for some of the most
exquisite pieces of criticism I had ever read in my life. In
particular I should have brought forward that on“Troilus and
Cressida"" and Shakespear, which it is little to say delighted
me, and instructed me.... All these things I was preparing
to say, and bottling them up till I came... when lo! this
deadly blight intervened.
I certainly ought to make great allowances for your mis¬
understanding me. You... cannot conceive of the desultory
and uncertain way in which I (an author by fits) sometimes
cannot put the thoughts of a common letter into sane prose.
[Lamb enlarges upon his utter inability to write at times.] I
wrote such stuff about Chaucer, and got into such digressions,
quite irreducible into 1⅕ column of a paper, that I was perfectly
ashamed to show it you. However, it is become a serious
matter that I should convince you I neither slunk from the
task through a wilful deserting neglect, or through any (most
imaginary on your part) distaste of Chaucer; and I will try
my hand again, I hope with better luck. My health is bad
and my time taken up, but all I can spare between this and
Sunday shall be employed for you, since you desire it: and
if I bring you a crude, wretched paper on Sunday, you
must burn it, and forgive me; if it proves anything better
than I predict, may it be a peace-offering of sweet incense
between us.
C. Lamb.","[Lamb's review of Godwin's Life of Chaucer has not been identified. Perhaps it was never completed, or perhaps Godwin burnt it when they met on the Sunday. See Letter 202, and notes, Lucas's edn., vol. i, p. 463, vol. iii, p. 473, and vol. vi, pp. 450, 451-2, where Lamb tells Wordsworth that his review of the Excursion was the first review he ever wrote.]"
part2_p110_a1,Vol.2,Part II,p110,1819.,"Byron, George Gordon, Lord.","Letter to Mr. Murray,","Jan. 20, 1819 [printed in the Works of Byron, ed. T. Moore, 1832-5, vol. iv, p. 138, letter 324]. (Letters and Journals, ed. Rowland E. Prothero, 1900, vol. iv, pp. 276.)","The opinions which I have asked of Mr. H[obhouse] and
others were with regard to the poetical merit, and not as to
what they may think due to the Cant of the day, which still
reads the Bath Guide, Little’s Poems, Prior, and Chaucer, to
say nothing of Fielding and Smollett.",
part2_p110_a2,Vol.2,Part II,p110-113,1819.,"Campbell, Thomas.","Specimens of the British Poets,","vol. i. References to Chaucer’s language, p. 14; metre, p. 59; Sir Thopas, p. 60; Chaucer and Langland, pp. 62-3; Court of Love, p. 70; romance, pp. 70-71; Hous of Fame, p. 71; Flower and Leaf, p. 72; Gower, p. 73; Chaucer and his successors, pp. 79, 87-88; vol. ii, pp. 3-49 [biographical notice, followed by Prol., ll. 1-714], 50, 59-60, 67-9 [Scottish Poetry], 76, 77.","[The edition consists of an Essay on English Poetry, vol. i, pp.
3-271, and a general index in the same vol, followed by extracts
from the principal poets, each preceded by a biographical notice.
The preliminary Essay was published separately, Boston, 1819,
and, with the Biographical Notices, edited by Peter Cunningham,
in 1848. The Chaucer references in the latter are, pp. 7, 9n. ,
23, 26, 27, 28, 29, 31-34, 37, 47 and n., 52, 53 n., 104 and n.,
108 n., 117 n., 120-36, 138, 163, 303 n., 396 n.]
[vol. i,  Chaucer was probably known and distinguished as a poet
pp. 70 -
2]
anterior to the appearance of Langlande's Visions. Indeed if
he had produced nothing else than his youthful poem, ""the
Court of Love,"" it was sufficient to indicate one destined to
harmonise and refine the national strains. But it is likely,
that before his thirty-fourth year, about which time Langlande's
Visions may be supposed to have been finished, Chaucer had
given several compositions to the public.
[Campbell continues that the simple old narrative romance
had become too familiar to invite Chaucer, and the poverty of
English had obliged him to seek models in Latin and foreign
tongues. Ovid, Claudian, Statius and Boethius were the
favourite Latins, by the allegory of the last two of whom he
was influenced, as by the French allegorical romances. The
dreams, emblems, etc., of this last visionary school proved too
light and playful for his strong genius, though in this work,
too, his peculiar grace and gaiety are conspicuous. The Hous
of Fame and Flower and Leaf are examples. His similar
poems, even the most fantastic in design, are relieved by
fresh and joyous descriptions of nature.  ... Chaucer was
subsequently drawn to the style of Boccaccio.]
. . . . . . . . . .
[vol. ii, [Tyrwhitt had vindicated Chaucer from the charge brought
pp. 18,
14]
against him by Verstegan, etc., of having adulterated English
with French words. Such revolutions in language are not
wrought by individuals; and Chaucer's style will compare
with that of Gower, Wyclif and Mandeville.]
 . . . . . . . . . .
[p.15]... He has a double claim to rank as the founder of English
poetry, from having been the first to make it the vehicle of
spirited representations of life and native manners, and from
having been the first great architect of our versification, in
giving our language the ten syllable, or heroic measure, which,
though it may sometimes be found among the lines of more
ancient versifiers, evidently comes in only by accident. This
measure occurs in the earliest poem that is attributed to him,
The Court of Love.  ... It is a dream, in which the poet
fancies himself taken to the Temple of Love, introduced to a
mistress, and sworn to observe the statutes of the amatory
[p. 16] god. As the earliest work of Chaucer, it interestingly ex¬
hibits the successful effort of his youthful hand in erecting a
new and stately fabric of English numbers. As a piece of
fancy, it is grotesque and meager [sic]; but the lines often
flow with great harmony.
His story of Troilus and Cresseide was the delight of Sir
Philip Sydney; and perhaps, excepting the Canterbury Tales,
was, down to the time of Queen Elizabeth, the most popular
poem in the English language. It is a story of vast length
and almost desolate simplicity, and abounds in all those
glorious anachronisms which were then, and so long after, per¬
mitted to romantic poetry: such as making the son of King
Priam read the Thebais of Statius, and the gentlemen of Troy
converse about the devil, justs and tournaments, bishops,
parliaments, and scholastic divinity.
The languor of the story is, however, relieved by many
touches of pathetic beauty. The confession of Cresseide in
the scene of felicity, when the poet compares her to the ""new
abashed nightingale, that stinteth first ere she beginneth sing,""
is a fine passage, deservedly noticed by Warton. The grief of
Troilus after the departure of Cresseide is strongly portrayed
in Troilus's soliloquy in his bed.
. . . . . . . . . .
[p 17] The sensations of Troilus, on coming to the house of his
faithless Cresseide, when, instead of finding her returned, he
beholds the barred doors and shut windows, giving tokens of
her absence, as well as his precipitate departure from the
distracting scene, are equally well described.
. . . . . . . . . .
The two best of Chaucer's allegories, The Flower and the
Leaf, and The House of Fame, have been fortunately per¬
[p.18] petuated in our language; the former by Dryden, the latter by
Pope. The Flower and the Leaf is an exquisite piece of fairy
fancy.  ... Pope had not so enchanting a subject in The
House of Fame; yet, with deference to Warton, that critic
has done Pope injustice in assimilating his imitations of
Chaucer to the modern ornaments in Westminster Abbey,
which impair the solemn effect of the ancient building. The
many absurd and fantastic particulars in Chaucer's House of
Fame will not suffer us to compare it, as a structure in poetry,
with so noble a pile as Westminster Abbey in architecture.
Much of Chaucer's fantastic matter has been judiciously
omitted by Pope, who at the same time has clothed the best
ideas of the old poem in spirited numbers and expression.
Chaucer supposes himself to be snatched up to heaven by a
large eagle, who addresses him in the name of St. James and
the Virgin Mary, and, in order to quiet the poet's fears of
being carried up to Jupiter, like another Ganymede, or turned
into a star like Orion, tells him, that Jove wishes him to
sing of other subjects than love and ""blind Cupido,"" and
has therefore ordered, that Dan Chaucer should be brought
to behold the House of Fame. In Pope, the philosophy of
[p. 19] fame comes with much more propriety from the poet himself,
than from the beak of a talkative eagle.
It was not until his green old age that Chaucer put forth,
in the Canterbury Tales, the full variety of his genius, and
the pathos and romance, as well as the playfulness of fiction.
In the serious part of those tales he is, in general, more deeply
indebted to preceding materials, than in the comic stories,
which he raised upon slight hints to the air and spirit of
originals.  ...
Chaucer's design... though it is left unfinished, has
definite boundaries, and incidents to keep alive our curiosity,
independent of the tales themselves. At the same time, while
the action of the poem is an event too simple to divert the
attention altogether from the pilgrims' stories, the pilgrimage
itself is an occasion sufficiently important to draw together
almost all the varieties of existing society, from the knight to
the artisan, who, agreeably to the old simple manners, assemble
in the same room of the hostellerie. The enumeration of those
[p. 20] characters in the Prologue forms a scene, full, without con¬
fusion; and the object of their journey gives a fortuitous air
to the grouping of individuals, who collectively represent
the age and state of society in which they live.
. . . . . . . . . .
[p. 21] Chaucer's forte is description; much of his moral reflection
is superfluous; none of his characteristic painting. His men
and women are not mere ladies and gentlemen, like those
who furnish apologies for Boccaccio's stories. They rise before
us minutely traced, profusely varied, and strongly discrimi¬
nated. Their features and casual manners seem to have an
amusing congruity with their moral characters. He notices
minute circumstances as if by chance; but every touch has
its effect to our conception so distinctly, that we seem to live
and travel with his personages throughout the journey.",
part2_p114_a1,Vol.2,Part II,p114,1819.,"Cary, Henry Francis.","The Life of Dante,","prefixed to The Vision ... of Dante translated by H. F. Cary, 2nd edition, 1819, 3 vols., vol. i, pp. xxxix, xliii, note [many notes additional to those in 1st edition of 1814, q. v.]. Notes on the text, pp. 12,* 13, 18, 21,* 32, 37, 43,* 44,* 47,* 60,* 99,* 112, 127, 264, 265, [a note from Warton’s Hist. of Eng. Poetry] 269, 281, 283, 287, 292; vol. ii, pp. xi, 4, 64, 78, 168,* 193, 201,* 207,* 247,* 255,* 305, 309*; vol. iii, pp. 4, 7, 9,* 81,* 127, 131,* 148, 171, 172, 204, 215,* 226,* 237,* 280,* 290,* 291.* [* Not in 1st edition.]",,
part2_p114_a2,Vol.2,Part II,p114,1819.,"[Clarke, William.]","Repertorium Bibliographicum; or, some account of the most celebrated British Libraries,","2 vols., vol. i, pp. 35, 37, 76, 116-7, 142, 166-7,183,198, 233, 256, 280-1; vol. ii, pp. 351-2, 362, 389, 441, 449, 481, 521, 534, 553, 602, also index, pp. 616-7, 619, 670, 672.","[Brief accounts of the libraries, with lists of notable volumes
under each. The Chaucers are entered alternatively under
either Caxton, Wynkyn de Worde, or the author.]",
part2_p114_a3,Vol.2,Part II,p114,1819-28.,"Coleridge, Samuel Taylor.","Note on Milton and Shakespeare,","[in] Anima Poetæ, ed. Ernest Hartley Coleridge, 1895, p. 296.","[p. 296] Found Mr. G[illman] with Hartley in the garden, attempting
to explain to himself and to Hartley a feeling of a something
not present in Milton's works, that is, in “Paradise Lost,""
""Paradise Regained,"" and “Samson Agonistes,” which he did
feel delightedly in the “Lycidas.""... And this appeared to
me to be the poet appearing and wishing to appear as the poet,
and likewise as the man, as much as, though more rare than,
the father, the brother, the preacher, and the patriot. Compare
with Milton, Chaucer's “Fall of the Leaf"" [sic] and Spenser
throughout, and you cannot but feel what Gillman meant to
convey.",
part2_p114_a4,Vol.2,Part II,p114,1819.,"Dibdin, Thomas Frognall.",Typographical Antiquities...,"begun by Joseph Ames and augmented by William Herbert, and now enlarged with copious notes, vol. iv, pp. 371 n., 469-70 [Chaucer's Works, 1561].",,"[For vols. i, ii, and iii, see above, 1810, 1812 and 1816. For Ames's original edn. of 1749, see vol. i, p. 398; for Herbert's intermediate edn. see vol. i, 1785, p. 477; 1756, p. 488; 1790, p. 491.]"
part2_p115_a1,Vol.2,Part II,p115,1819.,"Ellis, Sir Henry.","Remarks on Lansdowne MS. 851, and Vol. XLIV. of Bishop Kennett's Collections:","consisting of Biographical Memoranda, (many of them relating to the English clergy) from A.D. 1500 to A.D. 1521, [in] A Catalogue of the Lansdowne MSS. in the British Museum, 1812-19, part ii, 1819, pp. 210, 239, Lansdowne MSS. 851, 978.","851. folio.
[pp. 210-
A very fair, perfect, and well preserved copy of Chaucer's
11]
Canterbury Tales, elegantly written on vellum about the reign
of Henry the Fifth. It contains,
1. “Vita Galfridi Caucer [sic orig.] ex Scriptorum Britanniæ
Centuria Septima Cap. XXIIII,"" fo. 1.
This is only a modern transcript from Bale.
2. The general Prologue. fo. 2 [followed by the Tales,
concluding with]
48. ""Sermo"" Rectoris. fo. 230 b.
In the initial letter to this volume there is a small and
neatly executed whole length portrait of Chaucer, with a book
in his hand and a knife suspended from his neck. He is
dressed in a long greyish gown, with red stockings, and a
kind of sandals. His head is uncovered, and the hair rather
closely shorn. This miniature, though a little damaged, may
be of considerable use to an artist. Many of the other pages
and letters are painted and gilt in the usual style of the time.
The manuscript formerly belonged to Mr. Philip Carteret
Webb, and was consulted by Mr. Tyrwhitt and cited by
him under the letter W. See his admirable edition of ""The
Canterbury Tales,"" vol. i, p. xxiii, edit. 1775, in 8vo.

[p. 239] They [Bishop Kennett’s Collections] relate to—
1. Geoffrey Chaucer. fo. 1.",[See the print of the MS. in the Chaucer Society's Six-Text and separate issues.]
part2_p115_a2,Vol.2,Part II,p115-116,1819.,"Hazlitt, William.","A Letter to William Gifford, Esq.","(Collected Works of William Hazlitt, ed. Waller and Glover, 1902-6, 13 vols., vol. i, pp. 384, 399, 400, 401.)","[p. 400] You observe, that “Some lines I have quoted from Chaucer,
are very pleasing—
— ""Emilie that fayrer was to sene
Than is the lilie upon his stalke grene
And fresher than the May with floures newe:
For with the rose-colour strove hire hewe;
I not which was the finer of hem too.""...
it is with this that Mr. Hazlitt is chiefly struck. ‘This
""But surely the beauty does not lie in the last line, though
scrupulousness,’ he observes, ‘about the literal preference, as
if some question of matter of fact were at issue, is remarkable.’
line, but with its peculiarity as characteristic of Chaucer.
That is, I am not chiefly struck with the beauty of the last
The beauty of the former lines might be in Spenser: the
scrupulous exactness of the latter could be found nowhere but
[p. 401] a sentiment or a simile, as if it were given in upon evidence.’
in Chaucer. I had said just before, that this poet 'introduces
I bring this simile as an instance in point, and you say I have
not brought it to prove something else.","[For Hazlitt’s original criticism and Gifford's comment upon it, see above, 1818.]"
part2_p116_a1,Vol.2,Part II,p116,1819.,"Hunt, James Henry Leigh.","Pleasant recollections connected with various parts of the Metropolis,","[in] The Indicator, Oct. 27, 1819, pp. 20, 24.","[References to the monument in St. Saviour's church in the
Borough to Gower, ‘Chaucer's contemporary’; to the Tabard
Inn, the site of which is ""pointed out by a picture and
inscription""; and to the French of Stratforde-atte-Bowe.]",
part2_p116_a2,Vol.2,Part II,p116-117,[1819-20.],"[Irving, Washington.]",The Sketch,"London, 1820, 2 vols., vol. i, pp. 129, 177, 183-4, 189, 271-2n, 282; vol. ii, p. 415. (Works, Geoffrey Crayon edn., [1880- 83], 27 vols., vol. ii, pp. 96-7, 125, 130, 134, 185-6 n, 193, 522.)","[pp. 96-7] [Reference to the Flower and the Leaf as Chaucer's.]
Rural life in England.
[p. 125] [King James I of Scotland read Chaucer's translation of
A Royal Poet.
[p. 130] Boethius in prison; compared to Palamon and Arcite; his
[p. 134] admiration for Chaucer; traces of similarity in their writings.]
[p.185 n.] [Quotation from “Chaucer's Testament of Love.""]
The Mutability of Literature.
[p.186 n.] Holinshed, in his Chronicle, observes, “Afterwards also, by
diligent travell of Geffry Chaucer and John Gowre, in the time
of Richard the Second, and after them of John Scogan and
John Lydgate, Monke of Berrie, our said toong was brought
to an excellent passe."" [Holinshed’s Chronicles, 1808, 6 vols.,
vol. i, p. 24; see below, App. A, 1577.]
[p. 198] The setting may occasionally be antiquated, and require now
and then to be renewed, as in the case of Chaucer; but the
brilliancy and intrinsic value of the gems continue unaltered.
Motto to Envoy.
[p. 522] Go, little Booke, God send thee good passage
[and four following lines].
Chaucer's [or rather Ros’s] Belle Dame sans Mercie.",[The papers composing the Sketch Book were written in England and published serially in America in 1819-20. The first edition in B.M. is that to which references are given above.]
part2_p117_a1,Vol.2,Part II,p117,1819.,"Jeffrey, Francis.","Review of Campbell's Specimens of the British Poets,","[in] The Edinburgh Review, March 1819, vol. xxxi, p. 474. (Contributions to the Edinburgh Review, 1853, p. 365.)","The following sketch of Chaucer, and of the long inter¬
regnum that succeeded, is likewise given with great grace and
spirit.
[Here follows a quotation from Campbell's Essay on English
Poetry, pp. 71-3, 79-84, q. v. above, 1819.]",
part2_p117_a2,Vol.2,Part II,p117-118,1819.,"Keats, John.",Letters.,"(The Complete Works of John Keats, ed. H. Buxton Forman, 1900-1, vol. v, pp. 31, 67, 93, 121, 133.)","[p. 31] [To George and Georgiana Keats. March, 1819.] Besides
this volume of Beaumont and Fletcher–there are on the
table two volumes of Chaucer.  ...
[p. 67] [To B. R. Haydon. June 17, 1819.] My purpose is now
to make one more attempt in the Press—if that fail, “ye hear
no more of me"" as Chaucer says.
[p. 98]
[To J. H. Reynolds. Sept. 22.] I always somehow associate
Chatterton with autumn.  ... He has no French idiom or
particles, like Chaucer.
[p. 121] [To George and Georgiana Keats. September 17.]... The
purest English, I think—or what ought to be the purest—is
Chatterton's. The language had existed long enough to be
entirely incorrupted of Chaucer’s Gallicisme, and still the old
words are used.
[p. 133] [To John Taylor. Nov. 17, 1819.] Wonders are no
wonders to me. I am more at home amongst Men and
women. I would rather read Chaucer than Ariosto.",
part2_p118_a1,Vol.2,Part II,p118,1819.,"Mitford, Mary Russell.","Letter from Miss Mitford to Sir William Elford, Jan. 9, 1819,","[in] The Life of Mary Russell Mitford, ed. Rev. A. G. L’Estrange, 1870, vol. ii, p. 49.","Considering my doleful prognostications, you will like to
know, my dear friend, that I have outlived the ball, so I
must write. It's a thing of necessity. Yes, I am living and
""lifelich,"" as Chaucer says.",
part2_p118_a2,Vol.2,Part II,p118,1819.,"Moore, Thomas.","Diary for April 14, 1819,","[in] Memoirs Journals and Correspondence of Thomas Moore, ed. by the Rt. Ilon. Lord John Russell, M.P., 8 vols., 1853-6, vol. ii, p. 290.","Walked to Bowood to see the Lansdownes... [Lord Lans¬
downe] told me that Murray had offered Stewart Rose £2,000
for a translation of ""Ariosto.""... We all acknowledged the
convenience of such a thing.  ... I could [not] sympathise
with the world in some of its admirations, but thought it
better to be silent in these cases, than risk an impeachment of
my own taste in questioning that of others. Chaucer, for
instance, in what terms some speak of him! while I confess I
find him unreadable. Lord L. said he was glad to hear me
say so, as he had always in silence felt the same.",
part2_p118_a3,Vol.2,Part II,p118,1819.,"Ormerod, George.","The History of the County Palatine and City of Chester,","3 vols., vol. iii, p. 84, and n.","[Chaucer and the Scrope-Grosvenor suit. The passage is
the same in the second edition of the book, revised by Thomas
Helsby, 1882, vol. iii, p. 146.]",
part2_p118_a4,Vol.2,Part II,p118-119,1819.,"Rees, Abraham.","The Cyclopœdia,","vol. vii, Chaucer, Geoffrey; vol. xxi, Lydgate, John.","[vol. vii] CHAUCER, Geoffrey... the earliest English classic poet...
[here follows life].  ... His works are numerous: his fame
ranks high as an original poet.  ... He enriched his native
language by new forms of diction and versification; but there
is nothing in which he excels his contemporaries more than in
possessing that true poetical character of which they were
almost wholly void.
In many of his tales are to be found fine figures and splendid
imagery displayed in glowing and elegant language...
The Canterbury Tales have been handsomely published by
Mr. Tyrwhitt... but the editions of Chaucer's other works
do no credit to the lovers of ancient English poetry.",
part2_p119_a1,Vol.2,Part II,p119,1819.,"[Reynolds, John Hamilton.]","Preface to Peter Bell, a Lyrical Ballad,",p. v.,"[Footnote.] A favourite flower of mine [i. e. the daisy]. It
was a favourite with Chaucer, but he did not understand its
moral mystery as I do.","[This travesty of Peter Bell was published anonymously before the actual appearance of Wordsworth's poem of that name; the above footnote was quoted in a review by John Keats, which appeared in the Examiner, April 25, 1819.]"
part2_p119_a2,Vol.2,Part II,p119,1819.,"Sanford, Ezekiel.",Select Poems of Geoffrey Chaucer.,"With a life of the author, by E. Sanford, [in] Works of the British Poets, Philadelphia, 1819-23, 50 vols., vol. i, Chaucer, etc., Preface, pp. vii-ix, Life and Poems, pp. 1-216, and vol. ii, pp. 7, 15.","[Vol. i contains a Life of Chaucer by Sanford, which con¬
sists largely of criticism, explicit or implicit, of Godwin and
other biographers of Chaucer for their guesses and irrelevancies.
The select poems are from the Canterbury Tales with the
Flower and Leaf. Gower, Skelton, Wyatt, Surrey and Gas¬
coigne complete the volume.]",
part2_p119_a3,Vol.2,Part II,p119,1819.,"Scott, Sir Walter.","The Bride of Lammermoor,","vol. i, ch. xi, p. 289. (Border Edition, ed. Andrew Lang, 1893, vol. i, ch. xii, p. 166.)","""Now dame,"" quoth he, ""Je vous dis sans doute
[Chapter heading.]
[and five following lines].
Chaucer, Sumner's Tale [ll. 130-5].",
part2_p119_a4,Vol.2,Part II,p119,1819.,"Scott, Sir Walter.",Ivanhoe.,"See above, 1817.",,
part2_p119_a5,Vol.2,Part II,p119-120,[1819?],Unknown.,"Childe Harold in the Shades, an infernal Romaunt.","[Not in B. M. The extract given below is taken from a review in The Gentleman's Magazine, April, 1819, vol. lxxxix, pp. 336-7.]","The Noble Shade... also vieweth the shades of Dr.
Johnson and Dan Chaucer...
The father of English Poetry is more kindly treated [than
Dr. Johnson]:
In antique vest arrayed stands Chaucer there,
Telling quaint stories to a listening throng;
Maid, widow, wife, old, young, ill-favoured, fair,
Cruel and yielding, in his motley song
Together flowed: unpolished, rough, but strong,
And full of fire the merry notes he used;
Rightly to him our earliest bays belong,
Though much by modern copyists abused,
Who imitate the faults the age in him excused.",
part2_p11_a1,Vol.2,Part II,p11,1803.,"Leyden, John.",Scenes of Infancy.,"See below, App. A.",,
part2_p11_a2,Vol.2,Part II,p11,1803.,"Malcolm, James Peller.","Londinium Redivivum,","4 vols., 1802-7, vol. ii, 1803, pp. 11, 329-30.","[p. 330] [A note (from Stowe) that Richard Chaucer was usually
considered father to the poet, and citation of Granger (q.v.
above, 1769, vol. i, pp. 431-2) that his verse, musical to his con¬
temporaries, was unsuited to the ears of the present age. Then
follows a notice of the portrait in Hoccleve.]",
part2_p11_a3,Vol.2,Part II,p11-12,1803.,"Southey, Robert.","Letter to C. W. W. Wynn,","dated June 9, 1803. (Life and Correspondence of Robert Southey, 1850, vol. ii, P 212.)","[Southey says he has just been reading Scott's Border
Ballads.] Scott, it seems, adopts the same system of metre
with me, and varies his time in the same stanza from iambic
to anapæstic ad libitum. In spite of all the trouble that
has been taken to torture Chaucer into heroic metre, I have
no doubt whatever that he wrote upon this system, common
to all the ballad writers. Coleridge agrees with me upon
this. The proof is, that, read him thus, and he becomes
everywhere harmonious; but expletive syllables, en's and y's
and e's, only make him halt upon ten lame toes. I am now
daily drinking at that pure well of English undefiled, to get
historical manners, and to learn English and poetry.",
part2_p120_a1,Vol.2,Part II,p120,1819.,Unknown.,"Review of Campbell's Specimens of English Poetry,","[in] Blackwood’s Edinburgh Magazine, March 1819, vol. iv, pp. 698, 702-4. [For Campbell, see above, 1819.]","[Quotations from Campbell’s passages on Chaucer, with the
comment, p. 704:]
The existence of the works of Chaucer changes, it may be
said, to our apprehension, the whole character of the age—
raising up to our mind an image of thoughtful, intellectual
cultivation, and of natural and tender happiness in the sim¬
plicity of life, which would otherwise be wanting in the dark
stern picture of warlike greatness and power.",
part2_p120_a2,Vol.2,Part II,p120,1819.,Unknown.,"Review of Crabbe's Tales of the Hall,","[in] The Gentle man’s Magazine, July, vol. lxxxix, p. 46.","Ever since “The Canterbury Tales"" of Chaucer, poets who
have dealt much in narrative have generally been anxious to
string together their tales by some connecting chain, however
slight. The “Tales of the Hall"" are in this respect quite
dramatic.","[For Crabbe on this point, see above, 1812.]"
part2_p120_a3,Vol.2,Part II,p120,[a. 1819.],"Watt, Robert.",Bibliotheca Britannica;,"in Two Parts :— Authors and Subjects. Edinburgh, 1824, volume i.— Authors, p. 218 d-t, Chaucer, Jeffery; volume iii.—Subjects, sign. 2 J 2: Chaucer, Jeffery.",,"[Watt died 12th March, 1819, when only a few sheets had been printed off. The book appeared in parts, Glasgow, 1819-20, and the complete work has title-pages dated 1824. See D.N.B.]"
part2_p121_a1,Vol.2,Part II,p121,1819.,"Webb (or Webbe), Cornelins.","Sonnet: To Italy,","[in] Sonnets, Amatory, Incidental, and Descriptive, by Cornelius Webb, 1820, p. 15.","XXV.—To Italy.
On C—S L—H's (i.e. Chandos Leigh’s) Visit to
Rome in 1819.
Old Chaucer loved thee [Italy] for Boccaccio's stories–",
part2_p121_a3,Vol.2,Part II,p121-122,1820.,"Collier, John Payne.","The Poetical Decameron, or, Ten Con versations on English Poets and Poetry, particularly of the Reigns of Elizabeth and James I,","2 vols., vol. i, pp. xxi, 81, 297; vol. ii, pp. 165, 166.","[vol. i,
p. xxi.]
""For out of the old fields, as men saith,
Cometh all this new corn fro year to year,
And out of old books, in good faith,
Cometh all this new science that men lere;""
is the language of Chaucer in his ""Assembly of Foules""
[Parlement of Foules, ll. 22-5], and if it were true at the time
he wrote how much more likely is it to be true at the time
when we are speaking?
. . . . . . . . . .
[p. 31] Morton. There is a passage in Ascham’s Schoolmaster, which
expressly alludes to the admirers and imitators of Petrarch...
""Some (he says) that make Chaucer in English, and Petrarch
in Italian, their gods in verses,... would needs be counted
like unto him."" [See vol. i, pp. 97, 98, above.]
. . . . . . . . . .
[p. 297] Morton.  Chaucer, in his Man of Law's Tale, I remember,
has a pretty passage in praise of a good woman:
""In her is hie beautie, without pride...
Her honde minister of fredome & almes.""
[ll. 162-8.]
Bourne.  But that is by no means equal to his description
of a good and obedient wife, and the comfort to be derived
from her, in his Merchant's Tale:
""A wife! ah saint Mary benedicite!
How might a man haue any aduersitie
And so on for about ten lines farther, but my memory does not
That hath a wife.""—
serve me to repeat them.
[p. 298]
Elliot.  I recollect it goes on thus–
—""Certes I can not say
The blisse that is betwixt hem twey.""—
But the wife of Bath could have told him.
Morton.  You have a knack of finding out ambiguities
never dreamt of by the pure simplicity of the author:
— Ævo rarissima nostro
Bourne.  Chaucer's “pure simplicity,"" as you call it, upon
Simplicitas.
those subjects is very questionable.
[vol. ii,  Bourne... Did you ever hear of a separate printed poem
. . . . . . . . . .
p. 165]
by William Painter; I mean unconnected with ""the Palace
of Pleasure?”
Morton.  Certainly never.
[p. 166] was shown me not long since... The title page is wanting,
Bourne.  Yet such a poem, or rather collection of poems,
but the running-title is ""Chaucer painted:"" why it is so
called I cannot guess, as in the cursory view I had of the
book I saw nothing that had any relation to Chaucer: the
greater portion was proverbs strung together in four-line
stanzas. Towards the end was a poem lamenting the de¬
generacy of shepherds, and an anagram on the mother of the
author, Jone Clark. [See above, 1623, vol. i, p. 198.]",
part2_p122_a1,Vol.2,Part II,p122,[c. 1820.],"Emerson, Ralph Waldo.",Journal.,"[Quoted in the Biographical Sketch in his Works, Centenary Edition, 1903, vol. i, p. xvi.]","[Alluding to himself in his Journal, he writes of] the
youth who has no faculty for mathematics and weeps over
the impossible analytical geometry, to console his defeats with
Chaucer and Montaigne, with Plutarch and Plato at night.",
part2_p122_a2,Vol.2,Part II,p122-123,1820.,"H., R.","On the Connexion between the Character and Poetry of Nations,","[in] The London Magazine, Oct., 1820, pp. 423-4.","[The works of Gower, Chaucer, and Langlande are strongly
[p. 424] characteristic of their times; love and arms being their
principal occupations, form the basis of their poetry, which
seldom aims at more than the amusement of the reader.]
We may fairly take Chaucer as the poet of the age we are
now describing, and we shall find all the ingredients of the
character of that age collected in his works: his Canterbury
Tales are full of broad but not deep feeling-replete with
humour and waggery, and thus well calculated to attract the
attention of a people whose simplicity was full of archness.
Let us suppose that the works of Collins had been put into
the hands of one of Chaucer's cotemporaries, and that his eye
rested on that immortal ‘ode on the Poetical Character;’
how completely unintelligible it must have been to him.",
part2_p123_a1,Vol.2,Part II,p123,1820.,"Hazlitt, William.","Lectures, chiefly on the Dramatic Literature of the Age of Elizabeth.","(Collected Works of William Hazlitt, ed. Waller and Glover, 1902-6, 13 vols., vol. v, pp. 190, 195, 196, 239, 240, 261, 289, 296.)","[p. 195] [Ferrex and Porrex, or, Gorboduc.] There seems a reference
to Chaucer in the wording of the lines–
"" Then saw I how he smiled with slaying knife
Wrapp'd under cloke, then saw I deep deceit
Lurk in his face, and death prepared for me."" ¹
[p. 196] The Induction to the Mirrour for Magistrates... sometimes
. . . . . . . . . .
reminds one of Chaucer.
[p. 239]
[Brief reference to ""patient Grizzel.""]
[p. 240]  Deckar is more like Chaucer or Boccaccio; as Webster's
mind appears to have been cast more in the mould of
Shakespear’s.  ...
[p. 261] [Chaucer’s “Palamon and Arcite,” especially the latter part,
is more powerfully dramatic than the Two Noble Kinsmen.]","¹ ""The smiler with the knife under his cloke.""—Knight's Tale."
part2_p123_a2,Vol.2,Part II,p123-124,1820.,"Hunt, James Henry Leigh.","A Few Thoughts on Sleep,","[in] The Indicator, Jan. 12, 1820, pp. 107-8.","Chaucer has drawn the cave of the same God [Morpheus]
with greater simplicity [than Spenser]; but nothing can have
a more deep and sullen effect than his cliffs and cold running
waters. It seems as real as an actual solitude or some quaint
old picture in a book of travels in Tartary. He is telling the
Story of Ceyx and Alcyone in the poem called his Dream
[i. e. The Book of the Duchesse. Quotation, ll. 153-69].",
part2_p124_a1,Vol.2,Part II,p124,1820.,"Hunt, James Henry Leigh.","Seamen on Shore,","[in] The Indicator, March 15, 1820, pp. 182-3.","[p. 182] Chaucer, who wrote his “Canterbury Tales"" about four
hundred and thirty years ago, has among his other characters
in that work a Shipman, who is exactly of the same cast as the
modern sailor–the same robustness, courage, and rough drawn
virtue, doing its duty, without being very nice in helping
itself to its recreations. There is the very dirk, the com¬
plexion, the jollity, the experience, and the bad horsemanship.
The plain, unaffected ending of the description has the air of
a sailor's own speech; while the line about the beard is
exceedingly picturesque, poetical, and comprehensive. [23
lines quoted from the Prologue (ll. 388-410) and 4 (ll. 1187-
90) from the Shipman's Prologue.]",
part2_p124_a2,Vol.2,Part II,p124,1820.,"Hunt, James Henry Leigh.","Spring and Daisies,","[in] The Indicator, April 19, 1820, pp. 219-21.","[Reference to and quotation from Chaucer's  'beautiful poem
of the Flower and the Leaf,’ and also quotation from the
passage in the Legend of Good Women [ll. 29-53] where ‘he
says that nothing but the daisied fields in spring could take
him from his books.’ Lines 178-84 are further quoted, and
Hunt then states in a footnote that it is not generally known
that Chaucer was four years in prison in his old age for the
freedom of his opinions].",
part2_p124_a3,Vol.2,Part II,p124-125,1820.,"Hunt, James Henry Leigh.","Mayday,","[in] The Indicator, April 26, 1820, pp. 228-31.","But when morning pleasures are to be spoken of, the lovers
of poetry who do not know Chaucer, are like those who do not
know what it is to be up in the morning. He has left us two
exquisite pictures of the solitary observance of May, in his
""Palamon and Arcite."" They are the more curious inasmuch
as the actor in one is a lady, and in the other a knight. How
far they ewe any of their beauty to his original, the “Theseide""
of Boccaccio, we cannot say.  ... To begin, as in duty
bound, with the lady. How she sparkles through the anti¬
quity of the language, like a young beauty in an old hood!
Thus passeth yere by yere, and day by day,
Tille it felle ones in a morrowe of May,
That Emelie–
But we will alter the spelling where we can, as in a former
instance, merely to let the reader see what a notion is in his
way if he suffers the look of Chaucer's words to prevent his
enjoying him.
Thus passeth year by year, and day by day,
[and 29 more lines, ending]
There as this Emily had her playning.
Bright was the sun, and clear that morwèning—
[Knightes Tale, ll. 103-62.]
How finely, to our ears at least, the second line of the
couplet always rises up from this full stop at the first!
Bright was the sun, and clear that morwèning
[and seven more lines].
Sir Walter Scott, in his edition of Dryden [q.v. above,
1808], says upon the passage before us, and Dryden’s version
of it, that 'the modern must yield the palm to the ancient,
in spite of the beauty of his versification.’ We quote from
memory, but this is the substance of his words. For our parts
we agree with them, as to the consignment of the palm, but
not as to the exception about the versification. With some
allowance as to our present mode of accentuation, it appears
to us to be touched with a finer sense of music even than
Dryden's. It is more delicate, without any inferiority in
strength, and still more various.
[A comparison of Chaucer's and Dryden's descriptions of
Arcite follow–both passages are quoted and Dryden's
declared inferior. The passage ends:]
There was as much difference between him and his original,
as between a hot noon in perukes at St. James's, and one of
Chaucer's lounges on the grass, of a May morning.",
part2_p125_a1,Vol.2,Part II,p125-126,1820.,"Hunt, James Henry Leigh.","La Belle Dame sans Mercy,","[in] The Indicator, May 10, 1820, pp. 246-7.","[p. 246] Among the pieces printed at the end of Chaucer's works,
and attributed to him, is a translation, under this title, of a
poem of the celebrated Alain Chartier, secretary to Charles
the Sixth and Seventh. It was the title which suggested to
a friend the verses at the end of our present number [Keats’s
‘Belle Dame sans Mercy,’ signed ‘Caviare’]...
[p. 247] We know not in what year Chartier was born, but he must
have lived to a good age and written the poem in his
youth if Chaucer translated it; for he died in 1449, and
Chaucer, an old man, in 1400. The beginning, however, as
well as the goodness of the version, looks as if our country¬
man had done it, for he speaks of the translation having been
enjoined him by way of penance. And the Legend of Good
Women was the result of a similar injunction in consequence
of his having written some stories not so much to the credit
of the sex! He who, as he represents, had written infinite
things in their praise! But the Court-ladies, it seems, did not
relish the story of Troilus and Cressida. The exordium,
which the translator has added, is quite in our poet's manner.
He says that he rose one day, not well awaked; and thinking
how he should best enter on his task, he took one of his
morning walks,
Till I came to a lusty green vally
[and four following lines].",
part2_p126_a1,Vol.2,Part II,p126,1820.,"[Hunt, James Henry Leigh ?]","Death and the Drunkards [the Pardoneres Tale] modernized from Chaucer,","[in] Ollier's Literary Miscellany, No. 1 [and last], pp. 48-53.","[p. 53] [Appended is the following note:] The above is a prose
modernisation of one of the Canterbury Tales of Chaucer. The
reader, who has been deterred from the pages of this great
poet, in consequence of the vulgar opinion that they are insur¬
mountably obsolete and difficult, will perhaps be struck with
the grand and simple power shown here; and when he learns
that the words are Chaucer's own, he may get rid of his
timidity and go at once to the original works where he will
be richly rewarded for a little preliminary trouble. This is
the only aim of the above; for every alteration of Chaucer is
an injury.","[This is attributed here to Leigh Hunt on account of its similarity to parts of the passage from his Mayday, of the same year; some of which is quoted above.]"
part2_p127_a1,Vol.2,Part II,p127,1820.,"[Lamb, Charles.]","Oxford in the Vacation,","signed ‘Elia,’ [in] The London Magazine, Oct. 1820, p. 366. (Published in Elia, 1823. The Works of Charles and Mary Lamb, ed. E. V. Lucas, 7 vols., 1903-5, vol. ii, Elia [no. 2], p. 9.)","The walks at these times are so much one's own,—
the tall trees of Christ's, the groves of Magdalen! The halls
deserted, and with open doors, inviting one to slip in un¬
perceived.  ... Then, to take a peep in by the way of the
butteries, and sculleries, redolent of antique hospitality: the
immense caves of kitchens, kitchen fireplaces, cordial recesses;
ovens whose first pies were baked four centuries ago; and
spits which have cooked for Chaucer! Not the meanest
minister among the dishes but is hallowed to me through his
imagination, and the Cook goes forth a Manciple.",
part2_p127_a2,Vol.2,Part II,p127,1820.,"Lamb, Charles.","Review of Keats’s Lamia and other Poems,","[in] The New Times, July 19, 1820. (The Works of Charles and Mary Lamb, ed. E. V. Lucas, 1903-5, 7 vols., vol. i, p. 201.)","Like the radiance, which comes from those old windows
upon the limbs and garments of the damsel [in the Eve of
St. Agnes], is the almost Chaucer-like painting, with which
this poet illumes every subject he touches.  ... The finest
thing in the volume is the paraphrase of Boccaccio's story of
the Pot of Basil.  ... Her [Isabella's] avowal at it [the
grave] and digging for the body, is described in the following
stanzas, than which there is nothing more awfully simple in
diction, more nakedly grand and moving in sentiment, in
Dante, in Chaucer, or in Spenser:
She gazed into the fresh-thrown mould [etc.].",
part2_p127_a3,Vol.2,Part II,p127,1820.,"Mitford, Mary Russell.","Letter to Sir William Elford,","Aug. 24, 1820, [in] The Life of Mary Russell Mitford, ed. Rev. A. G. L’Estrange, 1870, vol. ii, p. 108.","I have as yet only seen some extracts from Mr. Keats's
new poems. Those extracts seem to me finer than anything
that has been written these two hundred years–finer than
Wordsworth even–more Dantesque, a compound of Chaucer
and the old Florentine. I hope and trust he will live to
answer his barbarous critics by many such works.",
part2_p127_a4,Vol.2,Part II,p127,1820.,"Scott, Sir Walter.","The Abbot,","3 vols., vol. iii, ch. i, p. 9. (Border Edition, ed. Andrew Lang, 1893, vol. ii, ch. vii, p. 108.) [Brief reference to Chaucer's Pardoner. For references added in Intro duction and notes to later edns., see below, 1831.]",,
part2_p128_a1,Vol.2,Part II,p128,1820.,"Scott, Sir Walter.","The Monastery,","3 vols., vol. i, ch. x, p. 302; vol. ii, ch. i, pp. 9-10 and n.; vol. iii, ch. iv, pp. 94-5. (Border edition, ed. Andrew Lang, 1894, vol. i, ch. xi, p. 132; ch. xiii, p. 154; vol. ii, ch. xii, p. 164.) [For an additional reference in the introduction to later edns., see below, 1830.]","[vol. i,
It is an old proverb, used by Chaucer, and quoted by Eliza¬
[vol. i, p. 132.]  beth, that ""the greatest clerks are not the wisest men""; and
it is as true as if the poet had not rhymed or the Queen
reasoned on it.
[For other references by Scott to Queen Elizabeth's quotation of this line, see
below, 1821, Kenilworth, and 1828, Tales of a Grandfather.]
[vol. i,
p. 154]
But then a miller should always be of manly make, and
has been described so since the days of Chaucer and James I. ¹
[vol. ii,  [Brief reference to Chaucer's Knight, and quotation of Prol.
p. 164] l. 69.]","¹ The verse we have chosen for a motto, is from a poem imputed to James I. of Scotland. As for the Miller who figures among the Canterbury Pilgrims, besides his sword and buckler, he boasted other attributes, all of which, but especially the last, shew that he relied more on the strength of the outside than of the inside of his skull. The miller was a stout carl for the nones, Full big he was of brawn, and eke of bones; That proved well, for wheresoe’r he cam, At wrestling he wold bear away the ram: He was short-shoulder'd, broad, a thick gnar; There n’as no door that he n’old heave of bar, Or break it at a running with his head, &c. [Prol, ll. 545-51.]"
part2_p128_a2,Vol.2,Part II,p128-129,1820.,Unknown.,"Ancient State of the Jews in England,","[in] The London Magazine, May, pp. 505, 509 and n.","Chaucer, who so clearly shews us the minutest peculiarities,
as well as the deepest feelings of his times, gives us, in the
Prioresses Tale, the feeling of the pious as to the motives
of this toleration of princes.
There was in Asie in a gret citee
[and four following lines.]
[Prioresses Tale, ll. 36-40.]
[p. 509] Chaucer, who used the poet's licence of supporting any
fable, however mischievous, from which he might produce
a striking effect, alludes, in the beautiful tale which we have
already quoted,—and which is as powerful in the expression
of devout implicit faith, as ‘the story of Cambuscan bold’ or
the Knight's tale, is in romantic or chivalrous feeling,—to the
story of Hugh of Lincoln, and puts in the mouth of the
Prioress an excellent reason for her belief in it;—
O Young Hew of Lincoln! slain also
With cursed Jews, as it is notable
For it n' is but a litel while ago,
Pray else for us, we sinful folks unstable, etc.
[Prioresses Tale, ll. 232-5.]
This 'little while ago' was about 130 or 140 years, so
that the Prioress of Chaucer must have had as accurate a
personal knowledge of the fact, as we have of the young
Pretender’s being conveyed into the bed of James the Second’s
Queen, in a warming pan, in the year 1688.",
part2_p129_a1,Vol.2,Part II,p129,1820.,Unknown.,"Manners of the Athenians,","[in] The Quarterly Review, May, 1820, vol. xxiii, p. 267 n.","In his [Aristophanes'] Birds, the sycophant, more bold than
Chaucer’s summoner, whom he there resembles in vocation,
announces his trade and justifies it by reasoning. [Brief
quotation, Freres Tale, ll. 1393-4.]",
part2_p129_a2,Vol.2,Part II,p129,1820.,"[Wainewright, Thomas Griffiths ?]","Modest Offer of Service from Mr. Bonmot to the Editor of the “London Magazine,""","[in] The London Magazine, Jan., 1820, pp. 22, 24. [Ascribed to Waine wright conjecturally and reprinted in Essays and Criticisms by T. G. Wainewright, 1880, pp. 2, 9.]","[The 'modest offer' in the form of a letter is followed by
twelve stanzas, which, says the editor, “We believe we owe
to Mr. Bonmot's goodness."" One stanza alludes to Chaucer :]
I'm glad to find there is a doubt
From what trunk Chaucer was a sprout;—
A noble one some say:
But whispers go, that Chaucer's father
A vintner was–or cobbler rather–
Hence his French name–Chaucier.",
part2_p129_a3,Vol.2,Part II,p129,1820.,"[Wainewright, Thomas Griffiths.]","Sentimentalities on the Fine Arts,","by Janus Weathercock, Esq., nos. ii, iii, [in] The London Magazine, March and April, pp. 285, 287, 402-3. (Essays and Criticisms, 1880, pp. 23, 29, 38.)","[p. 23] [Quotation for heading:
Through the trees the Sunné shone [to]
Ne in all the welkin was no cloud.
[p. 29] [Quotations, Prol., l. 81, and Rom. Rose, l. 826.]
[p. 38] [Quotation, Legend of Good Women, ll. 31 sqq.]",
part2_p12_a1,Vol.2,Part II,p12,1803.,"[Southey, Robert.]","Review of Ritson's Ancient English Romances,","[in] The Annual Review, vol. ii, art. ii, pp. 516, 523.","[p. 516] When the race of little men had succeeded, they were for
improving everything. Dryden... could perceive that
Chaucer was a poet, but his old gold seemed to him to
want scouring, and he thought it was reserved for him to
make it shine. [A similar reference to Pope’s versions
follows.]",
part2_p12_a2,Vol.2,Part II,p12,1803.,"Southey, Robert.","Review of Godwin's Life of Chaucer,","[in] The Annual Review, vol. ii, art. ii, pp. 462-73.","[p. 463] irrelevance of the work; in this method:] Chaucer was born
[A scathing review, pointing out the disproportion and
in London, 1328, . . . therefore the first chapter... is a
[p. 464] history... of the city of London!... When the poet
was a young man he must have heard the minstrels: so
Chaucer and the minstrels are the fifth chapter.....
Chaucer must have seen castles and cathedrals and palaces:
so the eighth chapter is upon Gothic architecture....
[p. 472] By attempting too many things in this work, the author
has failed in all. [The merits of the work are: a good
account is given of the reign of Richard II, much light is
thrown upon the minor poems of Chaucer, and some facts
respecting his life have been recovered from public records.]",
part2_p12_a3,Vol.2,Part II,p12,1803.,"[Southey, Robert.]","Review of Ellis's Specimens of the Early English Poets,","[in] The Annual Review, vol. ii, art. iv, pp. 548, 549.","[A long passage from Ellis on Chaucer's language and style
quoted approvingly; the language of Chaucer, says Southey,
is] a subject which should have been investigated by his late
biographer [Godwin].",
part2_p130_a1,Vol.2,Part II,p130,1820.,"Wordsworth, Dorothy.","Journal of a Tour on the Continent,","[in] the Journals of Dorothy Wordsworth (ed. W. Knight, 2 vols., 1897, vol. ii, pp. 179, 186).","[p. 179] Cologne, Saturday, July 22nd.—... We turned our backs
upon the cathedral tower of Cologne, an everlasting monument
... of sublime designs unaccomplished–remaining, though
not wholly developed, sufficient to incite and guide the dullest
imagination,—
Call up him who left half-told
[p. 186] Mayence [no date]... Last night, in reading Chaucer's
The story of Cambuscan bold!
Prologue to the Canterbury Tales, mine host of the Tabard
recalled to my memory our merry master in the dining room
at Mayence.
A seemly man our Hoste was withalle
To han bene a Marshal in an Halle;
A large man he was–bold of his speech.",
part2_p130_a2,Vol.2,Part II,p130,1820.,"Wordsworth, William.",Seathwaite Chapel:,"sonnet xviii [in the River Duddon series]. (Poetical Works, ed. W. Knight, 1896, 8 vols., vol. vi, p. 249, 269-70 [Notes].)","When this low pile a Gospel Teacher knew,
In those days
Whose good works formed an endless retinue:
Such Priest as Chaucer sang in fervent lays.
[The revised text of 1845 reads:
[p.269] [Note on the above lines following an extract from parish
""A Pastor such as Chaucer's verse portrays.""]
register of Seathwaite Chapel concerning the burial of the
Rev. Robert Walker:]
[p. 270] This individual is the Pastor alluded to, in the eighteenth
Sonnet, as a worthy compeer of the Country Parson of
Chaucer.",
part2_p130_a3,Vol.2,Part II,p130-131,1820-21.,"[Hazlitt, William.]",The Plain Speaker.,"Vol. i. On the Pleasure of Hating, p. 321. Vol. ii. On Reading Old Books, p. 78. On Personal Character, p. 111. On Antiquity, p. 147. On the Difference between Writing and Speaking, p. 183. On a Portrait of an English Lady, p. 208. (Collected Works of William Hazlitt, ed. Waller and Glover, 1902-6, 13 vols., vol. vii, pp. 133-4, 227, 240, 255, 270, 280.)","[Some of the Essays appeared, as ""Table Talk,"" in the London Magazine, 1820-21.]
[p. 133] To cry up Shakespeare as the God of our idolatry, seems
[On the Pleasure of Hating.]
like a vulgar national prejudice; to take down a volume of
Chaucer, or Spencer, or Beaumont and Fletcher, or Ford, or
Marlowe, has very much like the look of pedantry and
egotism.
. . . . . . . . . .
[p. 255] When Chaucer, in his Troilus and Cressida, makes the
[On Antiquity.]
Trojan hero invoke the absence of light, in these two lines–
Why proffer'st thou light for me to sell?
Go selle it them that smallé seles grave!
he is guilty of an anachronism; or at least I much doubt
whether there was such a profession as that of seal-engraver in
the Trojan war.",
part2_p131_a1,Vol.2,Part II,p131,1821.,"Byron, George Gordon, Lord.","The Vision of Judgment,","Preface [signed “Quevedo Redivivus""]. (The Works of Lord Byron, Poetry, ed. E. Hartley Coleridge, 1899, etc., vol iv, p. 484; one volume ed., 1905, p. 517.)","The whole action passes on the outside of heaven; and
Chaucer's Wife of Bath, Pulci's Morgante Maggiore, Swift's
Tale of a Tub,... are cases in point of the freedom with
which saints, etc., may be permitted to converse in works not
intended to be serious.","[The Allusion is to the Ballad, q.v. above, vol. i, p. 288, and below, App. A, c. 1600. The Vision of Judgment was finished on October 4, 1821. The Preface, though written at the same time, was not published with the poem in the Liberal (no. 1, Oct. 15, 1822), see Works, Poetry, ed. E. H. Coleridge, vol. iv, p. 478.]"
part2_p131_a2,Vol.2,Part II,p131-132,1821-4.,"[Cary, Henry Francis.]","The Early French Poets,","[in] The London Magazine, Dec. 1821, vol. iv, pp. 588, 591; March 1822, vol. v, p. 231; Jan. 1823, vol. vii, p. 44; May, 1823, vol. vii, p. 554; Sept. 1823, vol. viii, pp. 305-6 n; April 1824, vol. ix, pp. 402-3. (Volume edn., 1846, pp. 3-4, 12, 51, 185, 212, 232-4n, 271, 273, 275.)","[pp. 2-4] [Marot's Temple of Cupid worthy of Chaucer.]
[p. 12] It may be seen from this view of one of his poems (the
Temple of Cupid) how strong a resemblance Marot bears to
Chaucer. He has the same liveliness of fancy; the same
rapidity and distinctness of pencil; the same archness; the
same disposition to satire: but he has all these generally in a
less degree. His language does not approach much nearer to
the modern than old Geoffrey's, though his age is so much
[p. 51]
less remote from ours.
used to refresh himself largely at the same fountain [French
When we consider, that... the Father of English poetry
poetry], we cannot but look upon it as a source of hallowed
[p. 212] [Ros's translation of  “La Belle Dame sans Merci,"" mis¬
waters.
takenly attributed to Chaucer.]",
part2_p132_a1,Vol.2,Part II,p132,1821.,"De Quincey, Thomas.","Confessions of an English Opium-Eater,","pt. ii, [in] The London Magazine, Oct. 1821, p. 364. (Works, 1862-71, vol. i, p. 218.)","Here I take the liberty of an Eclectic philosopher, and I
look out for some courteous and considerate sect that will
condescend more to the infirm condition of an opium-eater;
that are ""sweet men,"" as Chaucer says, ""to give absolution,""
and will show some conscience in the penances they inflict,
and the efforts of abstinence they exact, from poor sinners
like myself.
[In the later editions ""sweet men, &c."" was replaced by
"" pleasant men and courteous, such as Chaucer describes, to
hear confession or to give absolution...""]",
part2_p132_a2,Vol.2,Part II,p132-133,1821.,"Hazlitt, William.","Pope, Lord Byron, and Mr. Bowles,","[in] The London Magazine, June 1821, pp. 605-6. (Collected Works of William Hazlitt, ed. Waller and Glover, 1902-6, 13 vols., vol. xi, pp. 505-6.)","[p. 605] Natural interests are those which are real and inevitable, and
are so far contradistinguished from the artificial, which are
factitious and affected. If Lord Byron cannot understand the
difference, he may find it explained by contrasting some of
Chaucer's characters and incidents with those in the Rape of
the Lock, for instance. Custance floating in her boat on the
wide sea, is different from Pope's heroine,
‘Launched on the bosom of the silver Thames.’
[p. 606] Griselda’s loss of her children, one by one, of her all, does
. . . . . . . .
not belong to the same class of incidents, nor of subjects for
poetry. as Belinda’s loss of her favourite curl... There is
more true, unfeigned, unspeakable, heartfelt distress in one
line of Chaucer's Tale just mentioned [The Clerkes Tale],
‘Let me not like a worm go by the way,’ [l. 880]
than in all Pope’s writings put together; and we say it with¬
out any disrespect to him too.",
part2_p133_a1,Vol.2,Part II,p133,1821.,"Markland, James Heywood.","Some Remarks on the early use of Carriages in England,","read February 22, 1821, [in] Archæologia, vol. XX (1824), pp. 445, 452.","[p. 445] Our female ancestors despised both distance and weather;
and the Wife of Bath, whose praise it was that, “girt with
a pair of sporres sharpe,"" ""upon an ambler esily she sat,""
would doubtless have felt herself insulted had a carriage been
selected for her use.",
part2_p133_a2,Vol.2,Part II,p133,1821.,"Scott, Sir Walter.","The Pirate,","3 vols, vol. iii, ch. xv, p. 339. (Border Edition, ed. Andrew Lang, 1893, vol. ii, chap. xxii, p. 331.)","Enveloped in the vain occult sciences which she [Norna]
pretended to practise, her study, like that of Chaucer's phy¬
sician, had been ""but little in the Bible.""",
part2_p133_a4,Vol.2,Part II,p133,1821.,"Scott, Sir Walter.","Kenilworth,","3 vols., vol. i, ch. i, p. 4, ch. xi, p. 265; vol. ii, ch. xii, p. 312; vol. iii, ch. vi, p. 92. (Border Edition, ed. Andrew Lang, 1893, 2 vols. vol. i, ch. i, p. 2, ch. xi, p. 173; vol. ii, ch. vii, pp. 109-10, ch. xiv, pp. 185-6.)","[vol. i.
p. 2] Southwark, no one had excelled Giles Gosling in the power
Since the days of old Harry Baillie of the Tabbard [sic] in
of pleasing his guests of every description.
[vol. i,
p.173]
[Heading to Chapter II.]
I say, my lord can such a subtilty
[and six following lines].
The Canon's Yeoman's Prologue [ed. Skeat, ll. 620-26].
[vol. ii,
""O, she is well attended, Madam,” replied the dame whom
p. 109] she addressed, who from her jolly and laughter-loving de¬
meanour, might have been the very emblem of the wife of Bath.
[vol. ii,
""I doubt,"" she [Queen Elizabeth] said, ""this same poetical
p. 185] Master Tressillian... may be one of those of whom
Geoffrey Chaucer says wittily, the greatest clerks are not the
wisest men.""","[For other references by Scott to Queen Elizabeth's quotation of this line see above, 1820, The Monastery, and below, 1828, Tales of a Grandfather. ]"
part2_p134_a1,Vol.2,Part II,p134,1821.,"Shelley, Mary Wollstonecraft.","Journal,","[printed in] Shelley and Mary, 4 vols. [privately printed, 1882], vol. iii, p. 716.","Shelley reads Chaucer's ""Flower and the Leaf,"" and then
Chaucer's “Dream"" to me.","[Chaucer's ""Dream"" may be either the Book of the Duchess or the non-Chaucerian Isle of Ladies. Mary Shelley says of Shelley (perhaps referring only to his earlier years), in her note to Queen Mab (Poetical Works, 1908, ed. T. Hutchinson, p. 828), ""Our earlier poetry was almost unknown to him.""]"
part2_p134_a2,Vol.2,Part II,p134,1821.,"Shelley, Percy Bysshe.",A Defence of Poetry.,"(The Works of P. B. Shelley in Verse and Prose, ed. H. Buxton Forman, 1880 [1876-80], vol. vii, pp. 130, 134.)","[The Defence of Poetry was written in 1821, and was intended to be published in
Ollier's Literary Miscellany, as an answer to Peacock's Four Ages of Poetry, but it only
appeared posthumously in 1840 in Essays and Letters.]
[p. 130] The age immediately succeeding to that of Dante, Petrarch
and Boccaccio, was characterised by a revival of painting,
sculpture and architecture. Chaucer caught the sacred in¬
spiration, and the superstructure of English literature is based
upon the materials of Italian invention.  ...
. . . . . . . . . .
[p.134] But it exceeds all imagination to conceive what would have
been the moral condition of the world, if neither Dante,
Petrarch, Boccaccio, Chaucer, Shakspeare, Calderon, Lord
Bacon, nor Milton had ever existed; if Raphael and Michael
Angelo had never been born; if the Hebrew poetry had
never been translated; if a revival of the study of Greek
literature had never taken place; if no monuments of ancient
sculpture had thus been handed down to us; and if the
poetry of the religion of the ancient world had been
extinguished together with its belief.",
part2_p134_a3,Vol.2,Part II,p134,1821.,Unknown.,"Mad. de Genlis–Pétrarque et Laure,","[in] The Quarterly Review, vol. xxiv, p. 542.","[Similitude in scheme of the Dream, Flower and Leaf, and
Hous of Fame, with the Trionfi of Petrarch.]",
part2_p134_a4,Vol.2,Part II,p134,1821.,Unknown.,"Chaucer and Don Juan,","[in] Blackwood’s Edinburgh Magazine, Oct. 1821, vol. x, pp. 295-8.","[An article claiming that Chaucer introduced the serio-comic
style into English Literature long before Byron, and criticising
Godwin, especially for his estimate of Troilus, from which
extracts are given.]",
part2_p135_a1,Vol.2,Part II,p135,1821.,Unknown.,"Criticism of Poems, Songs and Sonnets... by Thomas Carew,","[by] The Book Worm, no. vii, [in] The European Magazine, June 1821, p. 514. [Headed by an extract :]","If that olde bokes were awaie,
Ylorne were of remembrance the key;
Wel ought us then honouren and beleve
These bokes.—CHAUCER.
[Legend of Good Women, Prologue, 25-8, Text B.]","[See also below, c. 1833, Haslewood, J., Collections for the Lives of English Poets.]"
part2_p135_a2,Vol.2,Part II,p135,1821.,Unknown.,"Obituary Notice of Edward Gatacre,","[in] The Gentleman’s Magazine, Sept., vol. xci, p. 281.","The late gentleman married his lady at Qual in 1767, from
Dudmaston, late the seat of Lady Wolryche, with whom
he became possessed of... several valuable memorials...
From this source the original painting of Geoffrey Chaucer
on board, at Gatacre, a valuable relick of that reverend poet,
was doubtless obtained.",
part2_p135_a3,Vol.2,Part II,p135,1821.,Unknown.,"Review of Scott's Rob Roy... Heart of Mid lothian, etc.,","[in] The Quarterly Review, Oct., vol. xxvi, p. 116.","But when the author paints a peasant, a cowfeeder, or a
queen, he takes from a class with which the reader is so little
acquainted, that, if the figure be but spirited and consistent,
and contain nothing obviously incompatible with its supposed
situation, we are willing, indeed we are forced, to take its resem¬
blance upon trust. And perhaps the author's consciousness of
the reliance of his reader is even more valuable to him than
that reliance itself.  ... He has the same advantage which
Dryden translating Chaucer had over Dryden translating
Virgil.",
part2_p135_a4,Vol.2,Part II,p135,1821.,"[Wainewright, Thomas Griffiths.]","Exhibition of the Royal Academy,","[in] The London Magazine, July, 1821, p. 67. (Essays and Criticisms, by Thomas Griffiths Wainewright, 1880, p. 138.)","[p. 138] I have an utter distaste for Pope, and a most marvellous
clinging to Chaucer's fragrant lusty descriptions of May
Scenery.",
part2_p136_a1,Vol.2,Part II,p136,1821.,"[Wainewright, Thomas Griffiths.]","C. Van Vinkbooms, his Dogmas for Dilettanti,","[in] The London Magazine, Sept. 1821, p. 285. (Essays and Criticisms, 1880, p. 165.) [Quotations from The Book of the Duchesse, ll. 398-404, 414-20, 424-6, 443-9.]",,
part2_p136_a2,Vol.2,Part II,p136,1821.,"Wordsworth, William.","Ecclesiastical Sonnets,","Part II, No. xxxi, Edward VI. (Poetical Works, ed. W. Knight, 1896, 8 vols., vol. vii, p. 59.)","""Sweet is the holiness of Youth""–so felt
Time-honoured Chaucer speaking through that Lay
By which the Prioress beguiled the way,
And many a Pilgrim’s rugged heart did melt.
Hadst thou, loved Bard! whose spirit often dwelt
In the clear land of vision, but foreseen
King, child, and seraph, blended in the mien
Of pious Edward kneeling as he knelt
In meek and simple infancy, what joy
For universal Christendom had thrilled
Thy heart! what hopes inspired thy genius, skilled
(O great Precursor, genuine morning Star)
The lucid shafts of reason to employ,
Piercing the Papal darkness from afar!","[The Ecclesiastical Sonnets–previously Ecclesiastical Sketches–were, with some exceptions, written at Rydal Mount in 1821, and printed in 1822.]"
part2_p136_a5,Vol.2,Part II,p136,1822-35.,"Booth, David.","An Analytical Dictionary of the English Language,","1835, Introduction, pp. xiii, cxvi, cxx, cxxiii, clix, clxii, clxvi, clxxx, clxxxvi, clxxxvii.","[The references in the Introduction are brief allusions to
words and grammatical forms in Chaucer. Booth’s Intro¬
duction to an Analytical Dictionary of the English Language,
1806, contains only two slight references.]",
part2_p137_a1,Vol.2,Part II,p137,1822.,"Bullar, John.","Selections from the British Poets, commencing with Spenser... with... short biographical notices,",pp. 103-5 [Dryden].,"[p. 103] [Quotes Hazlitt’s saying that “Dryden and Pope are the
great masters of the artificial style of poetry in our language,
as Chaucer, Spenser, Shakespeare, and Milton, were of the
natural,"" q.v. above, 1818.]
[p. 104]
The Good Parson [extract from Dryden’s Prologue].",
part2_p137_a2,Vol.2,Part II,p137,1822.,"Digby, Kenelm Henry.","The Broad Stone of Honour, or Rules for the Gentlemen of England,","Additional Appendix, pp. 370-2.","[Quotation of Chaucer's description of the Knight, in
illustration of the Age of Chivalry.]",
part2_p137_a3,Vol.2,Part II,p137-138,1822.,"[Irving, Washington.]","Bracebridge Hall, or the Humourists: a Medley, by Geoffrey Crayon, Gent.,","New York, 2 vols, vol. i, pp. 46, 97 ; vol. ii, pp. 115-20. (Works, Geoffrey Crayon edition, [1880-83,] vol. iii, pp. 38, 79, 403-7.)","[p. 38] [Chapter heading :]
She was so charitable and pitious
[to]
Or if man smote them with a yard smart.
[Prol., ll. 143-9.]
[p. 403] The good Squire's remarks brought to mind a visit which
I once paid to the Tabard Inn, famous for being the place of
assemblage, from whence Chaucer's pilgrims set forth for
Canterbury. It is in the borough of Southwark, not far from
London bridge, and bears, at present, the name of ""the
Talbot."" It has sadly declined in dignity since the days of
Chaucer, being a mere rendezvous and packing place of the
[p. 404]  great wagons that travel into Kent... An inscription
over the gateway proclaimed it to be the inn where Chaucer's
pilgrims slept on the night previous to their departure, and
at the bottom of the yard was a magnificent sign, repre¬
senting them in the act of sallying forth. I was pleased too
at noticing, that though the present inn was comparatively
modern, yet the form of the old inn was preserved. There
were galleries round the yard, as in old times, on which
opened the chambers of the guests...
[p. 405] My fancy peopled the place with the motley throng of
Canterbury pilgrims. [Here follows a description of the
pilgrims, with quotations from the Prologue, concluding with
[p. 406] ""the ancient host of the Tabard, giving them his farewell
God-send to Canterbury""; Irving having apparently for¬
gotten that the host accompanied the pilgrims, and that he is
not described by Chaucer as old.]",
part2_p138_a1,Vol.2,Part II,p138,1822.,"[Laing, David.]",Select Remains of the Ancient Popular Poetry of Scotland.,"[The book is without pagination. There are various Chaucer references in the Introductions by Laing : Prefatory note to The Pystyll of Swete Susan. On northern poets' use of alliteration ; Laing quotes Chaucer's ‘rum, ram, ruf,’ Parson’s Prol., l. 43, and also Gascoigne’s reference to it, q.v. above, 1575, vol. i, p. 110.] No. 12: The Tale of Colkelbie Sow, p. 1 n. For the reference in the text of Colkelbie Sow, (ll. 852-3) see above [1440?], vol. i., p. 44. Appendix, p. 14.",,
part2_p138_a2,Vol.2,Part II,p138,1822.,"Nares, Robert.",A Glossary... of words... in the works of English authors.,"Preface, p. vi.","I have carefully abstained from inserting the words and
phrases of an earlier period than the reign of Elizabeth, except
where the writers of her time at all affected the phraseology
of Chaucer; which affectation, in my opinion, is almost the
only blemish of the beautiful poems of Spenser. My reason
was this; that, to complete the rational view and knowledge
of our language, a separate dictionary must be required, for
the works of Chaucer, Gower, Lydgate, Occleve, and all those
writers who can properly be called English; that is, who
wrote when the language was no longer Saxon. [A Saxon
and a British Dictionary would complete the historical view
of the language.]",
part2_p138_a3,Vol.2,Part II,p138,1822.,P.,"Chaucer's Monument,","[in] The Gentleman's Magazine, Sept., vol. cxii, p. 221.","On my visit to Westminster Abbey, in July last, I was
much disappointed at the slight shown to the monument of
my old favourite Poet, Geoffrey Chaucer, the father of English
Poesy. I did expect, among other repairs and restorations, to
have seen this tomb noticed, at least the inscription made
legible, and the figure of the old Bard restored, which have
long been nearly obliterated; but it is at present merely
coloured black, probably the restoration will follow; decency
demands something should be done. [The inscription on
Chaucer's tomb is then given; with a mistake in the third
line of ""mortis"" for ""vitae.""]",
part2_p139_a1,Vol.2,Part II,p139,1822.,"Scott, Sir Walter.","The Fortunes of Nigel,","3 vols., vol. iii, ch. xii, p. 330 n. (Border edition, ed. Andrew Lang, 1893, 2 vols., vol. ii, chap. XX, p. 331 n.)","Chaucer says, there is nothing new but what it has been
old.",
part2_p139_a2,Vol.2,Part II,p139-140,1822.,"Scott, Sir Walter.","Peveril of the Peak,","4 vols., vol. ii, ch. ix, pp. 226-7; vol. iv, ch. vi, p. 122. (Border Edition, ed. Andrew Lang, 1893, 3 vols., vol. ii, chap. vii, pp. 108-9, vol. iii, ch. xi, p. 165.)","[vol. ii,
[vol. ii, p. 108]
“A dainty dame, and dangerous, is the miller's wife,” said
the stranger, looking at Peveril. ""Is not that old Chaucer's
phrase?”
""I–I believe so,"" said Peveril, not much read in Chaucer,
who was then even more neglected than at present...
""Yes,"" answered the Stranger; ""I see that you, like other
young gentlemen of the time, are better acquainted with
Cowley and Waller than with  ‘the well of English undefiled.’
I cannot help differing. There are touches of nature about
the old bard of Woodstock that, to me, are worth all the turns
of laborious wit in Cowley, and all the ornate and artificial
simplicity of his courtly competitor. The description, for
instance, of his country coquette,—
Wincing she was, as is a wanton colt,
Sweet as a flower, and upright as a bolt.
Then again for pathos, where will you mend the dying scene
of Arcite?
Alas, my heartis queen! alas, my wife!
Giver at once, and ender of my life.
What is this world?–what axen men to have?
Now with his love–now in his cold grave
Alone, withouten other company.
But I tire you, sir; and do injustice to the poet, whom I
remember but by halves.""
[vol. ii,
p. 169]
""On the contrary, sir,"" replied Peveril, ""you make him
more intelligible to me in your recitation, than I have found
him when I have tried to peruse him myself.""
""You were only frightened by the antiquated spelling, and
‘the letters black,’"" said his companion. ""It is many a
scholar's case, who mistakes a nut, which he could crack with
a little exertion, for a bullet, which he must needs break his
teeth on...""
[vol. iii, Our impatient friend [Geoffrey Hudson] scrambled, with
p. 165]
some difficulty, on the top of the bench intended for his seat;
and there, “paining himself to stand a-tiptoe,"" like Chaucer's
gallant Sir Chaunticlere, he challenged the notice of the
audience.",
part2_p13_a1,Vol.2,Part II,p13,1803.,Unknown.,"'Amadis de Gaul', by Southey and by Rose,","[in] The Edinburgh Review, Oct. 1803, vol. iii, pp. 135-6.","[p. 135] The avowed model upon which Mr. Rose has framed his
Amadis, is the translation of Le Grand’s Fabliaux, by Mr.
Way, and it is but justice to state, that, in our opinion, he
has fully attained what he proposed.... The following
[p. 136] 'To tell, as meet, the costly feast's array,
passage is a successful imitation of Chaucer:
My tedious tale would hold a summer's day:
I let to sing who mid the courtly throng
Did most excel in dance or sprightly song;' [etc.]",
part2_p13_a2,Vol.2,Part II,p13,1803.,Unknown.,"Letter,","[in] The Gentleman's Magazine, vol. Ixxiii, part i, pp. 207-8.","[A modernization of part of the “Legende of Ariadne
of Athens,"" prefaced by remarks:]
[p. 207] The ear accustomed to harmonious numbers will derive
little pleasure from them, on account of the want of variety
in the cæsura of each verse. He may, however, excuse it
when he is acquainted with the intention of the writer; whose
object was not to attend to variety in the cæsura, but to
adhere studiously to the form of the original; trying, by this
method, and an alteration of the obsolete into more modern
language, if some of the simple manner of the original would
not be preserved; and Chaucer still be himself, although in a
new dress...
[The modernization runs:]
Of those false lovers poison be the bane!
To Ariadne will I turn again.
Tir'd with the voyage in grateful sleep she lies;
With deepest sorrow doom’d, alas! to rise.
Too soon the dawning light dispells the charm,
And hopeful o’er the bed she spreads her arm,
But no one finds. Alas! She said, the morn,
Alas! the fatal hour that saw me born.
I am betray’d–her lovely tresses rent,
Barefoot in haste along the shore she went,
And cried in vain—“Theseus, my heart's desire,
Where art thou? where, my love, dost thou retire?
Ah fled me! left by cruel beasts to die""...
[and so on, for 27 lines.]",
part2_p140_a1,Vol.2,Part II,p140,1822.,"Singer, Samuel Weller.","Life of Chaucer,","[prefixed to] Poetical Works of Chaucer, The British Poets, one hundred vols., 1822 [q.v. above, p. 136], vol. i, pp. v-xxx.","[The Testament of Love, Complaint of The Black Knight,
Court of Love, Flower and Leaf, and Chaucer's Dream (Isle of
Ladies) are all accepted as genuine, and the biography, based
to some extent on Speght, contains the usual incorrect account
of the exile and imprisonment of the poet. The traditions are
mentioned of his living at Woodstock and buying Donnington
Castle. A brief account of the great editions of Chaucer closes
the Life.]",
part2_p140_a2,Vol.2,Part II,p140,1822.,"Thurlow, Edward Hovell, Lord.","Arcita and Palamon after the Excellent Poet Geoffrey Chaucer,","Preface, pp. v, vi; Arcita and Palamon, pp. 1-113.","[p. v] I did not lay down to myself any precise rule in the
manner of making my version: but the sense, which I had,
of the great beauties of the Original, would not allow me far
to wander from it.  ...
[The rendering begins:]
In the old time, as the old stories say,
A duke in Athens, did the sceptre sway,
His name was Theseus, and of mighty state,
And such a victor in his time and date,
Under the bright sun there was none more great.  ...",
part2_p140_a3,Vol.2,Part II,p140,1822.,Unknown.,"Astrology and Alchemy,","[in] The Quarterly Review, vol. xxvi, pp. 201, 202.","[p. 201] From the relation, it is equally evident that the Baron of
Chaos [Richterhausen, a quack] practised one of the juggling
tricks of the “elvish craft"" which have been so well described
by Dan Chaucer. [Quotation from Canon's Yeoman's Tale,
ll. 705-29.]",
part2_p141_a1,Vol.2,Part II,p141,1822.,Unknown.,"Review of Nares' Glossary,","[in] The Gentleman’s Magazine, Dec., vol. xcii, p. 524.","[For Nares, see above, 1822.]
There are three works which exhibit the state of our
language at three æras, in a very satisfactory form. The first
is Robert of Gloucester... He is, generally speaking,
more intelligible than Chaucer, there being only a few
mixtures of Norman-French.
The next author is Chaucer. In “Tyrwhitt's Essay on
the Language and Versification of Chaucer,"" annexed to the
fourth volume of his “Canterbury Tales,"" we have all the
changes of the language minutely particularized.",
part2_p141_a2,Vol.2,Part II,p141,1823.,"Brayley, Edward Wedlake.","The History and Antiquities of the Abbey Church of St. Peter, Westminster... illustrated by John Preston Neale,","1818-23, vol. ii (1823), pp. 33 n., 265, 267.","[p. 33,
The View in Poet's Corner, Plate XL [on the left of p. 33],
note]
gives a complete idea of the south-east part of this (south)
Transept. It shows, also, the situations and forms of the
following Monuments, commencing from the left: 1, Dr.
Anthony Horneck; 2, Mrs. Martha Birch; 3, the Poet
Cowley; 4, John Roberts, Esq.; 5, Sir Geoffrey Chaucer;
... 8, Michael Drayton, Esq.; ... 10, the immortal
Shakespeare.  ...
[p. 265] Chaucer, the “Father of English Poetry,” if that appella¬
tion be not more justly due to his contemporary Gower, died in
October 1400 [etc., detailed description of his tomb, his epitaph
quoted, the portrait which used to be beside it mentioned, of
which not a vestige is left]. On the ledge of the Tomb were
these lines:
Si rogitas qvis eram, forsan te fama docebit,
Quod si fama negat, mvndi qvia gloria transit,
Hæc Monvmenta Lege.
From Camden’s words–“Musarum nomine hujus ossa trans¬
tulit,""—it would seem that Chaucer's ashes were removed to
the new tomb. Dart [q.v. above, vol. i, p. 363] states that
his gravestone was taken up when Dryden’s Monument was
erected, and sawn in pieces to mend the pavement!",
part2_p142_a1,Vol.2,Part II,p142,1828.,"[De Quincey, Thomas.]","Letters to a Young Man whose Educa tion has been Neglected,","by the Author of The Confessions of an English Opium-Eater, [in] The London Magazine, Jan., March, vol. vii, pp. 89, 329. (Collected Writings of Thomas De Quincey ... ed. David Masson, Edinburgh, 1890, vol. x, pp. 18, 42.)","[p. 18] He [Coleridge] should adopt as his motto (which I make
it my pride to have done from my earliest days) the simple
grandeur of that line in Chaucer’s description of his scholar:
""And gladly would he learn and gladly teach.""",
part2_p142_a2,Vol.2,Part II,p142-143,1823.,"D'Israeli, Isaac.","Curiosities of Literature,","7th edn., 5 vols., 1823, vol. i, p. 183, vol. ii, pp. 101, 103, 104, 105, 106, 107, vol. iii, p. 204, vol. iv, pp. 7, 139, 157. (14th edn., 3 vols., 1849, vol. i, pp. 108, 249, 250, vol. ii, pp. 30, 109, 120, vol. iii, p. 487.)","[14th edn.  The Progress of old age in New Studies. Chaucer's Canter¬
vol. i,
p. 108] bury Tales were the composition of his latest years; they
were begun in his fifty-fourth year, and finished in his sixty¬
first.
[p. 249] Anecdotes of Fashion. Chaucer has minutely detailed in ""The
Persone's Tale"" the grotesque and costly fashions of his day;
and the simplicity of the venerable satirist will interest the
antiquary and philosopher. Much, and curiously, has his
caustic severity or lenient humour descanted on the ""moche
superfluitee,"" and ""wast of cloth in vanitee,"" as well as ""the
disordinate scantnesse."" In the spirit of the good old times, he
calculates ""the coste of the embrouding or embroidering;...
the costlewe furring in the gounes; so much pounsoning of
chesel to maken holes (that is punched with a bodkin); so
moche dagging of sheres (cutting into slips); with the super¬
fluitee in length of the gounes trailing in the dong and in the
myre...""[His Parson also is bitter against the “horrible
disordinat scantnesse of clothing,” etc.]
[p. 250] [Prevalence of French fashions in Chaucer's time.] In the
Prologue to the Prioresse [sic] Chaucer has these humorous
lines:—
Entewned in her voice full seemly [etc.]
[Prol. ll. 123-6.]
[vol. ii,
p. 30]
Origin of the Materials of Writing. Table books written
upon with styles were not entirely laid aside in Chaucer's
time, who describes them in his Sompners tale :—
His fellaw had a staffe tipp'd with horne
[and four following lines (32-6)].
[vol. ii,
p. 109]
Poetical Imitations and Similarities. Gray in his Elegy
has—
""Even in our ashes live their wonted fires.""
From the following lines of Chaucer, one would imagine Gray
caught the recollected idea. The old Reve, in his prologue,
says of himself, and of old men,
""For what we may not don than wol we speken;
Yet in our ashen cold is fire yreken.""
—Tyrwhit's Chaucer, vol. i, p. 153, v. 3879.
[vol. ii,
[For this comparison see above, 1782, vol. i, p. 465.]
p. 120]
""The laughing air."" Dryden has employed this epithet
boldly in the delightful lines, almost entirely borrowed from
his original, Chaucer:—
""The morning lark, the messenger of day,""
[and three following lines].
[vol. ii,
–Palamon and Arcite, B. ii
p. 487]
Poets—Ronsard, the French Chaucer.","[For an earlier edn. see above, 1807.]"
part2_p143_a1,Vol.2,Part II,p143,1823.,"F., G.","On Ancient House Signs,","[in] The Gentleman's Magazine, vol. xciii, pt. 1, Suppl., p. 601.","We are told by an inscription over the Talbot Inn-yard, in
the Borough, that Geoffrey Chaucer and twenty-nine pilgrims
rested there on their journey to Canterbury, in 1489. Its
present title is a corruption of Tabard, the name given ""to a
jacket or sleeveless coat.""
The witty poet of ""olden time"" notices at length the
accommodation afforded in “Southwerk, at the Tabard.""
[Quotations, Prol., ll. 24-5, 28-9, 718-21 (i. e. 716-19).]",
part2_p143_a2,Vol.2,Part II,p143,1823.,"[Haslewood, Joseph. (Hood, Eu., pseud.).]","A Note on the habit of payment of money at Chaucer's Tomb,","and a print of an Elegie upon the death of the auncient English poetts [see above, vol. i, 1596, p. 143, Caesar, 1614, p. 188, Freeman], [in] The Gentleman’s Magazine, vol. xciii, part 1, p. 226. [See below, c. 1833, where a similar note is quoted.] Vol. xciii, part 2, pp. 109-10. Inscription on Fly-leaf of an im perfect copy of Chaucer's Works. [See above, vol. i, p. 425, 1764, Gough, Richard ?]",,
part2_p143_a3,Vol.2,Part II,p143,1823.,"H[azlitt], W[illiam].","My first acquaintance with Poets,","[in] The Liberal, vol. ii, p. 32. (Collected Works of William Hazlitt, ed. Waller and Glover, 1902-6, 13 vols., vol. xii, p. 265.)","The scholar in Chaucer is described as going
— ‘Sounding on his way.’
So Coleridge went on his.","[For a note on Hazlitt's quotations of this see below, 1825, p. 156.]"
part2_p144_a1,Vol.2,Part II,p144,1823.,"Hunt, James Henry Leigh.","The First Canto of the Squire’s Tale of Chaucer, modernized,","[in] The Liberal, No. iv, vol. ii, pp. 317-31.","[The modernization, which is very free in rendering,
begins:]
At Sarra, in the land of Tartary,
There dwelt a king, the best beneath the sky:
In prime of life he was a valiant man,
And Cambus was he called, the noble Khan.
[At the end, p. 330, where Leigh Hunt adds a good deal of
his own, there is this allusion to Chaucer:]
Wake much, if life go right: if it go wrong,
Learn how to dream with Chaucer all day long.","[For Leigh Hunt's second version of this, see below, 1841, and for his preface to the reprint of it, see below, 1855.]"
part2_p144_a2,Vol.2,Part II,p144-145,1823.,"[Hunt, James Henry Leigh ?]","The Book of Beginnings,","[a poem, in] The Liberal, vol. ii, pp. 98, 114, 115, 117-18 n., 122 n., 124-5n.","[p. 117] [Note] Where the cold waters lull old Sleep to sleep.—See
Chaucer's Dream [i. e. The Book of the Duchesse], beginning
I have great wonder, by this light,
How I live :—
for there is another [poem] under the same title: [i. e. the
non-Chaucerian Isle of Ladies]. The poem in question is
full of the deepest imagination and sentiment. The beginning
conveys some touching information respecting the poet him¬
self.  ...
[p. 122] Among other poets, who begin small compositions in a
spirited and enjoying manner, I must not omit Theocritus
and Chaucer.  ...
[p.124] I have gone a great way from Chaucer, but it is always
easy to return to him. His exquisite series of portraits, at
the beginning of the Canterbury Tales, may be accounted
a string of happy exordiums. But see also the dream referred
to in note 6, The Complaint of Mars and Venus, The Flower
and the Leaf, etc., never forgetting the exordium of the Wife
of Bath's Tale, in which he jokes the friars so happily upon
their succeeding to the ubiquitous privileges of the fairies.
Readers of taste, who have suffered themselves to be dis¬
mayed by the imaginary difficulties of Chaucer's language,
are astonished when they come to find how melodious, as
well as easy to read, is this ""rude old poet"" as some have
called him.—The syllables, it is to be observed, that form the
plural terminations, are to be pronounced,–motès, burghès,
etc., as they are to this day in many instances among the
uneducated classes of the Metropolis; and it is a pity we
ever left off pronouncing them, our consonants being at all
times too ready to crowd together, and thrust out their softer
neighbours, like fellows in a pit at the theatre. The final e
also in many words must be humoured, as it still is in French
poetry, the common ancestor of our own.
In oldè dayès of the King Artoùr
[and 23 following lines : Wife of Bath's Tale, ll. 857-80].",
part2_p145_a1,Vol.2,Part II,p145-146,1823.,"Hunt, James Henry Leigh.","My Books,","[in] The Literary Examiner, July 5th and 12th 1823. (Indicator and Companion, 1834.) [Reprinted for the first time in complete form in Essays of Leigh Hunt, edited by Richard Brimley Johnson, Dent's Temple Edition, 1891, pp. 181, 186, 189, 195, 198, 199, 200.]","[p. 181] Sitting last winter, among my books... I looked... on
my left side at my Chaucer, who lay on a writing desk;
and thought how natural it was in C[harles] L[amb] to give
a kiss to an old folio, as I once saw him do to Chapman's
Homer.   . . .
[p. 186] It [Charles Lamb’s library] looks like what it is, a selec¬
tion made at precious intervals from the bookstalls:–now
a Chaucer at nine and twopence; now a Montaigne or a Sir
Thomas Browne at two shillings. [For Lamb's library see
below, 1823.]...
[p. 189] The books I like to have about me most are, Spenser,
Chaucer, the minor poems of Milton, the Arabian Nights,
Theocritus, Ariosto, and such old good-natured speculations
as Plutarch’s Morals.  ...
[pp.194-5] It is true that it is not at all necessary to love many books,
in order to love them much. The Scholar, in Chaucer, who
would rather have —
A twenty Bokes, clothed in black and red,
At his beddes head
Of Aristotle and his philosophy
Than robes rich, or fiddle, or psaltry,
doubtless beat all our modern collectors in his passion for
reading.  ...
[p. 198] I take our four great English poets to have all been fond
of reading. Milton and Chaucer proclaim themselves for hard
[p. 199] Chaucer's account of himself must be quoted, for the delight
sitters at books.  ...
and sympathy of all true readers:—
And as for me, though that I can but lite,
On bookès for to rede I me delite,
Farewell my book and my devociön.
[to]
The Legend of Good Women.
[ll. 29-38.]
And again in the second book of his “House of Fame""
where the eagle addresses him.
At night full oft thine head to ake,
— Thou wilt make
Till fully dazed is thy looke.
[to]
[p. 200]
[ll. 631-58.]",
part2_p146_a2,Vol.2,Part II,p146,1828.,"Laing, David.","The Buke of the Howlat by Holland,","ed. D. Laing, Bannatyne Club, pp. xvi, xxii, 5.","[For Laing’s print of Alexander Thomson's MS. Critique
on the Howlat, see above, a. 1803, Thomson.]",
part2_p146_a3,Vol.2,Part II,p146,1823.,"Lamb, Charles.","Letter to Mr. Ainsworth,","[dated] Dec. 9, 1823. (The Works of Charles and Mary Lamb, ed. E. V. Lucas, 1903-5, 7 vols, vol. vii, p. 631.)","I have not a Blackletter book among mine, old Chaucer
excepted, and am not Bibliomanist enough to like Blackletter.
[Mr. Lucas gives the following in his list of Lamb's Books
(Life of Charles Lamb, 1906, 2 vols., vol. ii, App. iii, p. 314),
with a quotation from the above letter:
Chaucer (Geoffrey). The Works of our Ancient and
Learned English Poet, and Lidgate's Story of Thebes.
Speght’s edition. Lond., 1598. Black-Letter. Folio.
MS. notes and extracts on the fly-leaves.]",
part2_p147_a1,Vol.2,Part II,p147,1823.,"Montgomery, Gerard.","La Belle Tryamour,","[in] Knight's Quarterly Magazine, June, pp. 162-3, 173.","[p.162] . . . a beauteous and majestic Maid,
In a fair garden taking her diversion,
Like Emily in Chaucer, when her far sight
Captured the captive Palamon and Arcite.
[p. 163] I wish I could describe, like that same Chaucer,
Or sweeter Spenser in his Bower of Bliss;
And then I'd tell you all King Arthur saw, Sir,
Of the bright beauties of that dainty Miss;...
[p. 173] Forth on the road to Holyhead they pass'd,
A goodly party—Lords and Knights and Squires,
. . . . . . .
Monks, tailors, mountebanks, and such small deer,
Jumbled like Chaucer's pilgrims, closed the rear.",
part2_p147_a2,Vol.2,Part II,p147-148,1823.,"Skelton, Joseph.","Engraved Illustrations of the Principal An tiquities of Oxfordshire,","from Original Drawings by F. Mackenzie, pp. 3, 8, 23.","[p. 3] [Ewelme Hundred.] Coeval with the de la Poles was the
family of the Chaucers in Ewelme, descended from the vener¬
able poet sir Geoffrey, whose son Thomas had considerable
possessions in these parts, and who, in right of his wife Maud,
the daughter and coheiress of sir John Burghurst, became
lord of the manors of Ewelme and Donnington, Berks., in
1431.
[p. 8] [Wootton Hundred.] The manor of Kidlington formerly
belonged to Thomas Chaucer, the son of Geoffrey the poet, of
whom more will be found in the account of Ewelme church
in the Hundred of Ewelme.
[p. 23] [Ibid.] The town of Woodstock was, according to Kennet
[Parochial Antiquities, 1695], graced with the birth, and it
certainly was long a principal residence, of Geoffrey Chaucer,
the ancient learned poet; of whom Warton, in his History
of English Poetry, informs us, that he procured a portrait
on pannel from an old quadrangular stone house at Wood¬
stock, where it had been preserved: the last remains of
this building, chiefly consisting of what was called Chaucer's
bedchamber, with a carved oaken roof, were demolished about
twenty-five years before Warton’s publication appeared [in
1774, 1778, 1781, see above, vol. i, pp. 439, 454, 464]. That,
and the one in the Bodleian library, appear to have been
taken from the painting which accompanies the epitaph on
him by his scholar Occleve, in MS. in the royal library,
British Museum, marked 17.D.V.I. copied in a Harleian MS.
written in Occleve's time, No. 4866, fol. 91, and again in one
in the Cotton library, marked Otho, A. XVIII. Occleve
mentions the drawing in his “Consolatio servilis.""
[Various biographical facts follow.]",
part2_p148_a1,Vol.2,Part II,p148,1823.,"Thurlow, Edward Hovell, Lord.","The Flower and the Leaf after Geoffrey Chaucer,","London, J. Warwick, Brooke St., Holborn, 1823, 8ᵒ.",,"[There is a notice of this book in A Bibliographical Catalogue of privately printed books, by John Martin, 2nd edn., 1854, p. 313; a reference is given to Catalogue of the Sale of P. A. Hanrott’s Library, 1823, part iv, p. 28, No. 541—""Thurlow's [Lord] Select Poems, Chiswick, 1821, Odes to Anacreon, by Lord Thurlow, 1823, The Flower and the Leaf, 1823, 3 vols. in 1, all privately printed.""]"
part2_p148_a2,Vol.2,Part II,p148,1823.,Unknown.,"Footnote [to] Review of Rose’s Orlando Furioso,","[in] The Quarterly Review, vol. XXX, p. 51.","Had the reformation extended to Italy, Ariosto would
have been reckoned one of its early promoters in that country,
as Langlande and Chaucer were in our own.",
part2_p148_a3,Vol.2,Part II,p148,1823.,"W., C.","Sonnet to Chaucer,","[signed C. W., printed in] The Poems of Geoffrey Chaucer modernized, ed. R. H. Horne, 1841, p. cxlvii.","ENGLISH CHAUCER ! oft to thy glory old¬
Thy sire-ship in poesy, thy fame,
Dull’d not by dusty Time (which aye will hold
Thy name up, banner high, bright as a flame
That burns on holy altar)—have my ears,
Like portals, wide been openéd. Great fears
And worldly cares were on me; but a hand
Power-fraught with this rich gift, hath gently fann’d
My sorrow’d spirit to a ripe zeal fine.
Now gaze I like young Bacchus on his wine,
And own no check from sorrow’s hollow frown,
Full-hearted that the wrestler is down;
Strong as an eagle gone up to the sun,
Dull earth I quit, and stray with CHAUCER on!
C.W. 1823.",
part2_p149_a1,Vol.2,Part II,p149,1823.,"Wordsworth, William.","Letter to Allan Cunningham,","[dated] Rydal Mount, Nov. 23, 1823. (Letters of the Wordsworth Family, ed. W. Knight, 1907, 3 vols., vol. ii, pp. 209-10.)","Do not say I ought to have been a Scotchman. Tear me
not from the country of Chaucer, Spenser, Shakespeare, and
Milton.",
part2_p149_a3,Vol.2,Part II,p149,1824,"Chalmers, George.","The Poetic Remains of some of the Scottish Kings, now first collected by George Chalmers,","pp. 19, [Footnotes] 24, 43, 45-8, 52, 70, 97, 102, 137-44, 146, 148, 149, 151-69, 171-6.",,
part2_p149_a4,Vol.2,Part II,p149,1824.,"[Chalmers, George.]","Preface and Notes [to] Robene and Makyne, and The Testament of Cresseid, by Robert Henryson,","Bannatyne Club, pp. v-vi, 1-10.","[The Testament printed with Chaucer's Works, 1532;
Kynaston, pp. v-vi; illustrative quotations in the notes to
Robene and Makyne, pp. 1-10.]",
part2_p149_a5,Vol.2,Part II,p149,1824.,"De Quincey, Thomas.","False Distinctions,","No. 1. That Women have more Imagination than Men, [in] The London Magazine, June 1824, vol. ix, p. 643. (The Collected Writings of Thomas de Quincey... ed. D. Masson, Edinburgh, 1890, vol. x, p. 442.)","Where is the female rival of Chaucer, of Cervantes, of
Calderon? Where is Mrs. Shakespeare?",
part2_p149_a6,Vol.2,Part II,p149-150,1824.,"Dibdin, Thomas Frognall.","The Library Companion,","2 vols., vols. ii, pp. 246, 265-77 and notes.","[A gossiping account of early editions of Chaucer, and
of the copies then extant of some. The following are
mentioned–
(1) Canterbury Tales, Caxton ed. 1; King's, Merton Coll.,
Spencer, Wentworth House, Ham House.
(2) Canterbury Tales, Caxton ed. 2; St. John’s Coll., Camb.,
Pepys, Heber, Spencer.
(3) Book of Fame; reference to Typographical Antiquities,
vol. i, p. 313.
(4) Troilus and Cressida; Grenville and Towneley, with
the remark that “copies of it will be found in
distinguished private and public libraries."" Quota¬
tation from the Complaint of Chaucer unto his
Empty Purse.
(5) Canterbury Tales, Pynson's ed. 1; Spencer.
(6) Canterbury Tales, Pynson, 1526; Roxburghe, West.
Edns. of Canterbury Tales by Wynkyn de Worde,
(7) Troilus and Cressida, Wynkyn de Worde, 1517;
1495, Pynson, 1520 and 1522, are apocryphal.
(8) Works, Godfray, 1532; Douce, Heber, Utterson,
Wilbraham, Roxburghe.
(9) Works, Bonham, Kele, Toy, Petit, 1542.
Towneley (Dibdin's own).
(10) Works, 1561; Nassau.
(11) Works, 1597.
(12) Works, 1602; Nassau.
(13) Ed. Urry, 1721.
(14) Canterbury Tales, ed. Tyrwhitt, 1775-8 (with high
praise of the editor).
Reference to Todd, 1810, for MSS.; Stafford (now Elles¬
mere) and Roxburghe-Devonshire MSS. mentioned.]",
part2_p14_a1,Vol.2,Part II,p14,1803.,Unknown.,"Review of Godwin's Life of Chaucer,","[in] The Gentleman’s Magazine, vol. lxxiii, pp. 1141-50, 1229-35.","[This review consists almost entirely of copious extracts
from the book; the only critical opinion is in the last paragraph,
vhich runs as follows:]
[p. 1235] That the present Biographer of Chaucer has cleared up some
points in his history, will not be disputed : that his partiality
has been well supported by his imagination; and that much
of the contemporary history is introduced to form a book, and
to set off the writer; whence it may be inferred, that the Life
of Chaucer might have been compressed into smaller compass.",
part2_p14_a2,Vol.2,Part II,p14,1803.,"Wordsworth, Dorothy.",Journal,"(ed. W. Knight, 2 vols., 1897, vol. i, pp. 158, 181).","[p. 153] [Tuesday, Jan. 11th.] Mary read the Prologue to Chaucer's
Tales to me in the morning.... Read part of The Knight's
Tale with exquisite delight...
[p. 181] [Friday, August 19th.] There were two beds in recesses
in the wall; above one of them I noticed a shelf with
some books: ─ it made me think of Chaucer's Clerke of
Oxenforde :—
Liever had he at his beds head
Twenty books clothed in black and red.",
part2_p14_a3,Vol.2,Part II,p14,1803.,Z.,"Letter,","[in] The Gentleman's Magazine, vol. Ixxiii, part i, p. 8.","Mr. Tyrwhitt laments that the author of “Mémoires pour
la Vie de Pétrarque"" never indulged the publick with his
promised account of the (supposed) interview between Petrarch
and Chaucer. May we not hope that the deficiency which
Mr. T. regrets will be supplied by the researches of Mr. Johnes!","[The reference is to Johnes' translation of Froissart, published in 5 vols., 1803-10. See Johnes above, 1803, and also H., D., above, 1803.]"
part2_p14_a4,Vol.2,Part II,p14-15,1804.,"Aikin, John.","Letters to a Young Lady on a Course of English Poetry,","pp. 22-6, 269.","[Dr. Aikin describes Dryden's Knight's Tale, ""taken from
Chaucer."" He then goes on to “The Cock and the Fox,"" of
which he speaks precisely as if Dryden were the original
author, and Chaucer is not mentioned. For instance,
""Dryden... seems to have thought the character of that
kind of fiction termed fable, sufficiently preserved, if the
actions belong to the animals which are the personages of the
story, while the language and sentiments are those of human
beings.  ... Dryden’s Cock and Hen have all the knowledge
which he himself possessed, and quote fathers and schoolmen
just as in his Hind and Panther,” etc. He also speaks of the
Good Parson without reference to Chaucer.]",
part2_p150_a1,Vol.2,Part II,p150,1824.,"Drake, Nathan.","Montchensey, a Tale of the Days of Shakspeare,","[in] Noontide Leisure, by Nathan Drake, vol. i, p. 40, vol. ii, p. 51.","[Montchensey finds in Shakspeare’s study portraits of
Chaucer and Spenser.]",
part2_p150_a2,Vol.2,Part II,p150,1824.,"Drake, Nathan.","Observations Critical & Miscellaneous, on the First Book of the Anonymous Version of “Les Jardins,""","par M. l’Abbé de Lille, [in] Noontide Leisure, by Nathan Drake, vol. i, p. 111.","[A quotation from the prefatory address of the translator.
See above, Powell, 1789, vol. i, p. 489.]",
part2_p150_a3,Vol.2,Part II,p150,1824.,"Hazlitt, William.","Select British Poets, or new Elegant Extracts from Chaucer to the present time, with critical remarks,","pp. ii, iii, v, 1-34. (Collected Works of William Hazlitt, ed. Waller and Glover, 1902-6, 13 vols., vol. v, pp. 366-71.)","Frontispiece [portrait of Chaucer]; Preface, pp. ii, iii, v.
[A short critical account of Chaucer. Chaucer is in the first
class of poetry, the natural; in invention he has not much to
boast; but the masterly execution is his own. He has little
fancy, but he has great wit, humour, strong manly sense,
power of description, perfect knowledge of character, occa¬
sional sublimity. Extracts, pp. 1 34. Prologue to Canter¬
bury Tales, The Squieres Tale, The Prioresses Tale, The
Floure and the Leafe, part ot The Knightes Tale, The Wif
of Bathes Prologue, Similes from Chaucer.]",
part2_p151_a1,Vol.2,Part II,p151,1824.,"Hazlitt, William.",Sketches of the Principal Picture-Galleries in England.,"(Collected Works of William Hazlitt, ed. Waller and Glover, 1902-6, 13 vols., vol. ix, p. 74.)","[Speaking of the Cupid and Psyche by Titian at Blenheim:]
Did ever creature of mortal mould see any thing comparable
to the back limbs of the Psyche, or conceive or read anything
equal to it, but that unique description in the Troilus and
Cressida of Chaucer?",
part2_p151_a2,Vol.2,Part II,p151,1824.,"Lamb, Charles.","Letter to Bernard Barton,","[dated] May 15, 1824. (The Works of Charles and Mary Lamb, ed. E. V. Lucas, 1903-5, 7 vols., vol. vii, p. 643.)","His [Blake's] Pictures–one in particular, the Canterbury
Pilgrims (far above Stothard’s)—have great merit, but hard,
dry, yet with grace. He has written a Catalogue of them
with a most spirited criticism on Chaucer, but mystical and
full of Vision.",
part2_p151_a3,Vol.2,Part II,p151,1824.,"[Park, Thomas.]","Editor's Preface [to] Warton's History of English Poetry,","new [3rd] edn., 4 vols, vol. i, pp. 46-9 [Chaucer and Fairies], 65-6 [Chaucer and Minstrels], 105. [Also additional notes throughout by Park, Ritson, Ashby, Douce, etc.]",,
part2_p151_a4,Vol.2,Part II,p151-152,1824.,"[Procter, Bryan Waller (""Barry Cornwall"").]","Effigies Poeticæ: or the Portraits of the British Poets, illustrated by notes, etc.,","2 vols., vol. i, no. 1, Chaucer, no. 2, Gower, no. 3, Lydgate, no. 4, James I of Scotland, no. 5, Occleve, pp. 7-9, 11, 13, 15, vol. ii, p. 12, Dryden.","[to face  [Portrait “from a Limning in Occleve’s De Regimine,
p. 7] Principis, preserved in the Harleian Library,"" engraved by
W. Finden.]
[p. 7] Our collection opens with the head of the venerable
CHAUCER. He had been called the patriarch of our poetry;
yet he left no posterity behind him... Chaucer was a
prodigy, considering the age in which he lived. He was
beyond doubt the greatest spirit that preceded Shakespeare...
The head now offered to the public is a likeness of the
poet in his age. It has nothing of his wit or humour,
nothing of the flash of genius which would probably have
[p. 8] illuminated the features of his youth; but his sweet and
sedate expression, his grave good sense, his deep observation
and pathos, have been well caught by the artist... Chaucer
was rather a portrait-painter than an imaginative artist...
and accordingly, in the place of the fantastic attitude or the
soaring eye, we have a staid and gentle aspect, a steady
glance, and that particular expression about the mouth which
almost invariably denotes an observing man.",
part2_p152_a1,Vol.2,Part II,p152,1824.,"Roscoe, William.","The Works of Alexander Pope, Esq.","[with] ... occasional remarks by William Roscoe. Vol. i, The Life of Alexander Pope, pp. 42-3, 48; vol. ii, Estimate of the Poetical Character and Writings of Pope, pp. x, xi, xiii; Notes, pp. 252, 253, 254, 255, 297, 301, 302, 303-311, 315, 339, 340, 341, 342, 357, 358.","[vol. i,
p. 42]
These pieces [the modernizations of January and May,
and Wife of Bath's Prologue] are executed with a degree of
freedom, ease, and spirit, and at the same time with a judg¬
ment and delicacy, which not only far exceed what might
have been expected from so young a writer, but which leave
nothing to be wished for in the mind of the reader. The
[p. 43] humour of Chaucer is transfused into the lines of Pope, almost
without suffering any evaporation.
[vol. ii,
p. X]
Of English authors those to whom Pope stands the nearest
related in genus and poetical character, are Chaucer and
Dryden... Chaucer may be said to be, like Pope, a general
poet. His excellence was not confined to any particular
department...In this respect Chaucer is unrivalled by any
of his successors, except Shakespeare and Pope, both of whom
[p. xi] resemble him also in that moral and contemplative character
which delights in comparing and illustrating the phenomena
of the moral and physical world...",
part2_p152_a2,Vol.2,Part II,p152,1824.,"S., W.",Letter,"[in] The Gentleman's Magazine, May, vol. xciv, pp. 411-12.","Whan hys lotte was to wake a night
[to]
... horne pipis of Cornewayle.
[Rom. Rose, ll. 4248-50.]
[Chaucer probably mistook Cornouaille, the Corneil or wild
cherry tree, for Cornewaille–Cornwall. This occurs in the
non-Chaucerian portion of the Romance of the Rose. See
Skeat’s note on the line.]",
part2_p152_a3,Vol.2,Part II,p152-153,1824.,"Scott, Sir Walter.","An Essay on Romance,","[in] Supplement to the Encyclopædia Britannica, vol. vi, pp. 436, 442, 454. (Scott's Miscellaneous Prose Works, Edinburgh, 1834-71, 30 vols, vol. vi, pp. 132-3, 158, 209.)","[p. 132] Chaucer, unable to sleep during the night, informs us that,
in order to pass the time,
""Upon my bed I sate upright,
And bade one rechin me a boke,
A Romaunce, and he it me took
To read and drive the night away.""
[Book of the Duchesse, ll. 46-9.]
The book described as Romance contained, as we are
[p. 133] informed,
""Fables
That clerkes had, in old tyme,
And other poets, put in rhyme.""
And the author tells us a little lower,
[ib., ll. 52-4.]
""This boke ne spake of but such things
Of Queens' lives and of Kings'.""
[ib., ll. 57-8.]
The volume proves to be no other than Ovid’s Metamorphoses;
and Chaucer, by applying to that work the name of Romance,
sufficiently establishes that the word was, in his time, correctly
employed under the modern acceptation...
[p. 158] Chaucer also in his Ryme of Sir Thopas, assigns to the
minstrels of his hero’s household the same duty of reciting
romances...
"" Do cum,"" he sayed, ""my minestrales [to]
And eke of love-longing.""
[Sir Thopas, ll. 134-9.]
[p. 209] It is certain, and is proved by the highest authority, that
of Chaucer himself, that even in his time these rhyming
Romances had fallen into great contempt. The Rime of Sirh
Thopas, which that poet introduces as a parody, undoubtedly,
of the rhythmical Romances of the age, is interrupted by
mine host Harry Bailly with the strongest and most energetic
expressions of total and absolute contempt.",
part2_p153_a1,Vol.2,Part II,p153-155,1824.,Unknown.,"The Works of Chaucer,","[in] The Retrospective Review, vol. ix, pp. 173-206.","[Researches into old writers very creditable to modern taste,
especially where, as in English, the language has undergone
considerable changes. This may be carried to excess, and
imitation be substituted for research.]
There is no reason, however, why the treasures of their wit
should not be among the objects of our study and research.
... They are the beacons and landmarks of our language, to
which our eyes should occasionally be turned.  . . . The
wisdom that is preserved in a language that is obsolete, is a
treasure buried in the earth, which we know not where to
delve for.
[p.174] In treasures of this description [i.e. of instruction and
delight] the neglected glebe of Chaucer is particularly affluent.
As a fabulist and a poet, Dryden gives him the decided
preference over Ovid: though Dryden, as we shall hereafter
shew, was not capable of appreciating all his beauties. But
there are other reasons for recommending him to the attention
of the English student.
To the philologist, he is a classic of the first order: for he
is pre-eminently the most conspicuous of the makers and
methodizers of the language: the first who taught it to flow
in expressive harmony, and gave to it consistency and energy.
Not that he invented and introduced a verbiage and idiom of
his own, or compounded, as some have supposed, a melange
of imported phraseology; but because, (as will be obvious to
those who consult his contemporaries, Lydgate, Gower,
Hocleve, Scogan, &c.) he selected and methodized from the
unsettled idioms then in use, what was fittest and most con¬
[p. 175] gruous, and gave consistence and solidity to that foundation,
upon which the polished structure of our present language has
gradually risen.
Even in point of rhythmical harmony, the obligations of our
language to Chaucer are not less decisive than in phraseology
and structure, and... in his versification are to be found,
not only the less rigid models of our present septasyllabic
and octosyllabic measures, but the exemplars also, which
Spenser has acknowledged, and of which Milton has availed
himself, of that heroic metre, to which the former gave so
much sweetness, and the latter such majestic sublimity:
. . . But it is not only to the philologist and the prosodist
that the memory of Chaucer should be dear. He has other
claims upon our admiration and gratitude, or he could never
have had these.  ...
That Chaucer had the soul, as well as the voice of poesy,
is sufficiently evinced in the admiration he has excited in
those who were neither familiar with his language, nor in
possession of the clue that would unravel the harmony of his
numbers : nay, who could not, from the defective transcripts
they consulted, or by their mode of pronunciation, make out
even the numerical proportion of his fect.
. . . . . . . . . . . .
[p. 176] It is not merely in a literary point of view, as works of
[p. 177] amusement and effusions of a poetical imagination, that the
writings of Chaucer are entitled to particular attention. They
are pregnant with instruction of a higher order. They are an
essential portion of the authentic history of his country;...
of the history of the national mind... The works of
Chaucer, his Canterbury Tales in particular,... bring the
genuine picture of society alive and breathing before us.  ...
The imaginative historian, who adorns his record with names
of his own creation, and selects the character he assigns to his
[p. 178] imaginary agents from the great book of nature,... may use
with freedom the genuine colours of truth, and delineate man
as he really is, with all the modifications of morals, manners,
and characteristics, which the institutions, the necessities, and
the habitudes of the age have imposed upon him. Whoever
does this is, in fact, an historian of the highest order : an his¬
torian, instructive, not to the statesman and politician only,
but to all who may peruse his record. And such an historian
is the great father of our English poetry—the venerable
Geffrey Chaucer.
[Here follows the life of Chaucer and some further criticism
of his poetry.]",
part2_p155_a1,Vol.2,Part II,p155,1824.,Unknown.,"The Literary History of the Provençals,","[in] Knight's Quarterly Magazine, vol. iii, p. 131.","Chaucer, in one or two of his smaller poems, appears to
have followed the style of the later Troubadours; and Dryden,
in the preface to his Fables, has borrowed from Rymer the
remark, that the Provençal was in that age the most cultivated
of modern languages, and that Chaucer profited by it to adorn
and enrich the English.",
part2_p155_a2,Vol.2,Part II,p155,1824.,"Wordsworth, William.","Letter to Alaric Watts,","[dated] No vember 16, 1824, [printed in] Letters of the Wordsworth Family, ed. W. Knight, 3 vols., 1907, vol. ii, p. 228.","""I am disposed strenuously to recommend to your habitual
perusal the great poets of our own country who have stood
the test of ages. Shakespeare I need not name, nor Milton,
but Chaucer and Spenser are apt to be overlooked. It is
almost painful to think how far these surpass all others.""","[This paragraph is reprinted as it stands from Professor Knight's text. From the stops and quotation-marks Wordsworth seems to be quoting, but from what is not clear; nor has the passage any relation to the paragraphs that precede and follow it.]"
part2_p156_a1,Vol.2,Part II,p156,1825.,"Collier, John Payne.","The Poet's Pilgrimage,","pp. iv [preface], 118, 120 [notes 2, 3, 18; quotations from the Assemble of Foules, the Floure and the Lefe, Wife of Bath’s Tale, and Troilus].",,
part2_p156_a2,Vol.2,Part II,p156,1825.,"Cunningham, Allan.","The Songs of Scotland,","vol. i, pp. 12, 13, 51, 59, 73, 77, 82; vol. ii, pp. 35, 156.",[Slight references.],
part2_p156_a3,Vol.2,Part II,p156,1825.,"D., W. C.","On the Pronunciation of Heard, etc.,","[in] The Gentle man’s Magazine, Sept. 1825, vol. xcv, pp. 219-20.","[Reply to J. S. H., q.v. below.]
[Concerning the changes in English grammar and pronun¬
ciation, with several references to Chaucer, and quotations
from his poems.]",
part2_p156_a4,Vol.2,Part II,p156,1825.,"Elmes, James.","The Arts and Artists,","London, 1825, vol. iii, pp. 70, 71. [The Occleve and Phillips portraits of Chaucer.]",,
part2_p156_a5,Vol.2,Part II,p156,1825.,"H., J. S.","Critical Disquisition on the words ""Heard,"" ""Read,"" etc.,","[in] The Gentleman's Magazine, vol. xcv, part i, suppl., pp. 584-5.","[For a reply see above, D., W. C.]
[Quotations from the Bible; and from Chaucer (fifteen) as
examples.]",
part2_p156_a6,Vol.2,Part II,p156-157,1825.,"Hazlitt, William.",The Spirit of the Age : or Contemporary Por traits.,"(Collected Works of William Hazlitt, ed. Waller and Glover, 1902-6, 13 vols., vol. iv, pp. 210, 214, 225, 244, 276, 285, 326.)","[p. 210] [William Godwin.] His Life of Chaucer would have given
celebrity to any man of letters possessed of three thousand a
year, with leisure to write quartos:...
[p. 214] [S. T. Coleridge.] He... ‘goes sounding on his way’
in eloquent accents uncompelled and free!
[Hazlitt is fond of this quotation, though he is hazy in his
recollection of it and confuses two passages in Chaucer's
Prologue. See above, 1818 and 1823. In ‘My First
Acquaintance with the Poets’ (1823) he says the scholar in
Chaucer is described as going ‘sounding on his way,’ and in
his  ‘Lectures on the English Poets’ (1818) he says the
‘merchant as described in Chaucer went on his way “sound¬
ing always the increase of his winning.""’ The two passages
are Prol. l. 275 and l. 307 (not  'sounding on his way' but
'Souninge in moral vertu was his speche').]
[p. 225] [The Rev. Edward Irving.]... he might have defied
the devil and all his works, and by the help of a loud voice
and strong-set person–
'A lusty man to ben an Abbot able.'
[Prol. l. 167.]
[p. 244] What is there (in his [Scott's] ambling rhymes) of the deep
pathos of Chaucer?
[p. 278] Chaucer is another prime favourite of his [Wordsworth's],
and he has been at the pains to modernize some of the
Canterbury Tales.
[p. 285] [Sir James Macintosh.] 'And gladly would he learn, and
[Prol.
l. 368] gladly teach.'
[p. 326] [Lord Eldon.] We are apt to conclude from so fair an
outside, that
'All is conscience and tender heart'
[Prol. l. 150.]
within also, and that such a one would not hurt a fily. And
neither would he without a motive.",
part2_p157_a1,Vol.2,Part II,p157,1825.,"[Hunt, James Henry Leigh ?]","My Books, Part ii, Originality of Milton's harmonious use of Proper Names,","[in] The New Monthly Magazine, New Series, vol, xiv, p. 392.","Chaucer, though he had a finer ear than some of his imi¬
tators have been willing to acknowledge, does not think it
necessary to have recourse to it [melody] when he comes to a
set of names. He takes no more heed of a list in poetry,
than he would have taken of an Abbey roll.",[Not in R. B. Johnson's edn. of Leigh Hunt's Essays.]
part2_p157_a2,Vol.2,Part II,p157,1825.,"Jeffrey, Francis.","Review of Braybrooke’s edn. of Pepys' Diary,","[in] The Edinburgh Review, Nov., no. lxxxv, p. 26. (Jeffrey's Contributions to the Edinburgh Review, 1853, p. 226.)","[Passages on the abundant minute record of feudal times in
the tales of Chaucer.]",
part2_p157_a3,Vol.2,Part II,p157,1825.,"[Keble, John.]",Review [of Conder's] The Star in the East.,"See below, App. A.",,
part2_p157_a5,Vol.2,Part II,p157,1825.,"Roscoe, Thomas.","The Italian Novelists,","4 vols. ; vol. i, Preface, pp. ii [obligations of English to Italian writers earlier than Chaucer], xix, xxiii [reference to the Clerkes Tale].","[p. xix] Dioneo and Fiammetta... are said to recite together the
adventures of Arcite and Palamon... The same adventures,
so beautifully imitated in the poem of our own Dryden, form
the subject of Boccaccio’s Teseide.",
part2_p158_a1,Vol.2,Part II,p158,1825.,"[Smith, Horatio.]","Address to the Orange Tree at Versailles,","[in] Gaieties and Gravities, 3 vols., vol. i, p. 166. (Poetical Works, 1846, 2 vols., vol. i, pp. 17-18.)","Chaucer, so old a bard that time
Has antiquated every chime
And from his tomb outworn each rhyme
Within the Abbey:
And Gower.  ...
. . . . . . .
Lived in thy time–the first perchance
Was beating monks¹. . . .",¹ There is a tradition (though not authenticated) that Chaucer was fined for beating a friar in Fleet Street.
part2_p158_a2,Vol.2,Part II,p158,1825.,"Turner, Sharon.","The History of England during the Middle Ages,","vol. v, pp. 256, 257, 259, 268; chap. iv, Life and Poems of Chaucer, pp. 289-333, 334, 335, 336, 341, 343, 347, 348, 350, 391, 392, 393.","[p. 330] The modern reader.... cannot peruse his [Chaucer's]
works without perceiving the fewness and the defects of the
mental and moral associations which they contain. He
wanted Gower's knowledge and ethical taste, as much as Gower
wanted his command of language and poetical power.  ...
[p.331] Few poets have written so much [as Chaucer], which so few
desire to peruse or attempt to disturb. ...
[p. 350] As Chaucer became dissatisfied with Gower, and twice, at
least, censures him, we have long since become dissatisfied
with Chaucer; and by the aid of the very lights which they
have given us, we have passed far beyond both.",
part2_p158_a3,Vol.2,Part II,p158,1825.,Unknown.,"Review of Roscoe’s Italian Novelists,","[in] The Edin burgh Review, vol. xlii, p. 180.","We cannot agree with Warton that the frame-work of the
Canterbury Tales is in its general design superior to that of
the Decameron. For though, as Mr. Dunlop [q.v. above,
1814] has remarked, Chaucer's plan of a pilgrimage has this
advantage, that the subject has thus a natural limitation,
while Boccaccio's has no other limit but the imagination of
the author, the design of the former seems to us to be liable to
a more formidable objection–that tales told on horseback
to a party of twenty-nine persons, could never have been heard
by them all.",
part2_p159_a1,Vol.2,Part II,p159,1825.,Unknown.,"Amorum Troile [sic] et Cresseidæ, libri duo priores Anglo-Latine, per Franc. Kinaston, Oxon.,","1635, 4to., [in] The Retrospective Review, vol. xii., article vi, pp. 106, 110.","[p. 106] Chaucer's Troilus and Creseide was the first example of a
regular serious narrative poem, on a large scale, in the English
language. It may be considered as our oldest epic, to use the
word in its common, though sufficiently vague, acceptation;
and for a long time, with the exception of the Knyghtes' Tale
by the same author, it continued to be the only one. Hence,
it was held in that value which always attaches to the first of
any thing, and which adheres to it even for some time after it
has been superseded by more beautiful and finished specimens
of the same kind. It was reverenced as the earliest work in
which the powers of English, as a cultivated language, were
developed; its author was regarded as the Virgil of his
country; his poem was made the foundation of the fictions of
subsequent writers; and, according to a practice common in
former ages, when, as a contemporary critic expresses it, ""the
notion of the perishableness of modern tongues, and of the
necessity of preserving works worthy to last, by embalming
them in the immortal language of Rome,"" was not yet
exploded, it was thought expedient, upwards of two centuries
after its publication, to translate it into Latin.  ...
[p. 110] [Kynaston’s version more universally intelligible than the
original.] Considering the difficulties of his task, Sir Francis
must be allowed to have acquitted himself with much dexterity;
and he deserves praise for the fidelity with which he adheres
to his original, in spite of the temptations afforded by so
ornamental a language as the Latin.","[For Kynaston, see above, 1635, vol. i, p. 207.]"
part2_p159_a2,Vol.2,Part II,p159,1825.,Unknown.,"Poetry,","[in] The Edinburgh Review, vol. xlii, pp. 48, 49.","[p. 48] Chaucer. . . raised poetry from the dust. He has been
likened to ‘the spring,’ and has been called the ‘morning
star’ of English poetry. He was so; or rather, he was a sun
whom no star preceded,–who rose above our literary horizon,
dissipating the wandering lights and sullen vapours which
hung about it; and who, by a power independent of accident
or the time, threw out a dazzling splendour, which showed
at once his own lustre, and the wastes by which he was
surrounded.",
part2_p15_a1,Vol.2,Part II,p15,[a. 1804.],"Boucher, Jonathan.","Boucher's Glossary of Archaic and Provincial Words. A Supplement to the Dictionaries of the English Language, particularly those of Dr. Johnson and Dr. Webster...","edited jointly by Joseph Hunter and Joseph Stevenson, 1832, Introduction, pp. vii, xix, xxxii, xl, xli and note, xlv, xlvi note, lvi, and continual references in the Glossary.","[Boucher devoted fourteen years to this Glossary, and left it
uncompleted when he died, in 1804. In 1803, he had issued
proposals for printing it (see above, 1803); the part
including letter A was published in 1807, and finally, in
1832, Hunter and Stevenson brought out the Introduction to
the whole work as prepared for the press by Boucher, and
the Glossary A to Blade.
It was not successful, and Mr. W. P. Courtney says (see article
Boucher in D. N. B.) that it is understood that most of the
materials passed into the hands of the proprietors of Webster's
English Dictionary. Besides the references to Chaucer in the
introduction, his poems are quoted on almost every page, and
often there are 6 or 8 quotations from him on a page. On the
first page (really only half a page), on the letter A, there are
15 references to or quotations from Chaucer. But this is
unusually many. In the first 20 pages there are in all 69
Chaucer references and quotations.]",
part2_p15_a2,Vol.2,Part II,p15,1804.,"Coleridge, Samuel Taylor.","Letter to Sir George Beaumont,","Feb. 1, 1804, [printed in] Memorials of Coleorton, ed. W. Knight, 1887, vol. i, p. 46. [This letter is not printed in the (select) Letters of S. T. Coleridge, 1895.]","One fortnight in each month I shall... devote to poetry,
and the other fortnight to Essays... The first, on the
Genius and Writings of Chaucer.",
part2_p15_a3,Vol.2,Part II,p15,1804.,"Irving, David.","Lives of the Scotish Poets,","2 vols. Vol. i, Barbour and Chaucer, pp. 253, 259, 265-7; James I and Chaucer, pp. 303, 325; Henry the Minstrel compared, pp. 353, 358; Dunbar compared, pp. 405, 415, 418, 437-8; Henryson and Troilus, pp. 378, 380, 385-6; vol. ii, Gavin Douglas and Chaucer, pp 27, 43, 60, 64; Allan Ramsay, a competitor with Chaucer and Boccaccio as a comic poet, p. 328.",,
part2_p160_a1,Vol.2,Part II,p160,1825.,Unknown.,"Pope's Works and Character, [a review of] Roscoe's Works of Alexander Pope,","[in] The Quarterly Review, vol. xxxii, pp. 275, 290-3.","[p. 292] Had the 'Temple of Fame' been entirely an original
composition, it would have approached nearer, though not have
attained, to an equality with these [Thomson's Seasons, and
Castle of Indolence]; but so much of the ingenuity of the
allegory, and so many of the images are Chaucer's, that, with
all its beauty of versification, brilliancy of expression, and
variety of added congenial beauty, it still wears the livery of
a master. Pope, accordingly, with his usual candour,
premises in the advertisement, that 'whenever any hint is
taken from Chaucer, the passage itself shall be set down in
the marginal notes': and Mr. Bowles, with his wonted candour,
observes, 'Pope seems unwilling to confess all he owes to
Chaucer' (Bowles, [edn. of Pope's Works, 1806,] vol. ii,
[p. 293] p. 107).... But this and other imitations from Chaucer, as
well as all his minor translations, were done 'as exercises,'
in extreme youth; and we cannot, therefore, wonder either
at occasional failures in execution, or injudicious selections.",
part2_p16_a1,Vol.2,Part II,p16,1804.,"Robinson, Thomas.","Letter to Henry Crabb Robinson,","[dated] May 6th, 1804. (Crabb Robinson Letters [unpublished], in Dr. Williams’ Library, Gordon Square, W.C.) by reading the first vol. of Godwin's ""Life of Chaucer.""","Since I wrote to you I have been considerably interested
[Here follows a detailed description of that work, not flatter¬
ing to Godwin, concluding:] I have received many new ideas
and been highly delighted by some beautiful passages which
are pointed out in works of the poet, and which I was capable
of relishing in spite of the obsoleteness of the language.",
part2_p16_a2,Vol.2,Part II,p16,1804.,"Scott, Sir Walter.","Review of Ellis's Specimens of the Early English Poets,","[in] The Edinburgh Review, vol. iv, p. 156. (Mis cellaneous Prose Works of Sir Walter Scott, Edinburgh, 1834-71, 30 vols., vol. xvii., pp. 6, 9, 11.)","[p. 9] The epoch from which English may be considered as a
classical language, may be fixed in the reign of Edward III,
the age of Gower and of Chaucer, in which it was no longer
confined to what the latter has called “the drafty riming"" of
the wandering minstrel.",
part2_p16_a3,Vol.2,Part II,p16-17,1804.,"Scott, Sir Walter.","Review of the Works of Thomas Chatterton,","[in] The Edinburgh Review, April, 1804, vol. iv, pp. 228-9. (Miscellaneous Prose Works of Sir Walter Scott, 30 vols., Edin burgh, 1834-71, vol. xvii, pp. 237-8.)","[p. 237]  An instance of a curious mistake committed by Chatterton
occurs in these excerpts from the Pseudo-Rowley prose writ¬
ings. In a MS. in Chatterton's handwriting, in the Museum,
there occur several excerpts from Chaucer, apparently culled
to bolster out some intended imitations. Among others we
[p. 238] find the two lines respecting the mormal on the leg of the
pilgrims' cook–
“But great harm was yt, as it thought me,
That on his skinne a mormall had he.""
Skinne is here miscopied for shin. This mistake, and
another more whimsical, we can trace into the ‘Rolle of
Seyncte Bartholæmeweis Priorie,’ printed in Barret's History
of Bristol, to whom it was communicated by Chatterton.
Among a list of medical books... we find... Johan
Stowe of the cure of mormalles and the waterie leprosie: the
rolle of the blacke mainger. In a note on these two last
articles, we are told, “Chaucer says, on his skin a mormalle
had he and a blacke manger."" Now, in the first place
Chatterton, adhering to his erroneous transcript from Chaucer,
of skinne for shinne, has made Johan Stowe lecture on the cure
of mormalles as if they were, like the leprosy, a cutaneous
distemper, and not a cancer on the bone. But, besides, he
has so far mistaken his author as to take blanc-manger, a dish
of exquisite cookery, which is pronounced by Chaucer to be
the cook's masterpiece of skill, for blacke manger, some strange
and nondescript disease... Chaucer's words are–
"" But gret harme was it, as it thoughte me,
That on his shinne a mormal hadde he,
For blanc-manger that made he with the best.""",
part2_p17_a1,Vol.2,Part II,p17-19,1804.,"Scott, Sir Walter.","Review of Godwin's Life of Chaucer,","[in] The Edinburgh Review, vol. iii, Jan. 1804, art. xvi, pp. 437-52. (Miscellaneous Prose Works of Sir Walter Scott, 30 vols., Edinburgh, 1834-71, vol. xvii, pp. 55-80.)","[p.55] The perusal of this title excited no small surprise in our
critical fraternity. The authenticated passages of Chaucer's
life may be comprised in half a dozen pages; and behold two
voluminous quartos!
. . . . . . . . . .
[p. 56] The reader will learn, with admiration, that Mr. William
[p. 57] Godwin’s two quarto volumes contain hardly the vestige of an
authenticated fact concerning Chaucer, which is not to be
found in the eight pages of Messrs. Thomas Tyrwhitt and
George Ellis. The researches into the records have only pro¬
duced one or two writs, addressed to Chaucer, while clerk of
the works; the several grants and passports granted to him by
Edward III and Richard II which had been referred to by
former biographers; together with the poet's evidence in a
court of chivalry, a contract about a house, and a solitary
receipt for half a year’s salary. These, with a few documents
referring to John of Gaunt, make the Appendix to the book,
and are the only original materials brought to light by the
labours of the author.
. . . . . . . . . .
[p. 65] The public are indebted to Mr. Godwin for the recovery of
[p. 66] Chaucer's evidence in a question about bearing arms, occurring
betwixt Scrope and Grosvenor*; but the manner in which it
is narrated, is a good illustration of the strained inferences
concerning Chaucer’s temper and disposition, deduced by his
biographer from the most common and trivial occurrences.
. . . . . . . . . .
[p. 68] Some particular passages of the life, are less fancifully and
more correctly delineated. Mr. Godwin combats, and in our
opinion successfully, the opinion of those who deny the
honourable claim of Thomas Chaucer, to call the poet father:
and he has vindicated the relation, which the Dreme of
Chaucer unquestionably bears to the History of John of
Gaunt.
The critical dissertations upon Troilus and Creside, and
Chaucer's other poems, have considerable merit. They are
the production of a man who has read poetry with taste and
feeling; and we wish sincerely, that instead of the strange
[p. 69]  farrago which he calls the life of Chaucer, he had given us a
correct edition of the miscellaneous poetry of the author, upon
the same plan with Mr. Tyrwhitt's admirable Canterbury
Tales.
. . . . . . . . . .
We were much surprised to find, that the Canterbury Tales,
[p 70] the most important, as well as the most exquisite, of Chaucer's
productions, have attracted so little of Mr. Godwin's attention.
He might have displayed, in commenting upon poems as varied
in subject as in beauty, his whole knowledge of the manners
of the middle ages, were it ten times more extensive. But
Mr. Godwin, beginning probably to write before he had con¬
sidered either the nature of his subject, or the probable length
of his work, had exhausted both his limits and materials ere
he came to the topic upon which he ought principally to have
dwelt. The characters, therefore, of the several pilgrims, so
exquisitely described, that each individual passes before the
eyes of the reader, and so admirably contrasted with each
other; their conversation and manners, the gallantry of the
Knight and Squire, the affected sentimentality of the Abbess,
the humour of mine Host, and the Wife of Bath; the pride
of the Monk, the humility of the Parson, the learning and
* We hold this to be the only circumstance of importance, which
Mr. Godwin’s researches have brought to light; and so far our thanks
are due to him.
poverty of the Scholar, with the rude but comic portraits of
the inferior characters, are, in the history of the life and age
of Chaucer, of which they form a living picture, passed over
in profound silence, or with very slight notice. The truth is,
Mr. Godwin's speed and strength were expended before he
came within sight of the goal, and he saw himself compelled
with a faint apology to abandon that part of his subject which
must have been universally interesting. The few remarks
which he has made upon the Canterbury Tales, induce us to
believe that he has seen and regretted his error; but it is a
poor excuse, after writing a huge book, to tell the reader that
it is but “superficial work,” because the author “came a novice
to such an undertaking.”
. . . . . . . . . .
[p.79] But, upon the whole, the Life of Chaucer, if an uninterest¬
[p. 80] ing, is an innocent performance; and were its prolixities and
superfluities unsparingly pruned (which would reduce the work
to about one fourth of its present size), we would consider it as
an accession of some value to English literature.",
part2_p19_a1,Vol.2,Part II,p19,1804.,"Scott, Sir Walter.","Sir Tristrem, a Metrical Romance... by Thomas of Ercildoune, edited by Walter Scott, title-page and","pp. xxviii, xliv, xlviii, lvi Iviii, lxi, lxviii, lxxxivn. [Quotation on title-page:] Now, hold your mouth, pour charitie, Both Knight and Lady fre,... [to] Anon I wol you tel.—CHAUCER. [Sir Thopas, ll. 180-5.] [p. xxviii] Saxon, although spoken chiefly by the vulgar, was gradu ally adopting, from the rival tongue, those improvements and changes, which fitted it for the use of Chaucer and Gower. [p. xliv] [Chaucer's “French of Stratford atte Bowe"" alludes to the difference between proper French and Anglo-Norman.] [p. lvi] [The 'sotherne' Persones 'rim ram ruf' points to alliteration as then being a characteristic of northern poetry.] [p. lxi] The romance of Wade, twice alluded to by Chaucer, but now lost, was probably a border composition. The castle of this hero stood near the Roman Wall.","pp. xxviii, xliv, xlviii, lvi Iviii, lxi, lxviii, lxxxivn.
[Quotation on title-page:]
Now, hold your mouth, pour charitie,
Both Knight and Lady fre,...
[to]
Anon I wol you tel.—CHAUCER.
[Sir Thopas, ll. 180-5.]
[p. xxviii] Saxon, although spoken chiefly by the vulgar, was gradu¬
ally adopting, from the rival tongue, those improvements and
changes, which fitted it for the use of Chaucer and Gower.
[p. xliv] [Chaucer's “French of Stratford atte Bowe"" alludes to the
difference between proper French and Anglo-Norman.]
[p. lvi] [The 'sotherne' Persones 'rim ram ruf' points to alliteration
as then being a characteristic of northern poetry.]
[p. lxi] The romance of Wade, twice alluded to by Chaucer, but
now lost, was probably a border composition. The castle of
this hero stood near the Roman Wall.",
part2_p1_a1,Vol.2,Part II,p1,1801.,"Aikin, John.","General Biography, or Lives, critical and historical, of the most eminent persons. ...","vol. ii, pp. 647/2 to 649/2 Chaucer, Geoffrey.","[The life is taken from the Biographia Britannica; Tyrwhitt’s edition and theories are referred to, and the ‘true
poetical character' of Chaucer's work is insisted upon.]",
part2_p1_a2,Vol.2,Part II,p1,1801.,"Ellis, George.","Specimens of the Early English Poets, To which is prefixed An Historical Sketch of the Rise and Progress of the English Poetry and Language;","3 vols. [This “Historical Sketch,"" in which nearly all the references occur, is not in first edn., 1790.]","[Vol. i: Language, pp. 2, 7, 40, 85 n., 86 n., 126, 131,
229, 390; “King Horn” in Sir Thopas, 106; Chaucer's
satire of the Romances and Love-Songs in Sir Thopas, 111,
Edward III. and Chaucer, 172-4; Gower and Chaucer, 177-9,
261; Lydgate and Chaucer, 273-6; quotation from Troilus
(Il. 1793-8), 10, 130; Gamelyn and Beryn, 346-7; Com¬
pleynt of Venus, 174-9; Hous of Fame, 406; chapter viii,
pp. 199-224 is on Chaucer, gives some facts based on Tyrwhitt,
and quotes from Court of Love, Canterbury Tales, Parlement
of Foules, Legend of Good Women, Complaint of the Black
Knight, Troilus, Rom. Rose; respect felt for Chaucer in the
sixteenth century, 132. Other references, pp. 144, 147, 158,
169 and n., 225, 226, 231, 266, 293 n., 298, 299-300 nn.,
305, 315-16, 320-1, 341, 349, 361, 385; vol. ii, pp. 2-3,
vol. iii, pp. 176, 409.]",
part2_p1_a3,Vol.2,Part II,p1,1801.,"Leyden, John.","The Complaynt of Scotland,","ed. J. Leyden, Edinburgh.","[Testament of Love quoted as Chaucer's, p. 80; quotation
from John de Irlandia mentioning the moral influence of the
works of Chaucer and Gower, p. 86; Orisoune of Chaucer
quoted, pp. 87-93; quotation from the Parlement of Foules
"" attributed to Chaucer,"" p. 104; mention of the vigorous
description of a sea-fight in Legend of Good Women
(Cleopatra), reference and quotation, pp. 114, 115; Nonne
Prestes Tale mentioned as anterior to Cockleby’s Sow, p. 134
n.; passing references to musical instruments in Chaucer, pp.
153-5; brief mention of Canterbury Tales, p. 236; Arthur
in the Romaunt, p. 237; references to The Maying of Chaucer,
p. 245; source of Frankeleyns Tale, quotation from Tyr¬
whitt's edition, p. 262; the “Kingis note"" (Milleres Tale),
p. 277; authorship of the Orisoune of Chaucer, p. 289.]",
part2_p20_a1,Vol.2,Part II,p20,1804.,"Southey, Robert.","Letter to John Rickman,","dated Jan. 20, 1804. (Life and Correspondence of Robert Southey, 1850, vol. ii, p. 251.)","This vile reviewing still birdlimes me; I do it slower than
anything else... Yesterday Malthus received, I trust, a
mortal wound from my hand; to-day I am at the Asiatic
Researches-Godwin’s Life of Chaucer is on the road to me.","[There is an apparent discrepancy of date here, as Southey's review of Godwin's Chaucer is in The Annual Review for 1803, q.v. above. But the volume did not appear until April 1804, so that Southey doubtless did not write the review until February 1804. He alludes to his expectation of the arrival of Godwin's life of Chaucer in two other letters (1) to John King, dated Keswick, Nov. 19, 1803, and (2) to Miss Barker, dated Keswick, 1804 (Selections from the letters of Southey, ed. J. W. Warter, 1856, vol. i, pp. 245, 254).]"
part2_p20_a2,Vol.2,Part II,p20,1804.,"Southey, Robert.","Letter to S. T. Coleridge,","dated Feb. 1804. (Life and Correspondence of Southey, 1850, vol. ii, pp. 266, 267, 268.)","I am not sorry that you gave Godwin a dressing...
I daresay he deserved all you gave him; in fact I have
never forgiven him his abuse of William Taylor, and do
now regret, with some compunction, that, in my reviewal of
his Chaucer, I struck out certain passages of well-deserved
severity.",
part2_p20_a3,Vol.2,Part II,p20,1804.,Unknown.,"Review of Godwin's Life of Chaucer,","[in] The European Magazine and London Review, vol. xliv, pp. 441-6; vol. xlv, pp. 44-8, 121-30, 201-11, 281-93.","[A running commentary, in which the writer has “most
painfully and anxiously endeavoured"" to compress the
evidence on Chaucer’s life, manners, habits, the features of his
mind, and the principal traits of his character [xlv, 292].
The main point made in the criticism is that Godwin did not
seem well to understand the difference between biography and
general history, and that he discoursed too largely on con¬
temporary affairs, not mentioning Chaucer for chapters
together.]",
part2_p20_a4,Vol.2,Part II,p20,1804.,Unknown.,"On the Use of the words “Shall"" and ""Will""","[in] The Literary Magazine and American Register, Philadelphia, Feb. 1804, vol. i, p. 356.","In Chaucer ""the faithe I shall to God"" means the faith I
owe to God; thence it [shall] became a sign of the future
tense.",
part2_p21_a1,Vol.2,Part II,p21,1804.,Unknown.,"Character of Chaucer, by Godwin,","[in] The Literary Magazine and American Register, Philadelphia, April, May, 1804, vol. ii, pp. 48-53, 121-6.","[Quotation, from Godwin, of biographical statement and
literary estimate–""a sort of recapitulation of the work.""]",
part2_p21_a2,Vol.2,Part II,p21,1804.,Unknown.,"Godwin and Malthus,","[in] The Literary Magazine and American Register, Philadelphia, August 1804, vol. ii, p. 361.","[Note that in his Life of Chaucer, Godwin seemed to have
renounced the principles of policy and government raised in
his Political Justice.]",
part2_p21_a3,Vol.2,Part II,p21,1804.,Unknown.,"The Squire’s Tale, imitated from Chaucer,","[in] The Poetical Register and Repository of Fugitive Poetry for 1804, London, 1806, pp. 275-92.","Where wide the plains of Tartary extend,
And Sarra’s towers in glittering pomp ascend,
A monarch reigned, who made proud Russia yield
Beneath his arm, in many a bloody field:
Cambuscan was the mighty hero's name,
Of yore unrivall’d in the list of fame!
. . . . . . . . .",
part2_p21_a4,Vol.2,Part II,p21,1804.,Unknown.,"Review of Ellis's Specimens of Early English Poetry,","[in] The Edinburgh Review, April, 1804, vol. iv, pp. 154, 156-8.","[p. 154] To this specimen of Saxon poetry [Ode on Æthelstan's
victory] Mr. Ellis has subjoined a translation of it into the
English of the age of Chaucer, which we recommend to our
readers as one of the best executed imitations that we have
ever met with. It was written by a friend of Mr. Ellis
(Mr. Frere, if we mistake not) while at Eton School, and
struck us with so much surprise, that we are obliged to
extract a passage...
‘The Mercians fought I understond,
There was gamen of the hond' [etc.]
[See Ellis, above, 1801. The translation as given in George
Ellis's Specimens of the Early English Poets, London, 1801,
vol. i, pp. 32-4, is not there noted as Chaucerian.]",
part2_p22_a1,Vol.2,Part II,p22-23,1804-5.,"Wharton, Richard.","Fables: consisting of Select parts from Dante, Berni, Chaucer, and Ariosto, imitated in English Heroic Verse,","by Richard Wharton, 2 vols. Vol. i, pp. 70-99. [The Franklein’s Tale from Chaucer.] Heroic Poem in six books, founded upon and comprising a free Vol. ii, pp. i-xvi, 1-199. Fables, containing Cambuscan, an imitation of Chaucer's fragment on that subject, 1805.","[Wharton's version of the celebrated lines on love may
serve as a specimen of his modernization:]
[vol. i,
p. 73]
Gentles, who hear the tale, learn this from me,
Love cannot bloom beneath authority.
That union best endures where each receives
A little grace, and each a little gives;
For Love, if either strive to rule alone,
Extends his wings and farewell! he is gone.
Love is a thing as any spirit free
Lost by restraint and gained by liberty.
. . . . . . . . . . .
Mr. Pope's imitation,
Spreads his light wings and in a moment flies,
however beautiful in the structure of the verse, is weaker
than the original,
Beateth his wings and farewell, he is gone–
the active flies not conveying the idea of the immediate effect
of authority so forcibly as the passive, is gone. Perhaps this
may seem too fine a criticism; but it has induced me to
preserve as much of Chaucer's line as was consistent with
modern idiom.
[vol. ii,
p. iv]
[Introductory Advertisement. The author defends his use
of Dryden's heroic couplet:] Chaucer, had he lived at a later
period, though he would have preserved his nice discrimination
of character, and the forcible style which brings action before
the reader's eye, would have enriched his poems with all the
graces which Time, Taste, and Learning have interwoven into
the originally coarse fabric of his native tongue. To copy the
turn of thought, the boldness of figure, and the animation of
Chaucer's poems, is to copy Chaucer: to preserve his hobbling
cadences and obsolete phrases is to copy the baldness of our
language at the period when he lived. Had Chaucer lived in
the seventeenth century, he would have given us his Palamon
and Arcite, as Dryden has dressed it...
[p. v] I shall acquit myself more to the satisfaction of the critical
world by keeping in mind the language and numbers in which
Dryden has told some of the Canterbury Tales, than by
sedulously imitating the dryness of the original poems: the
expression of Chaucer being, indeed, strong and quaint; but
very inadequate to convey either his ideas or Dryden’s.",
part2_p23_a2,Vol.2,Part II,p23,1805-6.,"Cary, Henry Francis.",The Inferno of Dante Alighieri...,"with a translation in blank verse, notes... by the Rev. Henry Francis Cary, 2 vols. Notes, vol. i, pp. 66 [quotation from the non-Chaucerian Chaucer’s Dream], 251 [Ser Brunetto’s Tesoretto ‘is a curious work, not unlike the writings of Chaucer in style and numbers’]; vol. ii, pp. 260 [quotation from the Squieres Tale, for Achilles’ spear], 281 [Genilon, in Nonne Preestes Tale, and ‘Peter of Spaine,’ in Monkes Tale].",,"[For Cary's complete translation of the Divina Commedia, with these and addi tional Chaucer references in the notes, which are there printed together at the end of each volume, see below, 1814.]"
part2_p24_a1,Vol.2,Part II,p24,1805.,"Drake, Nathan.","Essays Biographical, Critical and Historical, Illustrative of the Tatler, Spectator and Guardian,","3 vols., London, 1805; vol. i, p. 306-7; vol. ii, pp. 66, 69, 169, 261-2, 294-300, 305; vol. iii, pp. 85, 89, 108.","[vol. i,
pp. 306-
[On Addison's remarks on Chaucer in the Account of the
307]
Greatest English Poets:]
Chaucer is distinguished merely by his powers of exciting
merriment, a most inadequate representation of this fine
old poet, whose vein of description and pathos is remark¬
ably rich and pure.
vol. ii,
pp. 66-9]
[Quotation from Dryden’s Preface to the Fables.]
[pp.
[Quotations from Il Penseroso and Warton.]
251-2]
[pp.
[On Chaucer's debt to the Decameron in the framework of
[pp. 294-300] the Canterbury Tales; the contrast of the pilgrims, p. 296;
Chaucer's ""intimate acquaintance with Arabian literature
and fable"" in the Squieres Tale. Chaucer's debt to the Italians,
with quotation from Godwin.]",
part2_p24_a2,Vol.2,Part II,p24,1805.,"Edgeworth, Maria.","The Modern Griselda, a Tale,","pp. 39-40, 43-55.","[This is not based on The Clerkes Tale, to which, however,
the authoress owes some suggestion.
[p. 39] Mention of the Clerkes Tale, which is read at a “reading
party "" (Chap. iv)—in the heroic couplets of Ogle [q.v. above,
1739 and 1740, vol. i, pp. 384, 389], and one passage,
corresponding to Clerkes T., is quoted thus :—
""Swear, that with ready will and honest heart,
Like or dislike, without regret or art;
In presence or alone; by night or day,
All that I will you fail not to obey,"" etc.
These words produce a lively discussion. “Had Chaucer
lived in our enlightened times, he would doubtless have
drawn a very different character,” says Mr. Granby; and
another speaker cites the usual statement on “the times in
which he wrote.”
This book was quoted the same year in America, and
was translated with the Clerkes Tale into French in 1813.
See Appendix B, 1813.]",
part2_p24_a3,Vol.2,Part II,p24,1805.,"Ellis, George.","Specimens of Early English Metrical Romances,","edited by George Ellis, in three volumes. Vol. i, p. 124, Chaucer and Wade; vol. ii, p. 5, Sir Guy mentioned by Chaucer as a romance of price; brief reference, vol. i, p. 125.",,
part2_p25_a1,Vol.2,Part II,p25,1805.,"Scott, Sir Walter.","Letter to George Ellis,","[in] Lockhart's Memoirs of the Life of Sir Walter Scott, ed. 1900, 5 vols, vol. i, p. 408.","As for the British Poets, my plan was greatly too liberal to
stand the least chance of being adopted by the trade at large,
as I asked them to begin with Chaucer.",
part2_p25_a2,Vol.2,Part II,p25,1805.,"Todd, Henry John.","The Works of Edmund Spenser,","8 vols. [A variorum edn., with life, new notes, and glossary by Todd.] Vol. i, [Life of Spenser], pp. clvi [Spenser buried by Chaucer at his own desire, epitaphs on him], clvii n, quotation from Sir John Davies' Orchestra, 1596 [q.v. above, vol. i, p. 140], clix n [quotation from Don Zara del Fogo, 1656, q.v. above, vol. i, p. 232]. [Also notes on the text throughout, mainly parallels for the use of words.]",,
part2_p25_a3,Vol.2,Part II,p25-26,1805.,"Whitaker, Thomas Dunham.","History and Antiquities of... Craven in the County of York,","pp. 195, 227, 286, 289, 307, 335, 336-9, 345-8, 350-2, 362, 423, 424. [The references in the second edition, 1812, are pp. 207, 254, 326, 329 (wrongly numbered 366), 348, 394, 395, 396, 397, 405-7, 412 (the reference to lytel Lowys being excised), 493-4. In the third edition, ed. A. W. Morant, 1878, the references are, pp. 269, 325, 399, 401, 419, 464, 473-5 (with the suppression noted above), 496, 574, 575.]","[p. 195 n.] [Reference to gore in C. Tales.]
[p. 227] [Reference to “the canon’s yeoman in Chaucer, whose tale
is perhaps the finest satire upon chemical jugglers to be found
in any language.""]
[p. 286] [Quotation from Milleres Tale, Il. 134-5, on waget.]
[p. 289 n.] [References to Knight's Tale.]
[p. 335 n.] [Quotation from Knight's Tale.]
[p. 336 n.] [Quotation from Legend of Good Women.]
[p. 345]
The English language underwent no very considerable change
from the reign of Edward the Third to that of Edward the
Fourth. The style of Gower is not materially different from
that of Lydgate. Of Langland and Chaucer I say nothing.
The great Poet wrote the language of no age; the rude Satyrist
that of an age long prior to his own.
[A footnote to this reads:] Skinner's remark on the elder
Bard is well known: “Integra verborum plaustra invexit.”
[Whitaker then proceeds to quote from a MS. at Bolton,
vhich he ascribes to the Canons, and which begins:
Why artt thow soo poure man, and I ame soo ryche?
The quotation is given “as a commentary on some parts of
the Chanones Yeman's Tale, in order to shew with what
exactness Chaucer copied, while he derided the jargon of that
pretended science."" Extracts follow, pp. 347-8.]
[pp. 350-2] [Whitaker gives an excerpt from a Latin treatise on astro¬
nomy, ascribed to the same source, and proceeds:]
This treatise is evidently one of those many conclusions on
the subject of Astronomy spoken of by Chaucer as extant in
his time, which the Latin folk had in Latin; but when the
Canons of Bolton lectured their illiterate pupil and patron
[Henry, Lord Clifford the Shepherd], they must have imitated
the condescension of that Bard to lytel Lowys, in shewing hym
wonder lyght Rules, and naked Wordes in Englysh, for Latyn
ne canst thou but smale, my sonne.
[p. 362] [Quotation from Legend of Good Women.]
[p. 423] [Reference to the Romaunt of the Rose.]
[p. 424] [Quotation from Reeves Tale with remarks which imply that
the two scholars of Soleres Hall (of a town highte Strother)
came from Longstrother, their dialect “being precisely the
modern dialect of Craven.""]",
part2_p26_a1,Vol.2,Part II,p26,1805.,"Wordsworth, William.","Letter to Walter Scott,","Nov. 7, 1805, [in] Letters of the Wordsworth Family, ed. Knight, 3 vols., 1907, vol. i, p. 208. [Also printed in] J. G. Lockhart's Memoirs of the Life of Sir Walter Scott, 1837, vol. ii, p. 81. (Library of English Classics, edited by A. W. Pollard, 1900, vol. i, ch. xiv, p. 434.)","... I do not mean to say there is nothing of this [poetical
language in the highest sense, language of the imagination, or
the intense passions] in Dryden, but as little, I think, as is
possible, considering how much he has written. You will
easily understand my meaning, when I refer to his versifica¬
tion of Palamon and Arcite, as contrasted with the language
of Chaucer.",
part2_p26_a2,Vol.2,Part II,p26,1805.,"Wordsworth, William.","Prelude,","Book III, ll. 278-81. (The Poetical Works of William Wordsworth, ed. W. Knight, 1896, vol. iii, p. 176.)","Beside the pleasant Mill of Trompington
I laughed with Chaucer in the hawthorn shade;
Heard him, while birds were warbling, tell his tales
Of amorous passion.",
part2_p27_a1,Vol.2,Part II,p27,1806.,"Cary, Henry Francis.","Letter to Miss Seward,","dated Aug. 16, 1806, [in] Memoir of the Rev. F. H. Cary... by his Son, 1847, 2 vols., vol. i, pp. 227, 238.","[p. 227] Your opinion of Dante himself I do not attempt to con¬
trovert.. Together with Chaucer and Spenser, it will ever
be to you, as ""caviare to the multitude,"" and as Ossian to me.
[p. 238] [Miss Seward “was not to be silenced."" She says, in the
course of a very long letter, that there is more reason to
suppose the “coldness of a poetic mind"" to the beauty and
sublimity of Madoc is “the result of prejudice"" than “to
fancy any sensibility of the real faults of Chaucer, Spenser,
and Dante a sort of unhallowed irreverence for crude and
easy composition.""]",
part2_p27_a2,Vol.2,Part II,p27,1806.,"Chalmers, George.","Notes to Poetical Works of Sir David Lyndsay ... with a life... dissertation, and... glossary,",3 vols.,"[Vol. i (Life and Dissertation): statement that there were
12 edns. of Chaucer between 1475 and 1602, and that none was
printed out of England; Chaucer master of Scots and English
Poets, pp. 90, 99; citation from The Flyting of Montgomery and
Polwart: “Fra Lyndsay thou tuik, thou’rt Chaucer’s cuik,” p. 102;
Chaucer and the Scots poets, pp. 123, 127, 131 ; Chaucer and
James I, pp. 134-6; Chaucer and Lydgate, p. 189 n.; versification,
pp. 180-2; language, pp. 138, 141, 144-53, 155-9, 165, 168-179,
180-2, 190 n. Many other references in the notes and glossary.]
[p. 172] It is' apparent, from this minute examination, that, of
Lyndsay's words, about 1, in 24, is obsolete; and of Chaucer's
1, in 20; yet, the languages of the two poets are the same
English... and yet Chaucer died in 1400, and Lyndsay in
1557.",
part2_p27_a3,Vol.2,Part II,p27,1806.,"Fox, Charles James.",Record of Fox's veneration for Chaucer and reading of Dryden’s Palamon and Arcite.,"See below, 1811, Trotter. For a letter to Charles Grey referring to Chaucer's love of birds, see below, App. A., 1800.",,
part2_p27_a4,Vol.2,Part II,p27-28,1806.,"Lamb, Charles.","Letter to William Wordsworth,","[dated] Feb. 1, 1806. (The Works of Charles and Mary Lamb, ed. E. V. Lucas, 1903-5, 7 vols., vol. vi, Letters, p. 333.)","We have made some alterations in the Editions since your
sister's directions.  ... The Spencer [sic] and the Chaucer,
being noble old books, we did not think Stockdale’s modern
volumes [of Shakespeare] would look so well beside them.
... The state of the purchase then stands thus,
Urry’s Chaucer.... £1 16 —
Pope's Shakespeare.... 2 2 –
Spenser [sic]..... 14 –
Milton. . . . . . 1 5 –
Packing Case, &c.  .... 3 6
—————
6 — 6",
part2_p28_a1,Vol.2,Part II,p28,1806.,"Mitford, Mary Russell (Mother of Miss Mary R. Mitford).",List of Books read January 1806.,"[This is a list of books, made by her mother, which Miss Mary R. Mitford read during the above month.] The Life of Mary Russell Mitford... ed. Rev. A. G. L’Estrange. 1870, vol. i, p. 30.","List of Books read January 1806.
vols.
Fourth Volume of Canterbury Tales.. 1","[The edition must be Tyrwhitt's, 1775.]"
part2_p28_a2,Vol.2,Part II,p28,1806.,"Seward, Anna.",Letter,"dated May 31, 1806 [referring to Chaucer's meeting and conversation with Petrarch].Letter to Mrs. Jackson, dated June 3, 1806. (Letters of Anna Seward, 6 vols., Edinburgh, 1811, vol. vi, pp. 257, 268-70, Letters XLVI and XLVII.)","[p. 268]
[Reference to Godwin's Life, on which the writer continues:]
[p. 269] This author is insanely partial to the poetic powers of
Chaucer, whose compositions, allowing for the disadvantage of
obsolete language, have so little good which is not translation,
and so much that is tedious, unnatural, conceited, and obscure.
Amid scenes and circumstances, so much more interesting than
any which appertain to Chaucer, the poet pops up his nose at
intervals, like a wooden buoy, floating, sinking, and rising,
amongst a throng of gallant boats and vessels, on the billows
of the ocean.",
part2_p28_a3,Vol.2,Part II,p28,1806.,"[Southey, Robert.]","Review of Chalmers' Poetical Works of Sir David Lyndsay,","[in] The Annual Review, vol. v, art. i, p. 494.","Happy are the Scotch Poets, for they shall find editors. Is
it not disgraceful, that of all Chaucer's works, only the
Canterbury Tales have been well edited?",
part2_p28_a4,Vol.2,Part II,p28,1806.,"[Southey, Robert.]","Review of Lord Holland’s Account of Lope de Vega,","[in] The Annual Review, vol. v, art. xvi, p. 401.","[The Latin rhymes] into which Sir Francis Kynaston trans¬
lated part of Chaucer's Troilus and Cressida, strange as they
at first appear, are exceedingly beautiful.",
part2_p29_a1,Vol.2,Part II,p29,1806.,Unknown.,"Review of Hoare's ‘Giraldus Cambrensis,’","[in] The Edinburgh Review, July, 1806, vol. viii, p. 403.","Girald has collected all the vituperative reflections upon
the fair sex which either sacred or profane authors afforded,
with an industry only exceeded by the fifth husband of the
Wife of Bath, who compiled the treatise,
“Where divers authors (whom the Devil confound)... [to]
And Venus sets ere Mercury can rise.""",
part2_p29_a2,Vol.2,Part II,p29,1806.,"Wordsworth, William.","Letter to Lady Beaumont,","[printed in] Letters of the Wordsworth Family, ed. W. Knight, 3 vols, 1907, vol. i, p. 280.","Out of this alley... should be a small blind path leading
to a bower, such as you will find described in the beginning
of Chaucer's poem of The Flower and the Leaf, and also in
the beginning of the Assembly of Ladies.",
part2_p29_a4,Vol.2,Part II,p29,1807.,"Beloe, William.",Anecdotes of Literature.,"For vol. ii, see below, App. A, 1807; for vol. vi, below, 1812.",,
part2_p29_a5,Vol.2,Part II,p29,1807.,"Byron, George Gordon, Lord.","List of the different Poets, dramatic or otherwise, who have distinguished their respective lan guages by their productions,","[in Byron’s memorandum-book, dated Nov. 30, 1807]. Life and Works of Byron, ed. Moore, edn. 1835, 17 vols., vol. i, pp. 147-8; Murray’s 1-vol. Life, by Moore, 1908, p. 49.","In my list of English, I have merely mentioned the greatest;
–to enumerate the minor poets would be useless, as well as
tedious. Perhaps Gray, Goldsmith, and Collins, might have
been added, as worthy of mention, in a cosmopolite account.
But as for the others, from Chaucer down to Churchill, they
are ‘voces et præterea nihil’; —sometimes spoken of, rarely
read, and never with advantage. Chaucer, notwithstanding
the praises bestowed on him, I think obscene and con¬
temptible:—he owes his celebrity merely to his antiquity,
which he does not deserve so well as Pierce Plowman, or
Thomas of Ercildoune.","[This was first printed in Moore's Letters and Journals of Lord Byron, 1830, vol. i, pp. 100-1.]"
part2_p2_a1,Vol.2,Part II,p2,1801.,"Strutt, Joseph.","Glig-Gamena Angel-þeod, or the Sports and Pastimes of the People of England... from the earliest period to the present time.",,"Court entertainments in Hous of Fame, p. xxiii; Chaucer's
[English mediæval setting of the Knight's Tale, p. vi;
attitude to the monks who loved hunting (in this connection
the Ploughman's Tale is mentioned as Chaucer's), p. 8; brief
mention of Sir Thopas as a hunter and archer, pp. 22, 40;
quotation from description of the Yeoman in the Prologue,
ll. 103-8, p. 47; wrestling, quotation from Chaucer's descrip¬
tion of the knight and the miller, p. 64; description of
miracles as represented in Chaucer's day; reference in foot¬
note to Wife of Bath's Prologue, p. 117; significance of
‘Tragedy' as used by Chaucer illustrated by quotation from
Prologue to the Monk's Tale, p. 122; brief reference and
quotation concerning jesters, p. 137; references given to
tregetours and joggleurs in Chaucer, pp. 153, 154, 156; brief
reference, p. 158; brief mention of hoppesteres, p. 173;
tymbesteres in Chaucer's translation of Le Roman de la Rose,
reference and quotation, p. 177; brief mention of dancing in
Chaucer, p. 222; brief mention in footnote of swinging,
p. 226. Other references, mostly slight, pp. 30, Testament of
Love quoted as Chaucer’s, 142, 144, 233 n., 262 n., 275 n.,
298 n.]",
part2_p2_a2,Vol.2,Part II,p2,1801.,Unknown.,"Note [to the article entitled] Remarks on the Genius and Writings of Allan Ramsay,","[in] The Edinburgh Magazine or Literary Miscellany, New Series, April 1801, p. 261. [A cutting of this article is included by Joseph Haslewood in his Collections for the Lives of the English Poets, c. 1833, vol. iii, p. 817, q.v.]","[Almost as much difference in language between Christ’s
Kirk on the Green and The Gaberlunzie Man as between
Chaucer and Spenser.]",
part2_p2_a3,Vol.2,Part II,p2-3,1801.,"Wordsworth, Dorothy.","Journal,","ed. W. Knight, 1897, 2 vols., vol. i, pp. 67-9, 73-4.","Friday, 4th [Dec. 1801].  ... Wm. translating The
Prioress's Tale.
Saturday, 5th.  ... Wm. finished The Prioress's Tale, and
after tea, Mary and he wrote it out.  ...
Sunday, 6th.  ... Wm. worked a while at Chaucer, then
[p. 68] we set forward to walk into Easedale.  ... In the afternoon
we sate by the fire: I read Chaucer aloud...
[p. 69]
Monday Morning, 7th.  ... William at work with Chaucer,
The God of Love.
Tuesday, 8th Dec. 1801.... Wm. at work with Chaucer.
... William worked at The Cuckoo and the Nightingale till
he was tired.
Wednesday Morning, 9th December.... I read Palemon
[sic] and Arcite.... William writing out his alteration of
Chaucer's Cuckoo and Nightingale....
[p.73] Tuesday, 22nd [Dec.].... We sate snugly round the fire.
I read to them the Tale of Constance and the Syrian Monarch,
in the Man of Lawe's Tale, also some of the Prologue....
Wednesday, 23rd.... Mary wrote out the Tales from
Chaucer for Coleridge....
Thursday, 24th. Still a thaw. Wm., Mary, and I sate
comfortably round the fire in the evening, and read Chaucer....
[p.74] Saturday, 26th. After tea we sate by the fire comfortably.
I read aloud The Miller's Tale.",
part2_p30_a1,Vol.2,Part II,p30,1807.,"Cockloft, Pindar, pseud. [Irving, Washington.]","To Lancelot Langstaff. Esq.,","[in] Salmagundi, Feb. 1807. (Irving’s Works, 27 vols., 1880-3, vol. xvi, p. 68.)","O, 'twould do your heart good,
Launce, to see my mill grind
Old stuff into verses and poems refined :—
Dan Spenser, Dan Chaucer, those poets of old,
Though covered with dust, are yet true sterling gold;
I can grind off their tarnish, and bring them to view,
New-modell’d, new-mill’d, and improved in their hue.",
part2_p30_a2,Vol.2,Part II,p30,1807.,"Coleridge, Samuel Taylor.","Letter to Sir H. Davy,","Sept. 11, 1807. (Letters of S T. Coleridge, 1895, vol. ii, pp. 515-16.)","[Coleridge is sketching a series of lectures.] 2. On Spenser,
including the metrical romances, and Chaucer, though the
character of the latter as a manner-painter I shall have so
far anticipated in distinguishing it from, and comparing it
with, Shakespeare.",
part2_p30_a3,Vol.2,Part II,p30,1807.,"Dibdin, Thomas Frognall.","The Director; A Weekly Literary Journal,","2 vols.; vol. i, pp. 126-8, 345; vol. ii, pp. 207, 280.","[p.126] Royal Institution. The fourth lecture of the Rev. Mr.
Dibdin, on the rise and progress of English literature, was
devoted entirely to the life and writings of Chaucer.
[p. 127] [Doubts as to Gower's chronological priority to Chaucer;
events of Chaucer's life; his works discussed, especially the
[p. 128]  'Canterbury Tales'; the testimony of English authors, from
Ascham to Warton, in praise of Chaucer; and the need of an
improved edition of his poems.]",[Dibdin's Lectures appear never to have been published in full.]
part2_p30_a4,Vol.2,Part II,p30,1807.,"D'Israeli, Isaac.","Curiosities of Literature,","5th edn., 2 vols., 1807, vol. i, pp. 172-3 (14th edn., 3 vols., 1849, vol. i, p. 115).","Chaucer was more facetious in his tales than in his conver¬
sation, and the Countess of Pembroke used to rally him by
saying that his silence was more agreeable to her than his
conversation.","[See also below, 7th edn., 1823, and 9th edition, 1831. The 1st edn. appeared in 1791, in one vol., and contained only one Chaucer reference, on p. 508; the 2nd series appeared in 1823; the author revised the book continually until the 12th and last edn. of his lifetime, 1841.]"
part2_p31_a1,Vol.2,Part II,p31,1807.,"Douce, Francis.","Illustrations of Shakespeare and of Ancient Manners,","2 vols.; vol. i, pp. 2, 15, 43, 48, 109, 134, 177, 183, 188-9, 203-6, 215, 223, 232-3, 246, 301, 350, 407, 415-16, 474, 487, 506 ; vol. ii, pp. 7, 60, 64, 67-8, 151, 153-4, 180, 183, 213, 228, 253-4, 276, 281, 285, 351, 363, 420, 450-1.","[vol. i,
p. 15]
[Quotation from “Chaucer's Testament of Creseid,” describ¬
ing the Man in the Moon.]
[p.109] [Quotation from Troilus, Bk. iii, ll. 1366-72.]
[p 183] [Tyrwhitt quoted to the effect that “the Pluto and Proser¬
pine of Chaucer were the true progenitors of Oberon and
Titania.""]
[p. 189] [Quotation from “Chaucer's Flower and the Leafe"" for the
word henchman.]
[p. 204] [Quotation from Wife of Bath's Tale, ll. 863-74, to illustrate
fairies in Midsummer Night's Dream :] The other quotation
which Mr. Steevens has given, is not to the present purpose.
The fairies’ blessing was to bring peace upon the house of
Theseus; the night-spell in the Miller's Tale, is pronounced
against the influence of elves, and those demons, or evil spirits,
that were supposed to occasion the nightmare.
[vol. ii,
p. 64]
[Chaucer probably borrowed the plot of Troilus and Cressida
from Boccaccio's Filostrato; what Dryden said of Lollius
entirely destitute of proof.]
[p. 68] Such part of our play as relates to the loves of Troilus and
Cressida was most probably taken from Chaucer, as no other
work, accessible to Shakespeare, could have supplied him with
what was necessary.
[Most of the other references are parallel quotations from
Chaucer and illustrate the vocabulary of the plays.]
[p. 281] [On the anachronisms and some other incongruities of
Shakespeare:] From the time of Chaucer to that of Shakespeare,
there is scarcely an author to be found who is not implicated
in this accusation...
[p. 285] [Footnote.] Mr. Stothard, the most unassuming of men,
but with every claim to superior talent, has recently finished a
painting of the procession of Chaucer's Canterbury Pilgrims,
which may be classed amongst the choicest morsels of its
kind. The attention to accuracy of costume which it dis¬
plays has never been exceeded, and but very seldom so well
directed.",
part2_p32_a1,Vol.2,Part II,p32,1807.,"Hoppner, John.","Letter to Richard Cumberland, dated May 30, 1807, [printed in] Critical Description of... Chaucer's Pilgrims ... by Thomas Stothard,","by William Carey, 1808 [q.v. below], pp. 12, 13.","[The letter is a critical description of Stothard’s painting of
Chaucer's pilgrims. The painter, says Hoppner, in delineating
the pilgrims, shows that he has] studied the human heart with
as much attention, and not less successfully, than the Poet.
[There follows praise of the landscape, the freshness of the
spring morning, of which we see the influence on] the cheeks
of the Fair Wife of Bath, and her rosy Companions, the
Monk and Friar.
[The picture has a further peculiarity] that it bears no mark
of the period in which it was painted, but might very well
pass for the work of some able artist of the time of Chaucer.",
part2_p32_a2,Vol.2,Part II,p32-33,1807.,"Pindar, Peter, pseud. [Wolcot, John.]","Lines addressed to Chaucer,","[in] The Monthly Magazine, Feb. 1, 1807, vol. xxiii, p. 59.","Old jocund bard, I never pass
The Tabard, but I take a glass,
To drink a requiem to thy ghost;
Where once the pious pilgrims met,
Companions boon, a jovial set,
And midst the bands a jovial host.
Methinks I see them on the road
To Becket’s miracle-abode,
That cleans from Satan's soot the soul;
Methinks I hear their comic tale,
Delighting lanes, and hills, and dales,
And bidding time more gayly roll.
. . . . . . . .
Shall Shakespeare boast his Jubilee,
And, Chaucer, nought be done for thee,
The father of our British lays?
Oh bards, and bardlings, fie! oh fie!
And Southwark folks to you I cry,—
How are ye mute in Geoffry's praise?
Is it reserved for me alone
To boast how Chaucer's merits shone
On dark unclassic ground?
How well he touched the British lyre,
And kindled high the Muse's fire,
When not a sparkle gleamed around?
Oh then be formed a club of fame
To hail thy venerable name;
For stanzas I'll invoke the Muse,
And let me join the choral throng.
And, consequently [I] will chuse
My old friend Shield to set the song.
Ah! what though, obsolete, thy phrase
No more delights our modern days,
Like thee I strive to charm our isle;
I love thy genius in each line;
Like thee I court the Muse of Smile;
And wish to leave a name like thine!
Though obsolete, alas! thy line,
And doomed in cold neglect to shine,
By me shall Chaucer be rever'd;
Whose art a new Parnassus rais'd,
That midst barbaric darkness blaz'd,
A sun where not a star appear'd!",
part2_p33_a1,Vol.2,Part II,p33,1807.,"Seward, Anna.","Two Letters,","dated respectively Jan. 29 and April 17, to Sir Walter Scott. (Letters of Anna Seward, 6 vols., Edinburgh, 1811, vol. vi, pp. 330, 333, 336. Letters lix and lx.)","[p. 330] [Jan. 29.] He [Dryden], Spencer, and Chaucer, have, in
my opinion, been overpraised. On a balance of their beauty
and deformity, not one of them equals yourself or Southey.
[p. 383] [April 17. The writer differs from Scott's opinion that
""modern poetic talent [was] in a state of dwarfism, from
the days of Chaucer, Spencer, and Dryden.""]
[p. 336] From the writers of Spencer's period, I have gathered that
it was the fashion to speak degradingly of his powers in
comparison with those of Chaucer.",
part2_p33_a2,Vol.2,Part II,p33-35,1807.,"Southey, Robert.","Specimens of the Later English Poets, with preliminary notices,","by Robert Southey, London, 1807. In three volumes, vol. i, pp. xiii-xix.","[p. xiii] V. The classification of our Poets into schools is to be
objected to, because it implies that we have no school of our
own; a confession not to be admitted, till the prototypes and
masters of Chaucer, Shakspeare, and Milton are produced.   ...
[p. xiv] The first imported fashion was the Provençal, or Lemosin.
Chaucer composed his complimentary poems in this style.   ...
The Romance of the Rose... he must have translated for
its reputation, and not for its merit... it is impossible not
to regret, that the time bestowed upon this long and wearying
rigmarole, had not been employed upon the Canterbury
Tales.   ...
[p. xv] It is not easy to understand Chaucer's system of versifica¬
tion, whether it was metrical or rhythmical.  ... Avoiding
the harshness and obscurity of alliterative rhythm on the one
hand, and on the other the frequent recurrence and intricate
intertexture of rhymes which are found in some of the
romances; he preferred forms less rude than the one, less
artificial than the other; less difficult, and therefore more
favourable to perspicuity than either. Chaucer, therefore,
became the model of succeeding Poets; the ten-syllable couplet,
[p. xvi] in which his best poems are composed, has become our most
usual measure; and even when rhyme is disused, that length
of line which he considered as best adapted for narrative, is
still preferred for it.
Petrarca, Dante, and Chaucer, are the only Poets of the
dark ages whose celebrity has remained uninjured by the total
change of manners in Europe.   ... To attempt any com¬
parison between three writers, who have so little in common,
would be ridiculous; but... Chaucer displays a versatility
of talents, which neither of the others seem to have possessed:
in which only Ariosto has approached, and only Shakspeare
equalled him. Few, indeed, have been so eminently gifted
with all the qualifications of a Poet, essential or accidental.
[p. xvii] He was well versed in all the learning of his age, even of the
abstrusest kind; he had an eye and an ear, for all the sights
and sounds of nature; humour to display human follies, and
feeling to understand, and to delineate human passions. As a
painter of manners, he is accurate as Richardson; as a painter
of character, true to the life and spirit, as Hogarth... his
fame will stand. The more he is examined, the higher he
will rise in estimation. Old Poets in general, are only
valuable because they are old; on the contrary, nothing but
his age prevents Chaucer from being universally ranked
among the greatest Poets of his country: far indeed below
Shakspeare and Milton; perhaps below Spenser, for his mind
was less pure and his beauties are scattered over a wider and
more unequal surface,–but far above all others.
VI. The ornate style originated in Chaucer; he has just left
specimens enough to shew that he had tried the experiment,
and did not like it.   ...
[p. xix] VII. From Chaucer to the days of Henry VIII, no progress
was made in literature.  ...",
part2_p35_a1,Vol.2,Part II,p35,1807.,"Wordsworth, William.",Note to the second poem To the Daisy (1802).,"[Dated 1807 by Prof. Knight.] (Poetical Works, ed. W. Knight, 1896, vol. ii, p. 357 n.)","[Resemblance to Mr. Montgomery's poem entitled “A Field
Flower"":]
Mr. Montgomery will not think any apology due to him; I
cannot, however, help addressing him in the words of the
Father of English Poets :
"" Though it happe me to rehersin–
That ye han in your freshe songis saied
Forberith me, and beth not ill apaied,
Sith that ye se I doe it in the honour
Of Love, and eke in service of the Flour.""
[Prologue to Legende of Good Women, ll. 78-82.]",
part2_p35_a2,Vol.2,Part II,p35-37,1808.,"Carey, William (Picture Dealer).","Critical Description of the Procession of Chaucer's Pilgrims to Canterbury,",painted by Thomas Stothard.,"[This is a pamphlet of 77 pp., prefaced by a letter from Carey
to John Leigh Philips, and followed by a critical description
of the picture, which gives a detailed account of each pilgrim.
There are Chaucer allusions all through the pamphlet; the
following are the most interesting:]
[p.9] [Opening of the ‘Critical Description.’]
Many have expressed a surprise that the Procession of
Chaucer's Pilgrims was not earlier selected by some of our
distinguished Artists. But difficulties exist in the subject
sufficient to deter the generality of minds from the under¬
taking. [Difficulty of grouping a number of figures all form¬
ally directed one way.]
[p. 11] From Chaucer's minute description, the Artist has drawn
each as a Portrait in the English costume of the 14th century.
[Here follows a letter from Hoppner to Richard Cumberland,
1807, q. v. above.]
[p. 15] [The Miller that 'for dronken was all pale' is next described,
[p. 16] and his dogs; the Host with quotation from the Prologue
[p. 18] describing him, and so on.]
[p. 24] It cannot be denied that Chaucer's description of the Knight
is very marked in all its details, and very perfect. It unites
the minute accuracy of Albert Durer's St. Hubert with the
fine colouring and dignity of Holbein in his most Tizianesque
[p. 30] [Description of the Squire.]
portraits.  ...
Chaucer, when in Italy, was introduced to Petrarch, the
friend of Contemporary Art. But whether the British Bard
ever took up the pencil, or acquired any interest in the works
of others, is a question.
Nevertheless, on reading Chaucer’s life, a supposition arises,
that... he drew the character of the Squire from what he
was himself when he wrote his “Court of Love."" [To draw
their own portraits is a common practice among painters and
[pp. 43-4] [Carey does not agree with Tyrwhitt when he says that the
poets.]
Yeoman belongs to the Knight, and not to the Squire, as
Chaucer would never have given the son an attendant when
the father had none. The Yeoman was young, and so probably
the Squire's attendant, possibly his foster-brother. But even
if it were an error to assign the servant to the son, he cannot
[p. 45] agree with Tyrwhitt,] unless we are to suppose that Chaucer
was above error in the design or invention of his characters,
... Chaucer's acknowledged judgment, and his rich invention,
did not lift him above the commission of error and oversight
in composition.
[p. 57] [Description of Chaucer.]
The countenance of Chaucer is designed from that in the
British Museum, painted by Thomas Occleve, the Poet's
scholar. I think that I have somewhere read the life of this
Thomas Occleve. But I had sent, to a distant part of the
kingdom, all my books and works of art, some days before I
thought of commencing this essay. I have now nothing to
refer to but the Bible, Johnson's Dictionary, Montgomery's
Poems, and Chaucer's Works: ... and I have not been able
to discover any mention of this Painter or Picture in Chaucer
... It appears to me, however, an interesting question: Who
taught Thomas Occleve to paint?","[This pamphlet was re-issued in 1818 with the addition of dedicatory and other letters, in which there are further brief but unimportant references to Chaucer.]"
part2_p37_a1,Vol.2,Part II,p37,[1808.],"Coleridge, Samuel Taylor.","Notes written in Lamb's copy of ""The Poetical Works of Mr. Samuel Daniel,""","2 vols., 1718, [printed in] Notes and Queries, Aug. 7, 1852, vol. vi, p. 118. [Also quoted by E. V. Lucas, Life of Charles Lamb, vol. ii, pp. 316-7.]","[Note on 4th fly-leaf :]
Is it from any hobby-horsical love of our old writers (and
of such a passion respecting Chaucer, Spenser, and Ben Jonson,
I have occasionally seen glaring proofs in one the string of
whose shoe I am not worthy to unloose), or is it a real Beauty,
the interspersion I mean (in stanza poems) of rhymes from
polysyllables–such as Eminence, Obedience, Reverence?",
part2_p37_a2,Vol.2,Part II,p37,1808.,"[Cromek, Robert Hartley ?]","The Procession of Chaucer’s Pilgrims to Canterbury. Proposals for publishing, by subscription, a print, from the well-known cabinet picture on that subject, by Thomas Stothard, Esq., R.A., to be executed... by Louis Schiavonetti, etc.,","[appended to Blair’s] The Grave, Cromek, 1808.","[The reputation of Chaucer as the reformer of the English
language, etc., justifies the Proprietor in presenting all the
characters of the Canterbury Tales, the most pleasing of his
works.
Description of the picture, giving a few words to each
character. The Ploughman is called the Old Ploughman, and
the Squire the Fop of Chaucer's Age; a Goldsmith is intro¬
duced. See, for criticism of all this, Blake’s Descriptive Cata¬
logue, below, 1809. It is claimed that “the costume of each
Person is correct with an antiquarian exactness,"" Douce's
Illustrations of Shakespeare being quoted is support of the
statement; also a note states that the portrait of Chaucer is
painted from that by Occleve in the British Museum.
Appended is a letter from John Hoppner to Richard Cumber¬
land, q.v. above, 1807.]",
part2_p37_a3,Vol.2,Part II,p37,1808.,"Jamieson, John.",An Etymological Dictionary of the Scottish Language:,"illustrating the words in their different Significations by Examples from Ancient and Modern Writers... Edinburgh, 2 vols.","[There are a certain number of Chaucer references and quo¬
tations all through the Dictionary; there are 13 such references
in the first 20 pages.]",
part2_p38_a1,Vol.2,Part II,p38,1808,"L., G. W.","Chaucer's Tomb,","[in] The Gentleman's Magazine, Nov. 1808, vol. lxxviii, p. 974.","Poet Chaucer, very few know the spot where he was interred;
From the mutilated state of that [the tomb] of our first
indeed the inscription is almost defaced, and the Monument
itself has suffered much through neglect. It is the only one
hereabouts which accords with the building in which it is
placed; yet, as if that were a defect, it has been made the
supporter of another, which (not to say anything of the
striking discordance) absolutely appears as if it had casually
perched on it! Notwithstanding these disadvantages, many
may be pleased by having this Monument pointed out to them.
On entering the aile [sic] it is the fourth on the right hand
from the door, and is between those of Cowley and Phillips.
The slab appears to be of Petworth marble; and the canopy
over it, having a rich pendent roof, is supported by pillars,
the sculpture on which forms a kind of lozenge or chequer¬
work. The Latin inscription and other particulars, may be
found by referring to Weever, who closes his survey of the
tombs in the Abbey with an account of this [q.v. above, 1631,
vol i, p. 204].",
part2_p38_a2,Vol.2,Part II,p38,1808.,"Lamb, Charles.",Specimens of English Dramatic Poets.,"Footnote to Middleton's Women Beware Women. (The Works of Charles and Mary Lamb, ed. E. V. Lucas, 1903-5, 7 vols., vol. iv, p. 129.)","This is one of the scenes which has the air of being an
immediate transcript from life. Livia the “good neighbour""
is as real a creature as one of Chaucer's characters. She is
such another jolly Housewife as the Wife of Bath.",
part2_p38_a3,Vol.2,Part II,p38,1808.,"Pratt, Samuel Jackson.","The Cabinet of Poetry, containing the best entire pieces to be found in the works of the British Poets.","Introductory Essay on Poetry, 6 vols., vol. i, pp. xl, li, lxxi.","[The pieces include nothing from Chaucer, but “Dryden's
Character of a Good Parson"" is given.]
[p. xi]
This charm of individuality was in some of their poems
eminently possessed by Chaucer, and other of our elder
bards.
[p. lxxi] The passion for allegory, so long the characteristic of the
Italian school, was by Chaucer rendered as prevalent in
England as it had previously been on the continent.",
part2_p39_a1,Vol.2,Part II,p39-41,1808.,"Scott, Sir Walter.","Works of John Dryden,","18 vols., vol. i, Life of John Dryden, pp. 171, 427, 430, 441, 444, 494-96, 498-503, 505. Notes to Troilus and Cressida, vol. vi, pp. 228, 229, 230. Notes to Preface to the Fables, vol. xi, pp. 215, 216, 217, 220, 221, 222, 223, 226, 230, 232, 233, 235. Notes to Palamon and Arcite, vol. xi, pp. 243 [a long note on the origins of the Knight's Tale, with critical remarks on Chaucer's treatment of it], 245, 246, 255, 256, 267, 280, 286, 287, 289, 303, 309, 311, 312. Notes to The Cock and the Fox, vol. xi, pp. 326 [critical remarks on Chaucer's treatment], 333, 339, 343, 350, 352. Notes to The Flower and the Leaf, vol. xi, pp. 354, 372. Notes to The Wife of Bath, vol. xi, pp. 376 [critical remarks on Chaucer's tale], 378, 382. Note on Good Parson, vol. xi, p. 394.","[Vol.i,  The “Knight's Tale,"" the longest and most laboured of
p. 494]
Chaucer’s stories, possesses a degree of regularity which might
satisfy the most severe critic. [The honour of this, says
Scott, is due to Chaucer. Passages follow on Dryden's treat¬
ment of the Knight’s Tale.]
 . . . . . . . . . .
[p. 498] With Chaucer, Dryden’s task was more easy than with
Boccacio. Barrenness was not the fault of the Father of
English poetry; and amid the profusion of images which he
presented, his imitator had only the task of rejecting or
selecting. In the sublime description of the temple of Mars,
painted around with all the misfortunes ascribed to the influ¬
ence of his planet, it would be difficult to point out a single
idea, which is not found in the older poem. But Dryden has
judiciously omitted or softened some degrading and some dis¬
gusting circumstances; as the “cook scalded in spite of his
long ladle,” the “swine devouring the cradled infant,"" the
"" pick-purse,"" and other circumstances too grotesque or
ludicrous, to harmonize with the dreadful group around them.
Some points, also, of sublimity, have escaped the modern
poet. Such is the appropriate and picturesque accompaniment
of the statue of Mars:
A wolf stood before him at his feet
With eyen red, and of a man he eat.
In the dialogue, or argumentative parts of the poem, Dryden
has frequently improved on his original, while he falls some¬
thing short of him in simple description, or in pathetic effect.
Thus, the quarrel between Arcite and Palamon is wrought up
with greater energy by Dryden than Chaucer, particularly by
the addition of the following lines, describing the enmity of
the captives against each other:
Now friends no more, nor walking hand in hand,
But when they met, they made a surly stand
And glared like angry lions as they pass'd,
And wish'd that every look might be their last.
But the modern must yield the palm, despite the beauty of
his versification, to the description of Emily by Chaucer; and
may be justly accused of loading the dying speech of Arcite
with conceits for which his original gave him no authority.
 . . . . . . . . . .
[p. 501] [The French element in Chaucer's language.]
[p. 502] Upon the whole, in introducing these romances of Boccacio
and Chaucer to modern readers, Dryden has necessarily de¬
prived them of some of the charms which they possess for
those who have perused them in their original state.  ...
To antiquaries Dryden has sufficiently justified himself, by
declaring his version made for the sake of modern readers,
who understand sense and poetry as well as the old Saxon
admirers of Chaucer, when that poetry and sense are put into
words which they can understand. Let us also grant him that
for the beauties which are lost, he has substituted many which
the original did not afford; that, in passages of gorgeous
description, he has added even to the chivalrous splendour
[p. 503] of Chaucer, and has graced with poetical ornament the sim¬
plicity of Boccacio; that, if he has failed in tenderness, he is
never deficient in majesty.
[Vol. xi,   The “Knight's Tale,"" whether Chaucer's or Dryden's
 . . . . . . . . . .
p. 245]
version, is one of the finest pieces of composition in our
language.   ... The work of Chaucer cannot, however, properly
be termed a translation; on the contrary, the tale has acquired
its most beautiful passages under the hand of the English
bard. He abridged the prolix, and enlarged the poetical,
parts of the work; compressed the whole into one concise
and interesting tale; and left us an example of a beautiful
heroic poem.
. . . . . . . . . .
[p. 326] [Note before “The Cock and the Fox.""] Tyrwhitt
detected the original of this fable in the translation of ❝Æsop,❞
made by Marie of France into Norman-French... But the
hand of genius gilds what it touches; and the naked Apologue,
which may be found in Tyrwhitt's ❝Preliminary Discourse,❞
was amplified by Chaucer into a poem, which, in grave, ironical
narrative, liveliness of illustration, and happiness of humorous
description, yields to none that ever was written.
. . . . . . . . . .
[p. 376] [Note before “The Wife of Bath.""]... What was a mere
legendary tale of wonder in the rhime of the minstrel, and a
vehicle for trite morality in that of Gower, in the verse of Chaucer
reminds us of the resurrection of a skeleton, reinvested by a
miracle with flesh, complexion, and powers of life and motion.
Of all Chaucer's multifarious powers, none is more wonderful
than the humour, with which he touched upon natural frailty,
and the truth with which he describes the inward feelings of
the human heart; at a time when all around were employed in
composing romantic legends, in which the real character of
their heroes was as effectually disguised by the stiffness
of their manners as their shapes by the sharp angles and
unnatural projections of their plate armour.
. . . . . . . . . .
[p. 394] [Note before “The Character of a Good Parson.""] This
beautiful copy of a beautiful original makes us regret, that
Dryden had not translated the whole Introduction to the
❝Canterbury Tales,❞ in which the pilgrims are so admirably
described. Something might have been lost for want of the
ancient Gothic lore, which the writers of our poet’s period did
not think proper to study; but when Dryden's learning
failed, his native stores of fancy and numbers would have
helped him through the task.","[In Cochrane's Catalogue of the Abbotsford Library, 1838, notices of Chaucer's works in the Collection will be found at pp. 42, 154-5, 172, 185, 190, 239.]"
part2_p3_a1,Vol.2,Part II,p3,1801.,"Wordsworth, William.",Selections from Chaucer modernised.,"The Prioress's Tale (from Chaucer). The Cuckoo and the Night ingale (from Chaucer) [by Clanvowe, not Chaucer]. Troilus and Cressida (from Chaucer) [bk. v, 11. 519-686]. (Poetical works, ed. W. Knight, 1896, 8 vols, vol. ii, pp. 238-69.)","[A prefatory note to the Prioress's Tale reads:]
In the following Piece I have allowed myself no farther
deviations from the original than were necessary for the fluent
reading, and instant understanding, of the Author: so much
however is the language altered since Chaucer’s time, especially
in pronunciation, that much was to be removed, and its place
supplied with as little incongruity as possible. The ancient
accent has been retained in a few conjunctions, such as alsō and
alwāy, from a conviction that such sprinklings of antiquity
would be admitted, by persons of taste, to have a graceful
accordance with the subject. The fierce bigotry of the
Prioress forms a fine background for her tender-hearted
sympathies with the Mother and Child; and the mode in
vhich the story is told amply atones for the extravagance of
the miracle.","[Of these modernizations, which were all (with the Manciple's Tale, which has never been published) written in 1801, the first was published in 1820 (Poems, 1815-20, vol. iii [The River Duddon, etc.], pp. 173-86), and the second and third in 1841 (in the Poems of Geoffrey Chaucer Modernised, by Horne, etc.). The Prioress's Tale is preceded by Milton's lines: Call up him who left half told Compare Wordsworth's remarks on his modernizations with those of Leigh Hunt. The story of Cambuscan bold. printed before his Death and the Ruffians, 1855, below. Two further letters from Wordsworth, 1840 and 1841, and Horne's Introduction to Chaucer Modernised, 1841, are printed below.]"
part2_p41_a1,Vol.2,Part II,p41-42,1808.,Unknown.,"A Catalogue of the Harleian Manuscripts in the British Museum,","4 vols., 1808-12, vol. ii, pp. 673, 675, 682, vol. iii, pp. 97, 526. [Vol. iv only is dated 1812.]","[vol. i,
p. 217]
372. [Anelida and Arcite.]
[vol. ii,
p. 678]
2376. [Note on the colophon to Piers Plowman.] At the
end is this Note, “Hic explicit visio Wilelmi de Petro Plow¬
man."" Now among the several persons to whom the Poems
of Piers Plowman have been ascribed, I remember not any
William; so that if Geffrey Chaucer was the man, he disguised
his name for fear of the Clergy, who are bitterly inveighed
[p. 675] 2382 (5, 6). [Prioress’s and Second Nun's Tales.]
against in these Poems.
[p. 682] 2392. [Troilus and Cressida.]
[vol. iii,  3943. [Troilus and Cressida.]
p. 97]
[p. 526] 7333 (6-27). [Canterbury Tales.] (29) [Parliament of
Foules.] (30) A part of his Complaint of Mars & Venus,
with the unusual title “The Broche (?) of Thebes, as of the
love of Mars and Venus."" (31) [Anelinda [sic] and Arcite.]
[p. 526.] 7334. [Canterbury Tales.]
(35) Ballads by Chaucer... and other small poems.
7335. An old and imperfect copy of Chaucer’s Canterbury
Tales.",
part2_p42_a1,Vol.2,Part II,p42,1808.,Unknown.,"Review of Lectures on the Truly Eminent English Poets,","by Percival Stockdale, 1807, [in] The Edinburgh Review,","[p. 63] The series of Mr. Stockdale’s Eminent Poets commences
April, 1808, vol. xii, pp. 63, 64.
with Spencer... one who, if Chaucer be called the day-star,
may certainly be pronounced the sun-rise of our poetry.",
part2_p42_a2,Vol.2,Part II,p42,1808.,Unknown.,"Review of Scott's Dryden,","[in] The Edinburgh Review, Oct. 1808, vol. xiii, p. 135.","In this edition of Dryden, we would have curtailed the life,
... omitted many of the notes, the original fables from
Chaucer and Boccace, the reply of Stillingfleet to Dryden's
controversy.",
part2_p42_a3,Vol.2,Part II,p42-46,1809.,"Blake, William.","Sir Jeffery Chaucer and the nine and twenty Pilgrims on their Journey to Canterbury,","[in] A Descriptive Catalogue of Pictures, Poetical and Historical Inventions Painted by William Blake in water colours, London, 1809, pp. 7-34. [Printed in Life of William Blake, by Alex. Gilchrist, enlarged edition, 1880, vol. ii, pp. 142-52.]","[p. 9] The characters of Chaucer's Pilgrims are the characters
which compose all ages and nations : as one age falls, another
rises, different to mortal sight, but to immortals only the same;
for we see the same characters repeated again and again, in
animals, vegetables, minerals, and in men; nothing new occurs
[p. 10] in identical existence: Accident ever varies, Substance can
never suffer change nor decay.
Of Chaucer's characters, as described in his Canterbury
Tales, some of the names or titles are altered by time, but the
characters themselves for ever remain unaltered, and conse¬
quently they are the physiognomies or lineaments of universal
human life, beyond which Nature never steps. Names alter,
things never alter. I have known multitudes of those who
would have been monks in the age of monkery, who in this
deistical age are deists. As Newton numbered the stars, and
as Linneus [sic] numbered the plants, so Chaucer numbered
the classes of men. ...
[p. 11] The Knight and Squire with the Squire's Yeoman lead the
procession, as Chaucer has also placed them first in his prologue.
The Knight is a true Hero, a good, great, and wise man; his
whole-length portrait on horseback, as written by Chaucer,
cannot be surpassed. He has spent his life in the field; has
ever been a conqueror, and is that species of character which in
every age stands as the guardian of man against the oppressor.
His son is like him with the germ of perhaps greater perfection
still, as he blends literature and the arts with his warlike
studies.  ... The Squire's Yeoman is also a great character, a
man perfectly knowing in his profession:
""And in his hand he bare a mighty bow.""
Chaucer describes here a mighty man; one who in war is
the worthy attendant on noble heroes.
[p. 12] The Prioress follows these with her female chaplain.  ...
This Lady is described also as of the first rank; rich and
honoured. She has certain peculiarities and little delicate
affectations, not unbecoming in her, being accompanied with
what is truly grand and really polite; her person and face,
Chaucer has described with minuteness; it is very elegant,
and was the beauty of our ancestors, till after Elizabeth's
time, when voluptuousness and folly began to be accounted
[p.13] beautiful.  ... The Monk is described by Chaucer, as a man
of the first rank in society, noble, rich, and expensively
attended: he is a leader of the age, with certain humorous
accompaniments in his character, that do not degrade, but
render him an object of dignified mirth, but also with
accompaniments not so respectable.
The Friar is a character also of a mixed kind.
""A friar there was, a wanton and a merry;""
[p. 14] quent, amorous, witty, and satyrical; young, handsome and
but in his office he is said to be a ""full solemn man :"" elo¬
rich; he is a complete rogue; with constitutional gaiety enough
to make him a master of all the pleasures of the world...
It is necessary here to speak of Chaucer's own character,
that I may set certain mistaken critics right in their conception
of the humour and fun that occurs on the journey.
Chaucer is himself the great poetical observer of men, who
in every age is born to record and eternize its acts. This he
does as a master, as a father, and superior, who looks down on
their little follies from the Emperor to the Miller; sometimes
with severity, oftener with joke and sport.
[p. 16] one who studied poetical art.  ... Though a man of luxury,
Accordingly Chaucer has made his Monk a great tragedian,
pride and pleasure, he is a master of art and learning, though
affecting to despise it.  ...
For the Host who follows this group, and holds the center
of the cavalcade, is a first-rate character, and his jokes are no
trifles; they are always, though uttered with audacity, and
equally free with the Lord and the Peasant, they are always
substantially and weightily expressive of knowledge and
experience; Henry Baillie, the keeper of the greatest Inn, of
the greatest City; for such was the Tabarde Inn in Southwark,
near London: our Host was also a leader of the age.  ...
[p. 17] But I have omitted to speak of a very prominent character,
the Pardoner, the Age's Knave, who always commands and
domineers over the high and low vulgar. This man is sent
in every age for a rod and scourge, and for a blight, for a
trial of men, to divide the classes of men, he is in the most
holy sanctuary, and he is suffered by Providence for wise ends,
and has also his great use, and his grand leading destiny.
His companion the Sompnour, is also a Devil of the first
magnitude, grand, terrific, rich and honoured in the rank of
[p. 18] which he holds the destiny. The uses to society are perhaps
equal of the Devil and of the Angel; their sublimity, who can
dispute...
The principal figure in the next groupe is the Good Parson;
an Apostle, a real Messenger of Heaven, sent in every age for
its light and its warmth. This man is beloved and venerated
by all, and neglected by all: He serves all, and is served by
none; he is, according to Christ's definition, the greatest of his
age. Yet he is a Poor Parson of a town. Read Chaucer's
description of the Good Parson, and bow the head and the
knee to him, who, in every age sends us such a burning and a
shining light.  ...
[p. 19] Chaucer's characters live age after age. Every age is a
Canterbury Pilgrimage; we all pass on, each sustaining one or
[p.20] other of these characters; nor can a child be born, who is not
one of these characters of Chaucer. The Doctor of Physic is
described as the first of his profession; perfect, learned, com¬
pletely Master and Doctor in his art. Thus the reader will
observe, that Chaucer makes every one of his characters
perfect in his kind, every one is an Antique Statue; the
image of a class, and not of an imperfect individual.
[p. 20] ... The Franklin is one who keeps open table, who is the
genius of eating and drinking, the Bacchus; as the Doctor of
Physic is the Esculapius, the Host is the Silenus, the Squire
is the Apollo, the Miller is the Hercules, &c. Chaucer's
characters are a description of the eternal Principles that exist
in all ages. The Franklin is voluptuousness itself most nobly
pourtrayed....
[p.21] The Plowman is simplicity itself, with wisdom and strength
for its stamina. Chaucer has divided the ancient character of
Hercules between his Miller and his Plowman. Benevolence
is the Plowman's great characteristic, he is thin with excessive
labour, and not with old age, as some have supposed.  ...
Visions of these eternal principles or characters of human
[p. 22] life appear to poets, in all ages.  ... The Plowman of Chaucer
is Hercules in his supreme eternal state, divested of his
spectrous shadow; which is the Miller, a terrible fellow, such
as exists in all times and places, for the trial of men.   ...
[p. 24] The characters of Women Chaucer has divided into two
classes, the Lady Prioress and the Wife of Bath. Are not
these leaders of the ages of men? The lady prioress, in
some ages, predominates; and in some the wife of Bath, in
whose character Chaucer has been equally minute and exact;
because she is also a scourge and a blight. I shall say no
more of her, nor expose what Chaucer has left hidden; let
the young reader study what he has said of her : it is useful
as a scarecrow. There are of such characters born too many
for the peace of the world.
I come at length to the Clerk of Oxenford. This character
varies from that of Chaucer, as the contemplative philosopher
varies from the poetical genius. There are always these two
classes of learned sages, the poetical and the philosophical.
The painter has put them side by side, as if the youthful
[p. 25] clerk had put himself under the tuition of the mature poet.
Let the Philosopher always be the Servant and Scholar of
inspiration and all will be happy.
of Stothard’s rival picture and the prospectus of Schiavonetti's
[The rest of the section is devoted to a critical examination
engraving (q.v. above, p. 37, 1808), and Blake gives examples of
how carelessly Stothard has read Chaucer and how little he has
understood him. He calls the Squire a fop, which he is not;
he puts in three Monks instead of one; he places the Reeve
between the Knight and the Squire although Chaucer says
""And ever he rode hinderest of the rout.""
He makes the Wife of Bath a blooming damsel, and the
Plowman old, and he introduces a character that Chaucer has
not, namely a Goldsmith. “All is misconceived, and its mis¬
execution is equal to its misconception.""]","[For Lamb's appreciation of this article, see p. 49 below, 1810, H. Crabb Robinson.]"
part2_p46_a1,Vol.2,Part II,p46,1809.,"Brydges, Sir Samuel Egerton.","Censura Literaria,","Containing Titles, Abstracts and Opinions of Old English Books, etc., vol. ix, art. ix, Hawking, pp. 61 and n., 260, 264, 368-9, 371.","[p. 260] Chaucer has a pretty Episode of the Falcon rehearsing a tale
of forsaken love to the Princess Canace.",
part2_p46_a2,Vol.2,Part II,p46,1809-10.,"Byron, George Gordon Noel, Lord.",Childe Harold.,"Note on Canto I, stanza ix, l. 5, in the original MS., on Chaucer's use of lemman. (Poetical Works, ed. E. Hartley Coleridge, 1899, etc., vol. ii, p. 22.)",,
part2_p46_a3,Vol.2,Part II,p46,1809.,"Dibdin, Thomas Frognall.",Bibliomania.,"See below, App. A, 1809.",,
part2_p46_a4,Vol.2,Part II,p46-47,1809.,"Drake, Nathan.","Essays, Biographical, Critical, and Historical, illustrative of the Rambler, Adventurer, and Idler,","2 vols., London, 1809-10; vol. i. pp. 160, 166-8, 429, 433, 435 n., 445, 448, 449 n.; vol. ii, pp. 143, 190, 200, 204, 205.","[vol. i,
p. 160]
[Drake quotes the list drawn up by Dr. Johnson of various
literary undertakings projected by him, but not carried out.
Of these No. 5 is “Chaucer, a new edition of him, from
manuscripts and old editions"" etc. (see above, [c. 1750?],
vol. i, p. 401). Upon this Drake remarks:]
[p. 166] No. 5. Of this proposed edition of Chaucer, a part has
been well executed in the elaborate edition of the Canterbury
Tales, by Mr. Tyrwhitt, and in the copious life of the poet,
[p. 167] by Mr. Godwin; but there still remains the greater portion of
his works untouched by any skilful editor; for neither Speght
nor Urry can be deemed at all competent to the task which
[p. 168] they undertook. By the indefatigable industry of our literary
antiquaries, much light has lately been thrown upon the state
of our language anterior to the age of Chaucer; its mutations
have been traced, its history ascertained, its poetry commented
upon, and of course the diction and versification of Chaucer,
their merits and defects, better understood and defined. The
application of these resources to a new edition of the entire
works of the venerable bard, would, there is little doubt, be
well received by the public.",
part2_p47_a1,Vol.2,Part II,p47,1809.,"Godwin, William.",Essay on Sepulchres:,"or, a Proposal for Erecting some Memorial of the Illustrious Dead in all Ages on the Spot where their Remains have been Interred, p. 82.","I pity the being of slender comprehension, who lives only
with George the Third, and Alexander of Russia, and Wieland,
and Schiller, and Kant, and Jeremy Bentham, and John
Horne Tooke, when if the grosser film were removed from his
eyes, he might live and sensibly mingle with Socrates, and
Plato, and the Decii, and the Catos, with Chaucer, and Milton,
and Thomas Aquinas, and Thomas à Becket, and all the stars
that gild our mortal sphere.",
part2_p47_a2,Vol.2,Part II,p47,1809.,"Hamper, William.","Letter,","[in] The Gentleman's Magazine, June 1809, vol. Ixxix, p. 512.","[On Tyrwhitt's Chaucer, with suggestions as to obscure
passages.]",
part2_p47_a3,Vol.2,Part II,p47,1809.,"Scott, Sir Walter.","Reliques of Burns... collected and published by R. H. Cromek,","[in] The Quarterly Review, vol. i, pp. 35-6. (Miscellaneous Prose Works of Sir Walter Scott, Edinburgh, 1834-71, 30 vols. vol. xvii, p. 266.)","We know not whether the family of the poet will derive
any advantage from this publication of his remains. If so, it
is the best apology for their being given to the world; if not,
we have no doubt the editor, as he is an admirer of Chaucer,
has read of a certain pardoner, who
—"" with his relics when that he fond
A poor persone dwelling up on lond,
Upon a day he gat him more moneie
Than that the persone got in monethes tweie.""",
part2_p48_a1,Vol.2,Part II,p48,1809.,Unknown.,"Review of Partonopex of Blois, a Romance, freely translated from the French of M. Le Grand... by William Stewart Rose,","[in] The Edinburgh Review, Jan., 809, vol. xiii, p. 422.","Spenser, and other old ballads, grafted on a modem versifica¬
We can hardly conceive that a motley dialect of Chaucer,
tion, could be familiar to any one's understanding...
Child... never occurs in Chaucer...",
part2_p48_a2,Vol.2,Part II,p48,1809.,Unknown.,"Review of Extractos em Portuguez e em Inglez,","1808, vol. i, [in] The Quarterly Review, May 1809, vol. i, p. 273.","[Comparison of early Portuguese poete with Chaucer and
Dante, showing the superiority of the latter two, and
mentioning the pre-eminence of Shakspere and Milton.]",
part2_p48_a3,Vol.2,Part II,p48,1809.,Unknown.,"Review of Jamieson's Etymological Dictionary,","[in] The Edinburgh Review, April 1809, vol. xiv, pp. 127, 130, 133, 138. [See above, 1808, Jamieson.]","[References to the use of various words by Chaucer; and
for if, bybill, fordo, quod.]",
part2_p48_a5,Vol.2,Part II,p48,1810.,"Brayley, Edward Wedlake.","Beauties of England and Wales,","vol. x, pt. ii, p. 413.","Chaucer's Monk who ‘bore a Sheffield whittle in his hose’
is generally admitted as a proof of the early manufacture of
knives in England.","[See above, 1727, Defoe, vol. i, p. 368, and below, 1848, Macaulay. It is not the Monk, but the Reve's Miller who has the whittle (Reve’s Tale, l. 13).]"
part2_p48_a6,Vol.2,Part II,p48,1810.,"Brydges, Sir Samuel Egerton.","The British Bibliographer,","vol. i, pp. 28, 29-30 [Bibliotheca Critica], pp. 106, 285, 297 [Clark’s, or rather Covell’s, reprint of Polimanteia, 1595, q. v. above, vol. i, p. 141], p. 375 [reprint of Simon Smel-knaue [1591 ?], q. v. above, vol. i, p. 134]. [For vols. ii and iii see below, 1812.]",,
part2_p48_a7,Vol.2,Part II,p48-49,1810.,"Chalmers, Alexander.","The Life of Chaucer, prefixed","to The Works (q. v. above), pp. iii-xv.","[A fairly critical biography, resting largely on Tyrwhitt;
but the Court of Love is cited as Chaucer's (and is included
in the text); Godwin’s Life is not mentioned.]",
part2_p49_a1,Vol.2,Part II,p49,1810.,"Dibdin, Thomas Frognall.",Typographical Antiquities...,"begun by Joseph Ames and augmented by William Herbert, and now enlarged with copious notes, vol. i, p. vii, Preliminary Disquisi tion ; pp. cix, cxvi, Life of Caxton; pp. 291-301, The Book of the Tales of Caunterburye; pp. 303-15, 327.","[The additions are mainly bibliographical and of little
Chaucerian interest. For vols. ii, iii, and iv see below, 1812,
1816, and 1819. For Ames’s original edn. of 1749, see above,
vol. i, p. 398; for Herbert's intermediate edn. see above,
vol. i, 1785, p. 477; 1786, p. 483; 1790, p. 491.]",
part2_p49_a2,Vol.2,Part II,p49,1810.,"Haslewood, Joseph.","Introduction and notes [to] The Book con taining the Treatises of Hawking, Hunting [etc. ] by Juliana Berners,","1496, p. 59. [Quotes Chaucer for the word ‘mountance.’]",,
part2_p49_a3,Vol.2,Part II,p49,[c. 1810.],"Richman, Henry John.",Sequel to the Canterbury Tales.,,"[Richard Warner, in his Literary Recollections, 1830, vol. i,
pp. 141-2, says: ‘He himself [Richman] has frequently told
me, that in early manhood, he had written a sequel to Chaucer's
Canterbury Tales, which (as I have been informed by a com¬
petent judge, who then perused them) breathed much of the
spirit, style, and diction, of the venerable bard. But of this
work I could never obtain a sight. He always declined
permitting his friends to peruse it, upon the principle, that
the levity of such compositions, was inconsistent with the
decorum of the clerical character.’ The work is appar¬
ently still unpublished. Richman graduated at Oxford in
1802. For Warner see below, p. 180.]",
part2_p49_a4,Vol.2,Part II,p49,1810.,"Robinson, Henry Crabb.","Conversation with Lamb,","[reported in] Diary, Reminiscences and Correspondence of Henry Crabb Robinson, 3 vols., 1869, vol. ii, p. 380 (under 1852).","[Speaking of Blake’s drawing and description of the Canter¬
bury Pilgrims, q.v. above, p. 42 :]
When, in 1810, I gave Lamb a copy of the Catalogue of
the paintings exhibited in Carnaby Street, he was delighted,
especially with the description of a painting afterwards
engraved [Blake’s Canterbury Pilgrims].  ... Stothard's
work is well known; Blake’s is known by very few. Lamb
preferred the latter greatly, and declared that Blake's descrip¬
tion was the finest criticism he had ever read of Chaucer's
poem.",
part2_p4_a1,Vol.2,Part II,p4,1802.,"Drake, Nathan.",Canterbury Tales.,,,"[Four Tales of Terror, in the style of Mrs. Radcliffe, with no connexion whatever with Chaucer except in title.]"
part2_p4_a2,Vol.2,Part II,p4,1802.,"Malcolm, James Peller.","Londinium Redivivum,","4 vols, 1802-7, vol. i, p. 149.",[Description of Chaucer's tomb.],
part2_p4_a3,Vol.2,Part II,p4,1802.,"Planta, Joseph.",Catalogue of the Cottonian Library.,"Note on Caligula, A. ii, Article 19, p. 42, col. 2.","Emaré, an old romance.
Beg: Ihu : that ys kyng in trone
As that I hoope bothe sone and mone.
Chaucer appears to have been indebted to this romance for
his Man of Law's Tale.","[Cot. Calig. A. ii, the Romance of Emaré, was edited for the E.E.T. Soc. by Edith Rickert, 1908; her conclusion alone, p. xxviii, that 'the absence of archaic forms suggests a post-Chaucerian date, and 1400 is probably nearer the fact than is 1350,' nullincs Planta's surmise.]"
part2_p4_a4,Vol.2,Part II,p4,1802.,"[Ritson, Joseph.]",Bibliographia Poetica.,"List of editions and poems of Chaucer, pp. 19-23; Chaucer and Gower, pp. 24-5 n.; dedication of Troilus and Cressida, p. 38; references in life of Occleve, pp. 60-3; in life of Lydgate, pp. 67, 70, 79, 88, 90; brief mention of La Belle dame sans mercie, generally ascribed to Chaucer, but really by Ros, p. 95; Scogan, pp. 97-8; the Mylner of Abington, p. 136; Brigham, p. 144; Robinson's Reward of Wickedness [q. v. above, [1574.] vol. i, p. 109], pp. 225-6 n., 312; [Note to p. 19,] 403; brief references, pp. 8, 25, 102, 174, 347.",,
part2_p4_a5,Vol.2,Part II,p4,1802.,"Ritson, Joseph.",Ancient Englesh Metrical Romances.,"Adver tisement, vol. i, p. ii; Dissertation on Romance and Minstrelsy, pp. vi (note), lxxix, Ixxxi, Ixxxvii, xcv, xcvi, xcvii, cxliii, clx, clxi, cxcii, ccv (note), ccvi (and note). Notes on Ywaine and Gawin, vol. iii, p. 239; Notes on Lybeaus Disconus, pp. 254, 259, 260, 263; Notes on the Geste of Kyng Horn, pp. 265, 267, 268, 281; Emaré, pp. 323 and n., 327, 328, 329; Sir Orpheo, p. 336 ; Le bone Florence of Rome, pp. 340, 341 ; The Squyr of Lowe Degre, pp. 345, 346, 347, 350, 352.",,
part2_p4_a6,Vol.2,Part II,p4,1802.,"Seward, Anna.","Letter to Sir Walter Scott,","dated July 10, 1802, [in] Letters of Anna Seward, 6 vols., Edinburgh, 1811, vol. vi, p. 35. Letter vii.","[Letter to Scott on his inclusion of her Rich Auld Willie's
Farewell in his Scottish Minstrelsy, mentioning that the
ancient Scotch dialect seemed more pleasing than the phraseo¬
logy of Chaucer and his contemporaries.]",
part2_p50_a1,Vol.2,Part II,p50,[c. 1810.],"Southey, Robert.","Common-Place Book,","third series, edited by John Wood Warter, London, 1850, p. 227.","[The Abbé Goujet had said in his Bibliothèque Françoise,
ou Histoire de la Littérature Françoise, tome 7ᵉ, p. 340:
‘George Chaucher, que l’on a surnommé l’Homère de
l’Angleterre, l’avait traduit [the Teseide of Boccaccio] en vers
Anglois dès l’an 1400.’
Southey quotes and adds the comment : ‘Good!’]",
part2_p50_a2,Vol.2,Part II,p50,1810.,"Todd, Henry John.",Illustrations of the Lives and Writings of Gower and Chaucer.,,"[Introduction, i-xlvii, discussing Chaucer, Gower (principally
biography), and Thynne. Speght, Tyrwhitt, Ellis, Godwin, Plow¬
man’s Tale, Flower and the Leaf, and Testament of Love.
No. 1. Reprint, Thynne's Animadversions (above, p. 149), 3-83.
2. Testamentum Johannis Gower, 87.
3. Account of valuable MSS. of Gower and Chaucer, 95.
4. Extracts from Confessio Amantis, Berthelet, 1532, 135.
5. Extracts from Prologue to Tales, Tyrwhitt's edn., 171;
Floure and Leafe, Speght’s edn., 203; Notes on these,
227-292.
6. Poems supposed to be written by Chaucer during his
imprisonment (Lord Stafford’s MS.), 295-309.
7. Glossary, 317-394.]",
part2_p50_a3,Vol.2,Part II,p50,1810.,Unknown.,"Review of Milner's History of Winchester,","[in] The Quarterly Review, May 1810, vol. iii, p. 366.","The writings of the two satiric poets, Langland and
Chaucer, both Catholics, and one an ecclesiastic, led to this
irresistible conclusion, that the lives of religious votaries, both
male and female, were even then greatly deflected from their
original rule.",
part2_p50_a4,Vol.2,Part II,p50,1810.,Unknown.,"Review of Select Poems from Herrick, Carew, etc.,","[in] The Quarterly Review, Aug. 1810, vol. iv, p. 176.",".... Where the orthography of a poet influences his
rhyme, as Chaucer's and Spenser's does every moment, the
whole ought to be sacred; but where that is not the case,
we can see no reason why our present improved and fixed
system of orthography should not be adopted.",
part2_p50_a5,Vol.2,Part II,p50-51,1810.,Unknown.,"Review of Southey's History of Brazil,","Part the First, [in] The Quarterly Review, Nov. 1810, vol. iv, p. 456.","[Passing reference to Chaucer's knowledge of Brazil dye.]
But Chaucer, when he mentions the red dye of Brazil in
the same breath with the graine of Portingale,¹displays a
premature knowledge of its produce which is very perplexing
... because we cannot find any sufficient authority to prove
that the wood existed in the ancient hemisphere, or that Brazil
has a meaning in any Eastern or European language.
¹Him needeth not his colour for to dien
With Brazil or with graine of Portingale.
Nonnes Preest’s Tale. [Epilogue, ll. 4648-9.]
[The country was named from the dye, not the dye from the country.
See Skeat's Works of Chaucer, vol. v, p. 258.]",
part2_p51_a1,Vol.2,Part II,p51,1810.,"Wilkes, John.","Encyclopœdia Londinensis,","vol. iv, 1810, p. 130, Chaucer; vol. xiii, 1815, pp. 530, 549-50, Chaucer's tomb, 819-20, Lydgate.","[vol. iv, [New Chaucer article in the main, but the last paragraph of
p. 130]
the Encyclopœdia Britannica article is reprinted (q.v. above,
1778, vol. i, p. 452).]
[vol, xiii, [Lydgate an imitator of Chaucer.]
p. 819]",
part2_p51_a2,Vol.2,Part II,p51,1810.,"Wordsworth, Christopher (Master of Trinity Coll., Camb.).","Ecclesiastical Biography,","vol. i, pp. 168 n. [quotation of Prol. ll. 766-76, to illustrate the singing of songs on pilgrimages], 307-10 [extract from Foxe, Acts and Monuments, q.v. above, vol. i, p. 104]. [In fourth edn., 1853, vol. i, pp. 311, 312 n., vol. ii, pp. 35, 414-16.]",,
part2_p51_a3,Vol.2,Part II,p51,[1810?],"Wordsworth, William.","The Country Churchyard, and Critical Examination of Ancient Epitaphs.","(Prose Works, ed. W. Knight, 1896, vol. ii, p. 150.)","Farwel my Frendys, the tyd abydeth no man,
I am departed hens, and so sal ye,
But in this passage the best song I can
Is Requiem Eternam, now Jesu grant it me,
When I have ended all myn adversity
Grant me in Paradys to have a mansion
That shedst Thy bloud for my redemption.
This epitaph might seem to be of the age of Chaucer, for it
has the very tone and manner of the Prioress's Tale.","[Wordsworth says he quotes ‘from an old book’ (?Camden or Weever). The Essay upon Epitaphs is in two parts, the first from The Friend, Feb. 22, 1810, the second from the author's MSS. Grosart first printed the latter. See his note on the contents page of vol. ii. I date The Country Churchyard [1810?] : this was the year in which the Friend article was published, and in which the translation of the Chiabrera epitaphs was made.]"
part2_p52_a1,Vol.2,Part II,p52,1810.,"Wordsworth, William.","Article [on Christopher North's article signed ‘Mathetes,’ in] The Friend,","no. 20, Jan. 4, 1810, p. 305. (Prose Works, ed. W. Knight, 2 vols., 1896, vol. i, p. 91.)","Happy moment was it for England when her Chaucer, who
has rightly been called the morning star of her literature,
appeared above the horizon!",
part2_p52_a2,Vol.2,Part II,p52,1811.,"Brydges, Sir Samuel Egerton.","Desultoria: or, Comments of a South-Briton on Books and Men,","Lee Priory, no. 1 [dated Sept. 8, 1811], pp. 3-4.","I look around my library, and task my recollection whether
the standard works which now fill its shelves, obtained for
their authors, during life, the same credit they now possess.
[p. 4] I see Erasmus, and Bacon; Chaucer, Spenser, Shakespeare,
Milton, Cowley, Dryden, Pope, and Swift: Clarendon, Burnet,
Temple, Bolingbroke, and Middleton! Their own age bowed
to their ascendant talents, and posterity have ratified the
pre-eminence.",
part2_p52_a3,Vol.2,Part II,p52,1811.,"Byron, George Gordon, Lord.","Hints from Horace,","ll. 79-82, 423-36. (Poetical Works, ed. by E. H. Coleridge, 1898-1904, vol. i, pp. 395, 420.)","[ll. 79-82] New words find credit in these latter days,
If neatly grafted on a Gallic phrase;
What Chaucer, Spenser did, we scarce refuse
To Dryden's or to Pope's maturer Muse.
 . . . . . . .
[ll. 423-36] Ye, who seek finished models, never cease,
By day and night, to read the works of Greece.
But our good Fathers never bent their brains
To heathen Greek, content with native strains.
The few who read a page, or used a pen,
Were satisfied with Chaucer and old Ben;
The jokes and numbers suited to their taste
Were quaint and careless, anything but chaste;
Yet, whether right or wrong the ancient rules,
It will not do to call our Fathers fools!
Though you and I, who eruditely know
To separate the elegant and low,
Can also, when a hobbling line appears,
Detect with fingers—in default of ears.",
part2_p53_a1,Vol.2,Part II,p53,1811.,"Collier, John Payne.","Extract from Diary for Oct. 29, 1811,","[in] Lectures and Notes on Shakspere and Milton... by Samuel Taylor Coleridge, now first collected by T. Ashe (Bohn’s Standard Library), 1883. Introductory, p. 15.","Coleridge told us... that he means very soon to give a
series of lectures at Coachmakers' Hall mainly upon Poetry
... [They] would, necessarily, embrace criticisms on Shak¬
spere, Milton, and all the chief and most popular poets of our
language, from Chaucer, for whom he had great reverence,
down to Campbell, for whom he had little admiration.","[For Notes of Coleridge’s Lectures, see below, 1818.]"
part2_p53_a2,Vol.2,Part II,p53,1811.,"Douce, Francis.","Preface to The Customs of London,","otherwise called Arnold’s Chronicle, p. X.","In an anonymous, but by no means incurious, Liliputian
volume, published about the year 1763, and intitled, 'A
short account of the first rise and progress of Printing, with
a compleat list of the first books that were printed,’ is the
following confused and extraordinary passage– The author is
speaking, though most inaccurately, of Arnold’s Chronicle.—
‘In this the Nut-brown Maid, supposed by Chaucer as Skelton
confirms, by having had a copy given him by Lidgate, Monk
of Bury. Mr. Prior has made a paraphrase on it, and has
also printed it from the old English, but knew not that it was
by Chaucer;... The author... seems to quote this un¬
accountable jargon from ‘Lord Pembroke's manuscript notes
before his Book of St. Albans‘ ... Adopting, probably, the
mistake of the above writer, the editor of a work intitled,
‘Mêlanges de poésie Angloise,‘  1764, 12°, has given a very
dull prose translation of Prior's beautiful version, which he
calls ‘Poème imité de la Belle Brune, de Chaucer.’ So much
for French accuracy!","[See below, App. A. [1763], for the ‘Short Account,’ and below, end of App. B., for the ‘Mêlanges.’]"
part2_p53_a3,Vol.2,Part II,p53,[1811.],"Dyer, George.","On the Connection and Mutual Assistance of the Arts and Sciences, and the Relation of Poetry to them all,","[in] The Reflector, vol. i, no. ii, art. vii, p. 358.","... Chaucer, the first of our poets, on reference to the
change of our language from the Saxon, of much account,
was well acquainted with all the literature of his time, and
with something better.",
part2_p54_a1,Vol.2,Part II,p54,1811.,"Field, Barron. Hunt, James Henry Leigh.","Is it justifiable to reprint the Pru riencies of our Old Poets?–The Question discussed in a Dialogue [in] The Reflector,","vol. i, no. 2, art. x, pp. 366, 371.","[Discussion on Chalmers's edition of the English Poets.
Difficulty of old orthography in reading Chaucer, p. 366.
Indecencies of Chaucer not of a seductive kind, p. 371.]",
part2_p54_a2,Vol.2,Part II,p54,1811.,"Lamb, Charles.","The Genius and Character of Hogarth,","[in] The Reflector, No. iii, 1811. (The Works of Charles and Mary Lamb, ed. E. V. Lucas, 1903-5, 6 vols., vol. i, p. 77 [text from Works, 1818].)","There remains a very numerous class of his [Hogarth’s]
performances, the object of which must be confessed to be
principally comic. But in all of them will be found some¬
thing to distinguish them from the droll productions of
Bunbury and others. They have this difference, that we do
not merely laugh at, we are led into long trains of reflection
by them. In this respect they resemble the characters of
Chaucer's Pilgrims, which have strokes of humour in them
enough to designate them for the most part as comic, but our
strongest feeling still is wonder at the comprehensiveness of
genius which could crowd, as poet and painter have done, into
one small canvas so many diverse yet co-operating materials.",
part2_p54_a3,Vol.2,Part II,p54,1811.,"Malcolm, James Peller.","Anecdotes of the Manners and Customs of London from the Roman Invasion to the Year 1700,","pp. 110-11, 468.","[Quotations from Chanouns Yemannes Prol., on alchemy,
and from Wife of Bath’s Prol., as a specimen of versification.]",
part2_p54_a4,Vol.2,Part II,p54,1811.,"Robinson, Henry Crabb.","Diary, Reminiscences, and Correspond ence,","3 vols., 1869, vol. i, p. 324.","March 30th.—At C. Lamb's. Found Coleridge and Hazlitt
there... In apology for Southey’s review of Godwin’s “Life
of Chaucer"" Coleridge ingeniously observed that persons who
are themselves very pure, are sometimes on that account blunt
in their moral feelings.",
part2_p54_a5,Vol.2,Part II,p54,1811.,"Sherwen, John.","On the Authenticity of Rowley’s Poems,","[in] The Gentleman's Magazine, May, vol. Ixxxi, p. 428; June, pp. 515-16.","[Note on Chaucerian ‘graythe’ and ‘ay’ (egg) and
Rowleian ‘gratche,’ controverting Tyrwhitt.]",
part2_p55_a1,Vol.2,Part II,p55,1811.,"Sherwen, John.","Review of Jamieson’s Etymological Dictionary,","[in] The Gentleman’s Magazine, July 1811, pp. 26-7; Oct. 1811, pp. 324-5; Suppl. to vol. lxxxi, p. 612.","A modern Scotticism is an antient Anglicism... Whoever
has a doubt of this... let him put a volume of Chaucer
... into the hands of an intelligent Scotch gardener, who
will have little occasion for a glossary to explain the real old
English words and phrases, though he may frequently require
it for the affected Frenchified ones. Chaucer has been cen¬
sured by Verstegan as a corrupter, rather than an illuminator of
the English tongue: [Quotation; see above, vol. i, p. 176.]
The testimony of Mr. Rymer, in a fanciful panegyric on
Chaucer, confirms the censure of Verstegan. ‘Chaucer threw
in Latin, French, Provençal, and other languages, like new
stum, to raise a fermentation.’ See his ‘Short View of
Tragedy’ [q.v. above, vol. i, p. 265]. This may be pretty as
a simile, but as an argument it is ridiculous; for Sir Hugh
Evans and Dr. Caius might have been equally entitled to the
compliment.   ...
[p. 27] ... The impracticability of rooting out the language of a
country is visible in the necessity that Chaucer was under of
writing in English, in order to be generally understood.
[p. 234] ‘Araced, part. rubbed, hurt.’
‘The shippes and the stockes arraced with the flode, moten
assemblen,’ etc. Chaucer's Boethius, p. 396. [Boethius, book
iii, Prose xi, l. 165, ed. Skeat.]
Chaucer's meaning is neither ‘rubbed’ nor ‘hurt,’ but carried
away by the flood.
[p. 325] [Bargain synonymous in Chaucer with battle. Rom. of the
Rose, ll. 2549-51 quoted.]
[p. 612] [Drouery or Droorie connotes a pledging of truth. Sir
Thopas, l. 184, and Rom. of the Rose, ll. 5051-64 quoted.]",
part2_p55_a2,Vol.2,Part II,p55,1811.,"Southey, Robert.",Letter to Walter Savage Landor.,"(Life and Correspondence, ed. C. C. Southey, 1850, vol. iii, p. 295.)","Your abhorrence of Spencer is a strange heresy. I admit
that he is inferior to Chaucer (who for variety of power has no
competitor except Shakspeare), but he is the great master of
English versification.  ... Surely Chaucer is as much a poet
as it was possible for him to be when the language was in so
rude a state.",
part2_p56_a1,Vol.2,Part II,p56,1811.,"Trotter, John Bernard.","Memoirs of the latter years of the Right Honourable Charles James Fox,","pp. 395, 425.","[p. 395] Among the ancient English poets he [Fox] entertained a
sincere veneration for Chaucer, a poet in tenderness and natural
description, resembling Euripides.
[p. 425] The days and evenings were now [1806] devoted to reading
[aloud to Fox] Palamon and Arcite improved by Dryden,
Johnson's lives of the poets,—the Æneid,–and Swift's Poetry.","[See also below, App. A., 1800.]"
part2_p56_a2,Vol.2,Part II,p56,[n.b. 1811.],Unknown.,"Chaucer's Canterbury Tales, with the Tales of Gamelyn and Beryn, modernized",(unpublished).,"[Specimen from the Prioresses Tale:]
Among these children was a widow's son,
A little sprout of clerkship, seven years old,
Whose daily joy it was to school to run;
And if he chanced an image to behold
Of Christ's blest mother, as he had been told
He ought, he never failed to kneel and say
An Ave Maria as he past the way.","[Vol. ii of the MS. of this modernization came into the possession of Prof. Dowden in 1880. Dr. Furnivall wrote to the Academy (q. v. below, 1880) to inquire if anything was known of the author or of vol. i, but, as far as is known, without result. The watermark of the paper is dated 1811.]"
part2_p56_a3,Vol.2,Part II,p56,1811.,"Warton, Joseph, and Warton, John.","The Poetical Works of John Dryden, with notes by the late Rev. Joseph Warton, D.D., and the Rev. John Warton, M.A., and others,","vol. iii, notes.","[Notes on Palamon and Arcite, the Flower and the Leaf, and
the Wife of Bath’s Tale: The Reeve’s, Miller's, Shipman’s,
Merchant’s and Sumnour’s Tales, and the Wife of Bath’s Prologue,
are omitted from this edition.
Dr. Joseph Warton: pp. 55 (‘Chaucer more than 60 years
old, and Dryden 70, when they wrote Palamon’), 172-3 (quotes
Dr. Akenside’s lines to be placed under Chaucer’s statue at Wood¬
stock), 211 (strange that Dryden does not mention The Flower
and The Leaf among his modernizations from Chaucer).
Rev. John Warton : pp. 61, 72, 75, 77, 78, 81, 89, 92, 106, 112,
113, 118, 119, 122, 127, 135, 138, 147, 155, 161, 211, 214, 219,
233, 251; these are nearly all quotations from Chaucer's original
text.]",
part2_p57_a1,Vol.2,Part II,p57,1812.,"Beloe, William.","Anecdotes of Literature and Scarce Books,","vol. vi (1812), pp. 49, 50, 221 [quotation from Brathwaite’s Commentary, 1665, q.v. above, vol. i, p. 242].",,"[For vol. ii, see below, App. A., 1807.]"
part2_p57_a2,Vol.2,Part II,p57,1812.,"Brydges, Sir Samuel Egerton.","The British Bibliographer,","4 vols., 1810-14, vols. ii, iii, 1812; vol. ii, pp. vi, 1-10, 94, 200, 272, 628; vol. iii, pp. 6, 95, 180, 202 n., 205 n., 268 n., 305, 317, 376, 383.","[vol. ii,
[Reprint of articles on Gower and Chaucer from Leland’s
pp.1-10.
Commentarii de Scriptoribus Britannicis.]
[vol. iii,
[Chaucer and Masuccio probably indebted to some one
p. 180.]
earlier fabulist for the plot of The Milleres Tale.","[The references are nearly all contained in the pieces by old writers reprinted in The British Bibliographer, and will be found under their authors above, in vol. i, and below, in App. A. For vol. i of The British Bibliographer see above, 1810; vol. iv contains no Chaucer reference.]"
part2_p57_a4,Vol.2,Part II,p57-58,1812.,"Crabbe, George.",Preface to Tales in Verse.,"(The Life and Poetical Works of George Crabbe, by his Son, 1901, pp. 273-4.)","[p. 273] It may probably be remarked, that Tales, however dissimilar,
might have been connected by some associating circumstances
to which the whole number might bear equal affinity, and that
examples of such union are to be found in Chaucer, in Boccace,
and other collectors and inventors of Tales.  ... To imitate
the English poet, characters must be found adapted to their
several relations, and this is a point of great difficulty and
hazard : much allowance seems to be required even for Chaucer
himself; since it is difficult to conceive that on any occasion
the devout and delicate Prioress, the courtly and valiant
Knight, and ‘the poure good Man the persone of a Towne,’
would be the voluntary companions of the drunken Miller, the
licentious Sumpnour, and ‘the Wanton Wife of Bath,’ and
enter into that colloquial and travelling intimacy which, if a
common pilgrimage to the shrine of St. Thomas may be said
to excuse, I know nothing beside (and certainly nothing in
these times) that would produce such effect.  ... To have
followed the method of Chaucer might have been of use, but
could scarcely be adopted, from its difficulty.
[p. 274] That those poets should so entirely engross the title as to
exclude those who address their productions to the plain
sense and sober judgment of their readers, rather than to their
fancy and imagination, I must repeat that I am unwilling to
admit... All that kind of satire wherein character is skil¬
fully delineated must (this criterion being allowed) no longer
be esteemed as genuine poetry... A considerable part of
the poems, as they have hitherto been denominated, of
Chaucer, are of this naked and unveiled character: and there
are in his Tales many pages of coarse, accurate, and minute,
but very striking description.",
part2_p58_a1,Vol.2,Part II,p58,1812.,"Dibdin, Thomas Frognall.",Typographical Antiquities...,"begun by Joseph Ames and augmented by William Herbert, and now enlarged with copious notes, vol. ii, pp. 514, 515-20 [Chaucer's Works, 1526], 521-5 [The Canterbury Tales, Pynson, n.d.]. [For vol. i, see above, 1810; for vols. iii and iv, below, 1816 and 1819. For Ames' original edn. of 1749 see vol. i, p. 398; for Herbert’s intermediate edn. see vol. i, 1785, p. 477; 1786, p. 483; 1790, p. 491.]",,
part2_p58_a2,Vol.2,Part II,p58,1812.,"D'Israeli, Isaac.","Calamities of Authors,","2 vols., vol. i, pp. 61, 99; vol. ii, p. 46. [In the edition by the Earl of Beaconsfield, 1867, the references are pp. 28, 41, 130.]","[i, 61. Reference to Stowe’s labours on Chaucer.]
Spenser.]
[i, 99. Cowley’s ashes deposited between those ol Chaucer and
vol. i, p. 134.]
[ii, 46. Quotation from Harvey's Foure Letters: q.v. above,",
part2_p58_a3,Vol.2,Part II,p58,1812.,"Ellis, Sir Henry.","Preface to A Catalogue of the Lansdowne MSS. in the British Museum,","Part i, p. xi.","In poetry... is a very fair and perfect copy, also on
vellum, of the Canterbury Tales of Chaucer [No. 851], written
about the reign of Henry the Fifth, in the initial letter of
which is a full-length portrait of the author.","[For the entry tor this manuscript, which occurs in Part ii of the Catalogue, see below, 1819.]"
part2_p58_a4,Vol.2,Part II,p58,1812.,"Galt, John.","Life and Administration of Cardinal Wolsey,","pp. 191 n., 194 n.","[p. 191 n.] I have never been able to bring myself to entertain any
feeling approximating to respect for the works of Chaucer,
Gower, and Lydgate, and the other tribe of rhymers that pre¬
ceded the reign of Henry VIII. They seem to me to have
acquired their fame before the nation knew anything of poetry,
and to have remained famous when their works are no longer
read. There is a little sprinkling here and there of naïveté in
Chaucer, but his lists and catalogues of circumstances are any¬
thing but poetry. Lydgate is bare naked prose. ...",
part2_p59_a1,Vol.2,Part II,p59,1812.,"[Hunt, James Henry Leigh.]","The Feast of the Poets,","[in] The Reflector, vol ii, no. 4, p. 322.","I must mention, however, that during the wine,
The mem’ry of Shakspeare was toasted with nine;
To Chaucer were five, and to Spenser one more,
And Milton had seven, and Dryden had four. ...","[For the book-editions of this, see belov, 1814 and 1815.]"
part2_p59_a2,Vol.2,Part II,p59,1812.,P.,"Tabard Inn,","[in] The Gentleman's Magazine, Sept., p. 217. See below, App. A.",,
part2_p59_a3,Vol.2,Part II,p59,1812.,"Southey, Robert.","Omniana,","vol. i, pp. 192, 254-6.","[p. 254] [No. 135, Early English Metre.] Mr. Weber observes
upon the passage [from 'Octouian Imperator,' with rhyme
'Jame' and 'fra me'] that 'this singular rhyme strongly
supports the opinion of Wallis and Tyrwhitt in his Essay on
the versification of Chaucer, that the final e which is at present
mute, was anciently pronounced obscurely like the e feminine
of the French. ....' [Quotation from Troilus and Creseide,
i, 1-5, follows.]
[p. 255]
[136. Troilus and Creseide.]
It is evident from the first stanza of this poem (just quoted),
when the narrator says 'er that I part froy,' that Chaucer
intended it for one of his Canterbury Tales, and this seems
to be confirmed by the 65th stanza of the first book.
For aie the nere the fire the hotter is,
This (trow I) knoweth all this companie.
I do not know whether this has been observed before. A com¬
pleat and faithful edition of the works of this great father of
English poetry, with an accurate verbal index, as well as
glossary, is much to be desired.",
part2_p59_a4,Vol.2,Part II,p59,1812.,Unknown.,"Review of Galt's Life of Cardinal Wolsey,","[in] The Quarterly Review, September, 1812, vol. viii, p. 170.","[Galt says] 'I have never been able to bring my self to enter¬
tain any feeling approximating to respect for the works of
Chaucer, Gower, or Lydgate, and the other tribe of rhymers
that preceded the reign of Henry VIII.' If Mr. Galt came
into the world without faculties to understand or an heart to
feel the sublimity and pathos, or even the wit and humour,
of Chaucer, or to distinguish those qualities from the tame
mediocrity of Gower, and the tedious insipidity of Lydgate,
who can help it?","[For Galt, see above, 1612.]"
part2_p5_a1,Vol.2,Part II,p5,1802.,"Sibbald, James.",Chronicle of Scottish Poetry.,4 vols.,"[Reprints of selected Scottish poems arranged in periods. The
pieces with Chaucerian reference are :—
Vol. i, pp. 157-77. Henrysoun’s “Testament of Faire Creseide.""
pp. 253-63. Dunbar's “Goldin Targe.""
Note on “Chaucer's Cuckowe and Nightingale,"" vol. i, p. 183;
reference to Wife of Bath, vol. i, p. 240; Jack Upland, described
as Chaucer’s, ii, 31 ff.; glossarial and metrical notes, i, 209, 229-
30, 271-2, 323, 380; ii, 6, 19, 170, 371, 390; iv, xlvi-xlviii,
lii-liv, and many in glossary.]",
part2_p5_a2,Vol.2,Part II,p5,1802.,Unknown.,"Critique on The Complaynt of Scotland,","from the British Critic, July 1802. Reprinted in Critiques by Mr. David Herd and others upon the new edition of the Complaynt... 1829, p.18. [John de Irlandia attributed the “Orisoun to the Virgin"" to Chaucer; it was more probably composed by Lydgate. See Leyden, 1801, above.]",,
part2_p5_a3,Vol.2,Part II,p5,1802.,Unknown.,The Englih Encyclopædia.,"10 vols., vol ii, pp. 366/2-367/2; vol. v, p. 401/2.","[The Chaucer and Lydgate articles are exact reprints of
these articles as they appeared for the first time in the
Encyclopædia Britannica, 2nd edn., 1778, q.v. above, vol. i,
p. 452.]",
part2_p5_a4,Vol.2,Part II,p5,1802.,"Wordsworth, Dorothy.","Journal,","ed. W. Knight, 2 vols., 1897, vol. i, pp. 113-4, 155.","Wednesday, 28th April.... I copied The Prioress’s Tale
[p. 114]... I... wrote out The Manciple’s Tale... When we
came in we corrected the Chaucers, but I could not finish
them to-night.
[p. 155] Saturday, 30th October.... After tea, S. [Stoddart] read
Chaucer to us.",
part2_p5_a5,Vol.2,Part II,p5-6,[a. 1803.],"Thomson, Alexander.","MS. Criticism on the Howlat,","p. 16, [printed in] The Buke of the Howlat, by Holland, ed. D. Laing, Bannatyne Club, 1823, p. xvi.","To the character of an original inventor the author of the
Houlate has but a slender claim; for besides having taken
the story of his poem from the fable of the Jackdaw with
borrowed feathers, he is indebted to Chaucer's Assemble of
Foules for some of its principal decorations. The catalogue
of birds, and the personification of Nature are, both of them,
imitations of Chaucer; but the former is inferior, in every
respect, to the characteristic sketches of his master; and the
latter is so little suited to the situation in which it stands,
as clearly shews it to have been exotic, transplanted from a
much more poetic soil.","[The MS. vas apparently lent to Laing by Dr. Robert Anderson, Thomsou's friend, after the latter's death in 1803; see p. xi. It is not now known where it is.]"
part2_p60_a1,Vol.2,Part II,p60,1813.,"Brand, John [or Ellis, Sir Henry?].",Observations on Popular Antiquities,"(revised by Henry Ellis), 2 vols., vol. i, pp. 47 n., 65n., 114 n., 215 n., 418 n., 428-9 n., 473 n.; vol. ii, pp. 61-2 n., 100, 116 n., 136 n., 139, 290, 296, 322-3 n., 342-3 n., 673 [mostly illustrative quotations from Chaucer].",,
part2_p60_a2,Vol.2,Part II,p60,1813.,"Thurlow, Edward Hovell, Lord.","Sylva,","[in] Poems on Several Occasions... Second edition, p. 148. [Not in 1st edition (also of 1813).]","Who have been great, in this our mortal clime,
Begirt around by the loud-voiced sea?
Why sacred Chaucer, that, in homely rhyme,
First held the lamp up to Posterity:
Then Spenser, in whose rich Virgilian strain
The moral Virtues are disposed fair:
Then glorious Milton, who surpass'd his reign
In depths of Hell and in th' Olympick air:
But, most of all, and to our wond’ring eyes,
And to the eyes of all futurity,
Great Shakspeare stands, that was by Nature wise,
And made a spoil of his posterity;
When he was born, great Nature did her most,
And when he died, the World’s delight was lost!",
part2_p60_a3,Vol.2,Part II,p60-61,1813.,"Whitaker, Thomas Dunham.","Visio Willī de Petro Plouhman,","Introduction, pp. vi, vii, xxxvi, xliii, xlvi, xlvii-xlviii, and several references in notes and glossary.","[p. vi]
His contemporaries, Chaucer and Gower, repose beneath
magnificent tombs, but Langland (if such were really his
name) has no other monument than that which, having framed
for himself, he left to posterity to appropriate.
Under the refining hand of Chaucer, indeed, it [English]
[p. vii]
became almost a new language.
[p. xxxvi] The æra of this Vision is now ascertained to have preceded
the great work of Chaucer by twenty years.
[p. xIiii] [Note on Tyrwhitt’s suggestion that Spenser meant to allude
to the Ploughman’s Tale rather than to Piers Plowman in the
Epilogue to the Shepherd’s Calendar.]
[p. xIvi] [Quotations from Warton's Observations on Spenser, men¬
tioning Gower and Chaucer in connexion with Piers Plouman.]
[pp. xlvii- [Long note, wherein Whitaker defends his position that
xlviii]
the author of the Visions must be considered the first English
poet. The fact that the Canterbury Tales were not published
(according to Tyrwhitt) till 1381, and that Chaucer was
34 years old in 1362, is Whitaker's main evidence that Piers
Plowman negatives his right to be termed first of English
Poets.]",
part2_p61_a1,Vol.2,Part II,p61,1814.,"Berington, Joseph.","A Literary History of the Middle Ages,","book vi, pp. 447-457 [biographical notice and critical appreciation].","[p. 450] Our Chaucer is read, not as a poet–who delights by the
richness of his imagery, or the harmony of his numbers–but
as a writer who has pourtrayed with truth, the manners,
customs, and habits of the age. Such... was my own
judgment, at least, when, some years ago, I was prevailed
upon to peruse him.
[p. 452] His works, of which the Canterbury Tales form the most
original portion, are in every one’s hands: but I would willingly
learn by how many they have been read; and particularly by
how many with the feeling of delight.",
part2_p61_a2,Vol.2,Part II,p61,1814.,"Cary, Henry Francis.","The Vision... of Dante,","translated by H. F. Cary. 3 vols., 1814. [First complete edition.] Vol. i, notes, pp. 156, 157, 160, 179, 182, 211, 214, 216; vol. ii, notes, pp. 159, 172, 174, 194, 212; vol. iii, notes, pp. 157, 158, 187, 190, 202. [Mainly illustrative quotations from Chaucer; for the earlier edition of the Inferno alone (with the Italian text) see above, 1805-6.]",,
part2_p61_a3,Vol.2,Part II,p61-63,1814.,"Dunlop, John Colin.","The History of Fiction,","ed. 2, 1816 (first in B.M.), 3 vols., vol. ii, pp. 143-4, 146, 220, 228, 235-7, 248, 300-1, 319-20, 335-6, 342-4, 349, 352, 382-4, 488. (Ed. 1888, 2 vols., vol. i, pp. 131, 440-1; vol. ii, pp. 20, 50, 56, 60, 68, 109 10, 122-5, 135, 140-1, 146, 148, 207, 240.)","[vol. ii,
Some writers have considered the Sir Thopas of Chaucer as
p. 146]
a prelude to the work of Cervantes. It may be much to the
honour of the English poet that he so early discerned and
ridiculed the absurdities of his contemporary romancers, but
it cannot be conceived that Sir Thopas had any effect in
discrediting their compositions.
[p. 220] [The outline of the Pardoneres Tale taken from the Cento
Novelle, 82.]
[p. 236] If the frame in which Boccaccio has set his Decameron be
compared with that in which the Canterbury Tales have been
enclosed by Chaucer, who certainly imitated the Italian novelist,
it will be found that the time chosen by Boccaccio is infinitely
preferable to that adopted by the English poet. The pilgrims
of the latter relate their stories on a journey, though they are
on horseback, and are twenty-nine in number; and it was
intended, had the author completed his plan, that this rabble
should have told the remainder of their tales in an abominable
tavern at Canterbury. On the other hand, the Florentine
assembly discourse in tranquillity and retirement... But
then the frame of Chaucer afforded a much greater oppor¬
tunity of displaying a variety of striling and dramatic
characters, and thence of introducing characteristic tales.
His assemblage is mixed and fortuitous, and his travellers
are distinguished from each other both in person and character.
Even his serious pilgrims are marked by their several sorts
[p. 237] of gravity, and the ribaldry of his low characters is different.
'I see', says Dryden, 'every one of the pilgrims in the
Canterbury Tales as distinctly as if I had supped with them.'
All the company in the Decameron, on the other hand, are
fine ladies and gentlemen of Florence, who retire to enjoy
the sweets of select society, and who would scarcely have
tolerated the intrusion of such figures as the Miller or the
Sompnour.
[pp.
300-1] Chaucer's Pardoner, and quotation of Prol. Il. 701-4.]
[Boccaccio's Fra Cipolla (Decam. vi, 10) compared with
The incidents in the novel of Boccaccio [Decam. vii, 9]
concerning the pear-tree... have... some resemblance to
the Merchant's Tale in Chaucer, and by consequence to Pope's
January and May.
[p. 342] This story of Boccaccio [Decam. x, 6] is the origin of the
Frankelein's Tale of Chaucer, in which the circumstances are
precisely the same as in the Decameron, except that the
impossible thing required of the lady is, that her lover should
remove the rocks from the coast of Britany [sic]: a similar
tale, however, according to Tyrwhitt, occurs in an old Breton
lay, from which he conceives the incidents may have come
immediately to the English poet...
[p. 343] The tale of Boccaccio is supposed by the editor of Beaumont
and Fletcher to be also the origin of the Triumph of
Honour... but it is more probable that these dramatists
[p. 344] took their plot from the Frankelein's Tale in Chaucer, as
the impossible thing required in the Triumph of Honour, by
Dorigen from her lover Martius, is that a mass of rocks
should be converted into 'a Champain field.'
[p. 349] [The Clerkes tale derived from Boccaccio (Decam. x, 10)
through Petrarch.]",
part2_p63_a1,Vol.2,Part II,p63,1814.,"Hazlitt, William.","On Posthumous Fame,","[in] The Examiner, May 22, 1814. [Reprinted in the 'Round Table,' 1817.] (Col lected Works of William Hazlitt, ed. Waller and Glover, 1902-6, 13 vols., vol. i, p. 23.)","Chaucer seems to have derived his notions of fame more
immediately from the reputation acquired by the Italian
poets, his contemporaries, which had at that time spread itself
over Europe.",
part2_p63_a2,Vol.2,Part II,p63,1814.,"Hazlitt, William.",Why the Arts are not Progressive?,"[A fragment composed of articles from the Morning Chronicle and the Champion, Jan. 11 and 15, and Sept. 11, 1814. Reprinted in the 'Round Table,' 1817.] (Collected Works of William Hazlitt, ed. Waller and Glover, 1902, 13 vols., vol. i, pp. 161-3.)","[p. 161] Homer, Chaucer, Spenser [and a list of others] all lived
near the beginning of their arts—perfected, and all but created
them.
[p.162] Nature is the soul of art... It was the same trust in
nature that enabled Chaucer to describe the patient sorrow of
Griselda; or the delight of that young beauty in the Flower
and the Leaf, shrouded in her bower, and listening, in the
morning of the year, to the singing of the nightingale. ...",
part2_p63_a3,Vol.2,Part II,p63,1814.,"Hunt, James Henry Leigh.","Essay on Washerwomen,","[in] The Seer, p. 42. [Reprinted in 1841, also in the 'Round Table,' by W. Hazlitt and Leigh Hunt, 1817, vol. ii, p. 181.]","The greatest master of detached portrait is Steele; but his
pictures too form a sort of link in a chain. Perhaps the
completest specimen of what we mean in the English language
is Shenstone’s School-Mistress, by far his best production...
But what? Are we leaving out Chaucer? Alas, we thought
to be doing something a little original, and find it all existing
already, and in unrivalled perfection, in his portraits of the
Canterbury Pilgrims! We can only dilate, and vary upon
his principle.",
part2_p64_a1,Vol.2,Part II,p64,1814.,"Hunt, James Henry Leigh.","The Feast of the Poets, with Notes ... by the Editor of the Examiner,","p. 19, [Notes] pp. 121, 122.","[p. 19]
'Twould be tedious to count all the names as they rose,
But none were omitted you’Il eas'ly suppose,
Whom Fancy has crown’d with one twig of the bay,
From old father Chaucer to Collins and Gray.
. . . . . . .
[Notes]
[pp. 121,
Of the studious disposition of all our greatest poets we
122]
'have complete evidence. Chaucer's eagle in the House of
Fame accuses him of being so desperate a student, that he
takes no heed of anybody, and reads till he looks stupid;
[Here follows a quotation, beginning:]
... No tidinges comin to the,...
[and ending]
And al so dombe as any stone
Thou sittest at anothir boke,
Tyl fully dasid is thy loke. [v. 140]
Chaucer however, was too true a poet not to read nature as
well as books, as his writings abundantly testify, both in
character and description. Milton and Spenser were both
men of learning, and, what is rarer for poets, men of busi¬
ness; and so indeed was Chaucer... Chaucer revels in
morning scenery.","[Compare with this the text as printed in the Reflector, 1812, above, and in the second edition, 1815, below.]"
part2_p64_a2,Vol.2,Part II,p64-65,1814.,"Manning, Owen, and Bray, William.",The History and Antiquities of the County of Surrey. ...,"Begun by the late Rev. Owen Manning... enlarged and continued to the year 1814, by William Bray of Shire, 3 vols., 1804-14, vol. iii, p. 551, Southwark.","This being the great thoroughfare for all persons passing to
London from Kent, Surrey, and Sussex, has been always noted
for a number of inns to accommodate travellers. That men¬
tioned by Chaucer, as the place from which he set out with
the pilgrims whose stories he relates in his Canterbury Tales,
has had so much said of it by different authors, that it is
unnecessary to say more here, than that the sign was then the
Tabard; that is, a military or herald’s coat without sleeves;
but that it was long ago converted into that of a dog, which
by corruption of the original name, has since been known by
the name of a Talbot, and is designated by a spotted dog.
This name it still bears. On the frieze of the beam whereon
the sign hung, till removed on forming the new pavement,
about 1767, was inscribed, 'This is the Inne where Sir Jeffrey
Chaucer and the nine and twenty pilgrims lay in their journey
to Canterbury anno 1383.' An inscription to this purport is
still in the yard. It is near St. Margaret's Hill. ...",
part2_p65_a1,Vol.2,Part II,p65,1814.,"[Peacock, Thomas Love.]","Sir Proteus: a Satirical Ballad,","by P. M. O’Donovan, Esq., stanza i. (Works of Thomas Love Peacock, ed. Cole, 1875, vol. iii, p. 117.)","Oh! list to me : for I'm about
To catch the fire of Chaucer,
And spin in doleful measure out
The tale of Johnny Raw, sir.",
part2_p65_a2,Vol.2,Part II,p65,1814.,"Scott, Sir Walter.",Emay on Border Antiquities.,"[Introduction to] Border Antiquities of England and Scotland. (Miscellaneous Prose Works of Sir Walter Scott, Edinburgh, 1834-71, 30 vols., vol. vii, pp. 32-3.)","The northern minstrels'... earliest attempts at poetry
were... formed on alliteration; and as late as the time
of Chaucer it was considered as the mark of a northern man
to 'affect the letter.'
[p. 33] [Reference in footnote to'rom ram ruf,' Parson's Prol., ed.
Skeat, ll. 42-4.]",
part2_p65_a3,Vol.2,Part II,p65,1814.,"Scott, Sir Walter.","Memoirs of Jonathan Swift, D.D.","(Miscel laneous Prose Works of Sir Walter Scott, Edinburgh, 1834-71, 30 vols., vol. ii, pp. 305 n., 414.)","[p. 305n.] [Reference to, and quotation from, an imitation of Chaucer
by Dr. Arbuthnot in 'Critical Remarks on Captain Gulliver's
Travels,' q.v. below, App. A. 1735, Arbuthnot.]
[p. 414] Chaucer appears also to have been his favourite, for I
observe among his papers a memorandum of the oaths used in
the Canterbury Tales, classed with the personages by whom
they are used.
[Footnote] 'Mr. Walter Scott informs us (Life of Swift,
p. 465) that Chaucer was a favourite of Swift, and that he
had observed among his papers a Memorandum of the oaths
used in the Canterbury Tales. Mr. Scott was so obliging as to
transmit to me an imitation, but by no means a successful
one, of the style of this early English poet. The attempt
was in the handwriting of Swift, I have been so unfortunate
as to have lost... the document'... Monck Mason.
[See below, App. A., a. 1740, Swift.]",
part2_p66_a1,Vol.2,Part II,p66,1814.,"Southey, Robert.","Notes for a series of Inscriptions in honour of English Poets,","[printed in] Preface, by Herbert Hill, to Southey's Oliver Newman, 1845, pp. x-xi.","Tuesday, 6th Sept. 1814. Inscriptions for the Poetical
Ground of these Kingdoms; i. e. a tribute of respect to all
those poets who deserve it. This, I think, would be a worthy
task.
Chaucer–at Woodstock? Blenheim will become an empty
name, and that palace a pile of ruins, while he remains.",
part2_p66_a2,Vol.2,Part II,p66-67,1814.,"[Southey, Robert ?]","Review of Chalmers' English Poets,","[in] The Quarterly Review, July 1814, vol. xi, pp. 482-4; Oct., vol. xii, pp. 61, 64, 65, 67, 69, 73, 82-4.","[vol xi,
p. 482]
Chaucer himself was a star of the first magnitude: no
man ever did so much with a language in so rude a state, and
only Shakespeare has surpassed him in his intuitive know¬
ledge of human character, and the universality of his genius.
Mr. Chalmers indeed, with that comfortable self-satisfaction
which he derives from flourishing in the nineteenth century,
when the world has the advantage of being enlightened by
lectures on poetry, assures us that Chaucer's popularity is
gone by:—it may be so with those ladies and gentlemen who
conceive poetry to be 'the art of pleasing,' and believe that
nothing which requires thought can possibly give pleasure.
Chaucer has not written for critics and readers of this nature:
... the rank which the father of English poetry holds in
literature has not been assigned by caprice, or fashion, or
superstition. He whom Spenser called his master, and
whom Milton referred to as to his great and immortal prede¬
cessor, is justly placed with them in the first class of poets,
and his fame, like theirs, is for ever. It is a reproach to our
literature that the Canterbury Tales should be the only portion
of his works which have been edited with any degree of care
or ability.
[vol. xii,
p. 64]
He [the author of The Cid] built with rubbish and
unhewn stones; Dante and Petrarca with marble. Chaucer's
materials more resembled those of the Spaniard than of the
Italian poets. This has been in some degree unfortunate for
himself, inasmuch as the progressive improvement of our
tongue has at length rendered him obsolete, (or rather caused
him to be thought so,) and thus deprived him of that exten¬
sive and pre-eminent popularity which he long and deservedly
enjoyed. ...
[p. 65]
Chaucer drew much from the French and Italian poets,
but more from observation and the stores of his own wealthy
and prolific mind. Strong English sense, and strong English
humour characterize his original works. He caught with a
painter's hand the manners and features of the age; he beheld
the objects of external nature with a poet’s eye, and he pene¬
trated with a poet's intuition into the recesses of the human
heart. Dante holds a higher place in literature because he
wrought with materials which were capable of displaying and
preserving his exquisite skill. Dante may be classed above all
other poets for strength and severity of style: Nothing can be
worse than the plan of the Divina Commedia; the matter is
sometimes puerile, sometimes shocking, frequently dull, but
the style is uniformly perfect. Here Chaucer falls short of
him, but only here, where, from the state of the English
language, it was impossible that he should prove his equal:
in extent and variety of power he is greatly his superior.
[During the 15th century] there could be little encourage¬
ment for poetry, and what was produced chiefly consisted
either of dull translations, or vapid imitations of Chaucer.
The 'style ornate' had been introduced, and was sanctioned
by Chaucer's name: of the poems in that style which are
printed as his, many are of questionable authority; few traces
of it are to be found in his greater and better works; and it
seems probable that he just tried the experiment, and convinced
himself of its unfitness.","[The passage on Chaucer's rejection of the ornate style at the end of the following extract echoes Southey's words in his Specimens, q.v. above, 1807, closely enough to warrant the provisional attribution of this review to him.]"
part2_p67_a1,Vol.2,Part II,p67,1814.,"Thurlow, Edward Hovell, Lord.","Moonlight, a Poem, with Several Copies of Verses,","p. 21. [There is another edition of this poem, also of 1814; the title runs differently—'Moonlight, the Doge’s Daughter, Ariadne,' etc.]","[The author asks his Muse: Where are now the great poets
of Italy?]
Or, if we turn to England in our thought,
Tell me where Chaucer may be found? or where
Sweet Spenser, that from rebels fled to death,
His heart quite broken with the faulty time?...",
part2_p68_a1,Vol.2,Part II,p68,1814.,Unknown.,"Review of Ginguené's Histoire Littéraire d’Italie, and Sismondi's De la Littérature du Midi de l’Europe,","[in] The Quarterly Review, April 1814, vol. xi, p. 22.","To the English reader it [the Theseide] presents the addi¬
tional interest, of being the model of the ‘Knight's Tale’ of
Chaucer, and the origin therefore of one of the noblest poems
in our language, the  ‘Palamon and Arcite’ of Dryden.",
part2_p68_a2,Vol.2,Part II,p68,1814.,Unknown.,"Review of Mathias's edition of Mason's Life and Writings of Gray,","[in] The Quarterly Review, July 1814, vol. xi, p. 315.","[Comparison is made between a line in Gray, and a line from
the Reve’s Prologue:
“Even in our ashes live their wonted fires.”
Gray, Mason's ed. p. 67.
“Even in our ashen cold is fire ywreken.”
Chauc. Reve’s Tale, ed. Tyrwhitt, l. 3180.]
[For this old comparison see above, vol. i, p. 465, 1782,
Dodsley.]",
part2_p68_a3,Vol.2,Part II,p68,1814.,Unknown.,"Review of Dunlop's History of Fiction,","[in] The Edinburgh Review, Nov. 1814, vol. xxiv, p. 46.","[With a few exceptions] by far the best fictitious narratives
in existence are poems. And a history of Mathematics which
should exclude Archimedes and Newton, would not be more
extraordinary than a history of Fiction which excludes Homer,
Hesiod, Virgil, Lucian, Ariosto, Tasso, Chaucer, Spenser,
Milton, Scott, Campbell and Byron.",
part2_p68_a4,Vol.2,Part II,p68,1814.,"Wordsworth, William.","Second Tour in Scotland; Yarrow visited,","[in] Memoirs of William Wordsworth, by Christopher Wordsworth, 1851, 2 vols., vol. ii, p. 30. (Poetical Works, ed. W. Knight, 1896, 8 vols, vol. vi, p. 36.)","The old man [Dr. Anderson, the editor of the British Poets]
was passionately fond of poetry, though with not much of
discriminating judgment, as the volumes he edited sufficiently
show.  ... Through these volumes I became first familiar
with Chaucer.",
part2_p68_a5,Vol.2,Part II,p68-69,1815-16.,"Brydges, Sir Samuel Egerton.","Restituta,","4 vols., 1814-16, vol. i, Preface [dated March 28, 1815], p. x. ; vol. ii, pp. 138, 140, 508; vol. iv, pp. 29, 168, 199 [quotations on Chaucer from old writers].","But such is the brilliance of primary genius, that even the
darkest ages will not repress the appearances of its true
character. What vivid pictures does Chaucer give us! What
a selection of circumstances! What animation of manner,
and language! How does he bring out the prominent traits
in the characters which he so happily draws in his Canterbury
Tales; while we see the whole merry group on their journey,
as if we were accompanying them along the Kentish road!",
part2_p69_a1,Vol.2,Part II,p69,1815.,"Dibdin, Thomas Frognall.","Bibliotheca Spenceriana,","4 vols., 1814-15; vol. iv, 1815, pp. 288-319, 426-31.","[Lengthy bibliographical descriptions, with extracts and
facsimiles, of Caxton’s editions of the Canterbury Tales;
ed. 1, pp. 288-92, No. 868; ed. 2, pp. 292-309, No. 869,
with facsimiles of the cuts of the characters; Boecius, pp. 310-
12, No. 870; Book of Fame, pp. 312-19, No. 871; Troylus,
p. 319, No. 872; of Pynson's ed. of the Canterbury Tales,
pp. 426-31, No. 917.]",
part2_p69_a2,Vol.2,Part II,p69,1815.,"G[riffiths], A[cton] F[rederick].",Bibliotheca Anglo-Poetica;,"or a descriptive catalogue of a rare and rich collection of Early English Poetry in the possession of Longman, Hurst, Rees, Orme and Brown, etc. [formerly Park’s collection], pp. 36-40, 431-2, nos. 84-96, 898-901.","[No. 84, Canterbury Tales, Pynson, n.d., imperfect at
beginning, £25; the portrait of Chaucer is reproduced. No.
85, Works, Bonham, n.d., £7 7s.; Ritson is quoted for the
date 1542 for this edn., and Tyrwhitt for the spuriousness of
the Plowman’s Tale, which first appeared in it. Nos. 86, 87,
Works, 1598, £3 10s. and £2 12s.6d. No. 88, Works, 1602,
£4 4s. No. 89, Works, ed. Urry, 1721, £115s. No. 90,
item, large paper, £3 3s.; ""The Coke’s Tale of Gamelyn""
and ""The Merchant’s Second Tale, or the History of Beryn,""
included in this edn., non-Chaucerian, but praised by Ritson.
No. 91, Canterbury Tales, ed. Tyrwhitt, 1775-8, £6 16s. 6d.
No. 92, item, with proof prints from Bell’s edn. and portraits
of Chaucer and Tyrwhitt, £8 8s.; a note in praise of the edn.
follows. No. 93, Canterbury Tales, ed. Tyrwhitt, 1798,
£2 10s. No. 94, Canterbury Tales, Ogle’s modernized edn.,
1741, £1 11s. 6d. No. 95, item, £2 6s. No. 96, The
assemble of foules, Wynkyn de Worde, 1530, £50. The book
unique; reference to Dr. Billam's letter to Herbert [see above,
vol. i, p. 483, 1786]; a general note on Chaucer follows, and
a quotation of Warton’s well-known passage beginning ""I
consider Chaucer as a genial day in an English Spring.""
(Supplement.) No. 898, Canterbury Tales, Pynson, 1526,
imperfect, £25. No. 899, Works, R. Toye, n.d. (another
issue of no. 85), £6 6s. No. 900, Works, Reynes, 1542,
£7 7s. No. 901, Works, 1561, £5 5s.]",
part2_p6_a1,Vol.2,Part II,p6,1803.,"Aikin, John.",General Biography...,"vol. iv, pp. 479/2, 480/1 [article on Gower; for Chaucer article see above, 1801].",,
part2_p6_a2,Vol.2,Part II,p6,[1803?],"Boucher, Jonathan.","Proposals for printing by subscription in two volumes... Linguæ Anglicanæ Veteris Thesaurus, vr a Glossary of the Ancient English Language...","by... Jonathan Boucher, pp. 4, 12. [In a collection of prospectuses, 1796-1842, in Brit. Mus. (11902. bbb. 23), in 3 vols, 1 and 2 lettered Collectio Prospectuum, vol. i, pp. [in MS.] 49 b, 53 b.]","[p.12] [A specimen is given of the dictionary under the word
Achates, or Acates, Victuals; and a quotation from the
Prologue,
A gentil manciple was there of a temple,
Of which achatour mighten take ensemple... [to]
That he was aye before in his estate.]","[This glossary was not published until 1832, and was then edited by J. Hunter and J. Stevenson. Boucher died in 1804, see below, a. 1804.]"
part2_p6_a3,Vol.2,Part II,p6,1803.,"Coleridge, Samuel Taylor.","Letter to Southey,","[dated] Keswick, July, 1803. (Letters of S. T. Coleridge, 1895, vol. i, p. 425.)","[Coleridge sketches the plan of a History of British
Literature for Southey to write, and says:] The first half
of the second volume should be dedicated to great single
names, Chaucer and Spenser, Shakespeare, Milton and Taylor,
Dryden and Pope.",
part2_p6_a4,Vol.2,Part II,p6-9,1803.,"Godwin, William.","Life of Geoffrey Chaucer,","2 vols, London, 1803.","[Vol. i. ch. xv, pp. 277-297, a long analysis of Troilus and
[p. 298] Creseide.] From this analysis of the poem, it is not difficult to
infer the degree of applause to which its author is entitled. It has
already been observed by one of the critics upon English poetry
[Warton, vol. i, sect. 14], that it is ""almost as long as the
Æneid."" Considered in this point of view, the Troilus and
Creseide will not appear to advantage. It is not an epic poem.
[p. 299]... It is merely a love-tale. It is not the labour of a man's
life; but a poem which, with some previous knowledge of
human sentiments and character, and a very slight prepar¬
ation of science, the writer might perhaps be expected to
complete in about as many months, as the work is divided into
books....
It is... considerably barren of incident. There is not
enough in it of matter generating visible images in the reader,
and exciting his imagination with pictures of nature and life.
There is not enough in it of vicissitudes of fortune.... Add
to which, the catastrophe is unsatisfactory and offensive....
[p. 300] Dryden thoroughly felt this defect in the poem of Chaucer,
and has therefore changed the catastrophe when he fitted the
story for the stage, and represented the two lovers as faithful,
but unfortunate.
But, when all these deductions have been made from the
claims of the Troilus and Creseide upon our approbation, it
will still remain a work interspersed with many beautiful
passages, passages of exquisite tenderness, of great delicacy,
and of a nice and refined observation of the workings of
human sensibility. Nothing can be more beautiful, genuine,
and unspoiled by the corrupt suggestions of a selfish spirit,
than the sentiments of Chaucer's lovers. While conversing
with them, we seem transported into ages of primeval
innocence. Even Creseide is so good, so ingenuous and
affectionate, that we feel ourselves as incapable as Troilus,
of believing her false. Nor are the scenes of Chaucer's
narrative... drawn with that vagueness of manner, and
ignorance of the actual emotions of the heart, which, while
we read them, we nauseate and despise. On the contrary,
his personages always feel, and we confess the truth of their
feelings.
[p. 301] Pandarus himself comes elevated and refined from the pen
of Chaucer: his occupation loses its grossness, in the dis¬
interestedness of his motive, and the sincerity of his friendship.
In a word, such is the Troilus and Creseide, that no competent
judge can rise from its perusal without a strong impression of
the integrity and excellence of the author's disposition, and of
the natural relish he entertained for whatever is honourable,
beautiful and just....
The poem will appear to be little less than a miracle, when
we combine our examination of it, with a recollection of the times
and circumstances in which it was produced. [The “languid
[p. 302] and perishing” state of the English tongue in Chaucer's
time.]... [Chaucer] surprised his countrymen with a poem,
eminently idiomatic, clear and perspicuous in its style, as well
[p. 303] as rich and harmonious in its versification.... The loves of
Troilus and Creseide scarcely retain any traces of the pre¬
posterous and rude manners of the age in which they were
delineated.
This poem therefore, as might have been expected, long
fixed upon itself the admiration of the English nation....
[It] was probably, more than any of his other works, the basis
of his fame, and the foundation of his fortune.¹
[vol. ii,
p. 572]
This Canterbury Tales is [sic] the great basis of the fame of
Chaucer, and indolent men have generally expressed themselves
with contempt of the rest of his works as unworthy of atten¬
tion.... He indeed who wishes to become personally ac¬
quainted with Chaucer, must of necessity have recourse to his
minor pieces. The Canterbury Tales are too full of business,
variety, character and action, to permit the writer in any great
degree to show himself.... The Troilus and Creseide in
particular, that poem of which Sir Philip Sidney speaks
with so much delight, though deficient in action, cannot be
[p. 573] too much admired for the suavity and gentleness of nature
which it displays.... All the milder and more delicate
feelings of the soul are displayed... and displayed in a
manner which none but a poet of the purest and sweetest
dispositions, and at the same time of the greatest discrimina¬
tion, could have attained.
The Canterbury Tales is certainly one of the most extra¬
ordinary monuments of human genius...
What infinite variety of character is presented to us in
the Prologue to the Canterbury Tales! It is a copious and
extensive review of the private life of the fourteenth century
in England.
This has usually, and perhaps justly, been thought the most
conspicuous excellence of Chaucer; his power of humour, of
delineating characters, and of giving vivacity and richness to
comic incidents.
. . . . . . .
[¹ For Charles Lamb's remarks upon this criticism, see below, 1803.]
[p. 532] His best works, his Canterbury Tales in particular, have an
absolute merit, which stands in need of no extrinsic accident
to show it to advantage, and no apology to atone for its
concomitant defects. They class with whatever is best in
the poetry of any country or any age. Yet when we further
recollect that they were written in a remote and semi-barbarous
age, that Chaucer had to a certain degree to create a language,
or to restore to credit a language which had been sunk in
vulgarity and contempt by being considered as a language
[p. 533] of slaves,... the astonishment and awe with which we
regard the great father of English poetry must be exceedingly
increased...",
part2_p70_a1,Vol.2,Part II,p70,1815.,"Hazlitt, William.","On the Ideal,","[in] The Champion, Jan. 8, 1815. (Collected Works of William Hazlitt, ed. Waller and Glover, 1902-6, 13 vols., vol. xi, p. 226.)","Inde in Chaucer's Knight's Tale, less poetical, or historical, or
Are the admirable descriptions of the kings of Thrace and
ideal, because they are distinguished by traits as characteristic
as they are striking; in their lineaments, their persons, their
armour, their other attributes, the one black and broad, the
other tall, and fair, and freckled, with yellow crisped locks
that glittered as the sun? The four white bulls, and the
lions which accompany them are equally fine, but they are
not fine because they present no distinct image to the mind.
The effect of this is somehow lost in Dryden's Palamon and
Arcite, and the poetry is lost with it.",
part2_p70_a2,Vol.2,Part II,p70,1815.,"Hazlitt, William.","Essay on Manners,","[in] The Examiner, Sept. 3, 1815. (Collected Works of William Hazlitt, ed. Waller and Glover, 1902-6, 13 vols, vol. xi, pp. 269-272, 274.)","[p. 269] Nothing can be more striking than the difference of style
or manner, where the matter remains the same, as in para¬
phrases and translations. The most remarkable example
which occurs to us is in the beginning of the Flower and
Leaf by Chaucer, and in the modernisation of the same
passage by Dryden.  ...
[pp. 270,   modernization of the same passage are quoted, and the in¬
[Six stanzas of the Flower and the Leaf and Dryden's
271]
feriority of Dryden’s version is pointed out.]
[p. 272] Compared with Chaucer, Dryden and the rest of that school
were merely verbal poets. They had a great deal of wit,
sense and fancy; they only wanted truth and depth of feeling.",
part2_p70_a3,Vol.2,Part II,p70,1815.,"Hazlitt, William.","Queries relating to the Essay on Population,","[no. 23 of the Round Table series in] The Examiner, Oct. 29, 1815. (Collected Works of William Hazlitt, ed. Waller and Glover, 1902-6, 13 vols., vol. iii, p. 385.)","[Query] 18. Lastly, whether the whole of the reverend
author's management of the principle of population and of the
necessity of moral restraint, does not seem to have been copied
from the prudent friar's advice in Chaucer?
‘Beware therefore with lordes for to play,
Singeth Placebo :—
To a poor man men should his vices tell,
But not to a lord, though he should go to hell.’",
part2_p71_a1,Vol.2,Part II,p71,1815.,"Hazlitt, William.","Review of Sismondi's Literature of the South,","[in] The Edinburgh Review, June 1815, vol. XXV, pp. 54, 59, 60, 62. (Collected Works of William Hazlitt, ed. Waller and Glover, 1902-6, 13 vols., vol. x, pp. 69, 73-7).","[p. 73] We cannot go on with this splendid catalogue of foreigners
without feeling ourselves drawn to the native glories of two of
our own writers... —we mean Chaucer and Spenser–who
are now, we are afraid, as little known to the ordinary run
of English readers as their tuneful contemporaries of the
South...
[There follows, pp. 74-6, a short but good and fresh apprecia¬
tion of Chaucer, which Hazlitt elaborated and illustrated with
quotations in the Lectures of 1818, but leaving some passages
unaltered. See below, 1818.]",
part2_p71_a2,Vol.2,Part II,p71,1815.,"Hunt, James Henry Leigh.",The Descent of Liberty;,"a masque, p. 60. [Issued in 1819 as part of vol. i (with date 1816) of Leigb Hunt’s Poetical Works.]","Three Gothic seats, in which are enthroned the shapes of
Chaucer, Shakespeare, and Milton, crowned with laurel, and
holding globes in their hands–the first a terrestrial, the third
a celestial, and the second a double one of both.",
part2_p71_a3,Vol.2,Part II,p71,1815.,"Hunt, James Henry Leigh.","The Feast of the Poets,","... second edition, amended and enlarged, p. 23, Notes [identical as regards the Chaucer reference with those in 1st edition], pp. 120, 121. [Issued in 1819 as part of vol. ii. of Leigh Hunt’s Poetical Works; the original title page is dated 1815. See above, 1812 and 1814.]","I must mention, however, that during the wine,
The mem’ry of Shakspeare was toasted with nine;
When lo, as each poet was lifting his cup,
A strain of invisible music struck up :—
. . . . . . . . . .
The next name was Chaucer,—and part of the strain
For the glorious old boy was play'd over again.
Then, “Milton !"" they cried, with a solemner shout,
When bursting at once in its mightiness out,
The organ came gathering and rolling its thunder.
 . . . . . . . . . .
Last followed my Spenser (I wish I'd been there).",
part2_p72_a1,Vol.2,Part II,p72,1815.,"Macaulay, Thomas Babington, Lord.","Letter to his Mother,","[dated] Aug. 23, 1815, [in] The Life and Letters of Lord Macaulay by... George Otto Trevelyan, 1876. (New ed., 1883, 2 vols., vol. i, p. 59.)","Hear and wonder! I have... read Boccaccio's Decameron
... he is always elegant, amusing, and... strikingly delicate
and chastised. I prefer him infinitely to Chaucer.",
part2_p72_a2,Vol.2,Part II,p72,1815.,"Marsh, Herbert.","Horæ Pelasgicæ,","Part the First, p. 23.","[The Pelasgi spoke] the same language with Thucydides
himself, though the form of it, as used by the Pelasgi, might
bear to the form of it in the writings of Thucydides a relation
similar to that, which the English of Chaucer bears to the
English of Pope.","[This passage is quoted in a review of Marsh's book in the Quarterly Review July, 1815, vol. xiii, p. 346.]"
part2_p72_a3,Vol.2,Part II,p72-73,1815.,"Mitford, Mary Russell.","Letter to Sir William Elford,","July 7, Life of Mary Russell Mitford, edited by A. G. L’Estrange, 3 vols., 1870, vol. i, pp. 311, 312.","I have been to see Donnington Castle, the classic ground
where Chaucer certainly resided and perhaps wrote some of
those exquisite tales which, while they are among the earliest
specimens of our language, will undoubtedly endure to the last.
Are you an enthusiast for this venerable bard? My admiration
for him is very ardent. His poetry seems to me so healthy,
so vigorous, so much in the thought, and so little in the
expression; his powers are so various, so pliable, ranging at
will from the thrilling pathos of Griselda to the wild fancy
of  ‘Cambuscan bold.’  ... Setting Milton and Shakespeare
aside, I am not sure that I don't prefer him to almost any
writer in the circle of English poetry. I speak, of course, of
his best works, and not of his poems en masse; but two or
three of his “Canterbury Tales,” and some select passages from
his other productions, are worth all that the age of Queen
Anne, our Augustan age as it has been called, ever produced.
[Enclosed in this letter was the following Sonnet:]
On visiting Donnington Castle, said to have been the latest
Residence of Chaucer, and celebrated for its Resistance
to the Army of the Parliament during the Civil Wars.
Oh for some sprite to lead the ivy band,
High-seated Donnington, around thy towers!
Oh for some sprite to wipe from Chaucer's bowers
The lingering trace of War's deforming hand!
Nature herself hath banished from the land
Such signal. Here the trench no longer lours,
But, like a bosky dell, bedecked with flowers
And garlanded with May, it seems to stand
A very spot for youthful poet's dreams
In Spring’s fair hour: Griselda’s mournful lay,
The 'half-told' tale would sound still sweeter here.
Oh for some sprite to hide with ivy spray
War's ravages, and chase the meaner themes
Of King and State, Roundhead and Cavalier.","[See below, 1852, for a passage in Miss Mitford’s Recollections.]"
part2_p73_a1,Vol.2,Part II,p73-80,1815-16.,"Nott, George Frederick.","The Works of Henry Howard Earl of Surrey and of Sir Thomas Wyatt the Elder,",2 vols.,"Dissertation on the state of English Poetry before the
sixteenth century, vol. i, pp. cxxxvii-clxxvi, clxxxvi note,
clxxxviii-cxciii, cxc, cxcvi, cxcix, ccxxxi-ii, ccxxxv-vi,
ccxliii-vi, ccxlii-vi, ccxlix-li, cclxvii, cclxix-xx, cclxxxv. [In
the Notes to the poems there are many references to Chaucer,
pointing out passages and lines where Surrey has imitated him.]
Notes to Surrey’s Poems, vol. i, pp. 234, 236, 238-41, 243,
246-47, 249-50, 252, 257, 259-60, 263-66, 276, 278, 282,
284, 287, 289, 291, 295-97, 302-3, 306-7, 315-16, 318-24,
326, 329-30, 334-35, 337-39, 341, 348-49, 351-52, 356-57,
359, 361, 369, 372-73, 375, 380, 383, 387-88, 398, 401-11,
413, 417, 421, 424-25.
Vol. ii [Wyatt], pp. xxxii, xxxiii and note, lxxxvi, cliii and
note, clix and note, clx. Notes to Wyatt’s poems, vol. ii, pp.
538-41, 545-50, 552-53, 555-56, 558, 560-66, 568-72,
574-75, 577, 581-82.
[vol. i, Sect. IV. Of Chaucer's versification–that his verses were
p. clviii]
Decasyllables, but rhythmical–of the use and importance
of the cœsura in rhythmical versification.
It seems certain then that our versification anterior to
Chaucer, whether the lines were Alexandrine, Octosyllabic, or
Alliterative, was uniformly rhythmical. It now remains to
ascertain what were the alterations which Chaucer made.
First, he rejected alliteration. ... Secondly, he established
the practice of always changing the rhyme with the couplet.
... Thirdly, he introduced the Heroic stanza of seven
lines,...; a stanza, which for many centuries after was used
as the system of verse best suited to serious and elevated
subjects....
But the chief improvement introduced by Chaucer into
our versification was that of dropping altogether the use of
the Alexandrine line, and substituting the line of ten
syllables in its stead.  ...
But though Chaucer reduced our verse to ten syllables, he
suffered it to retain in other respects the properties of the
old Alexandrine verse. Like that it was divided by the old
cæsura into hemistichs; had the pause at the end, and was
recited rhythmically. It was still what Lydgate called ""the
verse of Cadence."" It is true that many of Chaucer's lines
[p.clix] have the appearance of being pure Iambic Decasyllables.
This however was the effect of accident. For accent and quan¬
tity, which are not of necessity the same, would sometimes
coincide, and when they did, a pure Iambic Decasyllable was
unavoidably the result. It was the frequent occurrence of
these fortuitous Iambic lines that led Mr. Tyrwhitt, and before
him Mr. Urry, and the learned Mr. Morell, to believe that
Chaucer's system of versification was altogether metrical. But
an impartial consideration of the subject, and a reference to
good MSS. must I think lead us to conclude that Chaucer had
not a metrical system of numbers in contemplation; but that,
on the contrary, he designed his verses to be read, like those of
all his contemporaries, with a cæsura and rhythmical cadence.
Should it be asked why so many Iambic lines are to be
found in Chaucer, the answer is obvious. Our language had
become more compressed. Most of the words in common use
had dropped their final syllables, and monosyllables were
multiplied. This could not but produce a corresponding effect
on our versification, and lines of ten syllables would insensibly
be written instead of lines of twelve or fourteen....
[Here follow some instances from Manning's, or Robert of
Brunne’s, continuation of Langtoft’s Chronicle, of the mixture
of the Alexandrine with verses of ten syllables.]
. . . . . . . . ..
[p.clx] Manning's use of the Decasyllabic verse, therefore, was
partial and accidental. The case was otherwise with Chaucer.
He used it uniformly, and upon system. This admits of
no doubt. I am not aware that a single instance of the
Alexandrine verse occurs in all Chaucer's works; for I fully
agree with Mr. Tyrwhitt that the Tale of Gamelyn was not
written by Chaucer.
[p. clxi] To give the reader a clear notion of what I conceive to have
been Chaucer's system of versification, I will transcribe the
opening lines of the Canterbury Tales, marking as well the
caesura in the middle of each verse as the pause at the end,
and also the strongly accented syllables, to shew in what
manner rhythmical Decasyllabic verses were, I apprehend,
recited.
Whēn thăt Aprìl ǁ with hĭs shōurĕs sòote |
Thĕ droūght ŏf Màrch ǁ hăd piērcĕd tŏ thĕ ròote |
And bāthĕd ĕvĕry vèin || ĭn sūch lĭquòur |
Of whīch vīrtùe || ĕngēndĕrĕd īs thĕ flòur |
[&c., &c.]
. . . . . . . . . .
That I may not be thought to assume too much in this
point without proof, I will adduce some reasons why I
consider Chaucer’s verses, though Decasyllabic, to have been
rhythmical, and not metrical.
First, because a large proportion of them cannot be read as
Iambic Decasyllables, without doing the utmost violence to
our language; all which verses are harmonious as verses of
cadence, if read with the cæsura rhythmically. And further,
because all those verses might easily by a slight transposition
have been made pure Iambic Decasyllables, had Chaucer either
known that mode of versification, or intended to have adopted
it: as in the following instance.
[p. clxii]
In her is high beauty withouten pride.
Cant. Tales. 4522.
Unless this line be read rhythmically, it has no principle of
harmony at all; but when so read, it has all the harmony that
sort of versification aspires to.
In hèr ĭs hìgh bĕautè || wĭthòutĕn prīde.
Had the Iambic Decasyllabic measure been intended, the
line with the transposition of a single word, might have been
made a perfect Iambic Decasyllable. We cannot suppose this
would have escaped Chaucer's notice.
In her high beauty is, withouten pride.
The above observations apply to a large number of lines
of a similar construction, occurring in almost every page of
Chaucer's works.
verses seems to me wholly inconsistent with the notion of a
Again; the incessant recurrence of defective and redundant
regular system of metrical versification, but not so with
rhythmical versification....
. . . . . . . . . .
Another, and I conceive a conclusive reason for believing
Chaucer’s verses to have been rhythmical verses, or verses of
cadence, may be drawn from the Manuscripts themselves in
which his poems are preserved. [Nott here goes on to
show that in all the MSS. either the cæsura, or the pause at
the end of the line is marked, and that sometimes both are
carefully marked, and that all the MSS. agree in fixing the
cæsura in every line, with hardly any variation, at the same
place; pointing to the fact that Chaucer not only meant his
verses to be rhythmical, but did all he could to settle what
their rhythm should be.]
. . . . . . . . . .
Sect. VIII. Of the nature and importance of Poetic Orna¬
ment, and of the defects of our early English Poets in Point
of Poetic Diction...
p. clxxxviii] Chaucer did much towards refining our poetic diction,
but he left it indefinite: and therefore open to subsequent
innovation and experiment. Indeed he was not consistent in
the use of one uniform style. In his Canterbury Tales what
he seems to have particularly aimed at was simplicity of con¬
struction and a not over-curious selection of words. By these
means he obtained a sort of natural dignity, and simple
elegance of style which rose often into sublimity, and enabled
him to present his thoughts in a manner singularly clear and
distinct. In his Troilus and Cressida, which is evidently
his most laboured composition, he aimed at something like
involution, and affected a greater nicety of terms.
[p. cxcii] Another defect in Chaucer, and in all our early poets, was
. . . . . . . . . .
the little attention paid by them to their system of Rhyming.
[p. cxciii] ... We find him [Chaucer] constantly admitting double
rhymes, which in grave and heroic subjects cannot be allowed,
as they carry with them an air of lightness inconsistent with
the dignity of heroic composition. He rhymed also not only
on feeble words, but on such as in themselves were mean and
trivial. The following rhymes occur in the Knights' Tales,
[sic] one of his most elevated pieces: us, after, shall, ah, thus,
her, other, pan, merry, ladle, cradle, shirt. His rhymes are
likewise often unpleasing by being formed of words, either
purely French, or of English words distorted, it should seem
arbitrarily, to rhyme with them, by being made to bear a
strong and heavy accent on the last syllable....I know
that this evil prevailed before Chaucer’s time, and I am will¬
ing to believe he did something to correct it. Still we find
him rhyming on the following words, semblaùnt, variaùnt,
plesaùnce, chevisaùnce, [&c., &c.]...
. . . . . . . . . .
Sect. XIII. Of the vague and diffuse Style used by our
[p. ccxxxv] [Remarks on the diffuseness and tautology of the early
early Poets....
poets, and an example of this is given from Chaucer, Com¬
plaint of Mars, fol. ccclxx, ed. 1532, beginning:
. . . . . . . . . . .
It seemeth Love hath to lovers enmity.]
[p. ccxli, [Nott says our early poets often debased fine passages
note a.]
by the introduction of mean circumstances, or trivial and
ignoble words, and as an example of this, he says:]
In Chaucer's complaint of Mars and Venus, we find this
very spirited description of Mars arming himself.
He throweth on his helm of hugie weight,
[p. ccxlii] His mighty spear, as he was wont to fight
And girt him with his sword; and in his hand
He shaketh so, that it almost to-wonn'd.
Thus far all is general and beautiful: but Chaucer cannot
forbear adding a circumstance which proves he had a Man at
Arms of the 14th century in his imagination.
Full heavy was he to walken over lond.
[p. ccxlii] Sect. XV. Of the want of skill in all our early Poets
in translating and imitating other writers, and Surrey's
excellence in this particular.
. . . . . . . . . .
Chaucer was incomparably the best and noblest of all our
early writers. Yet even Chaucer was unacquainted with the art
of imitating or translating with spirit and originality. [Here
follow several examples of translated passages:
(1) Troilus, Bk. ii, v. 1030, beginning:
For though the best// harper upon live
Would on the best// sowned joly harp...
which lines, says Dr. Nott, are 'an imperfect imitation of
two passages from Horace' in which Chaucer comprehends
his author's meaning, and applies it to his subject with
considerable skill; but we look in vain for the point and
[p. ccxliii] (2) Translation from Petrarch’s Sonnet 102, in Troil. and
terseness of the original.
Cress., Bk. i, ed. 1532:
If no love is, oh God! // what feel I so, &c.
in which the words are so ill chosen where the version is close;
and where it is paraphrastic the circumstances added are
selected with so little taste, and expressed with so little
elegance, that the spirit of the original is lost.]
. . . . . . . . . .
[p. ccxliv] A still more striking proof of Chaucer's want of taste in
translation occurs in his Canterbury Tales, where he attempts
a version of Dante's famous story of Ugolino.... With what
prosaical tameness and meanness of circumstance does he
paraphrase the... lines, in which Ugolino describes how
his suspicion was excited as to the fate which awaited his
unfortunate family and himself.
Sect. XVI. Of the further improvements made by Surrey
in our Poetry...
[p. ccxlvii] All our poets previous to Surrey wrote as if no other
manners, ideas, or modes of life ever had existed, or ever
could exist than those with which they themselves were
conversant. . . .
[p. ccxlix] That limited taste... pervaded the whole of Chaucer's
Knight's Tale. Who must not feel the first principles of good
taste violated, when he is told that Dan Arcite was a 'lusty
bachelor,' chamberlain and squire principal to Duke Theseus;
that the said Duke found Arcite and Palamon in the woods
when he went thither himself 'amaying;' and that he
learnt Arcite's passion by hearing him sing a Roundel in praise
of love, and talk of purgatory?
. . . . . . . . . .
[p. ccl] The same confusion arising from an absurd use of particular
instead of general ideas and sentiments in points of feeling,
reigns throughout the whole of the Troilus and Cressida.
Indeed were the names of the personages altered, that poem
would not only become a tale of chivalry, but would gain
beauty as well as propriety by the change.
. . . . . . . . .
[p. cclvi] How much inferior, on this account [i. e. incongruity and
confusion of ideas] is Palamon and Arcite, one of Chaucer's
most finished works, to his Squire's Tale, which even in
its imperfect state remains the most vigorous effort of his
fancy. The reason of the inferiority is this. In the Squire's
Tale every thing is of a piece; the subject, the figures, the
ideas, the machinery, are all purely Gothic, with a certain
mixture of eastern imagery which gave, at the time of the
Crusades, a peculiar colouring to our northern romances...
But in the Knight's Tale we are sensible at every page that
the principal rules of good taste are violated; we feel the
absurdity of combining manners of periods so remote from
each other as the time of Theseus, and the reign of Edward
the Third; and even when we are most pleased we tremble
lest some strange incongruity should arise, to destroy the
effect of all that has preceeded.
. . . . . . . . . .
[p. ccxix] Sect. XX. Of the authors whom Surrey studied; of
Chaucer, Dante...
As for Chaucer his name is in every one's mouth; and is
always mentioned with praise. Nor could it well be otherwise.
We could not but speak with respect of the author whom
Spencer had declared to have been his poetic father, whom so
many subsequent writers had called 'the Well-head of English
undefiled,' and whom Dryden had commended in terms of filial
reverence. Still Chaucer is little read, and his merits are
imperfectly understood. He was a poet of as large and com¬
prehensive a mind as almost any whom this, or any other
country can boast. He was a great and an universal scholar.
This praise cannot be denied to him who was master of all the
learning of his times. His memory was stored with images
collected from all the sources of information then open to
enquiry... Had the Squire's Tale been finished... I am
persuaded that Chaucer would have left us the noblest
specimen of romantic imagination to be found within the
compass of modern literature. But Chaucer's chief merit
consists in his knowledge of human nature and in his
power of delineating character. In humorous and satiric
portraits, we meet with the nicest touches of discrimination
between vice and foible that can well be imagined: and
in his heroic characters we find him constantly preserving
gradations of excellence even in those points where there is a
general resemblance. The Knight and the Squire, Palamon
[p. and Arcite, Demetrius of Inde, and Lycurgus of Thrace, are
cclxx]
all brave and enterprising; but each of them is an individual
of himself. Courage is the one common attribute of all.
But there are the same shades of difference in the courage of
each that Homer has been so often admired for preserving
in the characters of Ulysses and Antilochus; Diomed and
Patroclus; Ajax and Achilles. I know of no writer in
modern times, Shakespeare excepted, who can be compared
with Chaucer for masterly discrimination of character.
[Vol. ii, ... For though it is evident that he [Wyatt] had read
p. cliii]
Chaucer, and admired him, his imitations are neither frequent,
nor of a description to make us suppose that he took him as
his master, or considered him to be 'the well-head of English
undefiled.'",
part2_p80_a1,Vol.2,Part II,p80-81,1815.,"Turner, Sharon.","History of England,",vol. ii.,"[Part V, containing five chapters, is a “History of English
Poetry, from the twelfth century to the middle of the fifteenth.""
Of these chapters, no. iv (pp. 499-538) concerns the “Life and Poems
of Chaucer,” and is based principally on Godwin and a study of the
text. There are many quotations, principally from the Testament,
Dream, Legende, Troilus, Assemble of Fowles, Complaint of the
Black Knight. A general account of the works is given. Other
references are:—
Chaucer's borrowings from Dante and Boccaccio, p. 480 and n.
Chaucer and Gower, pp. 481, 483, 488 n., 498 n.
Chaucer and Lydgate, pp. 540, 541, 545-8, 552, 555: Turner
considers Lydgate's versification superior to Chaucer's, p. 545.]",
part2_p80_a2,Vol.2,Part II,p80,1815.,Unknown.,"Chaucer's Dying Ode,","[Flee from the prees... ""attempted in modern English,” in] The Monthly Repository, May, vol. x, no. cxiii, p. 309.","[The text of Chaucer is given, followed by the modern¬
ization, of which the first stanza will serve for a specimen:]
Fly from the crowd, and be to virtue true,
Content with what thou hast tho' it be small,
To hoard brings hate; nor lofty thoughts pursue,
He who climbs high endangers many a fall.
Envy's a shade that ever waits on fame,
And oft the sun that raises it will hide;
Trace not in life a vast expansive scheme,
But be thy wishes to thy state ally’d.
Be mild to others, to thyself severe;
So truth shall shield thee or from hurt or fear.",
part2_p81_a1,Vol.2,Part II,p81,1815.,"Wilkes, John.","Encyclopædia Londinensis,","vol. xiii, 1815. See above, 1810.",,
part2_p81_a2,Vol.2,Part II,p81,1815.,"Wordsworth, William.","Essay, Supplementary to the Preface to the Edition of the Poems,","1815. (Prose Works of William Words worth, ed. W. Knight, 2 vols., 1896, vol. ii, pp. 247-8.)","[On Johnson's Lives:]
We open the volume of Prefatory Lives, and to our
astonishment the first name we find is that of Cowley!—What
is become of the morning-star of English poetry? Where is
the bright Elizabethan constellation? Or, if names be more
acceptable than images, where is the ever-to-be-honoured
Chaucer? where is Spenser?",
part2_p81_a3,Vol.2,Part II,p81,1815.,"Wordsworth, William.",Notes to the second poem To the Daisy.,"(Poetical Works, ed. W. Knight, 1896, vol. ii, p. 356 n.)","See, in Chaucer and the elder Poets, the honours formerly
paid to this flower.",
part2_p81_a4,Vol.2,Part II,p81,1816.,"Dibdin, Thomas Frognall.",Typographical Antiquities...,"begun by Joseph Ames and augmented by William Herbert, and now enlarged with copious notes, vol. iii, pp. 62-5 [Chaucer's Works, Godfray, 1532], 269-270 [Chaucer's Works, 1542], 514 [Chaucer’s Works, Petit, etc., n.d.], 575 n., 586. [For vols. i, ii, see above, 1810, 1812; for vol. iv, below, 1819; for Ames' original edn. of 1749, see vol. i, p. 398; for Herbert’s intermediate edn., see vol. i, 1785, p. 477, 1786, p. 483, 1790, p. 491.]",,
part2_p81_a5,Vol.2,Part II,p81,1816.,"Hazlitt, William.","On Pedantry,","[in] The Round Table. (Collected Works of William Hazlitt, ed. Waller and Glover, 1902-6, 13 vols., vol. i, pp. 84-5.)","Chaucer has drawn a beautiful picture of a true scholar in
his Clerk of Oxenford. [Prol. 285-308, is then quoted.]",
part2_p82_a1,Vol.2,Part II,p82,1816.,"[Hazlitt, William?]","Review of Leigh Hunt's Rimini,","[in] The Edinburgh Review, June 1816, vol. xxvi, p. 476.","[This poem] unquestionably bears a still stronger resemblance
to Chaucer than to his immediate followers in Italy. [The
descriptions, diction and characterization resemble Chaucer's.]","[For the evidence for Hazlitt's authorship of this review, see Collected Works of William Hazlitt, ed. Waller and Glover, 1902-6, 18 vols., vol. x, p. 407.]"
part2_p82_a2,Vol.2,Part II,p82-83,1816.,"Hunt, James Henry Leigh.","Preface to The Story of Rimini,","pp. x, xi, xiv-xvii. (Poetical Works, 1819, vol. i.)","[p. x] The romance of Launcelot of the Lake, upon the perusal of
which the principal incident turns, is little known at present,
but was a great favourite all over Europe, up to a late period.
Chaucer, no long time after the event itself, mentions it, in
[p. xi] his significant way, as a work held in great estimation by the
ladies. The Nun's Priest, speaking of the Tale of the Cock
and the Fox, which he is relating, says to his hearers,
This story is al so trewe, I undertake,
As is the book of Launcelot du Lake
That women holde in ful gret reverence.
Cant. Tales, v. 15147.
The great father of our poetry, by the way, is a little
ungrateful with his jokes upon chivalrous stories, of which he
has left such noble specimens in the Palamon and Arcite, and
in the unfinished story of Cambuscan, which Milton delighted
to remember; but both he and the Italian poets appear to have
laughed at them occasionally, as lovers affect to do at their
mistresses.
. . . . . . . . . .
[p. xiv] The great masters of modern versification are, Dryden for
common narrative... —Spenser, who was musical from pure
taste,—Milton, who was learnedly so,—Ariosto,... —
[p. xv]' Shakspeare,... —and, though the name may appear singu¬
lar to those who have not read him with due attention to the
nature of the language then existing,—Chaucer,—to whom it
sometimes appears to me, that I can trace Dryden himself.
. . . . . . . . . .
[p. xvi] The poet should therefore do as Chaucer or Shakspeare did,
—not copy what is obsolete or peculiar in either, any more
than they copied from their predecessors—but use as much as
[p. xvii] possible an actual, existing language,—... Of the style, to
which I allude [i.e. that which is most beautiful], exquisite
specimens, making allowances for what is obsolete, are to be
found in the Canterbury Tales of Chaucer, and his Troilus
and Cressida.",
part2_p83_a1,Vol.2,Part II,p83,1816.,"Hunt, James Henry Leigh.",Epistles. To the Right Honourable Lord Byron on his departure for Italy and Greece,"[dated on p. lxxvii] Hampstead, April 1816, [in] Foliage, or Poems Original and Translated, 1818, pp. lxxiii, lxxiv. [Cf. The Feast of the Poets, by Leigh Hunt, ed. 1832.]","But all the four great masters of our song,
Stars that shine out amidst a starry throng,
Have turned to Italy for added light,
As earth is kissed by the sweet moon at night;—
Milton for half his style, Chaucer for tales,
Spenser for flowers to fill his isles and vales
And Shakspeare’s self for frames already done
To build his everlasting piles upon.",
part2_p83_a2,Vol.2,Part II,p83,1816.,"Jeffrey, Francis, Lord.","Letter to Thomas Moore,","[dated] Edin burgh, May 28, 1816, [in] Memoirs, Journals, and Correspondence of Thomas Moore, ed. by the Right Hon. Lord John Russell, M.P., 1853, vol. ii, p. 100.","It [Leigh Hunt's Rimini] is very sweet and very lively in
many places, and is altogether piquant, as being by far the
best imitation of Chaucer and some of his Italian con¬
temporaries that modern times have produced.",
part2_p83_a3,Vol.2,Part II,p83,1816.,"Jeffrey, Francis, Lord.","Review of Scott's edition of Swift,","[in] The Edinburgh Review, Sept. 1816, vol. xxvii, pp. 3, 4. (Francis Jeffrey's Contributions to the Edinburgh Review, 1853, pp. 74, 75.)","[p. 3]
Our first literature consisted of saintly legends, and
[p. 4] romances of chivalry,—though Chaucer gave it a more
national and popular character by his original descriptions of
external nature, and the familiarity and gaiety of his social
humour.",
part2_p83_a4,Vol.2,Part II,p83,1816.,"Scott, Sir Walter.","Old Mortality (Tales of my Landlord),","vol. iv. ch. XV. [ed. 2, the first in B.M.]. (Border Edition, ed. Andrew Lang, 1893, vol. ii, ch. xxiii, p. 286.)","[Chapter Heading.]
Yet could he not his closing eyes withdraw
[and four following lines].
[Dryden’s] Palamon and Arcite.",
part2_p84_a1,Vol.2,Part II,p84,1816.,"Scott, Sir Walter.","The Antiquary,","3 vols, vol. i, ch. iii, p. 56, ch. x, pp. 213-15, vol. iii, ch. v, p. 114. (Border edition, ed. Andrew Lang, 1893, vol. i, ch. iii, p. 31, chap. x, pp. 120-1, vol. ii, chap. xiii, p. 165.)","[Vol. i, p. 31]
It was chiefly on his books that he [Mr. Oldbuck] prided
p. 31]
himself, repeating, with a complacent air, as he led the way to
the crowded and dusty shelves, the verses of old Chaucer–
For he would rather have, at his bed-head,
A twenty books, clothed in black or red,
Of Aristotle, or his philosophy,
Than robes rich, rebeck, or saltery.
[Prol., 11. 293-6.]
This pithy motto he delivered, shaking his head and giving
each guttural the true Anglo-Saxon enunciation, which is now
forgotten in the southern parts of this realm...
Vol. i, pp. 120-1] [The room] was hung with tapestry... It seemed as if
120-1]
the prolific and rich invention of old Chaucer had animated
the Flemish artist with its profusion, and Oldbuck had accord¬
ingly caused the following verses from that ancient and excel¬
lent poet, to be embroidered in Gothic letters, on a sort of
border which he had added to the tapestry :—
Lo! here be oakis grete, streight as a lime
[and six following lines, The Flower and the Leaf, 11. 29-35].
And in another canton was the following similar legend:—
And many a hart, and many a hind
[and five following lines, Book of the Duchesse, 11. 427-32].
[vol. ii,
[Another brief reference to the above lines.]
p. 165]",
part2_p84_a2,Vol.2,Part II,p84,1816.,Unknown.,"Encyclopædia Perthensis,","vol. v, pp. 259-60, Chaucer, vol. xiii, p. 486, Lydgate. [Both articles are taken from edn. 2 of the Encyclopaedia Britannica (q.v. above, 1778, vol. i, p. 452), slightly altered in phrasing only.]",,
part2_p84_a3,Vol.2,Part II,p84,1816.,Unknown.,"Illustrations of Westminster Abbey,","No. xvii, [in] The British Lady's Magazine, no. 21, vol. iv, Sept. 1, 1816, pp. 186-7.","These specimens [i. e. the modernized tales of Dryden,
Pope, etc.] are quite enough to open the mind to the genius
of Chaucer, who, however far himself a translator from the
Italian, was a prodigy for his age, and, contending, as he did,
with an unformed language, an uncommon instance of ability
and industry united....",
part2_p85_a1,Vol.2,Part II,p85,1816.,Unknown.,"Review of Works of Howard and Wyatt,","ed. G. F. Nott, [in] The Edinburgh Review, Dec. 1816, vol. xxvii, pp. 405, 412, 413, 415-19, 422.","[p. 412] [Chaucer the only old poet who makes reference to his
[pp.415- [Stating the difference of opinion between Tyrwhitt and
sources. Debt to Boccaccio in 'Palamon and Arcite.']
419]
Nott on Chaucer's versification (pronunciation of final e,
etc.), and Nott's dictum that Chaucer wrote rhythmically
rather than metrically, the reviewer concludes that, though
there was much rhythmical verse in Chaucer's and even in
Surrey's time, this type is quite distinct from Chaucer's.
Various quotations from Chaucer (description of the 'Lawyer'
from the Prologue, etc.) are given in illustration.]
[p. 422] ... If we see not the slightest ground for depriving
Chaucer, in one respect, of his title of Father of English
Poetry, we are heartily ready to allow that Surrey well
deserves that of the Eldest Son, however he was surpassed
by the brothers that immediately followed him.","[For Nott's edn. of Surrey and Wyatt, see above, 1815-16.]"
part2_p85_a2,Vol.2,Part II,p85-87,1817.,"Coleridge, Samuel Taylor.","Biographia Literaria,","2 vols., 1817, vol i, pp. 21, 22, 32, 38, 55, 203, 205; vol. ii, pp. 97, 79, 104.","[ch. i, pp. 21-22]
pp. 21-22]
In my defence of the lines running into each other, instead
pp.22]
of closing at each couplet, and of natural language,... I had
continually to adduce the metre and diction of the Greek
Poets... and still more of our elder English poets from
Chaucer to Milton.
. . . . . . . . . .
[ch. ii, Through all the works of Chaucer there reigns a chearful¬
p. 32]
ness, a manly hilarity, which makes it almost impossible to
doubt a correspondent habit of feeling in the author himself.
[Cf. Table Talk, below, 1834.]
. . . . . . . . . .
[p. 28] In the days of Chaucer and Gower, our language might
(with due allowance for the imperfections of a simile) be
compared to a wilderness of vocal reeds, from which the
favourites only of Pan or Apollo could construct even the rude
Syrinx; and from this the constructors alone could elicit
strains of music.
. . . .  . . . . .
[p. 55] Having announced my intention to give a course of lectures
on the characteristic merits and defects of English poetry
in its different eras; first, from Chaucer to Milton; second,
from Dryden inclusive to Thomson; and third, from Cowper
to the present day; I changed my plan and confined my
disquisition to the two former eras.
[ch.x, I received as many lessons in the Gothic of Ulphilas as
p.203]
sufficed to make me acquainted with its grammar, and...I
read through... the most important remains of the Theo¬
tiscan, or the transitional state of the Teutonic language from
the Gothic to the old German of the Swabian period...
(the polished dialect of which is analogous to that of our
Chaucer)...
[p. 205] In Pindar, Chaucer, Dante, Milton, and many more, we
have instances of the close connection of poetic genius with
the love of liberty and of genuine reformation.
[Vol. ii, p. 79]
. . . . . . . . . .
p. 79]
[Defence of the use of mythological personages by the older
poets.] Nay, even at this day what scholar of genial taste will
not so far sympathise with them, as to read with pleasure in
Petrarch, Chaucer, or Spenser, what he would perhaps condemn
[Vol. ii, In truth our language is, and from the first dawn of
as puerile in a modern poet?
ch. xx,
p. 97] poetry ever has been, particularly rich in compositions dis¬
tinguished by this excellence [i. e. a natural style and an apt
expression of thought, combined with the rhyme and metre
of poetry]. The final e, which is now mute, in Chaucer's
age was either sounded or dropped indifferently.... Let the
reader, then, only adopt the pronunciation of the poet and of
the court, at which he lived, both with respect to the final e
and to the accentuation of the last syllable: I would then
venture to ask, what even in the colloquial language of
elegant and unaffected women (who are the peculiar mistresses
of “pure English and undefiled"")–what could we hear more
natural, or seemingly more unstudied, than the following
stanzas from Chaucer's Troilus and Creseide?
""And after this forth to the gate he wente,
Ther as Creseide out rode a ful gode paas:
And up and doun there made he many a wente,"" &c.,
[42 lines quoted, bk. v, stanzas 87-91, 93.]
[Wordsworth included this latter passage in his 'Selections
from Chaucer modernised,' written 1801.]
[p. 164] [Heading to Chap. XX.] The neutral style, or that com¬
mon to Prose and Poetry, exemplified by specimens from
Chaucer, Herbert, &c. [There are no specimens from Chaucer.]",
part2_p87_a1,Vol.2,Part II,p87,1817.,"Dibdin, Thomas Frognall.","The Bibliographical Decameron,","3 vols., vol. ii, pp. 346 n, 383, 437 n, 446-8,517-18; vol. iii, pp. 27, 58-9, 75, 100, 127, 227 and n, 318, 404, 420, 434, 467.","[vol. ii, [Footnote. The two Chaucers (i.e. the first and second
p. 8]
edns. of the Canterbury Tales) among the Caxtons at Spencer
[p. 446] [The binding of books in velvet noticed by Chaucer.
House.]
""Bokes clothed in black or red"" meant bound in velvet.
Chaucer’s works bound in leather in the sixteenth century;
[vol. iii,
quotation from Copland, q. v. above, 1530, vol. i, p. 76.]
p. 58-9]
[Sale at the Roxburghe sale of a MS. of Chaucer for £357,
[p. 100] [Sale at the Towneley sale of Chaucer, 1532, for £5. 5. 0,
and of Troilus, 1517, for £43.]
and of Caxton’s edn. of Troilus for £252.]
[p. 127] [Sale at the Edwards sale of Troilus, 1517, for £39. 18. 0.]
[p.227] [Bradwardine mentioned by Chaucer; quotation from the
Nun's Priest's Tale, ll. 414-22.]
[p. 318] [Hunterian Library contains Canterbury Tales, 1526, Troilus,
n. d., House of Fame, n. d., all by Pynson, in one volume;
Canterbury Tales, Pynson, n. d. (Ratcliffe’s copy).]
[p.464] [The Wentworth Collection contains first edn. of Chaucer
(Ratcliffe’s copy).]
[p. 420] [Boethius (Caxton) in Ripon Cathedral Library.]
[p. 484] [Troilus, n. d., and Canterbury Tales, 2nd edn., in St.
John’s College Library, Oxford (Dibdin’s own College).]
[p.467] [Reference to, and quotation from, Chaucer's Ballade to his
Empty Purse.]",
part2_p87_a2,Vol.2,Part II,p87,1817.,"Gregson, Matthew.","Portfolio of Fragments, relative to the History and Antiquities of the County Palatine of the Duchy of Lancaster...","Liverpool, 1817, p. 6.","[John of Gaunt and Catherine Swinford and Chaucer's
marriage and pension.]",
part2_p87_a3,Vol.2,Part II,p87-89,1817.,"Hazlitt, William.",Characters of Shakespear's Plays.,"(Collected Works of William Hazlitt, ed. Waller and Glover, 1902-6, 13 vols., vol. i, pp. 224-7, 332, 358.)","[pp. 224-5] [Comparison of the characters in Chaucer's Troilus and
in Shakspere's:] The difference of the manner in which the
subject is treated arises less from intention, than from the
different genius of the two poets. There is no double entendre
in the characters of Chaucer: they are either quite serious or
quite comic... We see Chaucer's characters as they saw
themselves, not as they appeared to others or might have
appeared to the poet. He is as deeply implicated in the
affairs of his personages as they could be themselves...
There is little relief, or light and shade in his pictures...
Shakespear never committed himself to his characters... His
genius was dramatic, as Chaucer's was historical...
[p. 226] Chaucer attended chiefly to the real and natural, that is,
to the involuntary and inevitable impressions on the mind in
given circumstances; Shakespear exhibited also the possible
and the fantastical–not only what things are in themselves,
but whatever they might seem to be, their different reflections,
their endless combinations. He lent his fancy, wit, invention,
to others, and borrowed their feelings in return. Chaucer
excelled in the force of habitual sentiment; Shakespear added
to it every variety of passion, every suggestion of thought or
accident. Chaucer described external objects with the eye of
a painter, or he might be said to have embodied them with
the hand of a sculptor,... Shakespear's imagination threw
over them a lustre
""Prouder than when blue Iris bends.""
Every thing in Chaucer has a downright reality.  ... In
Shakespear the commonest matter-of-fact has a romantic grace
about it; or seems to float with the breath of imagination in
a freer element. No one could have more depth of feeling
or observation than Chaucer, but he wanted resources of in¬
vention to lay open the stores of nature or the human heart
with the same radiant light, that Shakespear has done.
However fine or profound the thought, we know what is
coming, whereas the effect of reading Shakespear is ""like the
eye of vassalage at unawares encountering majesty."" Chaucer's
mind was consecutive, rather than discursive. He arrived at
truth through a certain process; Shakespear saw everything by
intuition. Chaucer had a great variety of power, but he could
do only one thing at once. He set himself to work on a par¬
ticular subject. His ideas were kept separate, labelled, ticketed
and parcelled out in a set form, in pews and compartments
by themselves. They did not play into one another's hands.
They did not re-act upon one another.  ... There is
something hard and dry in them. What is the most wonderful
thing in Shakespear's faculties is their excessive sociability,
and how they gossiped and compared notes together.
[Passages from each poet are cited and compared.]",
part2_p89_a1,Vol.2,Part II,p89,1817.,"Hunt, James Henry Leigh.",The Round Table:,"by William Hazlitt [and Leigh Hunt], 2 vols., 1817, vol. i, pp. 15-16 [Intro duction], p. 186 [Essay on the Poetical Character].","[p. 15] It must not be concealed, that both Shakespeare and
Milton have owed a great part of their reputation of late years
to causes which... have been unconnected with a direct
poetical taste... Milton still remains unknown to the
better classes,... and Chaucer and Spenser, the two other
great poets of England,... are scarcely known at all...
Chaucer is considered as a rude sort of poet, who wrote a vast
while ago, and is no longer intelligible... Chaucer is
nothing but old Chaucer or honest Geoffrey...
[p.186] It is not one of the least curious instances of the native
spirit of this country, that three out of its four greatest poets
— Chaucer, Spenser, and Milton–have been men of busy
action in the political world,–that two out of the three were
unequivocally on the side of freedom, and helped to procure
us our present enjoyments.  ... Thomson was of a cheerful
temperament... and so was Chaucer, till he got into prison
in his old age.",
part2_p89_a2,Vol.2,Part II,p89,1817.,"Hunt, James Henry Leigh.","On Chaucer, [Essay No. xvi, in] The Round Table:","by William Hazlitt [and Leigh Hunt], 2 vols., vol. i, pp. 124-41.","[Leigh Hunt discusses the possibility of a modern poet being
able to complete Chaucer's Squire's Tale. He thinks it would
be difficult to find any one capable of doing it satisfactorily.
He goes on to deal with what appears to him the best method
of modernizing Chaucer, which is little more than a change of
spelling, and he gives examples of this from the Squire’s Tale.]",
part2_p89_a3,Vol.2,Part II,p89-90,1817.,"Keats, John.",Sonnet;,"written on a blank space at the end of Chaucer's Tale of “The Floure and the Lefe."" [This transcript is from Keats’s holograph in Cowden Clarke’s Chaucer, and gives his punctuation and use of capital letters. First printed in The Examiner, March 16, 1817.] (Complete Works of John Keats, ed. H. Buxton Forman, 1900-1, 5 vols., vol. ii, pp. 175-6.)","This pleasant Tale is like a little copse
The honied Lines do freshly interlace
To keep the Reader in so sweet a place
So that he here and there full-hearted stops
And oftentimes he feels the dewy drops
Come cool and suddenly against his face
And by the wandering Melody, may trace
Which way the tender-legged Linnet hops.
O what a Power hath white Simplicity!
What mighty Power has this gentle Story
I that for ever feel athirst for glory,
Could at this Moment be content to lie
Meekly upon the Grass as those whose sobbings
Were heard of None beside the mournful Robins.","[It is agreed now that The Floure and the Lefe is not by Chaucer. The edition Keats used, and in which this sonnet is written, belonged to Charles Cowden Clarke, and is The Poetical Works of Geoffrey Chaucer, in 14 vols., in Bell's edn. of the Poets of Great Britain, 109 vols, Edinburgh, 1782-3, vol. xii, 1783, pp. 104 5. It is now in the British Museum, MS. Add. 33516.]"
part2_p90_a1,Vol.2,Part II,p90,1817.,"Keats, John.","Letter to Messrs. Taylor and Hessey,","[dated] Margate, 16 May, 1817. (Complete Works of John Keats, ed. H. Buxton Forman, 1900-1, 5 vols., vol. iv, p. 23.)","This evening I go to Canterbury, having got tired of Mar¬
gate... At Canterbury I hope the remembrance of Chaucer
will set me forward like a Billiard Ball.",
part2_p90_a2,Vol.2,Part II,p90,1817.,"Keats, John.",Motto [at the head of] Sleep and Poetry.,"(Complete Works of John Keats, ed. H. Buxton Forman, 1900-1, 5 vols.vol i, p. 51.)","""As I lay in my bed slepe full unmete
[to]
Than I, for I n'ad sickness nor disese.""
Chaucer.","[This is from the non-Chaucerian poem, the Flower and the Leaf, ll. 17-21.]"
part2_p90_a3,Vol.2,Part II,p90,1817-18.,"Keats, John.","Endymion,","bk. i, ll. 131-4. (Complete Works of John Keats, ed. H. Buxton Forman, 1900-1, 5 vols., vol. i, pp. 75, 104, 105n. Works, ed. E. de Sélincourt, 1907, p. 56.)","[p. 75]
But let a portion of ethereal dew
Fall on my head, and presently unmew
My soul; that I may dare, in wayfaring,
To stammer where old Chaucer us'd to sing.
. . . . . . . .
[p. 104]
Yet, in our very souls, we feel amain
The close of Troilus and Cressid sweet.","[p. 105] [Buxton Forman, in a footnote, says that Woodhouse records that Keats by 'close' in the line above meant 'embrace.' He also says, ""This allusion I apprehend is to Chaucer's, and not to Shakespeare's work under this title."" Buxton Forman thinks the reference is to Shakespeare. For much valuable discussion on Keats's debt to Chaucer, see Professor de Sélincourt's edition of Keats's poems.]"
part2_p91_a1,Vol.2,Part II,p91,1817.,"Lockhart, John Gibson.",{Untitled.},"See below, Z.",,
part2_p91_a2,Vol.2,Part II,p91,1817.,"Reynolds, John Hamilton.","Sonnet to Keats,","dated Feb. 27, 1827, on reading his Sonnet written in Chaucer (in Woodhouse’s Commonplace Book). (Complete Works of John Keats, ed. H. Buxton Forman, 1900-1, 5 vols., vol. ii, p. 176 n.)","Thy thoughts, dear Keats, are like fresh-gathered leaves,
Or white flowers pluck'd from some sweet lily-bed;
They set the heart a-breathing, and they shed
The glow of meadows, mornings and spring eves,
Over the excited soul.    . . . . .
. . . . . . . . . .
Go on! and keep thee to thine own green way,
Singing in that same key which Chaucer sung;—
Be thou companion of the Summer day,
Roaming the fields and olden woods among :—
So shall thy muse be ever in her May;
And thy luxuriant Spirit ever young.","[For Keats's sonnet, see above, 1817.]"
part2_p91_a3,Vol.2,Part II,p91-92,1817.,"Scott, Sir Walter.","Ivanhoe,","1819 [references to 2nd edn., 1820], pp. xix-xx, Dedicatory Epistle [dated 1817], 20, 130, 157, 174, 234, headings to chapters ii, viii, ix, x and xii, (or rather xiii, ch. x being duplicated and the subsequent numbers wrong in the early edns.). (Border Edition, ed. Andrew Lang, 1893, vol. i, pp. xlviii-ix, 14, 86, 104, 159.)","Dedicatory Epistle.
[p. xiviii] He who first opens Chaucer, or any other ancient poet,
is so much struck with the obsolete spelling, multiplied conson¬
ants, and antiquated appearance of the language, that he is
apt to lay the work down in despair, as encrusted too deep
with the rust of antiquity, to permit his judging of its merits
or tasting its beauties. But if some intelligent and accom¬
[p. xlix] plished friend points out to him, that the difficulties by which
he is startled are more in appearance than reality, if, by read¬
ing aloud to him, or by reducing the ordinary words to the
modern orthography, he satisfies his proselyte that only about
one-tenth part of the words employed are in fact obsolete, the
novice may be easily persuaded to approach the “well of
English undefiled,"" with the certainty that a slender degree of
patience will enable him to enjoy both the humour and the
pathos with which old Geoffrey delighted the age of Cressy
and of Poictiers.
[p. 14] [Chapter ii is headed with a quotation from the Prologue,
""A Monk ther was, a fayre for the maistrie,” &c. (ll. 165¬
172). The description of the Monk in chapter ii is based
on Chaucer:] He was obviously an ecclesiastic of high
rank... In defiance of conventual rules... the sleeves
of this dignitary were lined and turned up with rich furs; his
mantle secured at the throat with a golden clasp.  ...
This worthy churchman rode upon a well-fed ambling
mule, whose furniture was highly decorated, and whose bridle,
according to the fashion of the day, was ornamented with
silver bells. In his seat he had nothing of the awkwardness
of the Convent, but displayed the easy and habitual grace of a
well-trained horseman. [Cf. Prologue, ll. 165-172; 193-196.]
[Chapters viii and ix are headed by quotations from
Dryden’s Palamon and Arcite; chapter x from the Flower and
the Leaf (modernized); chapter xiii from the Knightes Tale,
ll. 1741-1752, ""The heralds left their pricking up and
down,” &c.]",
part2_p92_a1,Vol.2,Part II,p92,1817.,"Southey, Robert.","Preface and Notes to The Byrth, Lyf and Actes of King Arthur,","vol. i, pp. i, lvi.","[p.i] [The English tongue was] stampt for immortality by
Chaucer.
[p. lvi] I believe all the poems with a French title which are
printed with Chaucer's works are translations from that
language.",
part2_p92_a2,Vol.2,Part II,p92,1817.,"Southey, Robert.","Letter to Chauncey Hare Townshend,","[dated] Oct. 31, 1817. (Life and Correspondence of Southey, 1850, vol. iv, p. 284.)","[Southey is speaking of Heaven, and the many intimacies
he has made among the dead.] As for us poets... we shall
find one another out, and a great many questions I shall have
to ask of Spenser and of Chaucer. Indeed, I half hope to get
the whole story of Cambuscan bold.",
part2_p92_a3,Vol.2,Part II,p92-93,1817.,Unknown.,"Life of Robert, Hermit of Knaresborough,","[in] The Gentleman’s Magazine, vol. lxxxvii, Dec. 1817, p. 509.","In Speght’s Life of Chaucer, I find ‘Thomas Chaucer (son
of Geffrey [sic]) Constable of Knaresborough Castle, and the
Forest of Knaresborough, during life.’ From the style of the
composition, might not this [the Life of Robert] be the pro¬
duction of Chaucer? which seems possible, by the following
extract from the Prologue to the Poem:
And howe he lyffed in yat cave,
After the konnynyg yat I have
Yat treuly whilk I to me toke
Enformed als I was by a boke
That was sentt me by a frere
Fray Sayntt Robert to me here
After that boke sall I say
Wott I p[ur]pose for to pray
To Cryst yat he wald sped my penne
Yan to say ylk men—Amen
The probability of the Poet being with his son at Knares¬
borough, strengthens this conjecture. Speght, in his edition
of Chaucer, also observes, ‘John Gower, the lawyer and the
poet, a Yorkshire man borne, was his familiar friend.’",
part2_p93_a1,Vol.2,Part II,p93,1817.,Unknown.,"Review of Stewart's Dissertation,","[in] The Quarterly Review, April 1817, vol. xvii, p. 56.",[Chaucer's intimate acquaintance with human nature.],
part2_p94_a1,Vol.2,Part II,p94,1818.,"B., C.","General Remarks upon the Peculiar Styles and Excellences of the best British Poets,","[in] The Gentleman's Magazine, October, vol. lxxxviii, pp. 294-6.","[A very fair criticism, pointing out Chaucer's gift for describing the ‘real manners of ordinary life’–as shown in
the Canterbury Tales. The description of the Temple of
Mars (Knight's Tale) is quoted, and then:]
[p. 295] Those who by Poetry simply mean the melody of numbers,
will perhaps find little to admire in the rough phraseology of
this quotation. The whole poem has been elegantly translated
[p. 296] The language and the numbers of our old Poet, though
into more modern language by Dryden.  ...
certainly quaint and rough, appear to have been far superior to
those of any of his predecessors or contemporaries.  ...
The state of our language at so distant a period as 400 years
would not permit much harmony in composition; nor had
at that time much attention been paid to the rules which
govern verse. Hence it arises that Chaucer is often harsh, and
sometimes lame in his numbers.
[Here follow the usual remarks on his versification, and
debate as to what sort of heroic metre he wrote. For this
we are referred to Tyrwhitt's essay.]
But I have a worse fault to alledge against Chaucer; and it
is one that his admirers would in vain excuse or soften down:
on too many occasions we find his pages sullied with disgust¬
ing obscenity, and the lowest ribaldry, conveyed in the most
direct and coarse terms.  ...
As a Poet, Chaucer possessed a most minute observation, a
fertile invention, a happy vein of humour, and an ear suscep¬
tible of harmony.
But his genius was not of the highest class, nor can all the
hyperbolical praises of the illustrious Dryden prove that he
was gifted with one spark of the sublime spirit of the Grecian
Bard.",
part2_p94_a2,Vol.2,Part II,p94-95,1818.,"Brayley, Edward Wedlake.","The History and Antiquities of the Abbey Church of St. Peter, Westminster,... illustrated by John Preston Neale,","vol. i, supplement [An Historical Account of King Henry the Seventh’s Chapel], p. 5. [For vol. ii see below, 1823.]","It seems probable... that a part of the site [of Henry VII's
Chapel] had been once occupied by the Poet Chaucer, to whom
‘a Tenement in a garden,’ adjoining to St. Mary's Chapel,
was leased by Robert Harmodesworth, Chaplain, in 1399, for
fifty-three years, at the yearly rent of fifty-three shillings and
sixpence, with liberty to distrain for a fortnight's arrears.¹","¹A copy of the original lease was engraved by the direction of Dr. Rawlinson in 1752 [q. v. below, App. A.; for the original lease, see above, 1399, vol. pp. 13-14]."
part2_p95_a1,Vol.2,Part II,p95,1818.,"Cary, Henry Francis.","Letter to the Rev. Walter Birch,","[dated] April 8, 1818, [in] Memoir of the Rev. H. F. Cary... by his Son, 1847, 2 vols., vol. ii, p. 24.","Then, for myself, I have read. . . for the first time
Chaucer regularly through, except one tale, Patient Grisilde,
which I know so well that I passed it. This, I think, is all
the heavy artillery I can bring into the field, if it is not
insulting pleasant old Geoffrey to speak thus of him.",
part2_p95_a2,Vol.2,Part II,p95-96,1818.,"Coleridge, Samuel Taylor.",Notes of Lectures,"[of the course of 1818]. (Literary Remains of S. T. Coleridge, 1836-9, 4 vols, vol. i, pp. 83, 88, 89, 231-3, 238.)","[p.83]  I dare make none [no excuse] for the gross and disgusting
licentiousness, the daring profaneness, which rendered the
Decameron of Boccaccio the parent of a hundred worse
children, fit to be classed among the enemies of the human
race;... which interposes a painful mixture in the humour
of Chaucer.
[p. 88] [Lecture III. The Troubadours–Boccaccio–Petrarch¬
Pulci—Chaucer—Spenser.].. Chaucer must be read with
an eye to the Norman-French Trouveres, of whom he is the best
representative in English. He had great powers of invention.
As in Shakspere, his characters represent classes, but in a
different manner; Shakspere’s characters are the representatives
of the interior nature of humanity, in which some element has
become so predominant as to destroy the health of the mind;
[p. 89] whereas Chaucer’s are rather representatives of classes of
manners. He is therefore more led to individualize in a mere
personal sense. Observe Chaucer's love of nature; and how
happily the subject of his main work is chosen. When you
reflect that the company in the Decameron have retired to a
place of safety from the raging of a pestilence, their mirth
provokes a sense of their unfeelingness; whereas in Chaucer
nothing of this sort occurs, and the scheme of a party on a
pilgrimage, with different ends and occupations, aptly allows
[p. 231] [On Style.] As an instance equally delightful and com¬
of the greatest variety of expression in the tales.
plete, of what may be called the Gothic Structure as contra¬
distinguished from that of the Greeks, let me cite a part of
our famous Chaucer's character of a parish priest as he
should be. Can it ever be quoted too often?
A good man thér was of religioun
[p. 233] Such change as really took place in the style of our
[and forty-five following lines].
literature after Chaucer's time, is with difficulty perceptible,
on account of the dearth of writers, during the civil wars
[p. 288] It is, indeed, worthy of remark that all our great poets
of the fifteenth century...
have been good prose writers, as Chaucer, Spenser, Milton;
and this probably rose from their just sense of metre.","[The remarks on Chaucer's prose are reported at greater length in the Tatler, vol. ii, no. 224, May 23, 1831, p. 893.]"
part2_p96_a1,Vol.2,Part II,p96,1818.,"Coleridge, Samuel Taylor.",Note on Troilus and Cressida.,"(Literary Remains of S. T. Coleridge ... 4 vols., 1836-9, vol. ii, p. 129.)","[Coleridge quotes the note in Stockdale's 1807 edn. of
Shakespeare: “Mr. Pope (after Dryden) informs us, that the
story of Troilus and Cressida was originally the work of one
Lollius, a Lombard; but Dryden goes yet further; he declares
it to have been written in Latin verse, and that Chaucer
translated it.""]",
part2_p96_a2,Vol.2,Part II,p96-97,1818.,"Gifford, William.","Review of Hazlitt's Lectures on the English Poets,","[in] The Quarterly Review, London, July 1818, vol. xix, pp. 430, 432.","[p. 430] The following extract is still more exquisite. ""... The
characteristic of Chaucer is intensity; of Spenser, remoteness;
of Milton, elevation; of Shakspeare, everything."" The whole
passage is characteristical of nothing but Mr. Hazlitt.
[p. 432] The following lines from Chaucer are very pleasing :—
. . . . . . . . . .
""— Emelie that fayrer was to sene
. . . . . .
I n’ot which was the finer of hem two.’
But surely the beauty does not lie in the last line, though it
is with this that Mr. Hazlitt is chiefly struck.","[Hazlitt answers this criticism in his Letter to William Gifford, 1819; see below. For Hazlitt's Lectures see below, 1818.]"
part2_p97_a1,Vol.2,Part II,p97,1818.,"Hallam, Henry.","View of the State of Europe during the Middle Ages,","2 vols, vol. ii, pp. 607-8. [In the edition of 1819 the references are vol. iii, pp. 575-7.]","[p. 607] But the principal ornament of our English literature
was Geoffrey Chaucer, who, along with Dante and Petrarch,
fills up the triumvirate of great poets in the middle ages. ...
I cannot, in my own taste, go completely along with the
eulogies that some have bestowed upon Chaucer, who seems to
me to have wanted grandeur, where he is original, both in
conception and in language. But in vivacity of imagination
and ease of expression, he is above all the poets of the middle
time, and comparable perhaps to the greatest of those who
have followed. He invented, or rather introduced from
France, and employed with facility the regular iambic couplet;
and though it was not to be expected that he should perceive
the capacities latent in that measure, his versification, to
which he accommodated a very licentious and arbitrary
pronunciation, is uniform and harmonious. [Footnote here
referring to Tyrwhitt's essay, and Nott’s disagreement with
it (q.v. above, 1775, vol. i, p. 442, and 1815-16).] It is
chiefly, indeed, as a comic poet, and a minute observer
of manners and circumstances, that Chaucer excels. In
[p. 608] serious and moral poetry he is frequently languid and diffuse;
but he springs, like Antæus from the earth, when his subject
changes to coarse satire or merry narrative. Among his more
elevated compositions, the Knight's Tale is abundantly sufficient
to immortalize Chaucer.  ... The second place may be given to
Troilus and Creseide, a beautiful and interesting poem, though
enfeebled by expansion. But perhaps the most eminent,
or at any rate the most characteristic testimony to his genius
will be found in the Prologue to his Canterbury Tales; a
work entirely and exclusively his own, which can seldom be
said of his poetry, and the vivid delineations of which
perhaps very few writers but Shakspeare could have
equalled.",
part2_p98_a1,Vol.2,Part II,p98-106,1818.,"Hazlitt, William.","Lectures on the English Poets,","pp. 25-6, 27, 41-85, 88, 90, 91, 99, 102, 135, 161, 162. (Collected Works of William Hazlitt, ed. Waller and Glover, 1902-6, 13 vols., vol. v, pp. 13, 19-46, 50-52, 68, 82, 99, 129, 146. See also Blackwood’s Edinburgh Magazine, February, 1818, vol. ii, pp. 558-60.)","Lecture II. On Chaucer and Spenser.
[p. 19]... I shall take, as the subject of the present lecture,
Chaucer and Spenser, two out of four of the greatest names
in poetry, which this country has to boast. Both of them,
however, were much indebted to the early poets of Italy, and
may be considered as belonging, in a certain degree, to the
same school. . . . . . . .
[Here follows a short biography of Chaucer.]
[p. 20]  There is... an obvious similarity between the practical turn
of Chaucer's mind and the restless impatience of his character,
and the tone of his writings. Yet it would be too much to
attribute the one to the other as cause and effect: for Spenser,
whose poetical temperament was as effeminate as Chaucer's
was stern and masculine, was equally engaged in public
affairs, and had mixed equally in the great world.   ...
For while Chaucer's intercourse with the busy world, and
collision with the actual passions and conflicting interests of
others, seemed to brace the sinews of his understanding, and
gave to his writings the air of a man who describes persons
and things that he had known and been intimately concerned
in; the same opportunities, operating on a differently con¬
stituted frame, only served to alienate Spenser's mind the
more from the 'close-pent up' scenes of ordinary life.  ...
It is not possible for any two writers to be more opposite
in this respect. Spenser delighted in luxurious enjoyment;
Chaucer, in severe activity of mind. As Spenser was the most
romantic and visionary, Chaucer was the most practical of all
the great poets, the most a man of business and the world.
His poetry reads like history. Everything has a downright
reality; at least in the relator’s mind. A simile, or a sentiment,
is as if it were given in upon evidence. Thus he describes
Cressid’s first avowal of her love.
‘And as the new abashed nightingale, ...
That stinteth first when she beginneth sing,
. . . . . . . .
Right so Cresseide,...’ [etc., one stanza].
[Troilus, Bk. iii, ll. 1283-9.]
This is so true and natural, and beautifully simple, that
the two things seem identified with each other. Again, it is
said in the Knight's Tale–
‘Thus passeth yere by yere, and day by day [etc., to]
[p. 21] I n'ot which was the finer of hem two.’
[Knight's Tale, ll. 175-81.]
This scrupulousness about the literal preference, as if some
question of matter of fact was at issue, is remarkable.¹ I
might mention that other, where he compares the meeting
between Palamon and Arcite to a hunter waiting for a lion in
a gap ;—
‘That stondeth at a gap with a spere,’
[etc., four lines],
[Knight's Tale, ll. 781-4.]
or that still finer one of Constance, when she is condemned to
death—
‘Have ye not seen somtime a pale face?’
[etc., one stanza].
[Man of Law’s Tale, ll. 547-53.]
The beauty, the pathos here does not seem to be of the
poet's seeking, but a part of the necessary texture of the fable.
He speaks of what he wishes to describe with the accuracy,
the discrimination of one who relates what has happened to
himself, or has had the best information from those who have
been eye-witnesses of it. The strokes of his pencil always
tell. He dwells only on the essential, on that which would
be interesting to the persons really concerned: yet as he never
omits any material circumstance, he is prolix from the number
of points on which he touches, without being diffuse on any
one; and is sometimes tedious from the fidelity with which
he adheres to his subject, as other writers are from the
frequency of their digressions from it. The chain of his
story is composed of a number of fine links, closely connected
together, and riveted by a single blow. There is an instance
of the minuteness which he introduces into his most serious
[¹ See Gifford's criticism of this passage, 1818, above, and Hazlitt's answer
below, 1819.]
descriptions in his account of Palamon when left alone in his
cell:
‘Swiche sorrow he maketh that the grete tour
Resouned of his yelling and clamour,
The pure fetters on his shinnes grete
Were of his bitter salte teres wete.’
[Knight's Tale, ll. 419-22.]
[p. 22] The mention of this last circumstance looks like a part of the
instructions he had to follow, which he had no discretionary
power to omit or introduce at pleasure. He is contented to
find grace and beauty in truth. He exhibits for the most
part the naked object, with little drapery thrown over it.
His metaphors, which are few, are not for ornament, but use,
and as like as possible to the things themselves. He does
not affect to show his power over the reader's mind, but the
power which his subject has over his own. The readers of
Chaucer's poetry feel more nearly what the persons he
describes must have felt, than perhaps those of any other
poet. His sentiments are not voluntary effusions of the poet's
fancy, but founded on the natural impulses and habitual
prejudices of the characters he has to represent. There is an
inveteracy of purpose, a sincerity of feeling, which never
relaxes or grows vapid, in whatever they do or say. There
is no artificial, pompous display, but a strict parsimony of the
poet's materials, like the rude simplicity of the age in which
he lived. His poetry resembles the root just springing from
the ground, rather than the full-blown flower. His muse is
no ‘babbling gossip of the air,’ fluent and redundant; but,
like a stammerer, or a dumb person, that has just found the
use of speech, crowds many things together with eager haste,
with anxious pauses, and fond repetitions to prevent mistake.
His words point as an index to the objects, like the eye or
finger. There were none of the common-places of poetic
diction in our author’s time, no reflected lights of fancy, no
borrowed roseate tints; he was obliged to inspect things
for himself, to look narrowly, and almost to handle the
object, as in the obscurity of morning we partly see and
partly grope our way; so that his descriptions have a sort of
tangible character belonging to them, and produce the effect
of sculpture on the mind. Chaucer had an equal eye for
truth of nature and discrimination of character; and his
interest in what he saw gave new distinctness and force to
his power of observation. The picturesque and the dramatic
are in him closely blended together, and hardly distinguish¬
able; for he principally describes external appearances as
indicating character, as symbols of internal sentiment. There
is a meaning in what he sees; and it is this which catches
his eye by sympathy. Thus the costume and dress of the
Canterbury Pilgrims–of the Knight–the Squire–the Oxford
Scholar–the Gap-toothed Wife of Bath, and the rest, speak
for themselves...
[Quotation, Prol. ll. 118-29, 136-55, 165-207, 321-2, 449-52.]
[p. 24] Chaucer, it has been said [by Blake, q.v. above, 1809],
. . . . . .
numbered the classes of men, as Linnæus numbered the
plants. Most of them remain to this day: others that are
obsolete... still live in his descriptions of them. Such
is the Sompnoure:
‘A Sompnoure was ther with us in that place,
That hadde a fire-red cherubinnes face‘
[and following twenty-five lines, Prol. ll. 623-69, 688].
[p. 25] It would be a curious speculation (at least for those who
think that the characters of men never change, though
manners, opinions, and institutions may) to know what has
become of this character of the Sompnoure in the present day;
whether or not it has any technical representative in existing
professions; into what channels and conduits it has with¬
drawn itself, where it lurks unseen in cunning obscurity, or
else shows its face boldly, pampered into all the insolence of
office, in some other shape, as it is deterred or encouraged by
circumstances. Chaucer's characters modernised, upon this
principle of historic derivation, would be an useful addition
to our knowledge of human nature. But who is there to
undertake it?...
[Quotation, Knight's Tale, ll. 1270-1328.]
[p. 26] Chaucer's descriptions of natural scenery possess the
[p. 27] same sort of characteristic excellence, or what might be
termed gusto. They have a local truth and freshness, which
gives the very feeling of the air, the coolness or moisture of
the ground. Inanimate objects are thus made to have a
fellow-feeling in the interest of the story; and render back
the sentiment of the speaker's mind. One of the finest parts
in Chaucer is of this mixed kind. It is the beginning of the
Flower and the Leaf, where he describes the delight of that
young beauty, shrowded in her bower, and listening, in the
morning of the year to the singing of the nightingale.
[p. 28] It was the same trust in nature, and reliance on his
[Quotation, Floure and the Leaf, ed. Skeat, ll. 36-42, 78-133.]
[p. 29] patience of Griselda; the faith of Constance; and the heroic
subject, which enabled Chaucer to describe the grief and
perseverance of the little child, who, going to school through
the streets of Jewry,
‘Oh Alma Redemptoris mater, loudly sung,’ ¹
and who after his death, still triumphed in his song.
Chaucer has more of this deep, internal, sustained sentiment,
than any other writer, except Boccaccio. In depth of simple
pathos, and intensity of conception, never swerving from his
subject, I think no other writer comes near him, not even the
Greek tragedians.  ... I will take the following from the
Knight’s Tale. The distress of Arcite, in consequence of his
banishment from his love, is thus described:
‘Whan that Arcite to Thebes comen was,
Ful oft a day he swelt and said Alas,
[and fourteen following lines, Knight's Tale, ll. 497-513].
For sene his lady shall he never mo. ...’
This picture of the sinking of the heart, of the wasting
away of the body and mind, of the gradual failure of all the
faculties under the contagion of a rankling sorrow, cannot be
surpassed. Of the same kind is his farewel to his mistress,
after he has gained her hand and lost his life in the
combat:
Alas the wo! alas the peines stronge...
[and eight following lines, Knight's Tale, ll. 1913-21].
[p. 30] The death of Arcite is the more affecting, as it comes
after triumph and victory, after the pomp of sacrifice, the
solemnities of prayer, the celebration of the gorgeous rites
of chivalry. The descriptions of the three temples of Mars,
[ ¹ This line, which has two syllables too many, does not occur in the Prioresses
Tale.]
of Venus, and Diana, of the ornaments and ceremonies used
in each, with the reception given to the offerings of the
lovers, have a beauty and grandeur, much of which is lost in
Dryden’s version...
[Quotation, Knight’s Tale, ll. 1109-22.]
... The story of Griselda is in Boccaccio; but the Clerk of
Oxenforde, who tells it, professes to have learnt it from
Petrarch.  ... In spite of the barbarity of the circumstances,
which are abominable, the sentiment remains unimpaired and
unalterable. It is of that kind,  ‘that heaves no sigh, that
sheds no tear’; but it hangs upon the beatings of the heart;
it is a part of the very being; it is as inseparable from it as
the breath we draw. It is still and calm as the face of death.
Nothing can touch its ethereal purity: tender as the yielding
flower, it is fixed as the marble firmament. The only remon¬
strance she makes, the only complaint she utters against all
the ill-treatment she receives, is that single line where, when
turned back naked to her father's house, she says,
‘Let me not like a worm go by the way.’
[p. 31] The first outline given of the characters is inimitable:
‘Nought fer fro thilke paleis honourable’
[ten stanzas, Clerkes Tale, ll. 141-89, 218-38].
[p.32] The story of the little child slain in Jewry, (which is told
. . . . . . . . . .
by the Prioress, and worthy to be told by her who was ‘all
conscience and tender heart,’) is not less touching than that
of Griselda. It is simple and heroic to the last degree. The
poetry of Chaucer has a religious sanctity about it, connected
with the manners and superstitions of the age. It has all
the spirit of martyrdom.
It has also all the extravagance and the utmost licentiousness
of comic humour, equally arising out of the manners of the
time. In this too Chaucer resembled Boccaccio that he excelled
in both styles, and could pass at will 'from grave to gay,
from lively to severe;' but he never confounded the two
styles together (except from that involuntary and unconscious
mixture of the pathetic and humorous, which is almost always
to be found in nature), and was exclusively taken up with
what he set about, whether it was jest or earnest. The
[p. 33] Wife of Bath's Prologue (which Pope has very admirably
modernised) is, perhaps, unequalled as a comic story. The
Cock and the Fox is also excellent for lively strokes of
character and satire. January and May is not so good as
some of the others. Chaucer's versification, considering the
time at which he wrote, and that versification is a thing in a
great degree mechanical, is not one of his least merits. It
has considerable strength and harmony, and its apparent
deficiency in the latter respect arises chiefly from the altera¬
tions which have since taken place in the pronunciation or
mode of accenting the words of the language. The best
general rule for reading him is to pronounce the final e, as in
reading Italian.
It was observed in the last Lecture that painting describes
what the object is in itself, poetry what it implies or suggests.
Chaucer's poetry is not, in general, the best confirmation of
the truth of this distinction, for his poetry is more picturesque
and historical than almost any other. But there is one
instance in point.  ... It is the story of the three thieves who
go in search of Death to kill him, and who meeting with him,
are entangled in their fate by his words, without knowing him.
[p. 34] reality is in the mind’s eye.  ... Death is a mighty abstraction,
... The moral impression of Death is essentially visionary; its
like Night, or Space, or Time. He is an ugly customer, who
will not be invited to supper, or to sit for his picture. He
is with us and about us, but we do not see him.  ... Chaucer
knew this. He makes three riotous companions go in search
of Death to kill him, they meet with an old man whom they
reproach with his age, and ask why he does not die, to which
he answers thus:
Ne Deth, alas! ne will not han my lif
[and eleven following lines, Pardoner's Tale, ll. 399-410].
They then ask the old man where they shall find out
Death to kill him, and he sends them on an errand which
ends in the death of all three. We hear no more of him, but
it is Death that they have encountered!
 . . . . . . . . . .
[p. 46] The four greatest names in English poetry are almost the
four first we come to–Chaucer, Spenser, Shakespeare, and
Milton. There are no others that can really be put in com¬
petition with these. The two last had justice done them by
the voice of common fame. Their names are blazoned in the
very firmament of reputation; while the two first (though
""the fault has been more in their stars than in themselves
that they are underlings"") cither never emerged far above
the horizon, or were too soon involved in the obscurity
of time. The three first of these are excluded from Dr.
Johnson's Lives of the Poets (Shakespeare indeed is so from
the dramatic form of his compositions).   ... In comparing
these four writers together, it might be said that Chaucer
excels as the poet of manners, or of real life... Chaucer
most frequently describes things as they are.... As poets,
and as great poets, imagination, that is, the power of feigning
things according to nature, was common to them all; but the
principle, or moving power, to which this faculty was most
subservient in Chaucer, was habit, or inveterate prejudice.
... The characteristic of Chaucer is intensity...
[p. 50] Chaucer's characters are sufficiently distinct from one
another, but they are too little varied in themselves, too much
like identical propositions. They are consistent, but uniform;
we get no idea of them from first to last; they are not
placed in different lights, nor are their subordinate traits
brought out in new situations; they are like portraits or
physiognomical studies, with the distinguishing features
marked with inconceivable truth and precision, but that
preserve the same unaltered air and attitude.  ... Chaucer's
characters are narrative.  ... That is, Chaucer told only as
much of his story as he pleased, as was required for a
particular purpose. He answered for his characters himself.
... In Chaucer we perceive a fixed essence of character...
[p. 52] Nearly all those [dialogues] in Shakespeare, where the
interest is wrought up to its highest pitch, afford example of
this dramatic fluctuation of passion. The interest in Chaucer
is quite different; it is like the course of a river, strong, and
full, and increasing.
[On Dryden and Pope.]
[p. 82] . . . His [Dryden's] alterations from Chaucer and
Boccaccio show a greater knowledge of the taste of his readers
and power of pleasing them, than acquaintance with the
genius of his authors. He ekes out the lameness of the
verse in the former, and breaks the force of the passion in
both. The Tancred and Sigismunda is the only general
exception, in which, I think, he has fully retained, if not
improved upon, the impassioned declamation of the original.
The Honoria has none of the bewildered, dreary, preternatural
effect of Boccaccio's story. Nor has the Flower and the Leaf
any thing of the enchanting simplicity and concentrated
feeling of Chaucer's romantic fiction. Dryden, however,
sometimes seemed to indulge himself as well as his readers,
as in keeping entire that noble line in Palamon’s address to
Venus:
Thou gladder of the mount of Cithæron!
His Tales have been, I believe, the most popular of his
works; and I should think that a modern translation of some
of the other serious tales in Boccaccio and Chaucer, as that of
Isabella, the Falcon, of Constance, the Prioress's Tale, and
others, if executed with taste and spirit, could not fail to
succeed in the present day.
[p. 146] I cannot say I ever learnt much about Shakespeare or
Milton, Spenser or Chaucer, from these professed guides
[some of the poets of the day]; for I never heard them say
much about them. They were always talking of themselves
and one another.
1818. Hazlitt, William. Lectures on the Comic Writers. On the
Works of Hogarth, etc. Delivered in 1818. (Collected Works of
William Hazlitt, ed. Waller and Glover, 1902-6, 13 vols., vol. viii,
pp. 144, 151.)
[p.144] [The contradictory faculties of embodying the serious and
ludicrous combined in Chaucer, Shakspere and Hogarth.]
1818. Hazlitt, William. A View of the English Stage, p. 239.
(Collected Works, ed. Waller and Glover, 1902-6, 13 vols., vol.
viii, p. 284, 371.)
p. 284] Chaucer spoke of the Monks historically, Shakespear
poetically.
[These theatrical criticisms appeared first in the Morning Chronicle, Champion,
Examiner and Times, 1813-17.]",
part2_p9_a1,Vol.2,Part II,p9,1803.,"H., D.","Letter,","[in] The Gentleman's Magazine, vol. lxxiii, part i, p. 129.","... Where is Mr. Johnes likely to find the supposed inter¬
view between Petrarch and Chaucer? It is rightly said to be
supposed; and what Englishman’s researches can keep pace
with a Frenchman's suppositions?",[A reply to a previous letter signed 'Z': see below.]
part2_p9_a2,Vol.2,Part II,p9,1803-10.,"Johnes, Thomas.",Sir John Froissart's Chronicles.,"Newly translated from the best French editions... by Thomas Johnes, At the Hafod Press, 1803-10, 4 vols.","[Motto on Title-pages, vols. 1-4:]
Who so shall telle a tale after a man... [to]
Or feinen thinges, or finden wordes newe.
— Chaucer’s Prologue [11. 731-36].",
part2_p9_a3,Vol.2,Part II,p9,1803.,"Lamb, Charles.","Letter to Thomas Manning,","[dated] Feb. 19, 1803. (The Works of Charles and Mary Lamb, ed. E. V. Lucas, 1903-5, 7 vols., vol. vi, pp. 258-9.","[p. 253] For God's sake don't think any more of ""Independent
Tartary.""... I am afraid 'tis the reading of Chaucer has
[p. 259] misled you; his foolish stories about Cambuscan and the
ring, and the horse of brass. Believe me there’s no such
things, 'tis all the poet's invention; but if there were such
darling things as old Chaucer sings, I would up behind
you on the Horse of Brass and frisk off for Prester John's
Country.",
part2_p23_a1,Vol.2,Part II,p23,1804.,Ω.,"Review of Godwin's Life of Chaucer,","[in] The Literary Journal, January and February, 1804, vol. iii, coll. 11-19, 64-79.","[p. 15] ... We cannot but be startled at the first sentence of the
preface; “The two names which do greatest honour to the
annals of English Literature, are those of Chaucer and of
Shakspeare."" That Chaucer was a wonderful poet when we
consider the times in which he lived, no man will dispute; but
to enthrone him above Milton and all the other splendid
geniuses who have adorned our literature... is an hyperbole
of rather inauspicious aspect at the commencement of a
work.
[p. 69] ... In Chaucer we find some happy expressions, many
striking images and many traits of genuine humour; but to
suppose that these can convey equal pleasure to the reader in
the uncouth and antiquated style in which they are expressed,
as when we find them in the finely-turned versification of the
reign of Queen Anne, is an idea which could be entertained
for a moment, only by the blindest enthusiasm.
[p. 70] Mr. G. must also know that Pope and Dryden will continue
to be read with delight by all their countrymen; while his
"" popular book in modern English"" will never be able to rescue
Chaucer from the cabinets of the antiquaries. That poet was
indeed admirable in his day; and had he been destined to write
in a later age, his works would still have been read with
delight.",
part2_p29_a3,Vol.2,Part II,p29,1807.,"Chaucer, Geoffrey.","Poetical Works of Chaucer,",16°.,,"[No copy of this has been found in a public library, nor is it mentioned by Miss Hammond in Caucer, a bibliographical manual. The title is taken from a dealer's list.]"
part2_p48_a4,Vol.2,Part II,p48,1810.,"Chaucer, Geoffrey.","The Works of Geoffrey Chaucer,","vol. i [of] The Works of the English poets from Chaucer to Cowper, ed. by Alexander Chalmers, 21 vols.","[This edition contains a life of Chaucer by Chalmers, q. v.
below, and besides the works, some pseudo-Chaucerian pieces:
the Complaint of the Black Knight, the Court of Love, the
Flower and the Leaf, the Cuckow and the Nightingale, and
Chaucer's Dream (the Isle of Ladies).]",
part2_p56_a4,Vol.2,Part II,p56,1812.,"Chaucer, Geoffrey.","The Prologue and Characters of Chaucer's Pilgrims, selected from his Canterbury Tales;","intended to illustrate a particular design of Mr. William Blake, which is engraved by himself, and may be seen at Mr. Colnaghi's.",,"[Text from Speght, 1687; translation from Ogle, 1741, pp. iv, 61.]"
part2_p93_a2,Vol.2,Part II,p93,[n.a. 1817.],"Webb (or Webbe), Cornelius.","[Satire on the ‘Cockney School,’ quoted in] Blackwood’s Edinburgh Magazine,","vol. ii, pp. 38, 194.","Our talk shall be (a theme we never tire on)
Of Chaucer, Spenser, Shakespeare, Milton, Byron,
(Our England’s Dante)— Wordsworth—Hunt and Keats,
The Muses' son of promise; and of what feats
He yet may do.","[For the quotation of this in Blackwood’s Edinburgh Magasine, see below, 1817, Z.]"
part2_p93_a3,Vol.2,Part II,p93,1817.,"Z [i.e. Lockhart, John Gibson.]","On the Cockney School of Poetry,","[signed ‘Z,’ in] Blackwood’s Edinburgh Magazine, vol. ii. pp. 38, 39, 40, 194.","[For Lockhart's authorship of this, see Colvin, Keats, 1918, pp. 308-9.]
[Parts i and ii of the article both begin with the quotation
from Cornelius Webb (or Webbe) given above.]
[p. 39]  He [Leigh Hunt] pretends, indeed, to be an admirer of
Spenser and Chaucer, but what he praises in them is never
what is deserving of praise–it is only that which he humbly
conceives, bears some resemblance to the more perfect produc¬
tions of Mr. Leigh Hunt.",
part2_p121_a2,Vol.2,Part II,p121,[1820?],"Chaucer, Geoffrey.","Chaucer's Canterbury Tales and Other Poems,","published by John Cumberland, 2 vols.",,"[See E. P. Hammond, Chaucer, pp. 136-7. This edn. is not in the Douce Collec tion, as Miss Hammond states, ser in the Bodleian, nor the B. M.]"
part2_p136_a3,Vol.2,Part II,p136,1822.,"Chaucer, Geoffrey.","Poetical Works of Chaucer,","[vols. i-v of] The British Poets, in one hundred volumes, Chiswick.","[The apocryphal pieces, included in vol. v, are Cuckow and
Nightingale, Court of Love, Chaucer's Dream, and Flower
and Leaf. For the life by S. W. Singer see below.]",
part2_p136_a4,Vol.2,Part II,p136,1822.,"Chaucer, Geoffrey.","Canterbury Tales of Chaucer. To which are added, an essay upon his language and versification; an introductory discourse and notes.","In four volumes. [A re-issue of Tyrwhitt's edn. of 1775-78, with his glossary added in a fifth volume.]",,
part2_p146_a1,Vol.2,Part II,p146,1823.,"[Kent, —, Miss.]","Flora Domestica... with... illustrations from the works of the poets,","The Daisy, pp. 121-4, 127.","[Chaucer's love of the daisy, with quotations, Legend of
Good Women, ll. 36-65, 163-24, 171-87, 212-25, 508,
510-19, 531-4; Assembly of Ladies, ll. 57-63 (quoted as
Chaucer's).]",
part2_p149_a2,Vol.2,Part II,p149,1824.,"Chaucer, Geoffrey.","Chaucer's Canterbury Tales, and other Poems, with Glossary.",2 vols.,,[There is no copy of this edition in B.M. The dealer's list from which this entry is taken described it as illustrated with a portrait and engravings in Bewick's style.]
