ID,Volume,Part,Page,Date,Author,Title,Imprint,Quotation,Headnote
part2_p160_a3,Vol.2,Part II,p160-161,1826.,"Dallaway, James.",Anecdotes of Painting,"in England... by... Horace Walpole, with... additions by the Rev. James Dallaway, vol. i, pp. 56, 57 n. ; vol. v, pp. 304-5 [list of Vertue’s Works, in the Catalogue of Engravers, q.v. above, vol. i, 1763, p. 424].","[vol. i,
pp. 56,
This portrait of Chaucer [on his tomb at Westminster]
57 n.] could not have afforded any specimen of painting in the reign
of Henry IV., for it was copied from some known miniature
of him, when Nicholas Bingham [sic] erected a monument
to his memory in Westminster Abbey, in 1550, as the
inscription proves, at which time it was painted against the
wall. No trace is now visible. A miniature of Chaucer,
on horseback, as he represents himself journeying with the
pilgrims to Canterbury, is preserved in a MS. of his poems,
belonging to the Marquis of Stafford [the Earl of Ellesmere],
which has been engraved in Todd's Illustrations of Gower
and Chaucer, 8vo, 1810. Other MSS. have his portrait, but
usually of half length only.","[For Walpole's original edn. see above, vol. i, 1763, p. 423.]"
part2_p161_a1,Vol.2,Part II,p161,1826.,"Digby, Kenelm Henry.","The Broad Stone of Honour,","Book I, Godefridus, 1829 edn. [1st of the enlarged version in B.M.], p. 167.","It is always men who are impious and obscene, like our
‘reverend’ Chaucer, who have the most bitter sarcasm for
expressing the impiety and vice of others.","[For a reference in the first and short version of the book see above, 1822. According to D.N.B., the 1st edn. of this enlarged version appeared in 1826-7.]"
part2_p161_a2,Vol.2,Part II,p161-162,1826.,"Hazlitt, William.","Of Persons One Would Wish to Have Seen,","[in] The New Monthly Magazine, Jan., new series, vol. xvi, p. 35. (Reprinted in Winsterslow, 1839, pp. 41-3; Collected Works of William Hazlitt, ed. Waller and Glover, 1902-6, 13 vols., vol. xii, pp. 29-30.)","Some one then inquired of B— [Charles Lamb] if we
could not see from the window the Temple-walk in which
Chaucer used to take his exercise; and on his name being
put to the vote, I was pleased to find that there was a general
sensation in his favour, in all but A — [William Ayrton,
the musician], who said something about the ruggedness of
the metre, and even objected to the quaintness of the ortho¬
graphy. I was vexed at this superficial gloss... and asked
if he did not think it would be worth while to scan the eye
that had first greeted the muse in that dim twilight and
early dawn of English literature,... to watch those lips that
""lisped in numbers, for the numbers came""-as by a miracle,
or as if the dumb should speak! Nor was it alone that he had
been the first to tune his native tongue (however imperfectly
to modern ears); but he was himself a noble, manly character,
standing before his age and striving to advance it; a
pleasant humourist withal.  ...
B— put it to me if I should like to see Spenser as well as
Chaucer; and I answered without hesitation, “No""; for that
his beauties were ideal, visionary, not palpable or personal,
and therefore connected with less curiosity about the man.",
part2_p162_a1,Vol.2,Part II,p162,1826.,"Hunt, James Henry Leigh.","Specimens of a Dictionary of Love and Beauty,","[in] The New Monthly Magazine, July, New Series, vol. xvii, pp. 49-50.","Chaucer's modulation is not among the least of his beauties;
nor is there any passage in his writings, in which it is more
delicately turned, than in this description of the Prioress...
It is she that tells the beautiful story of the little boy that
went through Jewry singing Alma Redemptoris... [quotes
Prol. ll. 118-21.]
Then follows a good-natured banter of the poet's upon the
mode of singing service in nunneries, their boarding-school
French, and, what appears to have been no great part of
politeness in those days, the importance they attached to nicety
of behaviour at dinner... [quotes Prol. ll. 137-150.]
This last line [l. 150] has become a favourite quotation. The
poet proceeds to say that she was finely grown, and concludes
with the lines about the Crowned A and the motto... The
device, though taken from Ovid, is meant to be religious...
Love conquers all things, quoth Ovid. Love conquers all things,
repeats the fair nun; and raises her eyes to heaven, swimming
with all the pieties of heaven and earth.",
part2_p162_a2,Vol.2,Part II,p162,1826.,"Landor, Walter Savage.",Imaginary Conversations;,"Johnson and Tooke, pp. 220, 245, 253, 258. (Works, ed. by Charles G. Crump, 6 vols., 1891, vol. iii, pp. 413, 426, 430, 433, 436.)","[p. 426] Johnson. Who would read Chaucer and Spenser for their
language?
Tooke. Spenser I would not, delightful as are many parts
of his poetry; but Chaucer I would read again and again both
for his poetry and his language.
[p. 483] Johnson. I recollect no expression in Chaucer worth
retaining and not retained.
Tooke. What think you of Swough, the long continued
sound of wind?
"" A swough
As thof a storme should brasten every bough.""
Palamon and Arcite.
Johnson. It sounds grandly...","[The Chaucer references do not occur in the first edition; the dialogue was again expanded and broken in two in the ed. of 1846; a few references appear there for the first time. For other dialogues see 1828, 1829, 1837, 1842, 1816, 1858, 1861.]"
part2_p163_a1,Vol.2,Part II,p163,1826.,"Lytton, Edward Bulwer, Lord.",Sketch of the Progress of English Poetry.,"[Of the MS. of this, which was written in 1826 and which was never printed, nearly forty pages are devoted to an enquiry, ""how far did Chaucer and Langlande contribute by their works to the Reformation in England?"" (Life of Edward Bulwer Lord Lytton, by his son, 1883, vol. ii, p. 99.)]",,
part2_p163_a2,Vol.2,Part II,p163,1826.,"Nicolas, Sir Nicholas Harris.","Testamenta Vetusta,","2 vols., vol. i.","[(Preface) pp. 2-3; (Preliminary Observations: Nicolas
promises that “the very accurate and picturesque descriptions
given by Chaucer of the habiliments, jewels, and furniture
peculiar to his own age, will be sometimes quoted"") iv;
(Notes: quotations as promised, to illustrate the jewels, etc.,
mentioned in the wills) xix-xxi, xxvi, xxix, xxxi-ii, xxxiv¬
vi; (Text: Philippa Duchess of York appoints Thomas
Chaucer executor of her will, dated 1430 and proved 1431)
219.]",
part2_p163_a3,Vol.2,Part II,p163,1826.,"Scott, Sir Walter.","Journal,","Jan. 11, 1826, Edinburgh, 1890, 2 vols., vol. i, p. 79.","James [Ballantyne] is in an awful stew, and I cannot blame
him; but then he should consider the hyoscyamus which I
was taking and the anxious botheration about the money
market. However, as Chaucer says :—
""There is na workeman
That can bothe worken wel and hastilie;
This must be done at leisure parfitly.""
[Marchantes Tale, ll. 9706-8, slightly altered.]",
part2_p163_a4,Vol.2,Part II,p163-164,1826.,"Scott, Sir Walter.","Woodstock, or the Cavalier,","3 vols., vol. i, title page, ch. i, p. 8 ; vol. ii, chap. iv, pp. 98-100. (Border Edition, ed. Andrew Lang, 1894, vol. i, ch. i, pp. 4-5, ch. xvi, pp. 278-80.)","[Motto, Title page (omitted in later editions):]
[Vol. i,
He was a very perfect gentle knight.
pp.4-5.]
With these grave seniors sate... their pretty daughters,
whose study, like that of Chaucer’s physician, was not always
in the Bible. . .
[vol. ii,
p.278]
""Dreams, dreams, dreams, my simple Colonel,” said
Bletson... “Old Chaucer, sir, hath told us the real moral
on't–He was an old frequenter of the forest of Woodstock,
here–""
""Chaser?"" said Desborough; “some huntsman belike, by
his name–Does he walk, like Hearne at Windsor?""
[p. 279] “Chaucer,"" said Bletson, “my dear Desborough, is one of
those wonderful fellows, as Colonel Everard knows, who live
many a hundred years after they are buried, and whose words
haunt our ears after their bones are long mouldered in the dust.""
""Ay, ay! well [answered Desborough, to whom this descrip¬
tion of the old poet was unintelligible, (later edd.)], I for one
desire his room rather than his company–one of your con¬
jurers, I warrant him. But what says he to the matter?""
""Only a slight spell, which I will take the freedom to repeat
to Colonel Everard,"" said Bletson; “but which would be as bad
as Greek to thee, Desborough.—Old Geoffrey lays the whole
blame of our nocturnal disturbances on superfluities of humours
[quotes Nonne P. T., ll. 109-116].
While he was thus declaiming... Everard saw a book
sticking out from beneath the pillow... ""Is that Chaucer?""
he said, making for the volume–I would like to look at the
[p. 230] ""No, that is Lucretius. .. [Everard finds it to be the Bible,
passage—""Chaucer,"" said Bletson, hastening to interfere:
and tells Bletson it may “serve him in better stead than
Lucretius or Chaucer either.""]",
part2_p164_a1,Vol.2,Part II,p164,1826.,Unknown.,"Notice of Gillies's German Stories,","[in] Blackwood’s Edinburgh Magazine, Dec. 1826, vol. XX, p. 849.","In the Canterbury Tales, the Man of Law's Tale, the Knight's
Tale, and that of the Lady Abbess [Prioress], might be trans¬
ferred to any language which was capable .of doing them
justice; for they depend upon nature and universal passion.
But in the comic part of the same work, (as the Miller's
Tale, the Reeve's, etc.) the exquisite colouring of English life
with which Chaucer has invested them would be an effectual
bar to their translation.","[The mistake of ""the Lady Abbess,"" which reappears the next year in Murder as a Fine Art, also in Blackwood's (q.v. below, 1827), and again in 1848 (q.v.), might suggest that this article is by De Quincey, though it does not occur in any collection of his writings. But Leigh Hunt is found making the same mistake (q.v. below, 1834).]"
part2_p164_a2,Vol.2,Part II,p164,1826.,Unknown.,"[Review of various editions of Chaucer, in]","The Retrospective Review, vol. xiv, pp. 305-57.","[The article contains severe criticism of modernized versions
of Chaucer.]",
part2_p164_a3,Vol.2,Part II,p164-165,1827.,"Adolphus, J. L.","Memoranda,","[in] J. G. Lockhart's Memoirs of Sir Walter Scott, Edinburgh, 1838, vol. vii, pp. 56-7. (Ed. A. W. Pollard, 1900, vol. v, p. 130.)","The chief ornament in Scott's study] was the print of
Stothard's Canterbury Pilgrims, which hung over the chim¬
neypiece, and, from the place assigned to it, must have been
in great favour, though Sir Walter made the characteristic
criticism upon it, that, if the procession were to move, the
young squire who is prancing in the foreground would in
another minute be over his horse’s head.",
part2_p165_a1,Vol.2,Part II,p165,1827.,"[De Quincey, Thomas.]","On Murder considered as one of the Fine Arts,","[in] Blackwood’s Edinburgh Magazine, Feb. 1827, p. 202. (Collected Writings, ed. D. Masson, Edinburgh, 1889-90, 14 vols., vol. xiii, p. 20.)","Indeed, the Jewish School [of the Art of Murder] was always
respectable, even in the dark ages, as the case of Hugh of
Lincoln shows, which was honoured with the approbation
of Chaucer, on occasion of another performance from the same
school, which, in his Canterbury Tales, he puts into the mouth
of the Lady Abbess.","[For another reference of De Quincey to the Prioresses Tale, see below, 1848; see also above, 1826. Unknown, in Blackwood's.]"
part2_p165_a2,Vol.2,Part II,p165,1827.,"Hood, Eu., pseud. [i. e. Haslewood, Joseph].","Notes on Mayster of the Game,","by Edmond de Langley, fifth son of Edward III, (Fly Leaves no. xxxvii), [in] The Gentleman's Magazine, April, 1827, p. 309.","Alauntz, or Mastiff. [Quotation, Knightes Tale, l. 1290.]","[""Eu. Hood"" is identifed with Haslewood by his album of these Fly Leaves (B.M., 1077. g. 26).]"
part2_p165_a3,Vol.2,Part II,p165,1827.,"Johnstone, John.","Specimens of Sacred and Serious Poetry, from Chaucer to the Present Day,",pp. 175-87.,"[The Prioresses Tale and Character of a Good Parson, modernised, with a brief account of Chaucer prefixed.]",
part2_p165_a4,Vol.2,Part II,p165,1827.,"Laing, Malcolm.","The Knightly tale of Golagrus and Gawane, and other ancient poems. Printed at Edinburgh by W. Chepman and A. Myllar in the year MDVIIJ,",ed. by M. Laing.,"[Poem No. viii is The Maying or Disport of Chaucer,
i.e. The Complaint of the Black Knight (by Lydgate). On
p. 14 of the Introduction, Laing has a note on the poem,
merely stating that it is included in all the editions of
Chaucer's works.]",
part2_p165_a5,Vol.2,Part II,p165-166,1827.,"Lamb, Charles.","Letter to B. R. Haydon,","March, 1827, [in] The Works of Charles and Mary Lamb, ed. by E. V. Lucas, 1903-5, vol. vii, Letters, p. 725.","I think I have hit on a subject for you, but can't swear it
was never executed–I never heard of its being–""Chaucer
beating a Franciscan Friar in Fleet Street."" Think of the
old dresses, houses, etc. [Lamb then quotes from Speght's
Life, 1598.]",
part2_p166_a1,Vol.2,Part II,p166,1827.,"Lamb, Charles.","A Death-bed, in a Letter to R. H., Esq, of B—.","(The Works of Charles and Mary Lamb, ed. by E. V. Lucas, 1903-5, 7 vols., vol. ii, pp. 246-7.)","[p. 246] Lettered he was not; his reading scarcely exceeded the
obituary of the old Gentleman's Magazine... Yet there
was the pride of literature about him from that slender
[p. 247] perusal... Can I forget the erudite look with which,
having tried to puzzle out the text of a Black lettered Chaucer
in your Corporation Library, to which he was a sort of
Librarian, he gave it up with this consolatory reflection–
""Jemmy,” said he, ""I do not know what you find in
these very old books, but I observe, there is a deal of very
indifferent spelling in them.""","[The hero of this story was Randal Norris, Sub-Treasurer of the Inner Temple. It is very slightly altered from a letter which Lamb wrote to Crabb Robinson on Jan. 20, 1827 (ed. Lucas, vol. vii, p. 721). For a note on the Essay see Lucas, vol. ii, pp. 452-3.]"
part2_p166_a2,Vol.2,Part II,p166,1827.,"Neele, Henry.",Lectures on English Poetry. Delivered at the Russell Institution in . . .,"1827, [in] The Literary Remains of the late Henry Neele, 1829. (3rd edn., 1839, pp. 3, 6-10, 19-20, 39, 48, 49-51, 70.)","[In the introductory lecture Neele describes Chaucer’s genius
as 'vast, versatile, and original,' p. 7. His attainments, both
in learning and knowledge of human nature, he declares, were
profound. He follows Tyrwhitt's lead in his brief remarks on
Chaucer's language, p. 8:]
[p. 8] Chaucer's versatility was most extraordinary.... His
humour and wit are of the brightest and keenest character;
but then his pathos is tremendous, and his descriptive powers
are of the highest order....
[p.49] Chaucer's outlines are more spirited and graceful; but
Spenser is the finer colourist. Chaucer I should compare to
Raffaelle, Spenser to Rubens; but then Chaucer combined
with all his elegance and beauty, many laughing graces...
I should say that Chaucer was Raffaelle and Teniers united:
Raffaelle, perhaps, a little lowered from his pinnacle of
dignity and elegance, and Teniers certainly much elevated
above his vulgarity and grossness.","[The Lectures on English Poetry were reprinted separately. The third edition, 1839, is the earliest in B.M.]"
part2_p167_a1,Vol.2,Part II,p167,1827.,"Taylor, George Watson.","Misreading,","[in the transcript of] Poems, written in English, by Charles Duke of Orleans, [from MS. Harleian, 682, producing a supposititious reference to Chaucer], Roxburghe Club, 1827, p. 17.","[MS. Harl. 682 is a very clear, well-written fifteenth-century
text, and the original poem in it, fol. 8, reads:
When y am leyd to slepe as for a stound
To haue my rest y can in no manere
For all the nyght myn hert aredith round
As in the romaunce of pleasaunt pancer,
this being, so far as the last line is concerned, an exact
translation of line 4, Ballade viii, in Charles of Orleans'
French Poème de la Prison (ed. d’Héricault, Paris, 1874,
tome i, p. 21), which reads
Car toute la nuit mon cueur lit
Ou Rommant de Plaisant Penser.
It is scarcely conceivable that Mr. Taylor, the editor of the
Roxburghe Club print, read the “pancer"" of the MS. as
""Chaucer,"" but, at any rate, he renders (without comment)
the above passage as follows:
For all the nyght myn hert aredith round
As in the romaunce of plesaunt chaucer,—
thus, with no foundation in the manuscript, turning the
passage into a Chaucer reference. This is misleading for those
readers who are not able to examine the MS.; see, for instance,
the conjecture of Dr. H. N. MacCracken in Publications of
the Modern Language Association of America, vol. xxvi,
pp. 150-1, that William de la Pole, Duke of Suffolk, may, in
translating the poems, have inserted this Chaucer reference.]",
part2_p167_a2,Vol.2,Part II,p167-168,1827.,Unknown.,"Chaucer, Sir Geoffrey,","[in] Encyclopaedia Edinensis, 1827, vol. ii, pp. 254-5.","[A short article, beginning with a cautious biography, in
which nothing is stated as certainty except the birth-date
1328, Chaucer's promotions in 1389, and death-date.]
Chaucer was not only the first, but also one of the best
English poets. He was great in every kind of poetry, and
displays every kind of excellence, excepting melody and
accuracy of measure, defects which are to be ascribed to the
imperfect state of the language... [Dryden quoted. The
Court of Love, Chaucer's first poem, followed by Troilus and
Criseyde. Many of the poems are allegories; the Dream (i. e.
the Isle of Ladies) and the Flower and the Leaf mentioned,
as well as The Book of the Duchesse, Romaunt of the Rose
and Hous of Fame.]
The Canterbury Tales... are alone sufficient to transmit
his name to posterity.... In his delineation of character he
is not considered inferior to Shakespeare himself.",
part2_p168_a1,Vol.2,Part II,p168,1827.,Unknown.,"Magaziniana,","[in] The London Magazine, vol. vii, Jan. 1827, new series, vol. vii, pp. 139-40.","[A modernization of Chaucer's poems much needed; Dryden
departs too much from his text. A version of the Friar from
the Prologue (ll. 223-26) is given as a “very fair specimen
of what is wanted.""]
The penance he imposed was never hard–
Whereby he gained a plentiful reward;
And in such cases an abundant gift
Was proof enough of an effectual shrift [etc.].",
part2_p168_a2,Vol.2,Part II,p168,1828.,"Allen, Thomas.","The History and Antiquities of London,","vol. iv, pp. 117, 525-6.","[p.117] The monument of Geoffrey Chaucer... is now much defaced,
and is often only very slightly glanced at. Geoffrey Chaucer
... was the son of Sir John Chaucer, a citizen of London.
[pp.525-6] [Passages on the Tabard Inn and the pilgrims, with
6]
quotations from Prologue.]",
part2_p168_a3,Vol.2,Part II,p168,1828.,"Angelo, Henry.","Reminiscences of Henry Angelo,","2 vols., 1828-30, vol. i, pp. vi, 8.","[p. 8] I remember being at Hampton many years before he
[Garrick] left the stage [i.e. c. 1770; see above, vol. i, p. 436],
and after supper, to amuse us boys, his reading Chaucer's Cock
and the Fox.",
part2_p168_a4,Vol.2,Part II,p168,1828.,"Drake, Nathan.","Mornings in Spring or Retrospections,","[Paper] No. xiii, Chaucer, Dunbar, and Burns Compared, vol. ii, pp. 1-17, 297 [quotation of Lady Pembroke’s letter to Selden, q.v. below, App. A., 1649].","[Drake fills a good deal of the space devoted to Chaucer
with appreciation of the poet’s descriptions of nature–among
the landscapes selected for praise being those in the spurious
Flower and Leaf and Complaint of the Black Knight.]",
part2_p168_a5,Vol.2,Part II,p168,1828.,"Gorton, John G.","A General Biographical Dictionary,","2 vols., vol. i, pp. 473-4.","[The article on Chaucer is abridged from Aikin's General
Biography, q.v. above, 1801.]",
part2_p169_a1,Vol.2,Part II,p169,1828.,"Hazlitt, William.","A Farewell to Essay-Writing,","[in] The Lon don Weekly Review, March 29. (Collected Works of William Hazlitt, ed. Waller and Glover, 1902-6, 13 vols, vol. xii, p. 327.)","[Praise of “Chaucer's Flower and Leaf.""]",
part2_p169_a2,Vol.2,Part II,p169,1828.,"Hunt, James Henry Leigh.","Fine Days in January and February,","[in] The Companion, Jan. 30, 1826, pp. 26-7. (Indicator and Ex aminer, 1834; Essays, 1891, p. 27-9.)","We think we see him [Chanticleer], as in Chaucer's home¬
stead:
He looketh as it were a grim leoun
[and 4 following lines, Nonne Prestes Tale, ll. 4369-73].
[p.23]... As fine, considered as mere music and versification, as
the description is pleasant and noble:
His combe was redder than the fine corall
[and 5 following lines, ll. 4049-54].
Hardly one pause like the other throughout, and yet all
flowing and sweet.... The accent, it is to be observed, in
those concluding words, as coral and colour, is to be thrown
on the last syllable.",
part2_p169_a3,Vol.2,Part II,p169,1828.,"Hunt, James Henry Leigh.","Lord Byron and Some of his Con temporaries,","pp. 376, 398-9 [also a few passing references].","[p. 376] Chaucer, one of my best friends, I was not acquainted with
till long afterwards [i. e. after his schooldays].
[p. 398] It is to him [Mr. Bell] the public are indebted for the small
edition of the Poets that preceded Cooke’s, and which, with
all my predilections for that work, was unquestionably superior
to it. Besides, it included Chaucer and Spenser. The omis¬
sion of these in Cooke’s edition was as unpoetical a sign of the
times, as the existing familiarity with their names is the
[p. 399] reverse.... He knew nothing of poetry.... Yet a certain
liberal instinct, and turn for large dealing, made him include
Chaucer and Spenser in his edition; he got Stothard to adorn
the one, and Mortimer the other.",
part2_p169_a4,Vol.2,Part II,p169-170,1828.,"Johnstone, John.","Specimens of the Lyrical, Descriptive and Narrative Posts of Great Britain, from Chaucer to the Present Day,","pp. 6, 12, 25-58.","[There are no extracts from Chaucer in the text, which
begins with Surrey; but the earlier history of English poetry
is told in the introduction, and here a very appreciative
account is given of Chaucer, with extracts from Troilus and
Criseyde, the Prologue and the Knightes Tale. Readers are
exhorted to master the few difficulties of his language, and
modernisers are criticised; but Wordsworth’s version of the
Prioresses Tale receives praise.]",
part2_p170_a1,Vol.2,Part II,p170,1828.,"Landor, Walter Savage.",Imaginary Conversations:,"Landor, English Visiter and Florentine Visiter, [in] Imaginary Conversa tions, vol. iii, 1828, p. 427. (Ed. C. G. Crump, 1891, 6 vols., vol. vi, p. 446.)","[p. 446] [Verses to Keats :]
Yet I would dream to meet thee at our home
[Printed in first and second editions only; given in the appendix of Cramp’s
With Spenser's quiet, Chaucer's livelier ghost.
edition.]",
part2_p170_a2,Vol.2,Part II,p170,[1828?],"Moore, Thomas.",Note [to] Song of the Departing Spirit of Tithe.,"(Poetical Works, ed. A. D. Godley, 1910, p. 613.)","Chaucer's Plowman complains of the Parish rectors, that
For the tithing of a duck,
Or an apple or an aye (egg),
They make him swear upon a boke;Thus they foulen Christ's fay.'","[The Plowman's Tale, author unknown, ll. 861-64. We have not been able to trace the frst appearance of this piece. In Moore's Poetical Works, collected by himself, 1840-41, 10 vols., it appears (vol. ix., pp. 17-21) between pieces dated 1828, and immediately following those published in Odes on Cern, Cash and Catholics, 1828. It is not found in Palmer's Index to the Times for 1828. The note containing the Chaucer reference may have been added by Moore in 1841.]"
part2_p170_a3,Vol.2,Part II,p170,1828.,"Scott, Sir Walter.","St. Valentine's Eve, or, The Fair Maid of Perth,","3 vols., vol. ii, ch. x, p. 300, vol. iii, ch. iv, p. 61. (Border edition, ed. Andrew Lang, 1894, vol. ii, chap. v, p. 84, chap. x, p. 147.)","[p. 84] “How now, Sir Leech!"" said the Dominican. ""Do you
call prayers for the dead juggling tricks? I know that
Chaucer, the English maker, says of you mediciners that your
study is but little on the Bible."" [Prologue, l. 433.]
[p. 147]
""This Austin humbly did.""—""Did he?"" quoth he.
[Chapter Heading]
""Austin may do the same again for me.
Pope's Prologue to the Canterbury Tales from Chaucer.",
part2_p170_a4,Vol.2,Part II,p170-171,1828.,"Scott, Sir Walter.","On Landscape Gardening, [review of] The Planter's Guide...","by Sir Henry Steuart, [in] The Quarterly Review, March, vol. xxxvii, p. 311.","The ancient English poets, Chaucer and Spenser in particular,
never luxuriate more than when they get into a forest;
by the accuracy with which they describe particular trees,
and from their noticing the different characters of the different
species, and the various effects of light and darkness upon
the walks and glades of the forest, it is evident that they
regarded woodland scenery not merely as associated with
their favourite sports, but as having in itself beauties which
they could appreciate.",
part2_p171_a1,Vol.2,Part II,p171,1828.,"Smith, John Thomas.","Nollekens and his Times,","vol. i, p. 179 [conversation between Nollekens and Catling in Westminster Abbey; a short note on Chaucer’s tomb]; vol. ii, pp. 467-71 [an account of Blake’s quarrel with Cromek and Stothard; q.v. above, 1808 and 1809. See Notes and Queries, 1st ser., ii, 420].",,
part2_p171_a2,Vol.2,Part II,p171,1828.,"Southey, Robert.","Letter to Grosvenor C. Bedford,","dated Keswick, Nov. 28, 1828. (Life and Correspondence of Southey, 1850, vol. v, p. 332.)","[Southey says if he were confined to twelve English books
his] library... would consist of Shakespeare, Chaucer,
Spenser and Milton; Lord Clarendon; Jackson, Jeremy
Taylor, and South; Isaac Walton, Sidney's Arcadia, Fuller's
Church History, and Sir Thomas Brown.",
part2_p171_a3,Vol.2,Part II,p171,1828.,"Tytler, Henry William.","Miscellanies,","Calcutta. [Modernizations of the Clerk’s Tale and the Tale of Gamelyn. Not in B.M., Bodleian, etc., or Watt, Allibone, English Catalogue, etc. See Chaucer, by E. P. Hammond, 1908, p. 229.]",,
part2_p171_a4,Vol.2,Part II,p171,1828.,Unknown.,"Critique of Woman's Love; or, the Triumph of Patience","(played at Theatre Royal, Covent Garden, Dec. 17, 19, 23, 1828), [in] The Times, Dec. 18, p. 2, col. 3.","[Quotation from Clerkes Tale. The play was a dramatisation
of the Griselda story. Kemble played the leading part,
Andrea, Duke of Saluzzo. The playbill gives no author.]",
part2_p171_a5,Vol.2,Part II,p171,1828.,Unknown.,"The Worthies of the United Kingdom; or Biographi cal Accounts of the Lives of the most illustrious Men, in Arts, Arms, Literature, and Science, connected with Great Britain.",,"[No. 4. Geoffrey Chaucer, the Father of English Poetry,
pp. 73-82, with engraved portrait, to face p. 73, dated June 1,
1827. A Life (with the old mistakes), and a short account
of his Works. His language not obsolete.]
The Canterbury Tales is the great basis of the fame of
Chaucer. . . . The. .. Tales are certainly one of the most
extraordinary monuments of human genius.... The Prologue
... is a copious and extensive review of the private life of
the fourteenth century in England.",
part2_p172_a1,Vol.2,Part II,p172,1829.,"Hartshorne, Charles Henry.","The Book Rarities in the University of Cambridge,","pp. 135-6 [Some Minor Poems of Chaucer, Lydgate and others, Caxton, n.d.], 138 [The Book of Fame, Caxton, n.d.], 149 [Troylus and Creseyde, 1517], 202 [Troylus and Creseyde, 1526], 211 [The Workes of Geffray Chaucer, Godfray, 1532], 232 [The Book of the Tales of Caunterburye, 1st edn.], 297 [Chaucer's Works, n.d., fol. The first three are in the University Library, the fourth and fifth in the King’s College Library, the sixth in the Pepysian Library, and the seventh in the Trinity College Library.]",,
part2_p172_a2,Vol.2,Part II,p172,1829-30.,"Hazlitt, William.","Conversations of James Northcote, Esq.,","Conversation the Fifteenth. (Collected Works of William Hazlitt, ed. Waller and Glover, 1902-6, 13 vols., vol. vi, pp. 378, 418, 466,523.)","Northcote... said, 'Sir Richard Phillips... came
here once with Godwin to shew me a picture which they
had just discovered of Chaucer, and which was to embellish
Godwin's Life of him. I told them it was certainly no
picture of Chaucer, nor was any such picture painted at
that time.'","[This Conversation probably appeared first in the Atlas, 1829, of which the B.M. has only one no.]"
part2_p172_a3,Vol.2,Part II,p172,1829.,"Hood, Thomas.","A Widow,","[in] The Gem, p. 26.","Are the traditional freaks of a Dame of Ephesus, or a Wife
of Bath, or a Queen of Denmark to cast so broad a shadow
over a whole sisterhood?","[This paper is a parody of Lamb by Hood, and is signed “C. Lamb."" See Works of Charles and Mary Lamb, ed. E. V. Lucas, 1903-5, vol. viii, pp. 785-6.]"
part2_p172_a4,Vol.2,Part II,p172,1829.,"Jameson, Anna.","The Loves of the Poets,","2 vols., vol. i, pp. 133-60. [Reprinted in 1837 as Romance of Biography (same pagination).]",[Chaucer and Philippa Picard.],
part2_p172_a5,Vol.2,Part II,p172-176,1829.,"Landor, Walter Savage.","Imaginary Conversations,","5 vols., 1824-9; vol. iv, 1829. pp. 209-76; Works, 1846, vol. i, pp. 402-18. (Imaginary Conversations, ed. C. G. Crump, 1891, 6 vols., vol. iv. pp. 66-108.)","[There are various changes in the language between the
editions of 1829 and 1846. In the opening speech, for
instance, after 'Decameron,' the 1829 edition reads “which
I shewed to you in his manuscript, you expressed so ardently
your admiration,"" &c. The speech of Petrarca (p. 403), in
reply to Chaucer's remarks on the cataract of Terni, is a later
addition.]
CHAUCER, BOCCACCIO, AND PETRARCA.
[p. 66] Petrarca. You have kept your promise like an Englishman,
[p. 67] Ser Geoffreddo: welcome to Arezzo. This gentleman is
Messer Giovanni Boccaccio, of whose unfinished Decameron,
which I opened to you in manuscript, you expressed your
admiration when we met at Florence in the spring.
Boccaccio. I was then at Certaldo, my native place, filling
up my stories, and have only to regret that my acquaintance
with one so friendly and partial to me has been formed so
late. How did Rome answer your expectation, sir?
Chaucer. I had passed through Pisa; of which city the
Campo Santo, now nearly finished, after half a century from
its foundation, and the noble street along the Arno, are
incomparably more beautiful than anything in Rome.
Petrarca. That is true. I have heard, however, some of
your countrymen declare that Oxford is equal to Pisa, in the
solidity, extent, and costliness of its structures.
Chaucer. Oxford is the most beautiful of our cities: it
would be a very fine one if there were no houses in it.
Petrarca. How is that?
Chaucer. The lath-and-plaster white-washed houses look
despicably mean under the colleges.
Boccaccio. Few see anything in the same point of view.
It would gratify me highly, if you would tell me with all
the frankness of your character and your country, what struck
you most in ""the capital of the world"" as the vilest slaves
in it call their great open cloaca.
Chaucer. After the remains of antiquity, I know not
whether anything struck me more forcibly than the superiority
of our English churches and monasteries.  ...
[p. 68] Boccaccio. We can not travel in the most picturesque
and romantic regions of our Italy, from the deficiency of
civilisation in the people.
Chaucer. Yet, Messer Giovanni, I never journeyed so far
through so enchanting a scenery as there is almost the whole
of the way from Arezzo to Rome, particularly round Terni
and Narni and Perugia.
Our master Virgil speaks of dreams that swarm upon the
branches of one solitary elm. In this country more than
dreams swarm upon every spray and leaf; and every murmur
of wood or water comes from and brings with it inspiration.
Never shall I forget the hour when my whole soul was carried
away from me by the cataract of Terni, and when all things
existing were lost to me in its stupendous waters. The
majestic woods that bowed their heads before it; the sun
that was veiling his glory in mild translucent clouds over the
furthest course of the river; the moon, that suspended her
orb in the very centre of it, seemed ministering Powers,
themselves in undiminished admiration of the marvel they
had been looking on through unnumbered ages. What are the
works of man in comparison with this? What indeed, are
the other works of Nature?
Petrarca. Ser Giovanni! this, which appears even too great
for Nature, was not too great for man. Our ancestors achieved
it. Curius Dentatus, in his consulate, forbade the waters of
the Velinus to inundate so beautiful a valley, and threw them
down this precipice into the Nar.  ...
[p. 69] Chaucer. I was not forgetful that we heard the story from
our guide; but I thought him a boaster: and now for the
first time I learn that any great power hath been exerted for
any great good. Roads were levelled for aggression, and vast
edifices were constructed either for pride or policy, to com¬
memorate some victory, to reward the Gods for giving it, or
to keep them in the same temper. There is nothing of which
men appear to have been in such perpetual apprehension, as
the inconstancy of the deities they worship.
Many thanks, Ser Francesco, for reminding me of what
the guide asserted, and for teaching me the truth. I thought
the fall of the Velinus not only the work of Nature, but the
most beautiful she had ever made on earth. My prevention,
in regard to the country about Rome, was almost as great,
and almost as unjust to Nature, from what I had heard of it
both at home and abroad. In the approach to the eternal
city, she seems to have surrendered much of her wildness,
and to have assumed all her stateliness and sedateness, all her
awfulness and severity.....
[p. 70] Boccaccio. If Ser Geoffreddo felt in honest truth any
pleasure at reading my Decameron, he owes me a tithe at least
of the stories it contains: for I shall not be so courteous as
to tell him that one of his invention is worth ten of mine, until
I have had all his ten from him: if not now, another day.
Chaucer. Let life be spared to me, and I will carry the
[p. 71] tithe in triumph through my country, much as may be shed
of the heavier and riper grain by the conveyance and the
handling of it. And I will attempt to show Englishmen what
Italians are; how much deeper in thought, intenser in
feeling, and richer in imagination, than ever formerly: and
I will try whether we can not raise poetry under our fogs, and
merriment among our marshes. We must first throw some
litter about it, which those who come after us may remove.
Petrarca. Do not threaten, Ser Geffreddo! Englishmen act.
Boccaccio. Messer Francesco is grown melancholy at the
spectre of the tribune. Relate to us some amusing tale, either
of court or war.
Chaucer. It would ill become me, signors, to refuse what
I can offer: and truly I am loth to be silent, when a fair
occasion is before me of adverting to those of my countrymen
who fought in the battle of Cressy, as did one or two or more
of the persons that are the subjects of my narrative.
Boccaccio. Enormous and horrible as was the slaughter of
the French in that fight, and hateful as is war altogether to
you and me, Francesco! I do expect from the countenance of
Ser Geoffreddo, that he will rather make us merry than sad.
Chaucer. I hope I may, the story not wholly nor principally
relating to the battle.
[Here Chaucer tells the story of Sir Magnus Lucy of
Charlecote.]
[p.  97] Now Messer Francesco, I may call upon you, having seen
you long since throw aside your gravity, and at last spring
up alert, as though you would mount for Picardy.
Petrarca. A right indeed have you acquired to call upon
me, Ser Geoffredo; but you must accept from me the produce
of our country.  ...
[p. 98] Boccaccio. Well, go on with him.
Petrarca. I do think, Giovanni, you tell a story a great deal
more naturally; but I will say plainly what my own eyes
have remarked, and will let the peculiarities of men appear
as they strike me, whether they are in symmetry with our
notions of character, or not.
Chaucer. The man of genius may do this: no other will
attempt it. He will discover the symmetry, the relations,
and the dependencies, of the whole: he will square the
strange problematic circle of the human heart.  ...
[p. 108] After this narration, Messer Francesco walked toward the
high altar and made his genuflexion: the same did Messer
Giovanni, and, in the act of it, slapped Ser Geoffreddo
on the shoulder, telling him he might dispense with the
ceremony, by reason of his inflexible boots and the buck-skin
paling about his loins. Ser Geoffreddo did it nevertheless,
and with equal devotion. His two friends then took him
between them to the house of Messer Francesco, where dinner
had been some time waiting.",
part2_p176_a1,Vol.2,Part II,p176,1829.,"Ritson, Joseph.","Ancient Songs and Ballads from the Reign of King Henry the Second to the Revolution,","2 vols., vol. i, pp. xi [women “tomblesteres"" in the time of Chaucer], xxii [""timbe stere"" and ""tymbres"" in Romaunt of the Rose], xxviii-ix, xlv-vi [vocal melody in the age of Chaucer], xlvi n., xIvii, li n. [""horn pipes of Cornewaile"" in Romaunt of the Rose], Ivii, [harp], Ivii n., lix [the rote], Ix n., Ixi [giterne], Ixi n, Ixxii n., Ixiii [""joly Absolon,"" and the lute], Ixiv [the symphonie], Ixv [Chaucer’s Miller plays the bagpipe], Ixvi [floite and liltying horne, pipes, trompes, nakeres and clariounes], 68; vol. ii, p. 3.",,
part2_p176_a2,Vol.2,Part II,p176,1829.,"Scott, Sir Walter.","Memoir of George Bannatyne,","[in] Memorials of George Bannatyne, Bannatyne Club, Edinburgh, 1829, p. 14. (Miscellaneous Prose Works of Sir Walter Scott, Edinburgh, 1834-71, 30 vols, vol. XXX, pp. 82-83.)","This darling of the Scottish Muses [Dunbar] has been
justly raised to a level with Chaucer by every judge of
poetry, to whom his obsolete language has not rendered him
unintelligible... In the pathetic Dunbar is Chaucer's
inferior, and accordingly in most of his pieces he rather
wishes to instruct the understanding, or to amuse the fancy,
than to affect the heart.",
part2_p176_a3,Vol.2,Part II,p176,1829.,"Scott, Sir Walter.","Tales of a Grandfather,","2nd series, vol. i, pp. 37-8. (Miscellaneous Prose Works of Sir Walter Scott, Edinburgh, 1834-71, 30 vols., vol. xxiii, p. 238.)","The Queen [Elizabeth]... told the preacher [the Bishop
of St. David’s] to keep his admonitions to himself, since she
plainly saw the greatest clerks... were not the wisest men.","[For other references by Scott to Queen Elizabeth's quotation of this line see also above, 1820, The Monastery, and 1821, Kenilworth.]"
part2_p176_a4,Vol.2,Part II,p176-177,1829.,"Wordsworth, William.",Liberty.,"(The Poetical Works of William Wordsworth, 1896, vol. vii, p. 219.)","Is there a cherished bird (I venture now
To snatch a sprig from Chaucer's reverend brow)—
Is there a brilliant fondling of the cage,
Though sure of plaudits on his costly stage,
Though fed with dainties from the snow-white hand
Of a kind mistress, fairest of the land,
But gladly would escape; and, if need were,
Scatter the colours from the plumes that bear
The emancipated captive through blithe air
Into strange woods, where he at large may live
On best or worst which they and Nature give?","[This is from the sequel to the Gold and Silver Fishes in a Vase, written in 1829, printed in 1835.]"
part2_p177_a1,Vol.2,Part II,p177-178,1880.,"Campbell, Thomas.","Chaucer,","[in] Brewster's Edinburgh Encyclopædia, vol. v, pt. ii, pp. 756-62.","[A long and very appreciative article, echoing in parts the
author's Essay of 1819, q. v. above. The earlier and bio¬
graphical part is careful, and describes Godwin's Life as ""'a
series of suppositions,"" but the story of Chaucer’s exile and
imprisonment is treated as certain. Campbell notes that the
inscription and figures on Chaucer's tomb were at the time of
writing almost obliterated.
Chaucer found English poetry in the rudest state; he
introduced the heroic iambic line. The Court of Love, “his
first poem,” noticed at length. Troilus and Criseyde, his next
poem, analysed; its anachronisms.]
[p. 760] Next to the length of the poem, the greatest obstacle to our
interest in it is an inconsistency between the strength and
tenderness, and the lawlessness and secrecy of Troilus’s passion.
The poet represents no sufficient cause to prevent the Trojan
from marrying Cresseide.  ... This is a departure from
nature and probability, the more remarkable in a poet whose
characteristic merit is generally adherence to both. Yet this
tale of Troy divine, which Sir Philip Sydney adored, and
which was once regarded as an ornament to our language, did
not fascinate our forefathers without a reason. As an ancient
novel in verse, it reminds us very frequently of the minute
touches and pathos of Richardson. [The confession of Criseyde
and the grief of Troilus (as in 1819).]
[The Dream (Isle of Ladies), Book of the Duchesse, Parle¬
ment of Foules, Romaunt of the Rose, Flower and the Leaf,
Hous of Fame. The Canterbury Tales the work of his old
age; the plan from Boccaccio; the naturalism of the characters,
and the dramatic contrasts between them. Chaucer's other
virtues inferior to this; his incongruities, e.g. the “cooke
scalded for all his longe ladle."" The great architect of our
versification, but not an importer of French words. His
prolixity, like his coarseness, a fault of his time.]
[p. 762] [The beauties] of Chaucer may be compared to flowers which
we collect in a long journey, numerous in the sum, but
collected widely asunder. This expression may appear
irreverend to those who are enamoured of old English and
obsolete spelling, merely because it is old and obsolete; but
the reader who sits down to Chaucer, expecting wonders in
every page, will find, that though there is much to reward
his patience, there is also something to exercise it.",
part2_p178_a1,Vol.2,Part II,p178,1830.,"Moore, Thomas.","Letters and Journals of Lord Byron, with Notices of his Life by Thomas Moore,","2 vols, vol. i, p. 30. (1 vol. ed. 1908, pp. 15, 49, 123, 391.) [See above, Byron, 1807, 1811, 1819.]","[Moore quotes Dr. Glennie, Byron's schoolmaster at Dul¬
wich:] His reading in history and poetry was far beyond the
usual standard of his age, and in my study he found many
books... among others, a set of our poets from Chaucer to
Churchill, which I am almost tempted to say he had more
than once perused from beginning to end.",
part2_p178_a2,Vol.2,Part II,p178,1830.,"Murray, Sir Charles Augustus.","Memorandum,","[dated June, 1830, printed in] Goethes Gesprāche, Gesamtausgabe, neu herausgegeben von Flodoard Frhr. von Biedermann, 1909-11, 5 vols., vol. iv, p. 286. (The Hon. Sir Charles Murray, K.C.B., a memoir, by... Sir Herbert Maxwell, 1898, p. 75.)","After a few minutes general conversation he [Goethe]
pointed to a large volume lying before him on the table,
and said–
""It is curious that when your visit was announced to me,
I was engaged in making a few notes on your Old English
literature. Is that a subject that has ever engaged your
attention?"" To this I was fortunately able to make an
affirmative reply, as I had not long before, when at Oxford,
spent some time in the study of Anglo-Saxon, and was, more¬
over, well up in Chaucer, which enabled me to elucidate a
few old words and phrases which he had marked as requiring
explanation.",
part2_p179_a1,Vol.2,Part II,p179,1830.,"Nicolas, Sir Nicholas Harris.",Privy Purse Expenses of Elizabeth of York.,"Index and Notes, [Illustrative quotations under] Gray ling, p. 198; Housell, p. 202; Pardon, p. 214; Purfle, p. 217; Stations, p. 224; Combe Coverchiefs, pp. 241-2.",,
part2_p179_a2,Vol.2,Part II,p179,1830.,"Robson, Thomas.","The British Herald or Cabinet of Armorial Bearings of the Nobility and Gentry of Great Britain and Ireland,",vol. i.,"[Note, under Chaucer, on his coat-of-arms.]",
part2_p179_a3,Vol.2,Part II,p179,1830.,"Scott, Sir Walter.","Letters on Demonology and Witchcraft,","John Murray’s edition, 1830, pp. 173-75, 178; Reprint in Morley’s Universal Library, 1884, pp. 144-5, 148. (Miscellaneous Prose Works, Edinburgh, 1834-71, 30 vols., vol. xxix, pp. 168-70, 173.)","[Wife of Bath's Tale, ll. 1-25; Chaucer ascribes the exile
of fairies to the prayers of the ""limitours"" and “freres.""]",
part2_p179_a4,Vol.2,Part II,p179,1830.,"Scott, Sir Walter.","The History of Scotland,","[in] The Cabinet Cyclopædia, conducted by the Rev. Dionysius Lardner, vol i, pp. 333, 351.","[References to Dunbar as “the Scottish Chaucer.""]",
part2_p179_a5,Vol.2,Part II,p179,1830.,"Scott, Sir Walter.","Introduction to The Monastery,","dated Nov. 1, 1830, [in] Introductions... to the Novels, Tales and Romances of the Author of Waverley, 3 vols. 1833, vol. ii, p. 117. (Border Edition, ed. Andrew Lang, 1893, vol. i, pp. xxii, xxiii.)","[p. xxii] There are evenings when the spectator might believe, with
Father Chaucer, that the–
[p. xxiii]
Queen of Faery,
With harp, and pipe, and symphony,
Were dwelling in the place.
[Sir Thopas, ll. 2004-6.]",
part2_p179_a6,Vol.2,Part II,p179-180,1830.,Unknown.,"Review of Sotheby's Specimens of a New Version of Homer,","[in] The Edinburgh Review, July 1830, vol. li, p. 464.","Of all the British poets, the two most Homeric in spirit,
however different in style, both from the Grecian bard and
from each other, are Shakespeare and Scott; but Chaucer,
behind all three in fancy and invention, comes nearest to
Homer in manner and expression. He might have given an
English Homer, in which the few, who would in the present
day have read it, would have recognised the character and
bearing of the great original.
In delivering his rule for a narrator, Chaucer has at least
prescribed a law equally incumbent upon all who aspire to
translate the Homeric poems :—
""Whoso shall telle a tale after a man... [to]
All speke he never so rudely and so large.""
[Prologue, ll. 731-4.]",
part2_p180_a1,Vol.2,Part II,p180,1830.,"Warner, Richard.","Literary Recollections,","2 vols., 1830, vol. i, pp. 141-2.","[p. 141] He himself [the Rev. Henry Richman] has frequently told
me, that in early manhood, he had written a sequel to Chaucer's
Canterbury Tales, which (as I have been informed by a
competent judge, who perused them) breathed much of the
spirit, style, and diction, of the venerable bard. But of this
[p. 142] work I never could obtain a sight. He always declined per¬
mitting his friends to peruse it, upon the principle, that the
levity of such compositions, was inconsistent with the decorum
of the clerical character.","[For Richman, see above, p. 49.]"
part2_p180_a2,Vol.2,Part II,p180,1830.,"Wordsworth, William.","Letter to Alexander Dyce,","May, 1830, [in] Letters of the Wordsworth Family, ed. W. Knight, 1907, 3 vols., vol. ii, p. 419.","The poetic genius of England, with the exception of
Chaucer, Spenser, Milton, Dryden, Pope, and a very few
more, is to be sought in her drama.",
part2_p180_a3,Vol.2,Part II,p180-181,1831.,"Bentley, Samuel.","Excerpta Historica, or Illustrations of English History.","Issue of Katherine Swynford, pp. 148, 155, 205-7, 210, 230-1, 239, 253, 353.","[p. 153] The following document and other notices will throw
some light on the subject; and as the Swynfords, besides
being closely connected with the blood-royal, were, according
to the poet’s biographers, though the fact is very questionable,
nearly allied to Chaucer, this article may be deemed to possess
more interest than is generally found in genealogical statements.
Sir Payne Roelt, a Knight of Hainault, and Guienne King¬
of-Arms, had, it is said, two daughters and co-heirs, Philippa
and Katherine. No particulars of his pedigree have been
discovered; his arms, in allusion to his name, were Gules,
three Katherine wheels Or.
Philippa, his eldest daughter, is stated to have been the
maid of honour to Philippa Queen of Edward the Third
who by the name of ""Philippa Pycard"" obtained a grant
of one hundred shillings per annum on the 28th January
1370, and married Geoffrey Chaucer, to whom, in consequence,
it is supposed, of this connection, the Duke of Lancaster
granted the Castle of Dodington [sic]. Of John of Gaunt's con¬
nection with Chaucer, however, no proof has been found; and
the circumstance of the lady assigned to him for his wife
being styled “Philippa Pycard,"" instead of Roelt, renders the
assertion, that she was the sister of the Duchess of Lancaster,
extremely doubtful.
 . . . . . . .
[p. 353]
Letters relating to the Stonor Family.
The following... deserve insertion as illustrative of the
private history of the family. The first is a letter from
Alice, Duchess of Suffolk, wife of William de la Pole, Duke
of Suffolk, to William Stonor. The Duchess, as being the
grand-daughter of Geoffrey Chaucer, is an object of interest.
The poet's eldest son is said to have been Thomas Chaucer,
who became Speaker of the House of Commons, and was a
very eminent person in the reigns of Henry the Fifth and
Sixth. His only child, Alice, married William de la Pole,
Earl, Marquess, and Duke of Suffolk; but her issue became
extinct in the reign of Henry the Eighth, when all the
descendants of Geoffrey Chaucer failed. Their son, John do
la Pole, Duke of Suffolk, had a natural daughter, Johanna,
who married Thomas Stonor, and had issue by him Sir
William, Thomas (from whom descended the Stonors of
Stonor), and two other sons who died without issue.",
part2_p181_a1,Vol.2,Part II,p181,1831.,"Collier, John Payne.","The History of English Dramatic Poetry to the time of Shakespeare; and Annals of the Stage to the Restora tion,","3 vols, vol. i, p. 12 ; vol. ii, pp. 124 n., 134 n., 147, 150 [Chaucer's allusions to Miracle Plays], 189 n., 237 n., 285 [note on the phrase “lefe on linde""], 291 n.; vol. iii, p. 103 n. [the mention of Chaucer by Edward Guilpin in Skialetheia, 1598, q.v., above, vol. i, p. 157].",,
part2_p181_a2,Vol.2,Part II,p181,1831.,"Hallam, Arthur Henry.",Oration on the Influence of Italian Works of Imagination on the same class of Composition in England.,"Delivered in Trinity Coll. Chapel, Dec. 16, 1831, [in] Remains in Verse and Prose of Arthur Henry Hallam, 1834, pp. 159, 178-181.",[Chaucer influenced by Italian study.],
part2_p181_a3,Vol.2,Part II,p181-182,1831.,"[Hunt, James Henry Leigh ?]","[Extracts from Chaucer, modern ised, in]","The Tatler, June 30, July 6, 9, 1831, vol. ii, p. 1027, vol. iii, pp. 18, 31.","[vol. ii.
p. 1027]
In the passages we propose to extract out of this great Poot
from time to time, the spelling will be modernized, and the
lines (with all humility) now framed on occasion; so as to
accommodate general readers, and warrant the insertion where
obsoleteness of language might otherwise be complained of.
[Three short extracts; the first begins :]
At mortal battles had he been fifteen,
And foughten for the faith at Tramisene... [etc.]
[Prologue, ll. 60-74.]",
part2_p182_a1,Vol.2,Part II,p182,1831.,"[Peacock, Thomas Love.]","Crotchet Castle,","chap. iii., p. 39. (Ed. Richard Garnett, 1891, p. 39.)","The Reverend Doctor Folliott having promised to return to
dinner, walked back to his vicarage, meditating whether he
should pass the morning in writing his next sermon, or in
angling for trout, and had nearly decided in favor of the
latter proposition, repeating to himself, with great unction,
the lines of Chaucer:
And as for me, though that I can but lite,
On bokis for to read I me delite,
..... [to]
Farewell my boke and my devocion.
[Legend of Good Women, Prol., ll. 29-39.]",
part2_p182_a2,Vol.2,Part II,p182,1831.,"Ritson, Joseph.","Fairy Tales,","pp. 26-8 [Dissertation on Fairies], 89 [Tale viii, Drayton’s Nymphidia, q.v., above, 1627, vol i, p. 201].","[pp. 26-7] [Fairies or elves peculiar to the British Isles; Wife of Bath's
Tale, ll. 1-16, quoted.]
[p. 27] [Chaucer] knew nothing, it would seem, of Oberon, Titania,
or Mab, but speaks of:
""Pluto, that is the King of Faerie,
And many a ladie in his compagnie,
Folwing his WIF, THE QUENE PROSERPINA, &c.""
[p.28] Mr. Tyrwhitt “cannot help thinking that his Pluto and
Proserpina were the true progenitors of Oberon and Titania.""
In the progress of The wif of Bathes tale, it happed the
knight
""—in his way... to ride
In all his care, under a forest side
Whereas he saw upon a dance go
Of ladies foure-and-twenty, and yet mo... [to]
Yvanished was this dance, he wist not wher.""
These ladies appear to have been fairies, though nothing is
insinuated of their size.",
part2_p183_a1,Vol.2,Part II,p183,1831.,"Scott, Sir Walter.","Introduction to The Abbot,","dated 1 Jan. 1831, [in] Introductions... to the Novels, Tales, and Romances of the Author of Waverley, 3 vols., 1833, vol. ii, p. 173. (Border edition, ed. Andrew Lang, 1893, vol. i, pp. xxii-iii.)","[p. xxii]
I looked round my library and could not but observe, that,
from the time of Chaucer to that of Byron, the most popular
authors had been the most prolific.",
part2_p183_a2,Vol.2,Part II,p183,1831.,"Southey, Robert.","Select Works of the British Poets, from Chaucer to Jonson, with biographical Sketches by Robert Southey,","1831, Preface; biography of Chaucer, p. 1, poems, pp. 2-60.","[The selected poems of Chaucer are : The Prologue to the
Canterbury Tales, the Knightes, the Man of Law's, the
Clerkes and the Squieres Tales, The Parlement of Foules, The
Cuckoo and the Nightingale (not by Chaucer), The Flower
and the Leaf (not by Chaucer), Good Counsail of Chaucer,
and To His Empty Purse. The biography is a short summary
of the facts as then known or assumed, based on the Testament
of Love and the Court of Love, &c. The following are the
principal critical remarks:]
Chaucer is not merely the acknowleged father of English
poetry, he is also one of our greatest poets. His proper
station is in the first class, with Spenser, Shakspeare, and
Milton; and Shakspeare alone has equalled him in variety
and versatility of genius. In no other country has any
writer effected so much with a half-formed language : retain¬
ing what was popular, and rejecting what was barbarous, he
at once refined and enriched it; and though it is certain that
his poetry is written rhythmically rather than metrically, his
ear led him to that cadence and those forms of verse, which,
after all subsequent experiments, have been found most
agreeable to the general taste, and may, therefore, be deemed
best adapted to the character of our speech. In some of his
smaller pieces, he has condescended to use the ornate style
which began to be affected in his age ; but he has only used it as
if to show that he had deliberately rejected it in all his greater
and better works... his original works are distinguished by
a life, and strength, and vivacity, which nothing but original
genius, and that of the highest order, can impart. Whoever
aspires to a lasting name among the English poets must get
the writings of Chaucer, and drink at the well-head....
[Then follow the selected poems, as above.]","[For a more expanded expression of Southey's opinion that Chancer's verse is rhythmical rather than metrical, see below, 1833-6. For Nott, see above, 1815-16.]"
part2_p184_a1,Vol.2,Part II,p184,1831.,"Southey, Robert.","Essay, [in] Attempts in Verse, by John Jones,","with an introductory essay on the... lives of our uneducated poets, p. 38.","[John Taylor, the Water Poet] has imitated Chaucer in a
catalogue of birds, which... has some sweet lines in it.",
part2_p184_a2,Vol.2,Part II,p184,1831.,"Wordsworth, William.","Letter to John Kenyon,","[dated] Rydal Mount, Sept. 13, 1831, [in] Letters of the Wordsworth Family, ed. W. Knight, 1907, 3 vols, vol. ii, p. 455.","Our Summer... has been... a brilliant one.... Our
Youths and Maidens, like Chaucer's Squire, “have slept no
more than doth the nightingale.""",
part2_p184_a3,Vol.2,Part II,p184,1831.,"Wordsworth, William.","Letter to J. K. Miller,","dated Rydal Mount, Dec. 17, 1831, [in] Letters of the Wordsworth Family, col lected and edited by W. Knight, 1907, 3 vols., vol. ii, p. 476.","I am no ready master of prose writing.... This last
consideration will not weigh with you; nor would it have
done with myself a few years ago; but the bare mention of it
will serve to show that years have deprived me of courage, in
the sense the word bears when applied by Chaucer to the
animation of birds in Spring time.",
part2_p184_a4,Vol.2,Part II,p184,1832.,"Boucher, Jonathan.","Glossary of Archaic and Provincial Words. A Supplement to the Dictionaries of the English Language,","1832, edited by the Rev. Joseph Hunter and Joseph Stevenson, pp. vii, xviii-xx, xxxi-ii, xl, xli, xlv, xlvi, li, liii-iv, lvi.","[Words from
Chaucer on nearly every page. See above, 1804, Boucher.]",
part2_p184_a5,Vol.2,Part II,p184,1832.,"Collier, John Payne.","An Old Man's Diary,","privately printed, 1871-2; 2 vols, vol. i, part i, pp. 12-13; part ii, p. 57.","[p. 12] Where is Cressida spoken of as a widow? I find two or
three passages in Chaucer's first book of Troylus that seem
more than to intimate it, and even that she may have had
children. Thus:
""And as a widowe was she, and al alone,
[p. 13]
And nyst to whom she might make her mone"".
[Troilus, bk. i, ll. 97-8.]
[Further reference to her “widowes habit"" (l. 170) and
""blacke wede"" (l. 177).]
I must look to Filostrato and the old romance. Shakespeare does not represent her as a widow.","[For vol ii see below, 1833.]"
part2_p185_a1,Vol.2,Part II,p185,1832.,"Fitzgerald, Edward.","Letter to John Allen,","[dated] London, Nov. 21, 1832. (Letters and Literary Remains of Edward Fitzgerald, ed. W. A. Wright, 1889, vol. i, p. 10.)","I have read some Chaucer too, which I like.",
part2_p185_a2,Vol.2,Part II,p185,1832.,"Hunt, James Henry Leigh.","Preface [to the] Poetical Works of Leigh Hunt,","pp. viii, xv, xxxii-vi.","[p. xxxii] To return to double rhymes. They are as old in our
language as Chaucer, whose versification is as unlike the
crabbed and unintentional stuff it is supposed to be, as
possible, and has never had justice done it. The sweet and
delicate gravity of its music is answerable to the sincerity of
the writer's heart. Take a specimen of his character of the
""Good Priest,” including some double rhymes:—
[p. xxxiii] He was a shepherd, and no mercenarie.""
""Benigne he was, and wonder diligent... [to]
[pp.
[Prol., ll. 483-90, 507-14.]
[pp. xxxv-vi] [Chaucer's practice of ending a paragraph in the middle of a
couplet a musical one and 'very fit to be revived'; passages
from Squieres Tale and Knightes Tale quoted in illustration.]",
part2_p185_a3,Vol.2,Part II,p185,1832.,"Hunter, William.","An Anglo-Saxon Grammar, and Derivatives; with Proofs of the Celtic Dialects being of Eastern Origin; and an Analysis of the Style of Chaucer, Douglas and Spenser.",,"[The examination of the style of Chaucer consists : 1. Of
a discussion of parts of speech, with examples from Chaucer;
2. of a very brief biographical account of Chaucer, pp. 62-9,
including some remarks on his versification, and some extracts
showing the pronunciation of genitive and plural endings.]",
part2_p185_a4,Vol.2,Part II,p185,1832.,"[Irving, David.]","Preface [to] The Moral Fables of Esope, compyled by Robert Henryson,","Maitland Club, p. v ["" Henryson’s Tale of Sire Chauntecleire and the Foxe evidently borrowed from Chaucer's Nonnes Preestes Tale""], and n., vi-vii and nn. [the Testament of Cresseid a sequel to Chaucer's poem, and formerly attributed to him; neither drawn from classical sources; quotations from Kynaston and from the Hous of Fame], viii-ix [anachronisms in Henryson’s Testament of Cresseid as in Chaucer's Troilus].",,
part2_p185_a6,Vol.2,Part II,p185-186,1832.,"Nicolas, Sir Nicholas Harris.",The Scrope and Grosvenor Contro versy,"[edited by Sir N. H. Nicolas], 2 vols., vol. i, p. 178 [Chaucer's deposition], vol. ii, pp. 404-412 [a biography of Chaucer, based on the documents, and ignoring his works. For a fuller account, fresh documents having meanwhile been discovered, see Nicolas’s Life of Chaucer, prefixed to Chaucer's Poetical Works, 1845].",,"[The publication by Godwin of Chaucer's deposition in 1886 (q.v. above, vol. i, p. 8, vol. ii, 1803) that he was 'del aze de xl ans & plus,' first led to a redating of his birth (1840 instead of 1828). Sir Harris Nicolas himself (vol. ii, p. 405) seems to lean to about the year 1831.]"
part2_p186_a1,Vol.2,Part II,p186,1832.,"Scott, Sir Walter.","Castle Dangerous,","chap. ii, pp. 265-6, [in] Tales of my Landlord, 4th series, vol. iii, 1832. (Border edn., ed. Andrew Lang, 1894, ch. ii, p. 34.)","[For the “modest as a maid"" and
""élève ” of the first edition, later editions read “meek as a maid""
and “pattern.""]
As to the first [his looks] he [Aymer de Valencel was mild,
gentle, and “modest as a maid,"" and possessed exactly of the
courteous manners ascribed by our father Chaucer to the
young élève of chivalry whom he describes upon his pilgrimage
to Canterbury.",
part2_p186_a2,Vol.2,Part II,p186,[n.a. 1832.],"Scott, Sir Walter.",Library Catalogue.,"(Catalogue of the Abbotsford Library, by J. G. Lockhart, Maitland Club, 1838, pp. 41, 154-5,172, 185, 190, 239.)","[Scott possessed the following editions, etc.: Works, [1561],
1602 (Speght), 1721 (Urry), 1810 (English Poets), Canter¬
bury Tales, 1798 (Tyrwhitt), Canterbury Tales (Ogle’s
modernisation), 1741; Godwin’s Life of Chaucer, 1803;
Todd’s Illustrations, 1810.
Under Godwin, Lockhart gives a reference to Scott's review
(Prose Works, vol. xvii), and under the [1561] and 1602
Works to Scott's “Poetical Works, passim.""]",
part2_p186_a3,Vol.2,Part II,p186,1832.,"Tennyson, Alfred.","A Dream of Fair Women,","stanzas 1-4, [in] Poems, 1833 [1832], pp. 123-4. (Works, 1895, pp. 56-7.)","I read, before my eyelids dropt their shade,
'The Legend of Good Women,' long ago
Sung by the morning star of song, who made
His music heard below;
Dan Chaucer, the first warbler, whose sweet breath
Preluded those melodious bursts that fill
The spacious times of great Elizabeth
With sounds that echo still.
And, for a while, the knowledge of his art
Held me above the subject, as strong gales
Hold swollen clouds from raining, tho' my heart,
Brimful of those wild tales,
Charged both mine eyes with tears....",
part2_p187_a1,Vol.2,Part II,p187,1832.,Unknown.,"Chaucer's House of Fame,","[in] The Penny Magazine, August 11, 1832, vol. i, pp. 190-1.","in reference to its value as giving a picture of the learning
[A short notice on the Hous of Fame, more particularly
and opinions of the latter part of the fourteenth century.]",
part2_p187_a2,Vol.2,Part II,p187,1832.,"Wordsworth, William.","Letter to John Kenyon,","[dated] Jan. 26, 1832, [in] Letters of the Wordsworth Family, ed. W. Knight, 1907, 3 vols, vol ii, p. 484.","He [Hogarth] reminds me both of Shakespeare and
Chaucer; but these great poets seem happy in softening and
diversifying their views of life, as often as they can, by
metaphors and images from rural nature.",
part2_p187_a3,Vol.2,Part II,p187,1833.,"Clarke, Charles Cowden.",Tales from Chaucer in Prose,"[i.e. The Proloque, The Knightes Tale, The Man of Law's Tale, The Wife of Bath's Tale, The Clerkes Tale, The Squieres Tale, The Pardoneres Tale, The Prioresses Tale, The Nonne Prestes Tale, The Chanouns Yemannes Tale, and The Tale of Gamelyn]. Designed chiefly for the use of young persons. [Second edition, revised, 1870.]",,
part2_p187_a4,Vol.2,Part II,p187,1833.,"Collier, John Payne.","An Old Man's Diary,","privately printed, 1871-2, 2 vols., vol. ii, part i, pp. 38-9, 85; part ii, 45-6, 106.","[pp. 38-9] [Discussion on Sleep. Chaucer's Shipman’s Tale quoted.
... Question whether Chaucer was more gross than his age
""voted in the affirmative.""]","[For vol. i see above, 1832.]"
part2_p187_a5,Vol.2,Part II,p187-189,[c. 1833.],"Haslewood, Joseph, and Bliss, Philip.",Notes and Newspaper Cuttings,"in an interleaved copy of William Winstanley’s Lives of the English Poets, 1687 [B.M., C. 45. d. 13].","[At the beginning, no pagination, cutting of advertisement
of] Part I of A Series of Portraits of the British Poets, from
Chaucer to Cowper and Beattie... published by C.& H.
Baldwin, Newgate Street.
[On next page, advertisement of] a new edition of the
British Poets, in 100 vols., commencing with Chaucer, Dec.
1821. [See above, 1822.]
[MS. list of poets cited, and another of those omitted, in
England’s Parnassus, 1600; Chaucer's name in the second.]
[To face [Newspaper cutting from] The Daily Courant, March 4,
p. 18]
1731. Essay against law proceedings being in English. [See
above, 1731, vol. i, p. 373.]
[To face [Quotations from the following in Haslewood’s writing :]
p. 23]
(1) The Art of Poetry, 1715 [q.v. below, App. A].
(2) The Debates.. between the Heraudes of England
and France by Tho. Coke, 1550 [q.v. vol. i, p. 90].
(3) The British Warrior, a poem addressed to Lord Cutts,
1706 [q.v. vol. i, p. 293].
(4) Inscription on Fly-leaf of imperfect copy of Chaucer's
Works. [See above, 1764 [Gough?], vol. i, p. 425,
[To face  (5) Procter's Preface to ‘Of the Knowledge and Conduct
and Hood, 1823.]
p. 24]
of War, 1578’ [q.v. vol. i, p. 116].
[To face
p. 25]
[Newspaper cutting of] Notice of Publication of the works
of Chaucer by J. Urry, Feb. 1722. [See above, 1721,
[To face   An Elegie upon the death of the auncient English
vol. i, p. 353.]
p. 26]
poetts. [See above, 1823, Hood.]
[To face [Quotations in Haslewood’s hand from]
p. 27]
(1) Wesley’s Epistle on Poetry, 1700 [q.v. vol. i, p. 289].
(2) Verses and Small Poems by Sir A. Cokain, 1658 [q.v.
[To face  (3) Ancient State... of the Court of Requests, 1596
vol. i, p. 235].
p. 28]
[q.v. vol. i, p. 143, on the payment of money at Chaucer's
tomb; to which Haslewood adds the following MS. note]:
Q. The nature of this payment, and if Chaucer's tomb was
not nominally legalized as a place for fixed payments, after the
manner that there is usually inserted in Mortgage Securities
Lincolns Inn Hall, or other similar place, for the purpose of
alledging a certain default. Money tendered does not I con¬
ceive mean any public gift at the tomb whereto Richard
Puttenham became entitled by way of perquisite. Rob.
Cheynie I consider to have been the Trustee upon the marriage
and the name of Spencer inserted for legal form.
This construction is added at the time of copying without
referring to see if any authority notices the Tomb as an
appointed place for any purpose here required. [See also a
similar note by Haslewood (‘Eu. Hood’) in Gentleman's
Magazine, 1823.]
[p. 32] [A note that in Winstanley's Select Lives of England's
Worthies is a Life of Chaucer almost verbatim with this.]
[To face [Cutting of] Surrey's Excellent Epitaffe of Syr Thomas
pp. 56, 57]
Wyat [c. 1542, q.v. above, vol. i, p. 84].
[The last sheet inserted in this volume is an extract,
probably from a publisher's catalogue, giving] Proposals for
Macklin's British Poets... particularly... Chaucer, Skelton,
etc. [The date is given in MS. as 1792, q.v. below, App. A.]",
part2_p189_a1,Vol.2,Part II,p189,[c. 1833.],"Haslewood, Joseph, and Reed, Isaac.",Notes and Newspaper Cuttings,"in interleaved copy of Theophilus Cibber's Lives of the Poets, 1753 [B. M., 10854. a. 1].","[Newspaper cutting from Daily Advertiser, 2 Jan. 1753, of
the publisher's advertisement of Cibber's Lives, immediately
before title-page of vol. i. See 1753, Unknown, vol. i,
[To face
p. 407. Another before contents.]
p. 10]
[Newspaper cutting:] An account of Chaucer, translated
from the French. [See 1777, Unknown, Morning Post above,
vol. i, p. 449.]
[Cutting from a book (?) page 23. A notice of Gower and
Chaucer:] Johannes Gower, Anglorum Poeta [a picture of
Gower prefixed to this cutting] Taken from his monumental
effigy in St. Mary Overie’s Church, Southwark.  ... Gower,
who with Chaucer, helped to refine the English language
has ever been esteemed the next in merit to him of his
contemporary poets.",
part2_p189_a2,Vol.2,Part II,p189-190,[c. 1833.],"Haslewood, Joseph.",Collections for the Lives of the English Poets,"[B.M., C. 45. d. 9-11].","[vol. i,
pp. 5-8]
[Newspaper cutting:] Observations on the Rise & Progress
of English Poetry, [from] Whitehall Evening Post. Jan. 7,
1769 [q.v. vol. i, p. 432, Unknown.]
[p. 71] A Familiar Epistle from the Shades below... from a
Collection of Poems... by Jemmy Copywell, [from] Lloyd’s
Evening Post. April 11, 1760 [q.v. vol. i, p. 371, 1730,
Unknown].
[pp. 98-9] [Cutting from the British Bibliographer, on the projected
Bibliotheca Critica. See above, 1810, Brydges.]
[p. 204] [Cutting from] The Grub Street Journal, 3 Sept., 1730 [q.v.
above, vol. i, p. 373, Unknown].
[p. 216] [Cutting, headed by a quotation from Chaucer, from] The
European Magazine for June, 1821, vol. lxxix, p. 514 [q.v.
above].
[p. 217] [Notice of publication of an edition of Urry's Chaucer
(price bound one guinea) quoting Dryden’s praise in the
Preface to his Fables, and giving date in MS. 5 Jan. 1753,
but not name of paper. No edition of this year is known,
and probably the date is an error.]
[p. 354] [Magazine cutting, without name, but dated Sep. 1752,
and numbered pp. 420, 421, 422:] The Life of John
DRYDEN, Esq. With his Head neatly engraved. [A refer¬
ence to Dryden's modernizations of Chaucer.]
[vol. ii,
[Cutting from] The Monthly Miscellany for June 1774
p. 447]
[q.v. above, vol. i, p. 438, Unknown].
[pp. 459-
[Cutting from] The British Bibliographer, by Sir Egerton
468]
Brydges and J. Haslewood, vol. ii, 1812, q.v. above.
No. VI, Memoirs of Gower & Chaucer.
[vol. iii,
[Cutting from] The Edinburgh Magazine for April 1801,
p. 817]
Remarks on the Writings of Allan Ramsay [q.v. above].",
part2_p190_a1,Vol.2,Part II,p190-191,1834.,"Coleridge, Samuel Taylor.","Table Talk,","March 15, 1834. (The Table Talk and Omniana, ed. T. Ashe, 1884, pp. 276-7.)","[p. 276] I take unceasing delight in Chaucer. His manly cheerful¬
ness is especially delicious to me in my old age. How ex¬
quisitely tender he is, and yet how perfectly free from the
least touch of sickly melancholy or morbid drooping! The
sympathy of the poet with the subjects of his poetry is
[p. 277] particularly remarkable in Shakspeare and Chaucer; but what
the first effects by a strong act of imagination, and mental
metamorphosis, the last does without any effort, merely by
the inborn kindly joyousness of his nature. How well we
seem to know Chaucer! How absolutely nothing do we
know of Shakspeare!
I cannot in the least allow any necessity for Chaucer's
poetry, especially the Canterbury Tales, being considered
obsolete. Let a few plain rules be given for sounding the
final è of syllables, and for expressing the termination of
such words as ocëan, and natiön, etc., as dissyllables,–or let
the syllables to be sounded in such cases be marked by a
competent metrist.
This simple expedient would, with a very few trifling
exceptions, where the errors are inveterate, enable any reader
to feel the perfect smoothness and harmony of Chaucer's
verse. As to understanding his language, if you read twenty
pages with a good glossary, you surely can find no further
difficulty, even as it is; but I should have no objection to
see this done:—Strike out those words which are now obso¬
lete, and I will venture to say that I will replace every one
of them by words still in use out of Chaucer himself, or
Gower his disciple.
I don't want this myself; I rather like to see the significant
terms which Chaucer unsuccessfully offered as candidates for
admission into our language; but surely so very slight a
change of the text may well be pardoned, even by black¬
letterati, for the purpose of restoring so great a poet to his
ancient and most deserved popularity.",
part2_p191_a1,Vol.2,Part II,p191,1834.,"D'Israeli, Isaac.","Curiosities of Literature,","9th edn., 1834, 6 vols., vol. vi, p. 68. (Edn. 1849, 3 vols., vol. iii, p. 321.)","[For other edns. see above, 1807 and 1823.]
Dreams at the Dawn of Philosophy.
[p. 821] But that they [enchantments] were not unknown to Chaucer,
appears in his “Frankelein’s Tale,"" where, minutely describing
them, he communicates the same pleasure he must himself
have received from the ocular illusions of the ""Tregetoure""
or ""Jogelour."" Chaucer ascribes the miracle to ""a natural
magique,"" in which, however, it was as unsettled, whether the
""Prince of Darkness"" was a party concerned.
""For I am siker that there be sciences""
[and twelve following lines, Frankeleyns Tale, ll. 411-23].",
part2_p191_a2,Vol.2,Part II,p191-192,1834.,"Hunt, James Henry Leigh.","Fairies,","[in] Leigh Hunt's London Journal, Oct. 8, 1834, p. 217. [Reprinted in A Day by the Fire, 1870, pp. 98-9.]","Chaucer's notion of Fairies was a confused mixture of elves
and romance-ladies, and Ovid and Catholic diablerie.  ...
His Lady Abbess [sic] wears a broach exhibiting a motto out
of Virgil. Elves, therefore, and Provençal Enchantresses, and
the Nymphs of the Metamorphoses, and the very devils of
the Pope and St. Anthony, were all fellows well met, all
supernatural beings, living in the same remote regions of
fancy, and exciting the gratitude of the poet. He is angry
with the friars for making more solemn distinctions, and dis¬
placing the little elves in their walks; and he runs a capital
jest upon them, which has become famous.
In olde dayes of the Kinge Artour
[and 23 following lines].
In another poem, we meet with Pluto and Proserpine as
the King and Queen of Faerie; where they sing and dance
about a well, enjoying themselves in a garden, and quoting
Solomon.",
part2_p192_a1,Vol.2,Part II,p192,1834.,"Laing, David.",The Poems of William Dunbar... with Notes and a Memoir of His Life by David Laing.,"Memoir, vol. i, p. 19, 22, 35, 36, 47-50, 56, 61; vol. ii, Notes, pp. 213 [quotation from Hailes], 214, 216, 221, 222 [quotation from Warton], 223 [quotation from Drake], 224, 234, 247, 259 [268, 269, 271], 273, 283, 308, 331, 339 [340, 342], 349, 357 [374, 375, 376, 377, 383, 385, 401], 450 [451, 458].",,[The references in square brackets are quotations given by Laing from other authors mentioning Chaucer.]
part2_p192_a2,Vol.2,Part II,p192,1834.,"Lowndes, William Thomas.","The Bibliographer's Manual of English Literature,","4 vols., vol. i, pp. 216-17, 246, 395-8.","[List of editions, etc., with bibliographical notes and sale
prices.]",
part2_p192_a4,Vol.2,Part II,p192,[n.a. 1834.],"Stothard, Thomas.","Paintings, etc., illustrating Chaucer.","See below, App. A.",,
part2_p192_a5,Vol.2,Part II,p192-193,1834.,Unknown.,"Review of Clarke’s Tales from Chaucer,","[q.v. above, 1833, in] The Gentleman’s Magazine, August 1834, new series vol. ii, pp. 173-4.","[Although agreeing that by this prose rendering, ""some
idea of Chaucer’s spirit is imparted to the multitude,” the critic advocates rather the mere modernization of Chaucer's spelling,
and gives a specimen from the Knightes Tale, which he
contrasts with Dryden’s translation and Clarke’s paraphrase.]",
part2_p193_a1,Vol.2,Part II,p193,1834-6.,Unknown.,"Bibliotheca Heberiana. Catalogue of the Library of Richard Heber, Esq.,",13 pt.,"[Pt. iv, Dec. 1834; lots 119, Conusance d’amours (Chaucer
reference quoted); 160, Bradshaw, Lyfe of St. Werburge,
1521 (Chaucer reference quoted); 290, Chaucer's Ghoast,
1672; 3[4]7, Assemble of Foules, 1530 (unique, now at
Britwell); 742, Feylde’s Contrauersye bytwene a louer and
a Jaye (Chaucer reference quoted); 808, Works, 1532; 809,
Works, Toye; 810, Works, Kele; 811-12, Works, 1542;
813. Works, 1598; 814, Works, 1602; 815, Cant. Tales,
imperf., Caxton edn. 1; 816, Cant. Tales, imperf., Caxton
edn. 2; 817, Cant. Tales, Pynson; 818, Plowman's Tale;
819, Troylus and Creseyde, etc., Pynson; 1383, Love and
Complayntes bytwene Mars and Venus, J. Notary; 1563,
Mylner of Abington, with note: “It is similar to Chaucer's
Reve’s Tale, and both are derived from the same original,
Boccaccio.""]
[Pt. vii, May-June, 1835; lots 1271-2, Works, 1561, 1602.]
[Pt. viii, Feb.-March, 1836; lots 396, Jack Upland;
458-9, Kynaston (2 copies); 783, Works, Toye; 784, Cant.
Tales, Pynson, imperf., Works, frag.; 785-6, Works, 1532;
788, Works, 1561, imperf.; 789, Works, 1602, imperf.;
790, Works, 1561, etc.; 791, Works, 1598, imperf.; 792,
Works, imperf.; 793, Cant. Tales, Pynson, 3 copies, imperf.;
794, Glossary to Urry’s edn., with MS. additions.]
[Pt. ix, April, 1836; lot 682, Works, 1561.]
[Pt. x, May-June, 1836; lot 750, Works, 1602, imperf.]
[Pt. xi, MSS., Feb. 1836; lots 495, Cant. Tales, 14th cent.;
495*, item, 15th cent.; 496, Speght’s MS. of the ‘Dream,’
i.e. Isle of Ladies; 1088, Spelman’s MS. containing Troilus
and Criseyde; 1163, Occleve MS., with note of Occleve’s
allusions to Chaucer; 1333, MS. containing the Clerkes
Tale; 1334, MS. of poems by Chaucer, Lydgate, etc.]
[J. T. Payne had Part iv reprinted, with purchaser's names
and prices, also further notes by J. P. Collier, as ‘A Catalogue
of Heber's Collection of Early English Poetry.’]","[Different auctioneers take the parts. Edna., etc., of the 18th and 19th centuries are omitted here.]"
part2_p193_a2,Vol.2,Part II,p193,1834.,Unknown.,"The King's Library, British Museum,","[in] The Gentleman's Magazine, Jan., March, 1834, new ser., vol. i, pp. 18, 243.",[The various early editions of Chaucer in the King’s Library.],
part2_p194_a1,Vol.2,Part II,p194,1834.,"Willmott, Robert Aris.","Lives of Sacred Poets,","2 vols, 1834, Introduction, vol i, pp. 1-91; vol. ii, pp. 48, 73, 78, 306, 364. (2nd edn., 1839, vol. i, pp. 2-3, 5-9, 24, 27-8, 77; vol. ii, as in 1st edn.)","[vol. i.  It should never be forgotten, in speaking of Chaucer, that
p. 1]
he was among the first to resort to that precious fountain
which his contemporary Wickliffe had opened, and that he
drank of the ""water springing up to everlasting life.""
on Chaucer–which are of a general and appreciative kind–
[In the 2nd edition of this work (2 vols, 1839), the remarks
are amplified; and the above sentence appears as follows:—
[p. 6] “Though accommodating himself to the popular spirit, he was
not altogether uninfluenced by that graver and more solemn
[p. 7] The serious vein of sentiment has not been unobserved by
train of thought which... Wicliffe subsequently diffused...
Thomson [who is quoted, q.v. 1744, vol. i, p. 391.]... We
may find religion in the faith of a Constance; in the purity
... of Grisildis; in the lamentation of Mary Magdalene; in
the legend of Hew of Lincoln, and in that most beautiful...
story of the Christian martyr, related by the Prioress.""]",
part2_p194_a2,Vol.2,Part II,p194,1835.,"Clarke, Charles Cowden.","The Riches of Chaucer,","in which his impurities have been expunged; his spelling modernized; his rhythm accentuated; and his obsolete terms explained; also have been added a few explanatory notes, and a new memoir of the poet.","[These are selections from the poems, prefaced by a life of
Chaucer, pp. 1-57. The book was re-edited, in 1870, with a
new short prefatory note, the life of Chaucer remaining un¬
altered, in which the Court of Love, the Plowman's Tale, Jack
Upland, the Testament of Love and other spurious poems
are ascribed to him, and the fictitious story of his exile and
imprisonment is given in full.]",
part2_p194_a3,Vol.2,Part II,p194-195,1835.,"Cunningham, George Godfrey.","Lives of Eminent and Illustrious Englishmen,","Glasgow [1835-7] 8 vols., vol. i, pp. 299, 301, 303, 305, 420 [Chaucer a member of Wyclif’s party], 458, 459-63, 465-473 [Life of Chaucer, with portrait engraved by S. Freeman from that in the Sloane collection], 473-5, 477, 478, 481. [An edition of 1863-68 is entitled The English Nation, or a History of England in the Lives of Englishmen.","[p. 299] The names of Chaucer and Gower, with some of minor
note, as those of Richard Hampole and Robert Langlande,
afford ample proof of this commencement of a new era.
[The Critical Biography of Chaucer abounds in all the
usual errors due to the acceptance as Chaucer's of the Testa¬
ment of Love, etc. Tyrwhitt, Godwin and Thynne are drawn
upon. In the controversy upon Chaucer's metre, which took
a new turn on the publication of Nott's edition of the poems
of Surrey and Wyatt, Cunningham sides with Tyrwhitt
against Nott, whom he calls 'Scott' throughout.]",
part2_p195_a1,Vol.2,Part II,p195,1835.,"[De Quincey, Thomas.]","Sketches of Life and Character; from the Autobiography of an English Opium-Eater: Oxford,","[in] Tait's Edinburgh Magazine, Aug. 1835, p. 542. (Collected Writings, ed. D. Masson, 1890, 14 vols., vol. ii, p. 58.)","In Chaucer, though acquainted as yet only with part of
his works, I had perceived and had felt profoundly those
divine qualities which, even at this day, are so languidly
acknowledged by his unjust countrymen.",
part2_p195_a2,Vol.2,Part II,p195,1835.,"Emerson, Ralph Waldo.",Journal.,"(Works, Centenary Edition, 1903, 12 vols., vol. vii, p. 361 [note].)","Poetry to be sterling must be more than a show, must have
or be an earnest meaning. Chaucer, Wordsworth,–per
contra, Moore and Byron.",
part2_p195_a3,Vol.2,Part II,p195,1835.,"Gray, William.",Origin and Progress of English Prose Literature.,"Oxford, [Motto :] “For out of the old fieldes as men saieth"" [and three following lines], pp. 29, 36-45, 54, 61, 64, 92, 97.","[A general account of Chaucer, with special reference to his
prose, including the Testament of Love. The author does not
dispute that Chaucer owed the conception of the Canterbury
Tales to the Confessio Amantis, and says that the Man of
Law's Tale was certainly purloined from Gower.]",
part2_p195_a4,Vol.2,Part II,p195-196,1835.,"Hunt, James Henry Leigh.","Characteristic Specimens of the English Poets,","[in] Leigh Hunt's London Journal, nos. 63-8, 70, 72, June 13, 20, 27, July 4, 11, 18, Aug. 1, 15, 1835, pp. 180-1, 187-8, 195-6, 218-9, 228, 250-1, 268. [Reprinted in The Seer, 1840, pp. 55-66.]","[Copious extracts from Chaucer, given in Cowden Clarke's
modern-spelling text, interspersed with comments, and pre¬
ceded by a brief biography and criticism. The former retails
the story of Chaucer's exile, imprisonment, and release on
condition of abandoning his associates.
The criticism: Chaucer one of the four great English poets;
his youth and freshness, consistent with maturity of mind;
his width of sympathy; ""his gaiety equal to his gravity, and
his sincerity to both""; ""his graphic faculty, and his healthy
sense of the material""; ""he was at once the Italian and
the Flemish painter of his time; his faults coarseness and
prolixity, both of the time. Chaucer not only a smooth but
a powerful and various versifier; still doubtful whether his
prosody was always correct in the modern sense.
The 5 nos. are apportioned as follows : 1, biography and
criticism, Prologue; 2, physical life and movement, Knightes
Tale; 3, pathos, Knightes and Man of Law’s Tales; 4,
Griselda; 5, “further specimens"" of his pleasantry and satire,
Wife of Bath’s Tale, Nonne Prestes Tale, etc.; 6, descrip¬
tion, portrait painting, and fine sense; [7] omission from the
preceding no., a long extract from the Flower and the
Leaf.]",
part2_p196_a1,Vol.2,Part II,p196-197,1835.,"Hunt, James Henry Leigh.","Review [of] Three New Books,","[including Cowden Clarke’s Riches of Chaucer, in] Leigh Hunt's London Journal, March 25, 1835, p. 89.","We have also to express a doubt, whether Chaucer's versi¬
fication is so invariably regular in its construction as Mr.
Clarke supposes; a doubt which we express with the less
willingness, because we have done something in our day
towards spreading the contrary notion. But we must own, it
now appears to us, that although the divine old bard, generally
speaking, is as correct in his prosody as he is instinctively
melodious, his lines are now and then short, or superfluous, of
a syllable or so, and his time marked only by quantity...
Here is a sample in Chaucer, from the very first page that we
have opened at random–
""The hand was knowen that the letter wrote,
And all the venom of this cursed deed,
But in what wise certainly I n’ot:""—
that is, “know not."" Now on these two syllables, “what
wise,"" the voice lingers by reason of their natural emphasis
and thus makes the two serve the purpose of three; for in
this verse there is a syllable wanting. Mr. Clarke, however,
has made a present to the reading world, which they ought
to seize with joy. He has put an end to the old bugbear of
""difficulty"" by modernising the spelling of Chaucer, without
hurting the spirit of his poetry; and if it is to be regretted
that he has put too gratuitous a faith in the far too
gratuitous conclusions of Mr. Godwin's otherwise valuable
life of the poet, his fault in that respect, as in others, is still
a fault of faith. and leaves him a character for bonhommie,
[sic] not unbecoming a recommender of childlike and loving
genius.  ...
The Flower and the Leaf in Cowden Clarke’s Chaucer, q.v.
[Then follows the account of Keats writing his Sonnet on
above, 1817.]",
part2_p197_a1,Vol.2,Part II,p197,1835.,"Hunt, James Henry Leigh.","The Streets of the Metropolis,","Supplement to Leigh Hunt’s London Journal, 1835, pp. iii, xviii xix, xxxi. [Republished as The Town, 1848; ed. 1859, pp. 19, 38, 103, 106-7, 173.]","[p. 103] The oldest mention of the Temple as a place for lawyers
has been commonly said to be found in a passage of Chaucer,
who is reported to have been of the Temple himself. [Quotes
Chaucer’s character of the Manciple, Prol., ll. 566-575.]*
[pp. 106-7] [Discussion of Chaucer's connection with the Temple.
Quotes Francis Thynne’s “Animadversions,” q.v. above, 1598,
vol. i, p. 154.]","[Leigh Hunt's Note.] *We quote no edition, because, where we could, we have modernized the spelling; which is a justice to this fine old author in a quotation, in order that nobody may pass it over."
part2_p197_a2,Vol.2,Part II,p197,1835.,"Longfellow, Henry Wadsworth.","Outre-Mer,","2 vols., vol. ii, p. 84. [This chapter is not in the first edition of 1833.] (Works, Riverside Edition, [1886,] 11 vols., vol. i, p. 182-3.)","One holyday, when mass was said and the whole village was
let loose to play, we made a pilgrimage to the ruins of this old
Moorish alcazar. Our cavalcade was as motley as that of old,—
the pilgrims ""that toward Canterbury wolden ride;"" for we
had the priest, and the doctor of physic, and the man of laws
[sic], and a wife of Bath, and many more whom I must
leave unsung.",
part2_p197_a3,Vol.2,Part II,p197,1835.,"Strickland, Agnes.","The Pilgrims of Walsingham,","3 vols., vol. i, pp. i, iii, 23, 34, 56, 216, 274, [Notes] 307-8.","[p. i] Geoffrey Chaucer (the Sir Walter Scott of the thirteenth
[sic] century)...
[p. iii] Each of the votaries to the shrine of our Lady of Walsing¬
ham, in this work, like Chaucer's Canterbury Pilgrims, is
pledged to relate a tale.
[pp. 34, 56,  [Chapter-heading quotations from Chaucer.]
216, 274]
[pp. 307-8] As to the rhyming chronicler, Robert of Gloucester, he
assuredly fills the same place, in English poetry, that is
attributed to Chaucer, for amidst the ruggedness of his
constructions, may now and then be perceived a line that
rises into beauty.",
part2_p198_a1,Vol.2,Part II,p198-201,1835.,"T., W. I.","The Court Magazine in the Fourteenth Century,","[in] The Court Magazine, vol vi, pp. 254-57.","[p. 254] [The writer entering Westminster Abbey, notices one present:]
The individual who excited this interest in me was of
middle stature, somewhat inclined to corpulency, and expen¬
sively attired in a robe of deep purple. His countenance was
placid and benevolent; his eyes, which were large and mild,
were kept constantly upon a richly illuminated missal which
he held in his hand, with the contents of which, however, he
seemed not so deeply busied but that some fleeting and not
very grave thoughts had power ever and anon to diffuse a
satirical but good-natured smile over his face. His com¬
plexion was fair, his forehead broad and smooth, his hair thin
and of silvery whiteness, as was likewise his graceful and
becoming beard.
At length the service concluded, and I took the opportunity
of inquiring of my companion whether he knew the individual
who had so arrested my attention.
“Know him indeed,” quoth Master Scrope, “Marry do I—
and so shalt thou too.""...
[After the service the writer and Scrope follow Chaucer
to the house adjacent :]
[p. 255] ""Give you good even, Master Geoffrey,"" said Scrope, ""I
have brought a friend with me who loveth the Muse, and
would fain hold a little converse with her favourite son,
Master Geoffrey Chaucer.""
Master Geoffrey Chaucer! How the words rang in my
ears–I could scarce return thanks for the kindly welcome
with which the great bard greeted me, so intense was the
delight I experienced at finding myself thus suddenly and
agreeably confronted with him. There before me sat he
whose muse I had so long and so earnestly admired.
. . . . . . . . . .
[Chaucer provides wine, and proceeds :]
"" When I have done my reckonings in the Exchequer, I have
gotten a copy of verses to write for my good Lord of Vere, or
my Lady Blanche. Let alone his Majesty himself, who is
ever and anon crying out, ‘Is your muse turned sluggard,
Master Geoffrey, that we hear nought of her faith [sic, for
""i' faith""]!'  I believe they wish me to write every week
a poem as long as the siege of Troy. So my scribe Adam
Scrivener and myself have taken council, and here is our
resolve.""
Here he handed to Scrope and myself a slip of parchment,
on which was written as follows :—
""KNOW ALL MEN BY THESE PRESENTS : ON THE 1ST OF
JANUARY IN THE YEAR OF OUR LORD 13— AND IN THE — YEAR
OF THE REIGN OF OUR MOST GRACIOUS SOVEREIGN, KING
RICHARD THE SECOND–WE, GEOFFREY CHAUCER, PURPOSE,
BY THE ASSISTANCE OF OUR TRUSTY SCRIBE, ADAM SCRIVENER,
TO INDITE A GOODLY VOLUME, CONTAINING SUNDRY AND DIVERS
POEMS, SONGS, AND BALLADES BY US THE SAID GEOFFREY
CHAUCER, OUR TRUSTY FRIEND JOHN GOWER, AND OTHERS OF
HIS MAJESTY'S LIEGES; AND WE PURPOSE TO INDITE A SIMILAR
VOLUME UNDER THE TITLE OF
THE COURT MAGAZINE,
EDITED BY
GEOFFREY CHAUCER,
ON THE FIRST DAY OF EVERY MONTH, UNTIL FURTHER NOTICE.
COPIES OF THE SAID VOLUME MAY BE PROCURED OF ADAM
SORIVENER AT OUR HOUSE ABUTTING ON THE ABBEY OF ST.
PETER, WESTMINSTER, AT REASONABLE CHARGES.—GOD SAVE
THE KING.
""Now my masters, to-morrow is the first of January, and
I am going to present my book to his Majesty as a New Year's
Gift–and as Adam Scrivener–plague on him !—is very apt to
make my verses halt like Dame Jukket's dog, I must needs con
over the manuscript before I hand it over to my royal master.""
[Chaucer shows them the volume:]
Imprimis, was an address to His Majesty on the New Year,
followed by a translation by Chaucer himself of Petrarch’s
Sonnet “S'amor non è"" and which if my memory serves me
rightly, ran much in this strain :—
If no love is, O God what fele I so?
And if love is, what thing and whiche is he?...
""By the blessed Virgin, Master Geoffrey,"" said Scrope,
[Troilus, i. 400, and two following stanzas.]
"" but thou has rendered the Italian poesy into very delectable
English. Thou encounteredst Master Francis Petrarch, didst
not, when thou wentest on the embassy to Genoa?”
Chaucer’s answer was in the affirmative and was a long one,
for it related the history of the interview between the learned
inhabitant of Arqua and Geoffrey Chaucer, poet of Britain,
which interview our readers shall have fully described on some
future occasion.
A French ‘ballade,’ by the ""Moral Gower,"" of which the
'burthen' was
""En toutz errours amour se justifie,""
was the next piece recited by our host, in a style which showed
that his acquaintance with the French language had not been
acquired ""at Stratford-le-Bow."" When Chaucer had finished
it, he said–
""A book a month is much to do, and I have been fain to
beg for the assistance of my friends, and they have, as you
see, kindly given it to me. Master Gower's is to my fancy a
very choice piece of verse, and this ""Dit du Marguerite,"" by
the gallant French knight Sir John Froissart, is likewise in
good sooth much to my mind. You must come and crack a
bowl with Sir John-he's a merry man, and learned withal.
Oh!–but King Richard will be well pleased to-morrow, for
Sir John's new year's gift to his Majesty will be those chron¬
icles of the affairs of our times, which he has so long busied
himself in compiling.”
""I met Sir John in France,"" said Scrope, ""when I was
with the Count de Foix–but had no converse with him; he
stayed but one night.  ...
"" Master Froissart is a good friend of mine,"" said Chaucer,
""and even now I have just gotten from him a goodly poem,
which has so delighted me, that I purpose putting it into
English rhyme for the amusement of our court dames."" So
saying he rose from his chair, and reached from a shelf where¬
on stood more than
Twenty bokes clothed in blake or red,
a beautifully written manuscript, the title of which he recited
as follows :—
"" ‘Le Roman de Thesée, ou d’Arcite et Palemon, l'un et
l'autre de Thebes, de royal sang extraits, lesquels etant cousins¬
germains, par superflue amour de la belle Emilie, eurent
ensemble question et débat, l'un desquels à cette occasion perdit
la vie, et l'autre vint à son intencion.’ It is indeed a piteous
story, but if I translate it I think I shall make it somewhat
different and somewhat shorter. But it is a long job, and the
'Romaunt de la Rose' I found a somewhat tedious under¬
taking....
[The writer recites a spurious verse, and asks who com¬
posed it :]
""By my troth, I know not who composed it.... Let him
translate the beautiful Romance of “Le Chevalier au Lion,""
which is making such a coil even now. I showed my copy of
it to a gallant high German knight, who was lately travelling
in these parts, one Master Hartman von der Oue (what out¬
landish names they have in the countries over sea), and he
was so greatly charmed with it, that he straightways made a
copy thereof, and is going incontinent to turn it into his
mother tongue. You shall read a bit of the French poem; it
is a dainty work, by my faith.""
The glorious old bard reached down a huge folio from the
shelves which we have already described: and, like all lovers
of poetry, himself read the passages which he had proposed I
should have read. While he was turning over the leaves of
the manuscript, a slip of paper fell from it.... I found that
Chaucer himself had commenced the task he so earnestly
recommended to another. By his permission, I read the few
lines which he had already executed: they were from the com¬
mencement of the Poem*.
Almightie God that made mankyn,
He schilde his servandes out of syn,
And mayntene tham, with might and mayne
That herkens Swayne [sic] and Gawayne:
Thai war knightes of the tabyl rownde,
Tharfore listens a lytel stownde.
[And so for 26 lines further. The dreamer then awakes.]","* Is this the long lost “Book of the Lion""?—W. I. T."
part2_p201_a1,Vol.2,Part II,p201,1835.,"Wordsworth, William.",Postscript to the Poetical Works.,"(Prose Works, 2 vols., 1896, vol. ii, p. 364.)","How agreeable to picture to one's self, as has been done by
poets and romance-writers, from Chaucer down to Goldsmith,
a man devoted to his ministerial office, with not a wish or a
thought ranging beyond the circuit of its cares!",
part2_p202_a1,Vol.2,Part II,p202,1835.,"Wordsworth, William.","MS.,","dated 1835, describing his tour with Dorothy Wordsworth to Scotland in 1831, quoted by Prof. W. A. Knight as a note to Bothwell Castle. (Poetical Works, 1896, 8 vols., vol. vii, p. 301 n.)","These rude warriors cared little, perhaps, about either [sea
or rivers]; and yet if one may judge from the writings of
Chaucer, and from the old romances, more interesting passions
were connected with natural objects in the days of chivalry
than now; though going in search of scenery, as it is called,
had not then been thought of.",
part2_p202_a2,Vol.2,Part II,p202,1836.,"[Bandinel, Bulkeley.]","Catalogue of Early English Poetry... collected by Edmond Malone, Esq., and now preserved in the Bodleian Library,","Oxford, p. 7.","Chaucer (Geffrey)
The ploughman's tale... 1606 [q.v. above, vol. i, p. 177].",
part2_p202_a3,Vol.2,Part II,p202,1836.,"Brayley, Edward Wedlake, and Britton, John.","The History of the Ancient Palace and late Houses of Parliament at Westminster,",pp. 275-6.,"[The appointment of Chaucer, on July 13th, 1389, as Clerk
of the Works at Westminster, the Tower, and the Mews near
Charing Cross; with a lengthy biographical note based on
Godwin and the Testament of Love.]",
part2_p202_a4,Vol.2,Part II,p202,1836.,"[Browning, Robert ?]","Life of Strafford,","Browning Soc., 1892, pp. 129, 196-7 n.","Chaucer and Dr. Donne appear to have been Wentworth's
favourite poets. Chaucer indeed, to the court readers of that
day, was as Shakespeare in our own. It is clear too, from
the frequent use of peculiar expressions in his dispatches, that
the lord deputy was not unacquainted, and that intimately,
with the great dramatist, though he never, as with Chaucer
and Donne, quotes connected passages. [Passages from letters
of and to Strafford, q.v. below, App. A., 1635, 1637, Went-
worth, 1636, Conway.]",
part2_p202_a5,Vol.2,Part II,p202-203,[c. 1836-40.],"Campbell, Thomas.","Chaucer and Windsor,","[in] The Pilgrim of Glencoe and other Poems, 1842, pp. 100-1. (Poetical Works, ed. J. Logie Robertson, Oxford, 1907, p. 307.)","Long shalt thou flourish, Windsor...
But, should thy towers in ivied ruin rot,
There’s one, thine inmate once, whose strain renowned
Would interdict thy name to be forgot;
For Chaucer loved thy bowers and trode this very spot.
Chaucer! our Helicon’s first fountain stream,
Our morning star of song—that led the way
To welcome the long-after coming beam
Of Spenser's light, and Shakespeare’s perfect day.
Old England’s fathers lived in Chaucer's lay,
As if they ne’er had died. He grouped and drew
Their likeness with a spirit of life so gay,
That still they live and breathe in Fancy's view,
Fresh beings fraught with truth's imperishable hue.",[Mr. Robertson places this poem between poems of 1836 and of 1840.]
part2_p203_a1,Vol.2,Part II,p203,1836.,"[Carey, William ?]","Reminiscences of Stothard,","[in] Blackwood's Edinburgh Magazine, May and June, 1836, vol. xxxix. pp. 681-4, 753-7, 759. [References to Stothard’s painting, The Canterbury Pilgrims.]","[p. 631] So little conscious was he [Stothard] of the pecuniary value
of his talents, that I believe I speak perfectly true when I say
that he received but £200 for the Canterbury Pilgrims; a
picture which was afterwards exhibited by itself, at one
shilling a head, in all the great towns of England; was
engraved... and had the most extensive sale of any thing
of the kind published within the last century.
[p. 753] [No artist had previously attempted to illustrate Chaucer so
fully and elaborately. Indeed Chaucer had been most un¬
deservedly neglected both by artists and readers. Stothard’s
Canterbury Pilgrims owe their existence to Mr. Cromek, the
engraver, who told the writer that he always wished to see a
picture of Chaucer’s pilgrims on the road, travelling in com¬
pany together. But he saw that the great objection to such a
picture would be the monotonous uniformity of a procession.
Who could hope to make anything of it? There follows a
close account of Stothard’s picture, and the several figures in
it (pp. 753-6), with a quotation from Hoppner's letter, q.v.
above, 1807.]
[p. 759] [A reference to Stothard’s] beautiful little picture of the
Cock and the Fox, from Chaucer.","[These articles are most probably written by William Carey, the picture dealer, as they closely resemble much in his pamphlet, q.v. above, 1808.]"
part2_p203_a2,Vol.2,Part II,p203,1836.,"Dale, Thomas.",Lecture on Chaucer.,"See below, Ruskin.",,
part2_p203_a3,Vol.2,Part II,p203-204,1836.,"Dibdin, Thomas Frognall.","Reminiscences of a Literary Life,","2 vols., vol. i, pp. 119-20, 235, 237, 241, 273, 387, 390, 416, 497; vol. ii, pp. 788-9, 905.","[vol. ii,
p. 788]
When Blake entered the arena with Stothard, as a rival
[vol. ii, in depicting the Dramatis Personæ of Chaucer’s Canterbury
p. 789]
Tales he seems to have absolutoly lost his wits; his pencil was
as inferior to that of the former, as his burin was to that of
Cromek, who engraved Stothard’s immortal picture.","[Stothard's picture was published by Cromek, but engraved by Schiavonetti.]"
part2_p204_a1,Vol.2,Part II,p204-205,1836.,"Dunham, Samuel Astley.","Chaucer,","[in Lardner's] Cabinet Cyclopædia (Lives of the most eminent literary and scientific men of Great Britain.—Early Writers), pp. 125-172, 188, 205, 215, 298-9, 312-13, 315, 319, 351.","[p. 125] [A life of the pòet, forty-seven pages, followed by a detailed
notice of all his poems; as well as of some not by him.]
[p. 169] Of the literary and poetical character of Chaucer, it may
be remarked, that to no individual, perhaps, has our language
been more indebted than to the author of the Canterbury
Tales. He found his native tongue a mixed and uncouth
dialect of Norman-Saxon, rude, and undigested, and with no
writers whom he could consider in any respect as a guide or
[p. 170] model.... He therefore necessarily turned his eyes to
foreign resources; and we find that the greater part of his
poetical career was employed in translating... from the
Latin, French, and Italian. In doing this, however, he en¬
riched his own language with a vast store of verbal wealth...
and, moreover, moulded what he had taken into a form of
such unprecedented beauty and perspicuity, when compared
with any previous English poem, that those who immediately
succeeded him scarcely ever speak of his style but in terms of
enthusiastic rapture. When we consider, indeed, how greatly
superior to his contemporaries was the mechanism of his
versification, which, though from change of accent unaccom¬
modated to a modern ear, was, in the then construction of the
language, beyond all example harmonious and correct...
the admiration of his disciples, however warmly expressed,
seems justly his due. It may, in short, be affirmed, that even
now, by him who will take the trouble of becoming familiar
with the style of Chaucer, there will often be found, both in
his diction and versification, a certain natural sweetness,
simplicity, and naïveté, hardly to be met with elsewhere.
If, turning... to the consideration of the higher
attributes which more immediately constitute the poet, we
contrast what he has produced in these departments with the
age in which he lived,... can we hesitate in pronouncing
him one of the most extraordinary men to which his country
has given birth?...
[p. 171] In knowledge of human life, and in the power of delineating
it, he has no superior, save Shakspeare, with whom, indeed,
in universality of talent, he may justly be compared.",
part2_p205_a1,Vol.2,Part II,p205,1836.,"Garnett, Richard, the Elder.","English Dialects,","[in] The Quarterly Review, Feb., 1836, vol. Iv, pp. 380-82. (The Philo logical Essays of R. Garnett, edited by his Son, 1859, pp. 70-72.)","[Chaucer's use of north country dialect in the Reves Tale,
and especially of the word ""lathe,” a barn.]",
part2_p205_a2,Vol.2,Part II,p205,1836.,"Ruskin, John.","Letter to his father,","from Herne Hill, 25th March. (Works, ed. E. T. Cook and A. Wedderburn, 1903-12, 39 vols., vol. xxxvi, p. 6.)","I sit down to write of I know not what. I intend to
commence with our third lecture, English literature [by the
Rev. Thomas Dale]. Four lectures on this subject have spoken
of four celebrated authors of old time–Sir John Mandeville,
Sir John Gower, Chaucer, and Wickliffe. We are made
acquainted with their birth, parentage, education, etc.; the
character of their writings is spoken of, and extracts are read
as examples of their style. These extracts are always interest¬
ing, frequently entertaining, sometimes laughable, although
the laugh of the hearer is generally at, not with, the author.
The writings of the poets before Chaucer are like— Lifting
my eyes off the paper in search of a simile, they encounter a
piece of the sky seen through one of the very large panes of
our drawing-room window... [there] are long lines of grey
cloud, broken away into thin white fleeces, which are standing
still in the heavens, for there is no breeze to move them, and
between those grey clouds is seen here and there a piece of
excessive value, which is not dark, but deep, pure, far away,
which the eye seems to plunge into and go on, on, on, into the
stillness of its distance, until the grey cloud closes over it and
it is gone. That bit of sky is like one of these old poems,
cloudy and grey, uninteresting; but ever and anon through
the quaintness of his language or uncouthness of expression
breaks the mind of the poet, pure and noble and glorious, and
leading you away with it into fascination, and then the cloud
closes over him and he is gone.",
part2_p206_a1,Vol.2,Part II,p206-208,1836.,"Southey, Robert.","Sketch of the Progress of English Poetry from Chaucer to Cowper,","[in] The Works of William Cowper, with a life of the author by the editor, Robert Southey, 1835-7, 15 vols., vol. ii, 1836, pp. 114-121, 134-5, 148-9, 177.","[vol. ii,
p. 114]
The first reformation which it [vernacular poetry] under¬
went was to free it from some gratuitous difficulties, and divest
it of the cumbrous ornaments with which it had been over¬
loaded. Chaucer, who is deservedly accounted the Father of
English Poetry, effected this...
[p.115] Father Chaucer, throwing off all trammels, simplified our
verse. Nature had given him the ear and the eye and the
imagination of a poet; and his diction was such as that of all
great poets has ever been, and ever will be, in all countries,—
neither cramped by pedantic rules... nor drooping for want
of strength, but rising and falling with the subject, and always
suited to it.
The seven-lined stanza of his Troilus and Cresseide [foot¬
note, quoting Sidney's praise in the Defence of Poesy] was
adopted from the Provenceal [sic] poets. I know not whether
he had any example of the ten-syllable couplet in the poets of
France, Provence, and Italy, but the Hermit of Hampole,
Richard Rolle,... had shown him the way in this. That
the one form of verse was, in his judgement, as well fitted for
grave and lofty subjects as the other, is certain, for in such
subjects he has employed them both: but it appears that the
couplet took its character in common opinion from his lighter
pieces, and was supposed to be adapted for nothing better.
And while the “Troilus verse,"" as King James called it,
obtained the dignified title of Rhythm Royal, [footnote,
quoting Puttenham, Art of English Poetry, on the metre of
[p. 116] Troilus and “riding rhyme""] the strain in which the knight
related his tale of Palamon and Arcite, and in which “ the
story of Cambuscan bold"" had been pitched, was degraded
in public estimation, and distinguished by the contemptuous
term of riding rhymes. [Footnote: Perhaps Shakespeare
alludes to this appellation when he describes a still more
familiar kind of measure, as the ""right butter-woman's rate
to market.""]
It is a disputed question whether Chaucer's verses be
rhythmical or metrical. I believe them to have been written
[p. 117] rhythmically, upon the same principle on which Coleridge
composed his beautiful fragment of Christabel,—that the
number of beats, or accentuated syllables in every line should
be the same, although the number of syllables themselves might
vary. [Footnote, stating that James Boswell (the younger) had
impugned that opinion, but that in it Southey had the sup¬
port of Farmer and Dr. Nott, who, he thought, had established
the point. He also quotes Gascoigne in this connexion.
See above, 1831, and, for Nott, above, 1815-16.] Verse
so composed will often be strictly metrical; and because
Chaucer's is frequently so, the argument has been raised that
it is always so if it be read properly... But to suppose that
it was written as iambic verse, and that the lines were
lengthened or shortened to the required measure by some¬
times pronouncing a final syllable, and sometimes letting it
[p. 118] remain mute,... is supposing that Chaucer took greater
liberties with the common pronunciation (which must
always be uniform) and relied more on the judgement of the
reader, than one who so perfectly understood the character of
his mother tongue, and was so well acquainted with the
ordinary capacities of men, can be supposed to have done,
without impeachment of his sagacity. Be this as it may, it is
no slight proof of that sagacity, that he should have pitched
the key and determined the length of verse, which... have
been found to accord best with the genius of the language;
and that his ""riding rhyme,"" under the more dignified
denomination of the “heroic couplet,” should be the measure
which Dryden and Pope and their followers have preferred to
all others for grave and lofty subjects.
The “ornate style,"" which is the worst fashion that has ever
been introduced into English verse, began in Chaucer's time,
and he adopted it in some of his smaller and later pieces; per¬
haps as an experiment towards the improvement of a language
then in a state in which experiments might allowably be tried,
.... but unless his faculties were impaired by age, of which
there is no proof or indication, it is not possible that he could
have approved of it himself. His language was what he had
learnt in the country, in the city, and in the court... what
every one could understand, and every one could feel; it was
the language of passion and of real life, and therefore the
language of poetry.  ...
[p. 119] The age after Chaucer was in many respects darker than
that which preceded it; his name, however, was held in
reverence, and succeeding poets were instructed to look to him
as their exemplar.
[p.120]  From Chaucer's time the line of five feet (whether in coup¬
lets or in stanzas) has been the most approved measure.
[p.121] Neither the diction of Chaucer, nor of Surrey,.. the
father and the reformer of our poetry,.. could have been more
perfect than it was. It will not be supposed that because
Surrey is thus named with Chaucer, he is placed in the same
rank with him; for Chaucer stands in the first rank, with
Spenser, Shakespeare, and Milton; and in variety of power
Shakespeare is his only peer.
[p. 134] [Reference to Dryden’s metre in his modernization of
Chaucer.]
[pp.148- [Remarks on the schemes, of 1777, of John Bell and rival
149]
publishers for producing an edition of the Poets of Great
Britain, from Chaucer to Churchill. Bell’s edition comprised
only three writers before Cowley, viz., Chaucer, Spenser and
Donne, and on this point Southey observes:] it is not to the
honour of our country that his collection, which was a mere
bookseller's affair... should still contain the only convenient
and most complete edition of the works of the great father
of English poetry.
[p. 177] In one of his first poems, Mason had in a puerile fiction,
ranked Chaucer and Spenser and Milton below Pope, which is
like comparing a garden shrub with the oaks of the forest.
But he would have maintained no such absurdity in his
riper years.",
part2_p208_a1,Vol.2,Part II,p208-209,1836.,Unknown.,"Chaucer,","[in] The Gentleman's Magazine, new series, vol. v, pp. 501-4; vol. vi, pp. 44-8.","[vol. v,
p. 501]
Few writers are more neglected, less studied, or less known,
though none are more talked of, than Geoffrey Chaucer. And
yet, whether we consider the richness and diversity of his
genius, the soundness of his feelings, the harmony of his
verse, or, in most instances, the subjects he has chosen, few
poets are less deserving of neglect. The language, too, after
all, is not so far removed from our own, as to throw much
difficulty in the way even of the general reader...
[p. 502] The neglect which Chaucer has experienced, arises, perhaps,
in a great measure, from the failings of his editors. [On the
loss of final e, destroying the secret of Chaucer's metre, and
the failure of the early printers, except Caxton, to adhere to
the MSS.]
Early in the last century, John Urry, of Christ's [sic] Church,
Oxford, first undertook to give a perfect and complete text of
Chaucer's works; and, to judge by the list of manuscripts
which he has left us, he had no reason for complaining of lack
of materials. But, in spite of the encomiums which were
lavished upon him by the editor who finished his edition; in
spite of ""his skill in the northern language spoken in the
Lowlands of Scotland,"" which “qualified him to read this
poet with more ease and pleasure than one altogether bred
be-south the Trent could do, without more than common
application;"" still Urry was too ignorant of the language and
spirit of his author, too deficient in correct philological know¬
ledge, to perform, with any degree of success, the task he had
undertaken... His list of manuscripts, too, is a mere
parade...
[p. 504] [A passage in praise of Tyrwhitt's work, with some remarks
on orthography, and some quotations from Orm, the philo¬
logical value of whose work Tyrwhitt overlooked.]
[vol. vi,
pp. 44-8]
[An attack on Cowden Clarke's Riches of Chaucer, fol¬
lowed by eulogy of the Prologue, with extracts, descriptions
of the characters, and quotations from Piers Plowman.]",
part2_p209_a1,Vol.2,Part II,p209,1836.,Unknown.,"Antiquarian Researches Society of Antiquaries,","[in] The Gentleman's Magazine, June 1836, new series, vol. v, p. 648.","Mr. Limburne exhibited [at the Society of Antiquaries]
a portrait in oil of Chaucer, supposed to be an original from
Harbottle Castle, Northumberland.",
part2_p209_a2,Vol.2,Part II,p209-210,1836.,Unknown.,"Review of Sir Harris Nicolas's The Controversy between Sir Richard Scrope and Sir Robert Grosvenor in the Court of Chancery,","[q. v. above, 1832, in] The Quarterly Review, vol. lvi, pp. 15, 27-8.","[pp. 27-8]
In Chaucer's deposition... we think there are traces of
the liveliness and picturesque fancy of the poet. Being asked,
among other questions, if he had ever heard of any interruption
or challenge made by Sir Robert Grosvenor, or his ancestors,
to the use of the arms in dispute by the Scropes, he does not
content himself with saying ""No!"" but adds the following
. anecdote:—
""He was once in Friday-street, London, and walking through
the street he observed a new sign hanging out with these arms
thereon, and inquired ‘What man that was that had hung out
those arms of Scrope?’ and one answered him, saying, “They
are not hung out, Sir, for the arms of Scrope, nor painted there
for those arms, but they are painted and put there by a knight
of the county of Chester, called Sir Robert Grosvenor;’ and
that was the first time that he had ever heard speak of Sir Robert
Grosvenor, or his ancestors, or of any one bearing the name.""",
part2_p210_a1,Vol.2,Part II,p210,[1836.],"Wordsworth, William.","MS. Note on a remark of Hazlitt's in The Spirit of the Age,","[printed in] The Academy, Dec. 23, 1905, p. 1334, col. 1.","[Barron Field, in his (unpublished) Critical Memoirs on
the Life and Poetry of William Wordsworth, quotes Hazlitt’s
remark in the Spirit of the Age, 1825: “Chaucer is a prime
favourite of his [Wordsworth's], but we do not think he has
any cordial sympathy with Shakespeare."" Opposite to this
Wordsworth wrote, in his note on Barron Field’s MS.:]
This is monstrous. I extol Chaucer, and others; because
the world at large knows little, or nothing, of their merits.
Modesty, and a deep feeling how superfluous a thing it is to
praise Shakespeare have kept me often–and almost habitually
–silent on that subject. Who thinks it necessary to praise
the Sun?",[The article in the Academy is by Prof. W. Knight.]
part2_p210_a2,Vol.2,Part II,p210,1836.,"Wordsworth, William.","Letter to Thomas Noon Talfourd,","[dated] Nov. 28, [1836, in] Letters of the Wordsworth Family, ed. W. Knight, 1907, 3 vols., vol. iii, p. 115.","I cannot help catching at the hope that, in the evening of
life, you may realize those anticipations which you throw out.
Chaucer's and Milton’s great works were composed when they
were far advanced in life.",
part2_p210_a3,Vol.2,Part II,p210,1837.,"Burrowes, Amyas Deane.","The Modern Encyclopædia,","vol. iii, pp. 190-1 ; vol. v, pp. 627-8; vol. vii, p. 201.","[The Chaucer and Lydgate articles are reprinted from the
Encyclopœdia Britannica, q.v. above, 1778, vol. i, pp. 452-4.]",
part2_p210_a4,Vol.2,Part II,p210-211,1837.,"Collier, John Payne.","A Catalogue, Bibliographical and Critical,","of Early English Literature, forming a portion of the Library at Bridgewater House, pp. 58-9, 93, 118, 144, 179, 250, 268, 286, 304, 327.","[Works, 1561 and 1602 (pp. 58-9). Full literary as well
as bibliographical accounts are given of the books, from which
the following Chaucer allusions are quoted: Davy, 1596
(p. 93); Fairfax anticipated by Chaucer in his account (from
Tasso) of the singing of birds (p. 118); Feylde, 1509 (p. 144);
'Fortune' printed in various editions of Chaucer, and also in
the ""Proverbs"" of Lydgate (p. 179); ‘Remedy for Sedition,’
1536 (p. 250); Rowlands, 1620 (p. 268); Guilpin, 1598.
(p. 286); Taylor, 1620 (p. 304); Warner, 1606 (p. 327);
q. v. above, vol. i, under the various dates here given.]",
part2_p211_a1,Vol.2,Part II,p211,1887.,"[Craik, George Lillie, and Macfarlane, Charles.]",The Pictorial History of England,"[published by Charles Knight and, with The Pictorial History of England during the reign of George the Third, 4 vols. 1841-4, commonly called “Knight's Pictorial History of England""], 4 vols., 1837-41, vol. i, 1837, pp. 604, 812, 850-1, 862, 865-6, 868-71, 873, 880; vol. ii, pp. 203-4, 206, 209-10, 217-18, 222, 824, 837-9.","[vol. i,
p. 851]
[Chaucer distances Langland, and compared with his pro¬
ductions all that precedes is barbarism : he is the founder
of our language and literature. Only Shakespeare surpasses
his range of qualities, fancy and observation, tenderness and
humour. His sources as diverse as his qualities. The Canter¬
bury Tales mentioned as his crowning work and as comprehend¬
ing all his powers.]
[vol. ii,
p. 209]
[Occleve’s portrait of Chaucer.] Occleve repeatedly speaks
of Chaucer as his master... All that Occleve appears to
have gained, however, from his admirable model, is some
initiation into that smoothness and regularity of style of which
Chaucer's writings set the first great example.
[p. 218] [Specimens of Chaucer from Prologue and Persones Tale.]
[p. 839] [Chaucer, in spite of contentions to the contrary, as regular
as Surrey in syllabic as well as accentual metre; Surrey
merely restored the art that had been lost since Chaucer.]",
part2_p211_a2,Vol.2,Part II,p211,1837.,"Devon, Frederick.",Issues of the Exchequer... from King Henry III. to King Henry VI.,,"Pp. 203 [allowance to Philippa Chaucer, 27 Nov. 1376],
210 [payment of £12. 13s. on account of Chaucer's pension,
24 May, 1379], 214 [payment of £14 on account of his
wages and expenses in going upon the King’s message to
Lombardy, 28 Nov. 1380], 215 [gift of £22 by Richard II.
to Chaucer for going to France in the time of Edward III.,
6 March, 1381], 239 [payment to Chaucer, as Clerk of the
Works, of £66. 13s. 4d., 7 Oct. 1389]. [See above, vol. i,
pp. 3-4 (6 July 1374), 1-2 (6 Nov. 1367), 6, 9 (14 and
22 July 1389).]",
part2_p212_a1,Vol.2,Part II,p212,1837.,"Emerson, Ralph Waldo.","The American Scholar,","an oration delivered... August 31, 1837. (Works, Centenary Edition, 1903, 12 vols., vol. i, p. 91.)","We read the verses of the great English poets, of Chaucer,
of Marvell, of Dryden, with the most modern joy,–with a
pleasure, I mean, which is in great part caused by the abstrac¬
tion of all time, from their verses.",
part2_p212_a2,Vol.2,Part II,p212,1837.,"Hallam, Henry.","Introduction to the Literature of Europe,","4 vols., vol. i, pp. 47, 62-5, 72, 170-1, 366, 592-5; vol. ii, pp. 305, 328, 333; vol. iv, p. 436. (4th edn., 1854, 3 vols., vol. i, pp. 34, 46-9, 54-5, 125, 262, 311n, 427-9; vol. ii, pp. 121-2, 138-42; vol. iii, pp. 486-7.)","[vol. i,  But our greatest poet of the middle ages, beyond comparison,
p. 62]
was Geoffrey Chaucer; and I do not know that any other
country, except Italy, produced one of equal variety in inven¬
tion, acuteness in observation, or felicity of expression. A
[p. 63] vast interval must be made between Chaucer and any other
English Poet.  ...
[p. 65] [Chaucer's use of French and Latin words.]
[p. 170] That which we sometimes call pedantry and innovation, the
[p. 171] forced introduction of French words by Chaucer, though
hardly more by him than by all his predecessors who trans¬
lated our neighbours' poetry, and the harsh latinisms that
began to appear soon afterwards, has given English a copious¬
[pp.
ness and variety which perhaps no other language possesses.
692-5]
Surrey rarely lays an unnatural stress on final syllables,...
another usual trick of the school of Chaucer.
[Nott's theory of Chaucer's verse as rhythmical (q. v. above,
1815-16) stated and cautiously set aside in favour of the
metrical theory established by Tyrwhitt.]
[vol. ii,  Sackville’s Induction forms a link which unites the school
p. 305]
of Chaucer and Lydgate to the Faery Queen. It would
certainly be vain to look in Chaucer, wherever Chaucer is
original, for the grand creations of Sackville's fancy, yet we
should never find any one who would rate Sackville above
Chaucer.",
part2_p212_a3,Vol.2,Part II,p212-217,1837.,"Hippisley, John Henry.",Chapters on Early English Literature.,"Introduction, pp. ix-xii, ch. i, English Language and Literature previous to Chaucer-Character of Chaucer's earlier poems–Literary taste during the reign of Edward III; ch. ii, Reputation of Chaucer in various ages; ch. iii, Remarks on the biography of Chaucer; ch. iv, Observations on some of Chaucer's earlier poems; ch. v, The Canterbury Pilgrimage; ch. vi, Prose Works of Chaucer and his contemporaries; ch. vii, English Literature from Chaucer to Spenser; ch. viii, English Literature in the age of Shakespeare [numerous Chaucer references]; Appendix, Specimens of Chaucer's poetry.","[p. ix] [Chaucer gives the best picture in early literature of con¬
temporary manners and is most valuable to students of the
[p. x] [Difficulty of Chaucer's language easily surmounted.]
intellectual and moral conditions of man.]
[Chapter II. Admiration for Canterbury Tales, which open
to us the true character of his genius, not evinced till com¬
paratively late period doubtless because of the satire they
contain on the Catholic Clergy.]
[p. 42] But the neglect which this great work experienced at the
hands of critics, extends beyond the period of the Reforma¬
tion. Fox, the martyrologist, eulogises Chaucer, not for his
comic and satiric powers, but for ""his true Wicklevian spirit;""
and, with the exception of Beaumont's apology [1602 edition
of Chaucer], for the ribaldry of the comic tales, and a
passage in Puttenham's Arte of English Poetrie, there is
scarcely any distinct recognition of the poetical merits of the
Canterbury Pilgrimage anterior to Dryden.
[p. 45] [Chaucer affords a wonderful contrast of pathos and humour
and in neither was he understood previous to the days of
Puttenham and Spenser.]
The earliest successors of Chaucer, John the Chaplain,
[p. 46] Occleve, and Lydgate, in celebrating the praises, or lamenting
the death, of their ""greate maister,"" all harp upon one theme:
the eloquence, or ""rhetoricke,"" as they usually style it, of the
departed poet.
[p. 49] [Chaucer compared to Petrarch. Leland and Thynne
praise Chaucer for his style and learning, not for his poetry.]
This practical and philosophical view of the merits of
Chaucer continued in force till the latter years of the sixteenth
century. Webbe, in his “Discourse of English Poetry,”
praises the poet in the spirit of Fox, Bale, or the most zealous
Protestants.
Puttenham, a contemporary of Webbe, is the first critic
who seems in any degree to understand either the history of
our author's works, or their poetical merits.
[p. 50] [Puttenham is then quoted; see above, vol. i, p. 125.]
This passage, though it does not display any very deep
knowledge in literary history, may, considering the age in
which it was written, be regarded as a masterly outline of
the poetical character of our author, and forms a striking
[p. 51] contrast to the vagueness with which Sidney, in his ""Defence
of Poesie,"" characterized the poet, ""as seeing clearly in a
mystic [sic for 'mystie'] time,” and as “beautifying our mother
tongue.""...
Up to the days of Leland and William Thynne, there was, as
we have seen, but one opinion on this subject. Chaucer was
the “floure of rhetoricke,"" the “garnisher of Englishe rude.""
Webbe first ventures to hint that “the manner of his style may
seeme blunt and course to many fine English eares at these days.""
In the days of which Webbe speaks, the English tongue, besides
the natural polish which it had acquired from the labours of
[p. 52] successive writers, was also affectedly interlarded with artificial
ornaments, borrowed chiefly from the Spanish and Italian
languages. These “ink-horn terms,"" as they were called, form
a frequent theme of ridicule in the comedies of Ben Jonson
and Shakspeare.  ... [Prevalence of Euphuism, and Spenser's
preference for Chaucer’s speech.] The genuine English style
of this age lay between the obsolete diction of Chaucer, and
the affectations above-mentioned. This is accurately felt,
and sensibly pointed out, by an old writer somewhat senior to
Spenser. [Ashton is then quoted; see above, vol. i, p. 87.]
[p. 53] Verstegan, in his Restitution of Decayed Intelligence
[q. v. above, vol. i, p. 176], and Skinner, in the preface to his
Etymologicon Anglicanum [q. v. above, vol. i, p. 243], have
censured Chaucer for what formed the constant argument in
his praise, up to the Elizabethan period of our literature:
namely, for the introduction of French terms into English.
[p. 54] Rymer [q. v. above, vol. i, p. 265], in a passage which shows
that he has reaped the full advantage of the philological
labours of our poet, first introduces him to us as a recruiting
officer of our language; and afterwards, proceeding more
scientifically to explain the chemical process, by which that
tongue was formed, he represents Chaucer as a skilful brewer
of English.  ...
[On the increase of expressions from a foreign tongue, as a
nation becomes more literary.]
Amongst those who first ""employed themselves to the
beautifying and bettering of the English tongue"" (to use the
words of his oldest editor, William Thynne), was ""that noble
and famous clerke, Geffray Chaucer.""
[p. 55] But in the interval which had elapsed between the days of
""Old Dan Geffrey, in whose gentle spright
The pure well-head of poetry did dwell,""
and those of his illustrious successor, who thus characterises
him, the innovations which Verstegan and Skinner charge
solely upon Chaucer, had been so far increased, that his
language had become obsolete; and the adoption of it by
Spenser is only to be justified, on the ground of its being in
harmony with his theme.  ...
[From Spenser to the present day, only Cowley of English
poets did not imitate or extol Chaucer. Spenser’s indebtedness
to Chaucer is here pointed out in detail.]
. . . . . . . . . .
[p. 58] Judging from Spenser's imitations of Chaucer, we might
conclude that his favourite works were The Dutchesse, The
Parliament of Fowles, and The Squier's Tale: but, perhaps,
(as also in the case of Milton's well-known and pathetic
allusion to the latter poem) these imitations are rather to
be received as evidence of the general admiration of Spenser
[p. 59] for the works of his predecessor, than of his partiality for
any particular passages.  ... It seems, that during the life¬
time of Spenser... the poetical character of Chaucer was
rather viewed in reference to his pathetic, than to his comic
powers.  ...
[p. 60] Amongst the pathetic poems, the Knight’s Tale, and the
""Troilus and Cresseide"" have always maintained a prece¬
dency. The latter especially seems to have been a favourite
in the age of Spenser. Puttenham and Sidney, the former
in his Art of Poetrie, the latter in his Defence of Poesie,
both select this work as especially worthy of praise: and
Sidney indeed scarcely mentions any other. With Beaumont
also this was a favourite work. Shakspeare, although there
can scarcely exist any doubt that he was an admirer of the
beauties of this work, has, in the plot of his Midsummer
Night's Dream, given us yet clearer proof of his acquaintance
with the Knight's Tale.  ...
[The Fairies of Chaucer, Spenser and Shakespeare.]
[p. 72] From the days of Shakspeare, the comic powers of Chaucer
have been the constant theme of admiration both with critics
and poets. In allegorical description he may have been
excelled by Spenser, in pathos by Shakspeare, in sublimity by
Milton; but in true comic humour, and more especially in the
delineation of professional characters, he has few equals, no
superiors.
[p. 78] On a general review of the history of Chaucer's reputa¬
tion, we may say that his language, which seems chiefly to
have attracted the notice of his immediate successors, rude
[p. 79] as it now appears, was with reference to his own age in itself
a marvel. How just were the grounds upon which the critics
of the days of Henry the Eighth extolled his learning, will
be more fully shown in the following chapter. His pathetic
powers, which engaged the admiration of the poets and critics
of the age of Elizabeth, continue even now to rival his genuine
comic humour... The vigorous yet finished painting¬
both of scenes and characters, serious as well as ludicrous
–with which his works abound, are still, notwithstanding
the roughness of their clothing, beauties of a highly
poetical nature. The ear may not always be satisfied,
[p. 80] but the mind of the reader is always filled; and even the
roughness of his verse, which may offend some readers, is in
many instances–at least in the case of his earlier poems–
rather to be attributed to the errors of transcribers (that
mis-writing and “misse-metring"" against which he warns his
copyists) than to his own negligence.
[p. 111] [Chapter IV.] Chaucer, like Ariosto and Spenser, is
essentially a descriptive rather than a dramatic poet.  ... But
his descriptive powers are of every kind; satirical, pathetic,
picturesque...
[p. 112] The most striking instances of the poetical powers of
Chaucer, under all the three above-mentioned heads, are cer¬
tainly to be found in his great work. But, if we take into
consideration that of that great work, the general prologue,
and the ludicrous tales, are the most original portions, while
the serious stories are, without any exceptions, either imita¬
tions or translations, perhaps we shall be inclined to admit
that the minor or earlier poems of our author, afford the best
instances of those of his pathetic or picturesque descriptions
which may be strictly called his own. In these poems, the
playful satire which, on a general view of Chaucer's works,
seems to form the leading characteristic of his mind, scarcely
appears at all.   ...
[p. 124] Chaucer is a picturesque poet in the narrowest and strictest
sense of the term. [The Book of the Duchesse, Parlement
of Foules, Complaint of the Black Knight, etc., instanced.]
[p. 133] The difference between the earlier poems of Chaucer, and
his ""Canterbury Pilgrimage,"" as regards the portraiture of
manners, consists in this:–that, in the former, the tastes,
habits, and opinions of the court are represented to us: in
the latter, the habits of middle and low life. The total change
of theme, spirit, and style, observable in the general prologue,
and in the comic portions of Chaucer's principal and later
[p. 139] works, is perhaps to be attributed to his political disgraces,
by which he must necessarily have been estranged from the
court, in which many of his earlier years had been spent, and
re-united in habits and interests with those classes of society
in which his birth and parentage seem originally to have
placed him.
[p. 180] [Chapter V.] In the choice of the occasion; in the
variety and delicate discrimination of the characters, and
in the vivacity and dramatic effect with which the whole
plot is conducted; in all these respects, Boccaccio, when com¬
pared with Chaucer, is but a mere shadow. As a lively and
agreeable fabulist, the Italian, especially in his serious tales,
has the advantage. Prolixity, a fault common to all our old
poets, is one of the principal blemishes of Chaucer's serious
productions.  ...
[p. 200] The interest to be derived from the prose works of Chaucer
is twofold; first, as they illustrate his own life, or afford a
comment on his poetry; secondly, as they throw a light upon
the spirit and taste of the age.","[There is a long and appreciative review of Hippisley in the Gentleman's Magazine, March 1839, new series, vol. xi, pp. 278-9, q. v. below.]"
part2_p217_a2,Vol.2,Part II,p217-218,1837.,"Hunt, James Henry Leigh.","Blue Stocking Revels; or the Feast of the Violets. Canto III. Of the supper that Apollo gave his Visitors and with what sort of spectacle and of after Course he amazed them,","[in] The Monthly Repository, 1837, new ser., vol. i, p. 53. (Poetical Works, Boston, 1866, vol. i, pp. 276-7.)","Then Petrarch appear'd
. . . . . . . . .
Him follow’d, still modestly keeping behind,
. . . . . . . . .
Boccaccio, with faces a martyr might bless,
Griselda’s among them, the patient excess.
Her look was the sweetest that never knew laughter;
And backward she turn'd tow'rds the shape that came after,
Great Chaucer. As humbly as maiden went he.
Young queens held their diadems of him in fee;
Young mothers and beauties, clear angels of earth;
I know not which grac’d them most, sorrow or mirth.",
part2_p218_a1,Vol.2,Part II,p218,1837.,"[Landor, Walter Savage.]","The Pentameron and Pentalogia,","pp. 213-15, 217-18. (Longer Prose Works, ed. C. G. Crump, 1893, 2 vols., vol. ii, pp. 92-4.)","[p. 92] Petrarca. The English, I remember Ser Geoffreddo¹ telling
us, never kill singing birds nor swallows.
Boccaccio. Musick and hospitality are sweet and sacred
things with them...
[p. 96] Petrarca. Ser Geoffreddo felt more pleasure in the gener¬
osity and humanity of his countrymen, than in the victories
they had recently won, with incredibly smaller numbers, over
their boastful enemy.
Boccaccio. I know not of what nation I could name so
amusing a companion as Ser Geoffreddo... Richard de
Bury was sent Ambassador to Rome by King Edward.  ...
This prelate came into Italy attended by Sir Geoffreddo, in
whose company we spent, as you remember, two charming
evenings at Arezzo...
[p. 94] Ser Geoffreddo is not only the greatest genius, but likewise
the most amiable of his nation. He gave his thoughts and
took yours with equal freedom...
Petrarca. Ser Geoffreddo, I well remember, was no less
remarkable for courtesy than for cordiality.
Boccaccio. He was really as attentive and polite toward us
as if he had made us prisoners. It is on that occasion the
English are most unlike their antagonists and themselves...",¹[Landor's note :] Chaucer.
part2_p218_a2,Vol.2,Part II,p218,1837.,"Landor, Walter Savage.","An Ode [to Wordsworth],","[in] Literary Hours with Various Authors [edited by Joseph Ablett], 1837, p. 163. (Works, Poems, ed. C. G. Crump, 2 vols., 1892, vol. ii, p. 180.)","To learn my lore on Chaucer's knee,
I left much prouder company;
Thee gentle Spenser fondly led,
But me he mostly sent to bed.","[For another expression of this by Landor see below, n. a. 1841.]"
part2_p218_a3,Vol.2,Part II,p218-219,1837.,"Macaulay, Thomas Babington, Lord.","Lord Bacon,","[in] The Edinburgh Review, July 1837, vol. Ixv, p. 10. (Works, 1898, 12 vols., vol. viii, p. 510.)","In looking round a well-furnished library, how many
English or French books can we find which were extant
when Lady Jane Grey and Queen Elizabeth received their
education? Chaucer, Gower, Froissart, Comines, Rabelais,
nearly complete the list.",
part2_p219_a1,Vol.2,Part II,p219,1837.,"Southey, Robert.",Preface,"to his Poetical Works, collected by himself, 10 vols., vol. i, pp. viii, 193 n.","... I took Spenser for my master. I drank also betimes of
Chaucer's well. The taste which had been acquired in that
school was confirmed by Percy’s ""Reliques"" and Warton’s
""History of English Poetry,"" and a little later by Homer and
the Bible.",
part2_p219_a2,Vol.2,Part II,p219,1837.,Unknown.,"Chaucer,","[in] The Penny Cyclopædia, 1833-58, vol. vii, 1837, pp. 10-11.","[This article is chiefly biographical, and contains the usual
incorrect account of Chaucer's education at Oxford and
Cambridge, his authorship of the Court of Love, the Black
Knight, and the Flower and the Leaf, and his exile and
imprisonment. ""A little pains would enable any one to master
his language and versification, and the pains would be amply
rewarded."" Quotations from Warton and Godwin.]",
part2_p219_a3,Vol.2,Part II,p219,1837.,Unknown.,"Griselda, the Clerke's Tale. Re-made from Chaucer,","[in] Blackwood’s Edinburgh Magazine, May, 1837, vol. xli, pp. 655-67.","[This version begins:
In fair Saluzzo, lovely to behold,
Down at the root of Vesulus the cold,
A marquis whilom ruled that pleasant plain, etc.]",
part2_p219_a4,Vol.2,Part II,p219-220,1837.,Unknown.,"Review of Hallam's Introduction to the Literature of Europe,","[q. v. above, 1837, in] The Quarterly Review, Feb. 1837, vol. lviii, pp. 37, 38.","After Italy, England could boast in Chaucer, the greatest
poet of these ages. But Chaucer's excellence lay in fertile
and graceful invention; and in the vivid and humorous de¬
lineation of manners... rather than in the high perfection
of language or melody of verse. The foreign element, the
French, with which Chaucer, or perhaps the fashion of the
time, the Norman blood and the French wars, enriched our
language, is not yet blended and harmonized; it lies, as it
were, in separate and distinct masses, not yet having passed
through the amalgamating process of common usage. The
difficulties of Chaucer's versification are perhaps most reason¬
ably traced to the uncertain state of pronunciation, or rather
accentuation–the letters or syllables which afterwards became
mute, still retaining their proper sounds, as in French and
in other languages.",
part2_p220_a1,Vol.2,Part II,p220-221,1837.,Unknown.,"Chateaubriand on the Literature of England,","[in]The Edinburgh Review, Jan., 1837, vol. lxiv, pp. 520-23, 525-6, 528.","[p. 521] When Chaucer wrote, though borrowing largely from the
[p. 522] early Italian poetry–though not untinctured by the Norman
—it was at once a national poet formed by national circum¬
stances, and appealing to a nation! Though, as we before
said, a scholar and a courtier, it was in Chaucer that the
literary spirit of the English people, vigorous, simple, and
truthful, found its voice. It was an immense encouragement
to the English language that a man so clerkly and so well
with the great, should have given it the preference to the
French. Unquestionably the extraordinary popularity of the
'Canterbury Tales,'  and the 'Troilus and Cresseide' had a
prodigious effect in rendering the language of a conquered
people not only familiar but musical to the conquerors.
Chaucer wrote for the people, but it was in the style of a
gentleman. And he at once familiarized the Anglo-Norman
and refined the Anglo-Saxon genius. The sympathies of
Chaucer are not those of coteries and courts, they are with
common and universal feelings. He has a passionate love of
nature, and his minute and close descriptions are very different
indeed from the pastoral affectations of the Trouveres and
Troubadours. He has also that clear and racy power of dis¬
criminating and individualizing character, which springs from
an observant eye and a social temper. Chaucer is the earliest
writer in modern literature whose characters are strongly
marked and distinct. His passages are to those of Boccaccio
what Homer's are to those of Virgil; and the study of
Chaucer would, like that of Homer, conduce insensibly to the
Drama. It was, perhaps, his constitutional sympathy with
broad interests and universal feelings, no less than the con¬
cession of his reason to the tenets of Wickliff, that made
Chaucer a satirist of monks and priests. He seems to have
had a practical and shrewd philosophy in his easy sarcasms on
these holy men, which is more subtile and thoughtful than
the careless gibes of the Troubadours. The active career of
Chaucer, his keen observation of the natural, whether in men
or scenery, tended, perhaps, to make him the great founder of
a very remarkable distinction of English literature,–namely,
the mixture of the humorous and pathetic–the solemn and
the comic.   ...
[p. 523] [Sterility of genius after Chaucer.]",
part2_p221_a1,Vol.2,Part II,p221,1837.,"Wade, Thomas.","The Contention of Death and Love,","[printed in] W. R. Nicoll and T. J. Wise’s Literary Anecdotes of the Nine teenth Century, 1895, 2 vols., vol. i, p. 132.","[Death speaks of the dying poet:]
Thinkst thou that I, whose strong decree
Swept Homer from Ionian air
When his allotted years were run,
And Dante from Italia's Sun
When all his griefs accomplished were,
Down-looking Chaucer from his theme,
And Spenser from his Faery dream,
. . . . . . . .
Thinkst thou that I...
... can pause for him?",
part2_p221_a2,Vol.2,Part II,p221,1838.,"[Barham, Richard Harris.]",Grandpapa's Story-The Witches? Frolic,"(Family Stories, no. x. By Thomas Ingoldsby), [in] Bentley's Miscellany, 1838, vol. iv, p. 509. (The Ingoldsby Legends, 1st ser., 1840, p. 176; Oxford edn., 1905, p. 108.)","How our ancestors managed to do without tea
I must fairly confess is a myst’ry to me;
Yet your Lydgates and Chaucers
Had no cups and saucers;
Their breakfast, in fact, and the best they could get,
Was a sort of a déjeuner à la fourchette...",
part2_p221_a3,Vol.2,Part II,p221,1838.,"Chappell, William.","An Essay on the Ancient Minstrelsy of England,","[in] A Collection of National English Airs, 1838-40, pp. 12-13.",[Chaucer's references to music.],"[The musical scores were published in a separate vol. in 1840. The Chaucer references are fuller in the much enlarged edn., The Ballad Literature and Popular Music of the Olden Time, 1855-9.]"
part2_p221_a4,Vol.2,Part II,p221-222,1838-9.,"[De Quincey, Thomas.]","A Brief Appraisal of the Greek Litera ture in its Foremost Pretensions,","[in] Tait's Magazine, Dec. 1838, and June, 1839. (The Collected Writings of Thomas de Quincey, Edinburgh, 1889-90, ed. D. Masson, 14 vols., vol. x, pp. 309-313.)","[Chaucer, ""a poet worth five hundred of Homer."" Dryden's
eulogy of the Canterbury Tales. Chaucer and Homer as
narrators. Chaucer superior in the Homeric characteristics of
life, motion, and picturesque simplicity.]",
part2_p222_a1,Vol.2,Part II,p222,1838.,"Emerson, Ralph Waldo.","Literary Ethics,","an oration delivered ... July 24, 1838. (Works, Centenary Ed., 12 vols. ; vol. i, p. 168.)","Whilst I read the poets, I think that nothing new can be
said about morning and evening. But when I see the day¬
break I am not reminded of these Homeric, or Shakespearian,
or Miltonic, or Chaucerian pictures.",
part2_p222_a2,Vol.2,Part II,p222-224,1838.,"Guest, Edwin.","A History of English Rhythms,","2 vols.; vol. i, pp. 25-34, 121, 153, 177, 215, 237; vol. ii, pp. 2, 110, 155, 164, 186, 236-41, 255-8, 308, 312, 357-9, 363, 367-8, 417, 429. [Also brief references and illustrative quotations throughout vol. i]","[vol. i, [After an account of e final, Guest continues :] Tyrwhitt
p. 24] deserves our thanks for the manly experiment of editing our
oldest classic, and for accumulating a decent share of general
knowledge, to serve for his occasional elucidation. But what
can we say of an editor who will not study the language of
his author?–of one who, having the means of accuracy (at
least to a great extent) within reach, passes them by, and
judges of Chaucer's grammar in the fourteenth century by that
of Pope in the eighteenth?
[p. 121] [Rhyme.] When... the verse was lengthened and allitera¬
tion banished, we had a fair right to expect greater caution,
and very rarely indeed does Chaucer disappoint us. His rhimes
are, for the most part, strictly correct.
[p. 153] [Middle pause.] It was not till the middle of the fifteenth
century that the dot, which indicated the middle pause, began
to be omitted in our manuscripts, and no edition of Chaucer
or his contemporaries can be perfect without it.
[p.177] [English rhythms.] Our heroic verse, as it has been called
of late, was formerly known by the more homely appellation
of riding rhime. ...
Chaucer strictly confined this rhythm to five accents, but
certainly allowed himself great freedom in the number of
his syllables. His rhythm, however, always approaches that
of the common measure.   ...
[p. 215] [Verse of five accents. Quotation of Prol., ll. 1-18, from
MSS. Harl. 1758 and 7333, giving the middle and end
stops.]
[p. 237] Webbe [q.v. above, 1586, vol. i, p. 129] has laid it down
that ""the natural course"" of English verse ""ran upon the
Iambicke stroke.   ... He might have been taught sounder
doctrine by his contemporary Gascoigne [q.v. above, 1575,
vol. i, p. 111]. This critic... admires ""the libertie in
feete and measures"" used by their Father Chaucer.
..
[vol ii, [Couplet metre.] Loose as is the rhythm of these verses
p. 237] [an extract from Rolle’s Prick of Conscience], I have seen few
manuscripts of the Canterbury Tales, which admit of a more
definite scansion. The best copies indeed I have not seen;
and I think it probable that Chaucer at least confined his
metre to the verse of five accents; but any more particular
definition I dare not venture upon. Before we can understand
the nature of his versification–before we can render Chaucer
that justice, which his genius so loudly calls for–we have to
settle questions that require for their solution the most search¬
ing... investigations. [Untrustworthiness of the MSS.]
That Chaucer was a master of English versification no one,
that reads him with due care and attention, can well doubt.
There are many passages in his works, which, from the agree¬
ment of MSS. and the absence of all those peculiarities of
structure that leave matter for doubt, have, in all probability,
come down to us as Chaucer wrote them–and in these the
[p. 238] versification is as exquisite as the poetry. It needs not the
somewhat suspicious apology of Dryden. I am not one of
those who assert, that Chaucer has always ""ten syllables in
a verse, where we find but nine""; but I am as far from
believing, that ""he lived in the infancy of our poetry,"" because
the scheme of his metre somewhat differs from our own. As
far as we have the means of judging, it was not only ""auribus
istius temporis accommodata,"" but fulfilled every requisite
that modern criticism has laid down, as either essential to the
science, or conducive to the beauty of a versification.
The metre of five accents, with couplet-rhyme, may have
got its earliest name of ""riding rhyme"" from the mounted
pilgrims of the Canterbury Tales. [Quotes Gascoigne and
Puttenham, q. v. above, 1575 and 1584-8, vol. i, pp. 111
and 125.]
[p. 239] [Blank verse.] The unrhimed metre of five accents, or as
it is generally termed blank verse, we certainly owe to Surrey.
English verse without rhime was no novelty; and the
""cadence"" of Chaucer comes full as near to the blank verse
of five accents, as the loose rhythms of some of our dramatists.
224 Five Hundred Years of [A.D. 1838-
[p. 255] [Measured prose.] In the House of Fame, Chaucer repre¬
sents himself as thus addressed,
Thou–has [sic] set thy wit,
(Although in thy head full little is)
To maken bookes, songes and dities
In ryme, or els in cadence,
As thou best canst, in reverence
Of love–
and Tyrwhitt conjectured, with his usual sagacity, that he
had written in a ""species of poetical composition, distinct
from rhyming verses."" The Tale of Melibeus has been con¬
sidered, by some persons, as ""blank verse""; but though its
claim to such a title may be questioned, it is certainly a
specimen of cadence. The model, which Chaucer had
floating before him, was clearly his favourite metre of five
accents.... The following extract I have endeavoured to
arrange according to its metrical structure...
A yonge | man cal | led : Mel | ibe | us
Migh | ty and rich | e : begate | upon | his wif |
That cal | led was Pruden | ce
A dough | ter which | : that cal | led was Sophi | e.
. . . . . . . . . .
[p. 258] This | is more wis | dom
Than | for to we | pe: for | thy frend |
Which that | thou hast lorne | : for | ther |  ein is | no
bote |.
[Tale of Melibeus, ll. 2157-83.]
As the Tale proceeds, the rhythmical structure gradually
disappears.
[pp.
[Ballet-staves of eight and of seven.]
[pp. 857-9]",
part2_p224_a1,Vol.2,Part II,p224,1838.,"Madden, Sir Frederic.","The Old English Versions of the Gesta Romanorum,","Introduction, pp. xii-xiii [the poems of Chaucer furnish many instances of his familiarity with the Gesta Roman orum), xx-xxi [the Gesta gave Gower and Chaucer their tale of Constance (Man of Law's Tale)], Notes, p. 519 [Chaucer intro duces into his Sompnours Tale, ll. 2017-42, from Seneca, the same story as Gesta 58].",,
part2_p224_a2,Vol.2,Part II,p224-225,1838.,"Wright, Thomas.","Note [on] Alliterative Poem on the Deposition of Richard II.,","ed. by T. Wright, Camden Soc., p. 53.","P. 7, l. 14—Hurlewaynis Kynne. The only other instance
of this word that I have observed in early English poetry,
occurs in the prologue to the Tale of Beryn, printed at the
end of Urry’s Chaucer.
As Hurlewaynes meyne in every hegg that rapes.
Hurlewaynes meyné is the Maisnie Hellequin of old French
popular superstition, in Latin familia Harlequini.",
part2_p225_a1,Vol.2,Part II,p225,1839.,"H., H.","MSS of Chaucer in the Bodleian Library,","[in] The Gentleman’s Magazine, January, 1839, new series, vol. xi, pp. 50-1.","[A letter drawing attention to different readings in the
spurious Cuckoo and Nightingale in Fairfax 16, and Arch.
Seld. B. 24, and to the ending of the Parlement of Foules in
Arch. Seld. B. 24, the last 11 stanzas of which differ entirely
from the 13 stanzas which ordinarily end it.]",
part2_p225_a2,Vol.2,Part II,p225,1839.,"Hood, Thomas.","Up the Rhine,","1840, pp. 65, 256. (Works, 1869-73, 10 vols., vol. vii, pp. 56, 207.)","[Likeness of Mrs. Wilmot to Chaucer’s Prioress–for her "" tender heart "" and her “Stratford atte Bowe"" French.]",[According to the D. N. B. Up the Rhine was begun in 1836 and published in 1839; the imprint is dated 1840.]
part2_p225_a3,Vol.2,Part II,p225,1839.,"[Longfellow, Henry Wadsworth.]","Hyperion,","pp. 65-6. (Works, Riverside ed. [1886], 11 vols., vol. ii, p. 51.)","Blot out from England’s history the names of Chaucer,
Shakespeare, Spenser, and Milton only, and how much of
her glory would you blot out with them!",
part2_p225_a4,Vol.2,Part II,p225,1839.,"Madden, Sir Frederic.","Sir Gawayne,","ed. Sir F. Madden, Bannatyne Club, Introd. pp. xn., xxxix, Notes, 301, 321, 358.","[p. xxxix] [Reference to Chaucer's lines on Sir Gawain, Squieres Tale,
l. 75, and Rom. of the Rose, B. l. 2209.]
[p. 358] [Bishop Percy considered that Chaucer borrowed the Wife
of Bath’s Tale from Sir Gawain, see above, 1765, vol. i, p. 428.]",
part2_p225_a5,Vol.2,Part II,p225-226,1839.,Unknown.,"Review of Chapters on Early English Literature,","by J. H. Hippisley, [in] The Gentleman’s Magazine, March, 1839, new series, vol. ii, pp. 278-9.","[The review begins with a favourable notice of Hippisley's
book and concludes with the correction of some errors; the
main part is occupied by an estimate of Chaucer:]
There is in him [Chaucer] that which is not to be found
in any preceding or contemporary poet in any modern
language–a groundwork or plot of his great poem laid on
observation of... real life in its different grade and appear¬
ances. At all times and in every age, human character must
have been a prevailing subject of human observation; but to
draw that out from the recesses of private life and oral com¬
munication; to leave without regret those favourite topics
which had so long enchained the muse amid the enchanted
bowers of fairyland... and to descend to the hostelry and
mill... this is the distinctive mark of superior genius...
Chaucer certainly cannot be placed on an equality with
those mighty masters of song who have accompanied the
awful career of human passions through the various scenes of
well-constructed fable.... He had not the height of genius
which could have produced an Œdipus or a Hamlet.","[For Hippisley, see above, 1837.]"
part2_p226_a1,Vol.2,Part II,p226,1839.,Unknown.,"Review of A Treatise on Wood Engraving... by John Jackson,","[in] The Gentleman's Magazine, Aug., 1839, new series, vol. xii, p. 112.","A popular superstition... induced people to believe
that the day on which they should see an image of St.
Christopher, they should not meet with a violent death, or
die without confession.... It is not unlikely that to his
faith in this article of belief, the Squire, in Chaucer's
""Canterbury Tales,” wore
'A Christofre on his breast, of silver shene.'",
part2_p226_a2,Vol.2,Part II,p226,1840.,"[Bandinel, Bulkeley ?]","Catalogue of the Printed Books and Manuscripts bequeathed by Francis Douce, Esq., to the Bodleian Library,","Oxford, pt. i, p. 63, pt. ii [MSS], p. 28.","[pt.i,
p. 63] Canterbury Tales, 1737, 1775 (Tyrwhitt), 1798; Canterbury
[Works, Pynson, n.d., 1532, 1598, 1602, 1721 (Urry);
Tales and other poems, n.d., 2 vols., 8°; Chaucer's ghoast,
1673; Chaucer's incensed ghost, in Morgan's Phœnix Britan¬
nicus, 1732; Kynaston’s Troilus and Cressida, specimen, 1796;
Tales from Chaucer in prose by C. C. Clarke, 1833; Chanon’s
Yeoman's Tale, p. 227 of Ashmole’s Theatr. Chem., 1652;
Life by Singer, n.d.]
[pt. ii,
p. 28] q.v. above, 1614, vol. i, p. 189.]
[MS. clxx. John Lane’s continuation of the Squieres Tale",
part2_p227_a2,Vol.2,Part II,p227,1840.,"Hanmer, Sir John (afterwards Baron Hanmer).","Sonnets,",xvi. Chaucer.,". . . . . . . . .
I bless thee with a kindred heart, Provence:
For to thy tales, like waves that come and go,
Sat Chaucer listening with exulting ear;
And casting his own phrase in giant mould :
That still had charms for sorrow’s gentlest tear,
Telling the story of Griselda’s woe,
""Under the roots of Vesulus the cold.""",
part2_p227_a3,Vol.2,Part II,p227-228,1840.,"Lawrance, Hannah.","Historical Memoirs of the Queens of England,","2 vols., 1838-40; vol. ii, 1840, pp. 9, 22, 24-5, 36, 150, 154-5, 176, 238-41, 254, 264-8, 270-3, 454n.","[vol. ii,
pp.
[Beauty of many of Chaucer's female characters. He must
5]
have seen such women among ""the gentle company that
adorned the court of the noble-minded Philippa, and of the
gracious lady... Anne of Bohemia.""]
[pp. 238- [Anne of Bohemia, a friend and patroness of Chaucer; some
41]
account of him and of his relations to her is given.]
[pp. 264  [An account of Chaucer. Interesting and admirable though
-68]
the Canterbury Tales are, full justice cannot be done to his
poetical character unless we turn to his allegorical poems,
Prologue to Legend of Good Women, Book of the Duchesse,
etc., also the (spurious) Chaucer's Dream (Isle of Ladies),
Flower and the Leaf and Complaint of the Black Knight.
His description of natural scenery is highly praised.]
[pp. 270
-8]
[Occleve, Lydgate and Chaucer.]","[Vol. i, 1838, only contains two unimportant references, on pp. 281, 441.]"
part2_p228_a1,Vol.2,Part II,p228,1840-3.,"Strickland, Agnes and Elizabeth.","Lives of the Queens of England,","12 vols., 1840-3, vol. ii, pp. 359, 388, 389n., 395n.; vol. iii, pp. 177, 236 ; vol. vi, p. 17n.","[vol. ii,
p. 359]
[Philippa of Hainault, by Elizabeth Strickland. Chaucer
Philippa’s protégé; quotation of the lines (described as his)
on the maple–
""That is fair and green
Before the chamber windows of the queen
At Woodstock.""]
[p. 388] [Ibid. On Margaret, fifth daughter of Edward III, ""a
distinguished patroness of Chaucer.""]
[p. 389] [Ibid. Philippa Chaucer's patroness, with whom the
court favour of the father of English verse expired.]
[vol. iii,
p. 177]
[Katherine of Valois, by Elizabeth Strickland. A note on
the royal minstrel James Stuart, who had been captive in
England, was educated at Windsor by Henry IV, wrote
poetry, and took Chaucer and Gower for his models.]
[p. 236] [Margaret of Anjou, by Agnes Strickland. An allusion to
Alice Chaucer as ""the only child and heiress of Geoffrey
Chaucer""–corrected in the edition of 1851, vol. ii, p. 178,
to “the grand-daughter and heiress,"" etc.]
[vol. vi, [Elizabeth, by Agnes Strickland. A note on Donnington
p. 17]
as once belonging to Chaucer.]","[The references in the new and revised edition, eight vols., London, 1851, are: vol. i, pp. 563, 577, 584, 588n. ; vol. ii, pp. 83, 132n, 178; vol. iv, p. 15n. One of these, vol. i, p. 577, an allusion to Philippa’s patronage of Chaucer, is not in the first edition.]"
part2_p228_a2,Vol.2,Part II,p228-229,1840.,"Wordsworth, William.","Letter to Moxon,","[dated] Feb. 24th, 1840. (Letters of the Wordsworth Family, ed. W. Knight, 3 vols., 1907, vol. iii, p. 193.)","Mr. Powell, my friend, has some thought of preparing for
publication some portion of Chaucer modernised, as far and no
farther than is done in my treatment of the “Prioress' Tale.""
That would, in fact, be his model. He will have coadjutors,
among whom, I believe, will be Mr. Leigh Hunt, a man as
capable of doing the work well as any living writer. I have
placed at my friend Mr. Powell’s disposal three other pieces
which I did long ago, but revised the other day. They are
""The Manciple’s Tale,"" ""The Cuckoo and the Nightingale,""
and twenty-four stanzas of ""Troilus and Cressida."" This
I have done mainly out of my love and reverence for Chaucer
in hopes that, whatever may be the merits of Mr. Powell’s
attempt, the attention of other writers may be drawn to the
subject, and a work hereafter produced, by different persons,
which will place the treasures of one of the greatest of poets
within the reach of the multitude, which now they are not.","[For Wordsworth's modernisatlons see above, 1801; for Chaucer Modernised, and for Powell, both below, 1841.]"
part2_p229_a2,Vol.2,Part II,p229,1841.,"Collier, John Payne.","Introduction [to] Patient Grissil,","a comedy by Thomas Dekker, Henry Chettle and William Haughton. Reprinted for Shakespeare Soc., 1841, pp. vi, vii.","[p. vi]  [Chaucer's visit to Padua.]
English readers first became acquainted with the story [of
Griselda] by means of Chaucer's beautiful and extended
versification of the incidents; and comparing them with those
[p. vii] in Boccaccio's novel, it may be inferred that Chaucer saw
Petrarch after he had read, if not translated, what Boccaccio
had sent to him.",[There is no reference to Chaucer either in the play itself or by older editors of it.]
part2_p229_a3,Vol.2,Part II,p229-230,1841.,"[De Quincey, Thomas.]","Homer and the Homeridæ,","[in] Black wood's Edinburgh Magazine, Dec. 1841, vol. l, pp. 747-9, 751. (Collected Writings, ed. D. Masson, 1889-90, 14 vols., vol. vi, pp. 69-73, 78.)","[p. 69] Precisely on this very summer day, so bright and brilliant,
of 1841, are the five hundred years completed (less by
forty-five years than the interspace between Homer and Pisis¬
[p. 70] tratus) since Chaucer was a stout boy, “alive,” and probably
""kicking""; for he was fined about 1341 for kicking a
Franciscan friar in Fleet Street, though Ritson erroneously
asserts that the story was a ""hum,"" invented by Chatterton.
Now, what was the character of Chaucer's diction? A great
delusion exists on that point. Some ninety or one hundred
words that are now obsolete, certainly not many more, vein
the whole surface of Chaucer; and thus a primâ  facie im¬
pression is conveyed that Chaucer is difficult to understand:
whereas a very slight practice familiarises his language.
The Canterbury Tales were not made public till 1380; but
the composition was certainly proceeding between 1350
and 1380, and before 1360 some considerable parts were
published. Here we have a space greater by thirty-five years
than that between Homer and Pisistratus. And observe–
had Chaucer’s Tales enjoyed the benefit of an oral recitation,
were they assisted to the understanding by the pauses in one
place, the hurrying and crowding of unimportant words at
another, and by the proper distribution of emphasis every¬
where... there is no man, however unfamiliar with old
English, but might be made to go along with the movement
of his admirable tales, though he might still remain at a loss
for the meaning of insulated words.
Not Chaucer himself, however, but that model of language
which Chaucer ridicules and parodies, as becoming obsolete in
his days, the rhyme of Sir Thopas-a model which may be
safely held to represent the language of the two centuries
previous-is the point of appeal. Sir Thopas is clearly a
parody of the Metrical Romances. Some of those hitherto
published by Ritson, &c., are not older than Chaucer; but
some ascend much higher, and may be referred to 1200, or
perhaps earlier. Date them from 1240, and that places a
period of six centuries complete between ourselves and them.
Notwithstanding which the greater part of the Metrical
Romances, when aided by the connection of events narrated,
[p. 71] or when impassioned, remain perfectly intelligible to this
hour.
. . . . . . . . . . .
[p. 73] There is also a philosophic reason, why the range of diction
in Chaucer should be much wider, and liable to greater changes
than that of Homer. Review those parts of Chaucer which
at this day are most obscure, and it will uniformly be found
that they are the subjective sections of his poetry; those, for
instance, in which he is elaborately decomposing a character.
A character is a subtle fugacious essence which does, or does
not, exist according to the capacity of the eye which is applied
to it    In Homer's age, no such meditative differences were
perceived. All is objective in the descriptions and external.
. . . . . . . . . . .
[p. 78] Chaucer also, whom Dryden in this point so thoroughly
misunderstood, was undoubtedly a most elaborate master of
metre, as will appear when we have a really good edition of
him.",
part2_p231_a1,Vol.2,Part II,p231-233,1841.,"D'Israeli, Isaac.","Amenities of Literature,","vol. i, pp. 34, 115n. 117-19, 164, 182-3. 191n., 198, 201, 215, 217-18, 236n., 252-82 [article on Chaucer], 286, 291-4, 302-5, 308-12, 314-16n., 320, 347, 369; vol. ii, pp. 30-31, 83, 112, 114, 254, 366, 376; vol. iii, pp. 3-4.","[vol. i,
p. 265]
The creative faculty in Chaucer had not broken forth
in his translations, which evidently were his earliest writings.
The native bent of his genius, the hilarity of his temper,
betrays itself by playful strokes of raillery and concealed
satire when least expected. His fine irony may have some¬
times left his commendations, or even the objects of his
[p. 266] admiration, in a very ambiguous condition... Our poet
has stamped with his immortal ridicule the tale told in his
own person–“The Rime of Sir Thopas.""
[p. 268] Yet humour and irony are not his only excellencies, for
those who study Chaucer know that this great poet has
thoughts that dissolve in tenderness; no one has more skil¬
fully touched the more hidden springs of the heart.
The Herculean labour of CHAUCER was the creation of a
new style. In this he was as fortunate as he was likewise
unhappy. He mingled with the native rudeness of our
English, words of Provençal fancy, and some of French and
of Latin growth. He banished the superannuated and the
uncouth, and softened the churlish nature of our hard Anglo¬
Saxon; but the poet had nearly endangered the novel diction
when his artificial pedantry assumed what he called ""the
ornate style"" in the “Romaunt of the Rose,” and in his
""Troilus and Cressida.""
 . . . . . . . . . . .
[p. 269] We have, however, a glorious evidence amid this struggle
both with a new and with a false style, of Chaucer's native good
taste; he finally wholly abandoned this artificial diction; and
his later productions, no longer disfigured by such tortured
phrases and such remote words, awaken our sympathy in the
familiar language of life and passion.
TYRWHIT has ingeniously constructed a metrical system to
arrange the versification to the ear of a modern reader...
He maintained that the lines were regular decasyllables.
But who can read this poet for any length, even the
Canterbury Tales, in the elaborated text of Tyrwhit, without
[p. 270] being reminded of its fallacy? Even the E final, on which our
critic has laid such stress, though often sounded, assuredly is
sometimes mute. Dan Chaucer makes at his pleasure words
long or short, dissyllabic or trisyllabic; and this he has
himself told us–
"" But for the rime is light and lewde,
Yet make it somewhat agréable,
Though some verse fail in a sylláble.""
in his later work, the Tales; but it is evident that Chaucer
... The verse of Chaucer seems more carefully regulated
trusted his cadences to his ear, and his verse is therefore
usually rhythmical, and accidentally metrical.
 . . . . . . . . . . .
[p. 272] Are the works of our great poet to be consigned to the literary
dungeon of the antiquary's closet? I fear that there is more
than one obstruction which intervenes between the poet’s
name, which will never die, and the poet’s works, which will
never be read. A massive tome, dark with the Gothic type,
whose obsolete words and difficult phrases, and, for us,
uncadenced metre, are to be conned by a glossary as obsolete
as the text, to be perpetually referred to, to the interruption
of all poetry and all patience, appalled even the thorough¬
paced antiquary, Samuel Pegge, as appears by his honest
confession [q.v. above, vol. i, p. 502]. Already a practised
bibliosopher proclaims, alluding to the edition by Tyrwhit
of Chaucer’s Canterbury Tales, ""And who reads any
other portion of the poet?"" Yet the Canterbury Tales
are but the smallest portion of Chaucer's works! But
some skilful critics have perpended and decided differently;
even among the projected labours of Johnson was an edition
[p. 273] of Chaucer’s works, and Godwin, when diligently occupied on
this great poet, with just severity observed that ""a vulgar
judgment had been propagated by slothful and indolent
persons, that the Canterbury Tales are the only part of the
works of Chaucer worthy the attention of a modern reader,
and this has contributed to the wretched state in which his
works are permitted to exist.""
 . . . . . . . . . . .
[p. 274] It is true that the language of Chaucer has failed, but not
the writer. The marble which Chaucer sculptured has be¬
trayed the noble hand of the artist; the statue was finished;
but the grey and spotty veins came forth, clouding the lucid
whiteness.
For the poet or the poetical, the difficulty of the language may
be surmounted with a reasonable portion of everyday patience.
 . . . . . . . . . . .
[p. 277] Ogle, with others, attempted to modernise Chaucer; but it
is as impossible to give such a version of Chaucer as to translate
the Odes of Horace.",
part2_p233_a1,Vol.2,Part II,p233,1841.,"Eller, Irvin.","The History of Belvoir Castle,",p. 207.,"[The Regent’s Gallery.] In a carved oak frame, a Portrait
of Chaucer, 1400; 9½ inches broad, by 12 inches high. The
author of this work would hazard an opinion, that this was
painted by Occleve, one of the first of our poets; and who, it
is known, was so attached to Chaucer, that he calls him his
master, and his father, and affectionately and repeatedly
laments him. What renders this opinion more probable, is,
that Vertue mentions an illuminated manuscript of Thomas
Occleve, in which there is a portrait of Chaucer, painted by
Occleve himself.","[An anonymous reviewer in the Gentleman's Magazine, July 1841, new ser. vol. xvi, pp. 57-8, scouts this ascription.]"
part2_p233_a2,Vol.2,Part II,p233,1841.,"Emerson, Ralph Waldo.","History, and The Over-Soul,","[in] Essays, First Series, London, 1841, pp. 25, 238. (Works, Centenary edition, 1903, vol. ii, pp. 29-30, 288.)","[p. 29] The advancing man discovers how deep a property he has in
literature... One after another he comes up in his private
adventures with every fable of Æsop, of Homer, of Hafiz, of
Ariosto, of Chaucer, of Scott, and verifies them with his
own head and hands.
[p. 288] Humanity shines in Homer, in Chaucer, in Spenser, in
Shakspeare, in Milton.",[The Essays first appeared at Boston in 1841; the first edn. in B.M. is the London reprint of the same year.]
part2_p233_a3,Vol.2,Part II,p233,[1841.,"Fox, William Johnson.]","Hymns and Anthems used at the Unitarian Chapel, South Place, Finsbury.","No. cxxiii. [Ed. W. J. Fox, published by Chas. Fox, 1841.]","Britain’s first poet,
Famous old Chaucer,
Swanlike in dying
Sung his last song,
When at his heartstrings
Death's hand was strong.
[Then follows a paraphrase of ‘Fle fro the pres.’]","[See Notes and Queries, June 12, 1852, vol. v, p. 574; also E. Garnett's Life of W. J. Fox, 1910, pp. 218-21. The 1845 edn. is the first in B.M.]"
part2_p234_a2,Vol.2,Part II,p234-238,1841.,"Horne, Richard Hengist, Wordsworth , William, etc.",The Poems of Geoffrey Chaucer modernised.,"[Selections from the Canterbury Tales and other works modernized in verse, by R. H. Horne, W. Wordsworth, Leigh Hunt, E. B. Barrett, T. Powell, and R. Bell. Preceded by a life of Chaucer by L. Schmitz. See, for an account of this book, above, Introduction, pp. I-lii; for Wordsworth’s contributions to it see above, 1801 and 1840; and, for Powell’s, below, 1841.]","[Contents:]
Title page, with quotation from Drayton’s poem, ‘To...
Henry Reynolds’ [q. v. above, 1627, vol. i, p. 200], wrongly
signed ‘Wordsworth.’
Introduction, by R. H. Horne, headed by quotation ""For
out of the olde fieldés,"" etc., pp. v-cv.
Life of Chaucer, by Professor Leonhard Schmitz, pp. cviii,
cxxxviii.
Eulogies on Chaucer, by his contemporaries and others, pp.
cxxxix-cxlvii.
Prologue to the Canterbury Tales, by R. H. Horne, pp.
3-33.
The Cuckoo and the Nightingale, by William Wordsworth,
pp. 37-53.
The Legends of Ariadne, Philomene, and Phillis, by Thomas
Powell, pp. 57-86.
The Manciple's Tale, by Leigh Hunt, pp. 88-106.
The Rime of Sir Thopas, by Z. A. Z., pp. 109-123.
Extract from Troilus and Cressida, by William Wordsworth,
pp. 127-135.
The Reve’s Tale, by R. H. Horne, pp. 138-159.
The Flower and the Leaf, by Thomas Powell, pp. 162-191.
The Friar's Tale, by Leigh Hunt, pp. 195-209.
The Complaint of Mars and Venus, by Robert Bell, pp. 213-
234.
Queen Annelida and False Arcite, by Elizabeth B. Barrett,
pp. 237-257.
The Squire's Tale, by Leigh Hunt, pp. 260-287 [Hunt's
second version : for the first see above, 1823].
The Franklin’s Tale, by R. H. Horne, pp. 290-331.
[From Horne’s Introduction, we print the following:]
[p. v] The present publication does not result from an antiquarian
feeling about Chaucer, as the Father of English Poetry, highly
interesting as he must always be in that character alone; but
from the extraordinary fact, to which there is no parallel in
the history of the literature of nations,—that although he is
one of the great poets for all time, his works are compara¬
tively unknown to the world. Even in his own country, only
a very small class of his countrymen ever read his poems.
Had Chaucer's poems been written in Greek or Hebrew, they
[p. vi] would have been a thousand times better known. They
would have been translated. Hitherto they have had almost
everything done for them that a nation could desire, in so far
as the most careful collation of texts, the most elaborate
essays, the most ample and erudite notes and glossaries, the
most elaborate and classical (as well as the most trite and
vulgar) paraphrases, the most eloquent and sincere admiration
and comments of genuine poets, fine prose writers, and scholars
–everything, in short, has been done, except to make them
intelligible to the general reader.
Except in the adoption of a modern typography, Chaucer's
poems have always appeared hitherto, under no better
auspices for modern appreciation than on their first day of
publication, some three centuries and a half ago. Concerning
the various attempts to render several of his poems available
to the public, which have been made at intervals by poets
and lovers of Chaucer, a few remarks will shortly be sub¬
mitted. With whatever reverence or admiration these latter
may have been received by the readers of those poets who in¬
[p. vii] troduced such specimens among their own works, it is certain
that they produced no perceptible effect in the popularity of
the original author.
Whether there has been a feeling in the public about
Chaucer, amounting to a sort of unconscious resentment at the
total inability to read his poems without first bestowing the
same pains upon his glossary, which has been more willingly
accorded to poetry and prose in the Scottish dialect; or
whether on account of certain passages which in the present
state of refinement appear offensive to a degree that the good
folks of Chaucer's time, as well as the poet himself, could
never have contemplated, it is not necessary to determine.
Such an antipathy to the study of his language does exist;
and-while we, curiously enough, find Chaucer sometimes
apologizing, with meek humility and gentilesse, for using
some expressions which are now in common use, but which
were considered very improper in his day-it is undeniable
that various passages and expressions occur here and there,
[p. viii] in his works, which are calculated to startle a modern reader,
and make him doubt his eyes. Howbeit, this great fact is
sufficiently apparent,–that Chaucer is a poet, and a founder
of the language of his country; (taking rank as such, with
Homer and with Dante, and being the worthy forefather of
Shakespeare, Spenser, and Milton;) whose poetry is compara¬
tively unread and unknown even in his own country. The
simple statement of such a fact will sufficiently explain the
feeling which, in all sincerity and reverent admiration, has
prompted those who have united in this present undertaking.
From what has been said, it will be readily apprehended,
that this attempt at a translation, or transfusion, of Chaucer
into modern English, is by no means intended for the reading
of those, who, being learned in the black letter, or familiar
with the dialect of the period, can and do read the great poet
with facility and delight. It is expressly intended for all
that vast majority of our countrymen, and of foreigners
acquainted with the English and English literature, who
[p. ix] are unable to do this; and who, either from indisposition,
or the want of sufficient leisure, have never given the study
requisite for a right appreciation of the author's meaning,
but who, at the same time, having a genuine love for noble
poetry, would rejoice to find such labours superseded by a
faithful version of the great poet, bereft of his obsolete dialect.
The project has already received demonstration of the utmost
sympathy from many high quarters at home and abroad,
while the work was going through the press; and we have
at present only met with one individual of literary eminence
[Landor, q.v. below, 1841], who boldly declared, that he still
wished ""to keep Chaucer for himself and a few friends.""
The grand obstacle to be surmounted in reading Chaucer
has, of course, been always, that of his obsolete dialect; but
one of the main causes of his poems remaining so long with¬
out modernizing (for they have hitherto been only para¬
phrased in a very free manner), is because they are all in
rhyme. Here begins the first and most trying difficulty in
[p. x] rendering his poems available to the public of the present
time. To translate his poems into blank verse, would be
losing a characteristic feature of the original; to give the
rhymes he uses is often impossible, because the words them¬
selves, or the grammatical structure of the terminations are
obsolete; to substitute rhymes of similar quantity and sound
can seldom be successfully accomplished, because it has a
tendency, when you are struggling to obtain the sense of the
passage, to induce a mechanical awkwardness; and to supply
new rhymes generally requires that a whole line, if not the
couplet, must be changed in rhythm or totally remodelled.
In the attempts, therefore, which have been hitherto made
(with the exception of two of the Tales, modernized by Lord
Thurlow and Mr. Wordsworth) the whole substantial material
of Chaucer has been left as it stood, and the leading ideas only
being adopted, a new poem has been written with more or less
ability and verisimilitude, according to the genius and talent
of the individual and the principle on which he proceeded.
The versions of Chaucer which have been given by Dryden
[p. xi] and Pope, are elaborate and highly finished productions, read¬
ing exactly like their own poems, and not bearing the slightest
resemblance to Chaucer. Even his finest lines and couplets
which often require little or nothing more than a change in
the orthography, have scarcely ever been retained. Every¬
thing was paraphrased, made fluent, sounding, and full of
""effects""; though it is equally true, that Chaucer occasionally
received a very noble present from Dryden, for which nothing
more than a suggestion is traceable in the original. Their
versions of several of the Canterbury Tales, bearing the dates
of 1699 and 1711, were subsequently adopted by Ogle,
together with some of his own, and of sundry other writers,
and published in three volumes in 1741. The same versions,
[p. xii] with additions, were collected by Lipscombe, and published
in 1795. As it is impossible to praise these editions for any
resemblance to the original, it would be far more agreeable
to pass them without further remark; but our readers will
naturally expect some proofs in support of the judgment
thus hazarded. It is earnestly requested, however, that the
following brief review may not be understood as given for
the sake of criticism, but solely out of reverence towards
Chaucer, who has not been fairly treated.  ...
[p. xxi] Perhaps the best in execution of these paraphrases (of
course excepting those of Dryden and Pope) are the tales
furnished by Mr. Boyce; at all events they are the most
ambitious. He renders the ""Squire's Tale"" in stanzas. The
opening, it must be acknowledged, is high and imposing :—
""Where peopled Scythia’s verdant plains extend""
[and six following lines].
Many readers may perhaps admire the lofty tone of this open¬
[pp. xii- [A review in more detail of previous modernisations, in
ing stanza–but why associate it with the name of Chaucer?
xxxi]
which severe criticism is passed upon the freedoms and the
vulgarisations allowed themselves by many of the modernisers;
but Lord Thurlow’s version of The Flower and the Leaf is
praised for its fidelity.]
[p. xxxi] There may be several methods of rendering Chaucer in
modern English. It will be sufficient, however, to mention
the two extremes. The advocates of the one argue–that in
order to render Chaucer truly, it must be done in the spirit
rather than in the letter; simply because so much of the
letter, or words, of his period differ both in sound and sense
[p. xxxii] from those now in use.  . . . The advocates of the opposite
method argue, that all the substantial material and various
rhythm of Chaucer should be adopted as far as possible.  ...
To retain or preserve the existing substance is the rule; to
rewrite and paraphrase is the exception.  ...
[p. xxxiii] The safest method, as the most becoming, is manifestly that
of preserving as much of the original substance as can be
rendered available.  ...
[pp.
xxxvii-
xciii]
[An examination of Chaucer's rhythm, shewing that he
“ was a most harmonious and melodious poet.”]
[pp.
xciii-cv]
[Chaucer’s broad sympathy, pathos, graphic power and true
morality and piety.]
[pp. cvii-
cxxxviii]
[Professor L. Schmitz’s “Life of Geoffrey Chaucer,” con¬
taining the errors based on acceptance of the Court of Love
and the Testament of Love.]",
part2_p238_a1,Vol.2,Part II,p238,1841.,"Hunt, James Henry Leigh.",,"See below, 1841, Powell.",,
part2_p238_a2,Vol.2,Part II,p238-239,[n.a. 1841.],"Landor, Walter Savage.","Letter to Richard Hengist Horne,","[not published in Landor's letters; partly printed in] Letters of Elizabeth Barrett Browning addressed to Richard Hengist Horne, ed. by S. R. Townshend Mayer, 1877, vol. i, p. 99.","[Horne is writing: In answer to an application from
Horne to take part in the modernisation of Chaucer, brought
out in 1841, Landor first replied that he believed] ""as many
people read Chaucer"" (meaning in the original) ""as were fit
to read him."" As I [i. e. Horne] took leave to doubt this,
Landor again wrote, saying–""Indeed I do admire him, or
rather love him. In my opinion, he is fairly worth a score or
two of Spensers. He had a knowledge of human nature and
not of doll-making and fantoccini dressing.  ... Pardon me if
I say I would rather see Chaucer quite alone, in the dew of
his sunny morning, than with twenty clever gentlefolks about
him, arranging his shoe-strings and buttoning his doublet.
I like even his language. I will have no hand in breaking
his dun but rich-painted glass to put in (if clearer) much
thinner panes.""","[Landor afterwards changed his mind and defended Wordsworth for his share in these modernisations; see below, 1856. For Horne's comment on this letter see above, 1841. In the American edition of these letters, with a Preface and Memoir by R. H. Stoddard, New York, 1877, the reference is vol. i, pp. 78-9.]"
part2_p239_a1,Vol.2,Part II,p239,1841.,"N[icolas, Sir] N[icholas] H[arris].","The French of Stratford atte Bowe,","[in] The Gentleman’s Magazine, Aug., 1841, new series, vol. xvi, p. 154.","It is evident that the Prioress's French was none of the
purest; but there is some reason for supposing that Chaucer
really meant that the Prioress could not speak any French at
all. [Quotation from Ferne, q.v., above, 1586, vol. i, p. 129.]
The Prioress’s greatest oath was “by St. Loy,"" which Tyr¬
whitt has elongated for the sake of the metre to""St. Eloy"";
but for which he says he has no other authority than Urry.
It may therefore be as well to remark, that many towns in
France are called St. Eloy.",
part2_p239_a2,Vol.2,Part II,p239-240,1841.,"Powell, Thomas [or Hunt, James Henry Leigh ?].","The Nun's Priest's Tale; or, the Cock and the Fox. Modernised from Chaucer,","[in] The Monthly Chronicle, Feb. 1841, vol. vii, pp. 119-33.","[p. 120]
A widow poor, and bent with age, I wot,
Was whilome dwelling in a little cot,
Beside a grove, within a rustic dale.
This widow, of the which I tell my tale,
In cheerful patience led a simple life,
Since that sad day when she was last a wife [etc.].","[Robert Browning stated in a letter (q.v., below, 1846) that Powell ""bought two modernisations of Chaucer–'Ugolino' and another story from Leigh Hunt-and one 'Sir Thopas' from Horne, and printed them as his own.” The Chaucer modernisations printed by Powell are as follows: (i) The Floure and the Lefe; (ii) The Legends of Ariadne, Philomene and Phillis, from L.G.W.; (iii) The Rime of Sir Thopas; (iv) The Nonne Prestes Tale; (v) Ugolino of Pisa, from The Monkes Tale. Poems, London, 1845, pp. 209-11. Nos. i-iii had already appeared in Chaucer Of these i-iv are found in Powell's Poems, London, 1842, pp. 3-114, and v in his Modernised, 1841 (q.v., above, Horne), i and ii under his own name, and iii signed ""Z.A.Z.""; iv is that to which this note is appended, and for v we have found no appearance other than the 1845 Poems. The versions (i, ii) appearing over Powell's name in Chaucer Modernised at least cannot be Horne's or Hunt's; and if, as Browning says, iii be Horne's (though why Horne should sign this version ""Z.A.Z."", when he signs others by his own name, it is difficult to see), and v Leigh Hunt's, then the only remaining one of the five to be the second tale bought from Leigh Hunt is iv, this version of The Nonne Prestes Tale. Browning says that he helped Powell with his verses, and certainly the modernisations are superior to the original poems, which are very poor in both volumes. That Powell was the instigator of Chaucer Modernised is shown by Wordsworth's letter to Moxon (q.v. above, 1840).]"
part2_p240_a1,Vol.2,Part II,p240,1841.,"Saunders, John.","The Tabard,","[in] London, ed. Charles Knight, 1841-4, 6 vols., vol. i, 1841, pp. 57-72.","[A full and excellent account of the Tabard, with four
woodcuts.]",
part2_p240_a2,Vol.2,Part II,p240,1841.,"[Saunders, John.]","Chaucer's Portrait Gallery,","[in] The Penny Magazine, vol. X, Feb.-Dec., pp. 65-7, 79-80, 93-5, 101-3, 145-6, 171-2, 185-6, 230-32, 245-6, 271-2, 293-4, 322-4, 345-6, 375-6, 393-4, 442-3, 449-50, 460-62, 481-2, 495-6.","[A series of sketches of the Canterbury Pilgrims, with quota¬
tions; enlarged and published in 1845 in volume form as
Cabinet Pictures of English Life: Chaucer, q.v. below. Each
sketch has a woodcut; these reappear in the volume.]",
part2_p240_a3,Vol.2,Part II,p240,1841.,"Schmitz, Leonhard.","A Life of Geoffrey Chaucer,","[in] The Poems of Geoffrey Chaucer Modernised. See above, Horne.",,
part2_p240_a4,Vol.2,Part II,p240,1841.,"Smith, John.","The Life, Journal and Correspondence of Samuel Pepys, Esq.,","2 vols., vol. ii, pp. 254-255n.","[The Editor reprints Dryden’s Letter to Pepys of July 14,
1699 (from Scott's Dryden, 1808, xviii, 156) and Pepys'
answer to Dryden of same date (q. v. above, vol. i, pp. 270-71).
He adds a few notes to the letters, and in one in vii, 254, to
the Good Parson, says:]
To Chaucer's other poems Pepys appears to have been
attracted. Thus, in Percy’s Reliques, there is an original ballad
by Chaucer, printed for the first time, from an ancient MS. in
the Pepysian library, that contains many other poems of its
venerable author.","[The 'ballad' is the Roundel of Merciles Beaute, and the MS. Pepys 2006, p. 390. See Percy’s Reliques, ed. H. B. Wheatley, 1876-7, 3 vols., vol. ii, pp. 14-16.]"
part2_p240_a5,Vol.2,Part II,p240-241,1841.,Unknown.,"The Persone of a Toun, 1370; his character from Chaucer, imitated and enlarged by Mr. Dryden, now again altered and abridged. Together with the Persones prologue and tale.",By the Persone of a Toun.,"[A small tract of 24 pages; the editor says in a prefatory
note: “ ‘The Parson's Tale,’ which in Chaucer is a Homily,
has been abridged and adapted as a specimen of the doctrines
of the 'Holy Chirche' of England, in the olden time (circa)
1370."" The ""Postscript"" at the end (p. 22) begins, ""The
Prologue has been adapted, and the concluding lines metred,
from Chaucer: the latter being, in the original, a prayer
at the end of his 'Canterbury Tales,' in which he expresses
his sorrow and regret at the ribaldry and pollution contained
in his writings. An author should never forget, that when he
has passed into another world, his works, if calculated to
corrupt, may still be doing their mischief, and... his crimes
may thus be extended... through centuries."" A few notes
follow.]",
part2_p241_a1,Vol.2,Part II,p241,[a. 1841.],Unknown.,"The Book of the Poets (Chaucer to Beattie),","pp. xvi-xviii [Essay on English Poetry; enthusiastic praise of Chaucer’s poetry], 2 [biographical sketch of Chaucer], 3-7.","[Extracts, un modernized, from the Knightes Tale, Prologue and Sir Thopas, and the Good Counsail. On p. 3 is an engraving of the inter ruption by Theseus of the duel between Palamon and Arcite. For the serial review by Elizabeth Barrett, see below, 1842].","[The ""new edition"" of this book, 1841, is the first in the English Catalogue; that of 1846, with steel engravings after Corbould, is the first in B.M. The references given above are to this edn.]"
part2_p241_a2,Vol.2,Part II,p241,1841.,Unknown.,"Review of Horne and Wordsworth's Poems of Geoffrey Chaucer Modernised,","[in] The Athenæum, 6 Feb. 1841, pp. 107-8.","[p.107] To extend a taste for this great poet has been the task
of the several writers who have united to produce the work
before us, which we venture to predict, without much pre¬
tension to prophecy, will do no more to make Chaucer read,
than Ogle, or Lipscombe, Pope, Dryden, or Wordsworth, have
done already. To our thinking, the greatest help ever given
to Chaucer, has been in the cheap reprint of his ‘Canterbury
Tales,’ in Dove’s Classics and Bell’s Poets; the low price
of the volumes induced purchasers; and if men will only
attempt to read, they will soon relish and appreciate, for
Chaucer is as much a poet for the many as Shakspeare
himself.   . . .
Chaucer, in this modern version, is as much like old
Geoffrey as Sprat and Flatman are like Pindar. [Much more
very severe condemnation of the plan and execution of the
book.]",
part2_p242_a1,Vol.2,Part II,p242,1841.,"Wordsworth, William.","Letter to Henry Reed of Philadelphia,","[printed in] Memoirs of William Wordsworth, by Christopher Wordsworth, 1851, 2 vols., vol. ii, p. 373-5. (Letters of the Wordsworth Family, ed. W. Knight, vol. iii, p. 218.)","There has recently been published in London a volume
of some of Chaucer's tales and poems modernised. This little
specimen originated in what I attempted with the ‘Prioress's
Tale’; and if the book should find its way to America, you
will see in it two further specimens from myself. I had no
further connection with the publication than by making a
present of these to one of the contributors [Powell; see
above, 1840, Wordsworth]. Let me, however, recommend
to your notice the ‘Prologue,’ and the ‘Franklin's Tale’;
they are both by Mr. Horne, a gentleman unknown to me,
but are, the latter in particular, very well done. Mr. Leigh
Hunt has not failed in the 'Manciple's Tale,' which I myself
modernised many years ago; but, though I much admire
the genius of Chaucer as displayed in this performance, I
could not place my version at the disposal of the editor, as
I deemed the subject somewhat too indelicate, for pure taste,
to be offered to the world at this time of day. Mr. Horne
has much hurt this publication by not abstaining from the
'Reve's Tale'; this, after making all allowance for the rude
manners of Chaucer's age, is intolerable, and by indispensably
softening down the incidents, he has killed the spirit of that
humour, gross and farcical, that pervades the original. When
the work was first mentioned to me, I protested as strongly as
possible against admitting any coarseness or indelicacy; so
that my conscience is clear of countenancing aught of that kind.
So great is my admiration of Chaucer's genius, and so profound
my reverence for him as an instrument in the hands of
Providence for spreading the light of literature through his
native land, that, notwithstanding the defects and faults of
this publication, I am glad of it, as a means for making many
acquainted with the original who would otherwise be ignorant
of everything about him but his name.",
part2_p244_a1,Vol.2,Part II,p244,1842.,"Black, William Henry.","Introduction [to] Paraphrase of the Seven Penitential Psalms,","pp. viii [Ploughman's Tale sometimes inserted in Canterbury Tales], xiv [anapæsts strange to those used to Chaucer’s regular iambic measures], Notes, pp. 55, 57-8, 59, 61, 65, 69-70.",,
part2_p244_a3,Vol.2,Part II,p244,1842-6.,"Guest, Edwin.","[Philological Papers,","[in] Proceedings of the Philological Society for 1842-6, vols. i-iv, 1844-6.",[Many quotations from Chaucer throughout.],
part2_p244_a4,Vol.2,Part II,p244-245,1842.,"Landor, Walter Savage.","Southey and Porson (Second Conversa tion),","[in] Blackwood’s Edinburgh Magazine, Dec. 1842, vol. lii, p. 710. (Works, 1846, vol. i, pp. 80-81; Imaginary Conversations, ed. C. G. Crump, 1891, 6 vols., vol. iii, pp. 250-52.)","SOUTHEY AND PORSON.
[vol. ii,
p. 250]
Porson. There is scarcely a poet of the same eminence
[as Spenser] whom I have found it so delightful to read in, or
so tedious to read through. Give me Chaucer in preference.
He slaps us on the shoulder, and makes us spring up while the
dew is on the grass, and while the long shadows play about it
in all quarters. We feel strong with the freshness round us,
and we return with a keener appetite, having such a companion
in our walk. Among the English poets, both on this side and
the other side of Milton, I place him next to Shakspeare; but
the word next, must have nothing to do with the word near.  ...
[p 251] I like Pietro Perugino a thousand-fold better than Carlo
Maratta, and Giotto a thousand-fold better than Carlo Dolce.
On the same principle, the daybreak of Chaucer is pleasanter
to me than the hot dazzling noon of Byron.
Southey.... His [Byron's] partisans, no one of whom prob¬
ably ever read Chaucer, would be indignant at your preference.
They would wonder, but hardly with the same violence of
emotion, that he was preferred to Shakspeare. Perhaps his
countrymen in his own age, which rarely happens to literary
[p. 252] men overshadowingly great, had glimpses of his merit. One
would naturally think that a personage of Camden’s gravity,
and placed beyond the pale of poetry, might have spoken less
contemptuously of some he lived among, in his admiration of
Chaucer. He tells us both in prose and verse by implication,
how little he esteemed Shakspeare. Speaking of Chaucer
he says, “he, surpassing all others, without question, in wit,
and leaving our smattering poetasters by many leagues behind
him,
‘jam monte potitus
Ridet anhelantem dura ad fastigia turbam.’",
part2_p245_a1,Vol.2,Part II,p245,1842.,"[Landor, Walter Savage.]","Review of Theocritus, Bio. et Moschus, ex recog. Aug. Meinekii,","[in] The Foreign Quarterly Review, Oct. 1842, vol. xxx, p. 180. (Longer Prose Works, ed. C. G. Crump, 1893, 2 vols., vol. ii, p. 195, as ‘The Idylls of Theocritus.’)","Chaucer was born before that epidemic [of conceits] broke
out which soon spread over Europe, and infected the English
poetry as badly as any.",
part2_p245_a2,Vol.2,Part II,p245,1842.,"Mitford, Mary Russell.",Letter to Miss Barrett,"[E. Barrett Browning. dated] Aug. 18, 1842, [printed in] The Life of Mary Russell Mitford, related in a selection from her letters, ed. by the Rev. A. G. L’Estrange, 1870, vol. iii, p. 157-8.","What you say of Milton is full of truth. But one truth you
have, I think, not perceived, that the want of distinctive
character causes much of the heaviness of character, individu¬
ality, the power of identification, which is the salt of all
literature from Horace to Scott. It is the one great merit of
your own Chaucer.",
part2_p245_a3,Vol.2,Part II,p245,1842.,"Thoreau, Henry David.","Journal,","Jan. 2, 1842, [printed in] Winter. (Writings, Riverside edn., 1894-5, 10 vols., vol. viii, p. 96.)","[Chaucer’s regret for the grossness of his early poems very
creditable to him.]",
part2_p246_a1,Vol.2,Part II,p246,1842.,Unknown.,"Hints for a New Book of Literary Parallels; Dante, Virgil, Chaucer, Milton and Petrarch,","[in] Fraser's Magazine, March, 1842, vol. xxv, pp. 251, 254-5.","[pp. 254-5] [Chaucer compared for his ""vivid picturesque of manners""
with Homer and Dante, and also, for his (supposed) exile, to
the latter.]",
part2_p246_a2,Vol.2,Part II,p246,1842.,Unknown.,"Review of Poems by Alfred Tennyson,","[in] The Quarterly Review, vol. lxx, p. 391.","See how Chaucer exhibits to us all that lay around him,
the roughness and ignorance, the honour, faith, fancy, joyous¬
ness of a strong mind, and a strong age, both tranquil within
bounds which, as large enough for their uses, neither had tried
to pass.  ... Of all these peculiarities of character, so blended
in that world are strength and unconsciousness, not one ever
rises into individuality of principle. In clearness, freedom,
fulness, what delineation of our actual life can be at all
compared with this? Of this poet how truly may it be said,
‘O'er Chaucer's blithe old world, for ever new,
In noon’s broad sunbeam shines the morning dew;
And while tired ages float in shade away,
Unwearied glows with joy that clear to-day.’",[We have not been able to trace this reference.]
part2_p247_a1,Vol.2,Part II,p247,1843.,"Carlyle, Thomas.","Past and Present,","p. 175. (Works, Centenary Edition, 1896-7, 30 vols., vol. x, p. 130.) Thinkest thou there were no poets till Dan Chaucer? No heart burning with a thought, which it could not hold, and had no word for; and needed to shape and coin a word for,–what thou callest a metaphor, trope, or the like? For every word we have there was such a man and poet.","p. 175. (Works, Centenary
Edition, 1896-7, 30 vols., vol. x, p. 130.)
Thinkest thou there were no poets till Dan Chaucer? No
heart burning with a thought, which it could not hold, and
had no word for; and needed to shape and coin a word
for,–what thou callest a metaphor, trope, or the like? For
every word we have there was such a man and poet.",
part2_p247_a2,Vol.2,Part II,p247,1843.,"[Chambers, Robert.]","Chaucer,","[in the] Cyclopædia of English Literature, 1844 [preface dated 1843]. See below, App. A.","[in the] Cyclopædia of English
Literature, 1844 [preface dated 1843]. See below, App. A.",
part2_p247_a3,Vol.2,Part II,p247,1843.,"Emerson, Ralph Waldo.","Europe and European Books,","[in] The Dial (Boston), April, 1843, vol. iii, p. 515. (Works, Centenary Edition, 1903, 12 vols., vol. xii, p. 366.) The poet must not only converse with pure thought, but he must demonstrate it almost to the senses. ... In the debates on the Copyright Bill, in the English Parliament, Mr. Sergeant Wakley, the Coroner, quoted Wordsworth’s poetry in derision, and asked the roaring House of Commons, what that meant, and whether a man should have public reward for writing such stuff. Homer, Horace, Milton and Chaucer would defy the Coroner. Whilst they have wisdom to the wise, he would see that to the external they have external meaning.","[in] The
Dial (Boston), April, 1843, vol. iii, p. 515. (Works, Centenary
Edition, 1903, 12 vols., vol. xii, p. 366.)
The poet must not only converse with pure thought,
but he must demonstrate it almost to the senses.  ...
In the debates on the Copyright Bill, in the English
Parliament, Mr. Sergeant Wakley, the Coroner, quoted
Wordsworth’s poetry in derision, and asked the roaring
House of Commons, what that meant, and whether a man
should have public reward for writing such stuff. Homer,
Horace, Milton and Chaucer would defy the Coroner. Whilst
they have wisdom to the wise, he would see that to the
external they have external meaning.",
part2_p247_a4,Vol.2,Part II,p247,1843.,"Hood, Thomas.","Mrs. Gardiner,","[in] The New Monthly Magazine, 1843, vol. Ixviii, pt. ii, p. 151. (Works, 1869-73, 10 vols., vol. viii, p. 341.) Let the Horticulturists hunt through their Dictionaries, ... they will never invent such apt and pleasant names as the old English ones, to be found in Chaucer, Spenser, and Shakespeare.","[in] The New Monthly Magazine,
1843, vol. Ixviii, pt. ii, p. 151. (Works, 1869-73, 10 vols., vol.
viii, p. 341.)
Let the Horticulturists hunt through their Dictionaries,
... they will never invent such apt and pleasant names as
the old English ones, to be found in Chaucer, Spenser, and
Shakespeare.",
part2_p247_a5,Vol.2,Part II,p247-248,1843.,N/A,"Reliquiæ Antiquæ, 1841-3, 2 vols.,","vol. ii, 1843, pp. 11, 58-70. [p. 11] Palamon and Ersyte. [A fragmentary poem in dialogue from a MS. at Trinity Coll., Dublin. The speakers are Pala mon, Emlyn, and Ersyte.] [p. 59] Folio MS. in the Royal Library at Naples, on paper, middle of the fifteenth century, marked on the back “MS. di Poesie Tedeschi, O 4n6.—12 A. 47."" [flyleaf, ‘Lingua Tedescha’ corrected to ‘Inglese.’] [The Chaucer references in the course of the description of the contents are as follow :] [p. 65] p. 87-113 [of the MS.]. Libious Disconious. The romance of Sir Libeaux Desconus belongs to the thirteenth century, and is mentioned by Chaucer as a popular romance. [p. 67] p. 114-8 [of the MS.]. Fragment of Sir Isumbras. Two copies of this romance of an old date are known: also an edition in black letter. It is usually considered to have been one of this class of compositions ridiculed by Chaucer in his Ryme of Sir Thopas, which is “full of phrases taken from Isumbras and other romances."" (v. Tyrwhitt's Chaucer.) [p. 68] p. 119-46 [of the MS.]. Griselde. This poem on the subject of Patient Griseldis has no title, but is in fact Chaucer's Griselde, or The Clerke of Oxenfordes Tale, which, as the Clerke declares in his prologue, he learned of Petrark at Padua.","vol. ii,
1843, pp. 11, 58-70.
[p. 11] Palamon and Ersyte. [A fragmentary poem in dialogue
from a MS. at Trinity Coll., Dublin. The speakers are Pala¬
mon, Emlyn, and Ersyte.]
[p. 59] Folio MS. in the Royal Library at Naples, on paper, middle
of the fifteenth century, marked on the back “MS. di Poesie
Tedeschi, O 4n6.—12 A. 47."" [flyleaf, ‘Lingua Tedescha’
corrected to ‘Inglese.’]
[The Chaucer references in the course of the description of
the contents are as follow :]
[p. 65]
p. 87-113 [of the MS.]. Libious Disconious.
The romance of Sir Libeaux Desconus belongs to the
thirteenth century, and is mentioned by Chaucer as a popular
romance.
[p. 67]
p. 114-8 [of the MS.]. Fragment of Sir Isumbras.
Two copies of this romance of an old date are known:
also an edition in black letter. It is usually considered to
have been one of this class of compositions ridiculed by
Chaucer in his Ryme of Sir Thopas, which is “full of phrases
taken from Isumbras and other romances."" (v. Tyrwhitt's
Chaucer.)
[p. 68]
p. 119-46 [of the MS.]. Griselde.
This poem on the subject of Patient Griseldis has no
title, but is in fact Chaucer's Griselde, or The Clerke of
Oxenfordes Tale, which, as the Clerke declares in his prologue,
he learned of Petrark at Padua.",
part2_p248_a1,Vol.2,Part II,p248,[1843-4.],"Nicolas, Sir Nicholas Harris.",Life of Chaucer. [Prefixed,"to the Aldine edn. of the Works, 1845, issued separately in 1843, or early in 1844. See below, 1845, Works, and for reviews, etc., below, 1844, Palgrave and Unknown.]","to the Aldine edn. of the Works, 1845, issued separately in 1843,
or early in 1844. See below, 1845, Works, and for reviews, etc.,
below, 1844, Palgrave and Unknown.]",
part2_p248_a2,Vol.2,Part II,p248,1843.,"Quillinan, Edward.",Letter,"to Henry Crabb Robinson, [in] Diary, Reminiscences and Correspondence of H. C. Robinson, 1869, 3 vols., vol. iii, p. 224. Pope also taught me to read Chaucer and the “Fairy Queen.""","to Henry Crabb Robinson, [in] Diary,
Reminiscences and Correspondence of H. C. Robinson, 1869,
3 vols., vol. iii, p. 224.
Pope also taught me to read Chaucer and the “Fairy
Queen.""",
part2_p248_a3,Vol.2,Part II,p248-249,1843.,"Saunders, John.","Westminster Abbey; IV. Poets' Corner,","[in] London, edited by Charles Knight, 1841-4, 6 vols., vol. iv, 1843, pp. 114-17. [p. 114- [Chaucer's tomb and its history.] 5] As we pause to gaze on its decayed and blackened front, and to examine, with an interest that finds little to repay it, the remains of the poet's effigy, a kind of melancholy simi larity between the fate of Chaucer's reputation and that of his memorial suggests itself: what Spenser calls “black oblivion's rust"" has been almost as injurious to the first as to the last. and has caused one of the greatest, and, as far as qualifications are concerned, most popular of poets, to be the most neglected. .. There is a rust upon his verses, it is true, that mars, upon the whole, their original music (such as we find it break ing out at intervals where time has not played his fantastic tricks with the spelling and pronunciation). ... He who devotes one day to studying Chaucer will be delighted the next, and on the third will look back with amazement on his ignorance of the writer who, all circumstances of time and position considered, can scarcely be said to have had yet a superior, unless it be Shakspere. And even he has not equalled, in some respects, the man who at once made England a poetical country; there is nothing in the whole range of literature that can be compared, for instance, to the pathos of the story of Griselda. ... Chaucer, like Shakspere, seems to have combined in himself all the qualities which are generally found to belong to different individuals.","[in]
London, edited by Charles Knight, 1841-4, 6 vols., vol. iv, 1843,
pp. 114-17.
[p. 114-
[Chaucer's tomb and its history.]
5]
As we pause to gaze on its decayed and blackened front,
and to examine, with an interest that finds little to repay it,
the remains of the poet's effigy, a kind of melancholy simi¬
larity between the fate of Chaucer's reputation and that of his
memorial suggests itself: what Spenser calls “black oblivion's
rust"" has been almost as injurious to the first as to the last.
and has caused one of the greatest, and, as far as qualifications
are concerned, most popular of poets, to be the most neglected.
.. There is a rust upon his verses, it is true, that mars,
upon the whole, their original music (such as we find it break¬
ing out at intervals where time has not played his fantastic
tricks with the spelling and pronunciation).  ... He who
devotes one day to studying Chaucer will be delighted the
next, and on the third will look back with amazement on his
ignorance of the writer who, all circumstances of time and
position considered, can scarcely be said to have had yet a
superior, unless it be Shakspere. And even he has not
equalled, in some respects, the man who at once made England
a poetical country; there is nothing in the whole range of
literature that can be compared, for instance, to the pathos of
the story of Griselda.  ... Chaucer, like Shakspere, seems
to have combined in himself all the qualities which are
generally found to belong to different individuals.",
part2_p249_a1,Vol.2,Part II,p249,1843.,"Shaw, Henry.","Dresses and Decorations of the Middle Ages,","vol. i. [No pagination.] [Vol. i, sig. B4, b: Quotations from Prologue. Chaucer's description of the pilgrims our best authority for dresses in the time of Richard II. There are various other brief references. Vol. i concludes with a coloured portrait of Chaucer, from Additional MS. 5141, and a short article on his life and work. In vol. ii, engraving no. 62, the Canterbury Pilgrimage, from MS. Reg. 18 D ii, and references on 2 pp. of letterpress following.]","vol. i.
[No pagination.]
[Vol. i, sig. B4, b: Quotations from Prologue. Chaucer's
description of the pilgrims our best authority for dresses in the
time of Richard II. There are various other brief references.
Vol. i concludes with a coloured portrait of Chaucer, from
Additional MS. 5141, and a short article on his life and work.
In vol. ii, engraving no. 62, the Canterbury Pilgrimage, from
MS. Reg. 18 D ii, and references on 2 pp. of letterpress
following.]",
part2_p249_a2,Vol.2,Part II,p249-250,[n.a. 1843.],"Southey, Robert.",Commonplace,"Book, ed. J. W. Warter, 1849-51, 4 vols., vol. i, p. 438 [quotes Habington's Castara, q. v. above, 1635, vol. i, p. 216]; vol. ii, pp. 315-16 [quotations from Rom. Rose for Primitive Dance, Idilnesse, Yellow Hair, Wall Painting, Fastening on of Clothes with a Needle, the Undress of Avarice, and the Game of Bilbo-Catch, the last with a quotation from the French original], 333 [Frankeleyn's Prol. quoted for borel]; vol. iii, pp. 227 [see above, c. 1810], 544 [Pinkerton pro posed to J. Nichols to publish the select works of Chaucer, 1783 (q. v. above, vol. i, p. 473)]; vol. iv, p. 259 [we have no language into which to translate the early (i. e. the Anglo-Saxon ?) poets; ""that of Chaucer is too rugged, and almost as difficult""], 310 [quotations from Jackson (q.v. below, App. A., 1657) : “our pos terity within few years will hardly understand some passages in ... Chaucer, better known at this day to old courtiers than to young students""], 322-3 [Malcolm’s account of Chaucer, taken from Stowe (q.v. above, 1803), Lane’s Squire's Tale (q. v. above, 1614, vol. i, p. 189), Dryden’s account of Cowley's distaste for Chaucer (q. v. above, 1700, vol. i, p. 281, and below, App. A. [a. 1667] Cowley), and other references, quoted], 326 [Ben Jonson, in The Golden Age Restored, calls up Gower and Lydgate with Chaucer and Spenser (q. v. above, 1615, vol. i, p. 190)], 331 [quota tions from the Monthly Review (q.v. below, App. A., 1761), that ""Spenser, Jonson, Beaumont, Fletcher... are now almost as little known or read as Chaucer, Lydgate, Gower...""], 634 [Gavin Douglas' reference to Chaucer quoted (q.v. above, 1501, vol. i, p. 65)].","Book, ed. J. W. Warter,
1849-51, 4 vols., vol. i, p. 438 [quotes Habington's Castara, q. v.
above, 1635, vol. i, p. 216]; vol. ii, pp. 315-16 [quotations from
Rom. Rose for Primitive Dance, Idilnesse, Yellow Hair, Wall¬
Painting, Fastening on of Clothes with a Needle, the Undress of
Avarice, and the Game of Bilbo-Catch, the last with a quotation
from the French original], 333 [Frankeleyn's Prol. quoted for
borel]; vol. iii, pp. 227 [see above, c. 1810], 544 [Pinkerton pro¬
posed to J. Nichols to publish the select works of Chaucer, 1783
(q. v. above, vol. i, p. 473)]; vol. iv, p. 259 [we have no language
into which to translate the early (i. e. the Anglo-Saxon ?) poets;
""that of Chaucer is too rugged, and almost as difficult""], 310
[quotations from Jackson (q.v. below, App. A., 1657) : “our pos¬
terity within few years will hardly understand some passages in
... Chaucer, better known at this day to old courtiers than to
young students""], 322-3 [Malcolm’s account of Chaucer, taken
from Stowe (q.v. above, 1803), Lane’s Squire's Tale (q. v. above,
1614, vol. i, p. 189), Dryden’s account of Cowley's distaste for
Chaucer (q. v. above, 1700, vol. i, p. 281, and below, App. A.
[a. 1667] Cowley), and other references, quoted], 326 [Ben Jonson,
in The Golden Age Restored, calls up Gower and Lydgate with
Chaucer and Spenser (q. v. above, 1615, vol. i, p. 190)], 331 [quota¬
tions from the Monthly Review (q.v. below, App. A., 1761), that
""Spenser, Jonson, Beaumont, Fletcher... are now almost as little
known or read as Chaucer, Lydgate, Gower...""], 634 [Gavin
Douglas' reference to Chaucer quoted (q.v. above, 1501, vol. i, p. 65)].",
part2_p250_a1,Vol.2,Part II,p250-252,1843.,"Thoreau, Henry David.","Homer, Ossian, Chaucer. Extracts from a Lecture on Poetry. Read before the Concord Lyceum, Nov. 29, 1843, by Henry D. Thoreau, [","printed in] The Dial (Boston), vol. iv, Jan. 1844, pp. 297-303. [Reprinted (revised) in] A Week on the Concord and Merrimack Rivers, 1849, pp. 386-93. (Writings, Riverside Edn., 1894-5, 10 vols., vol. i, pp. 364-5, 417-8, 436, 483-94.) [p. 488] What a contrast between the stern and desolate poetry of Ossian, and that of Chaucer. ...When we come to the [p. 484] pleasant English verse, the storms have all cleared away, and it will never thunder and lighten more. The poet has come within doors. ... [p. 485] Notwithstanding the broad humanity of Chaucer, and the many social and domestic comforts which we meet with in his verse, we have to narrow our vision somewhat to consider him, as if he occupied less space in the landscape, and did not stretch over hill and valley as Ossian does. Yet, seen from the side of posterity, as the father of English poetry, preceded by a long silence or confusion in history, unenlivened by any strain of pure melody, we easily come to reverence him. ... Chaucer's is the first name after that misty weather in which Ossian lived, which can detain us long. Indeed, though he represents so different a culture and society, he may be regarded as in many respects the Homer of the English poets. Perhaps he is the youthfulest of them all. ... He is so natural and cheerful, compared with later poets, that we might [p. 486] almost regard him as a personification of spring. ... It is still the poetry of youth and life rather than of thought. ... [p. 487] Chaucer had eminently the habits of a literary man and a scholar. There were never any times so stirring that there were not to be found some sedentary still. He was surrounded by the din of arms. ... He regarded himself always as one privileged to sit and converse with books. He helped to establish the literary class. His character as one of the fathers of the English language would alone make his works important, even those which have little poetical merit. He was as simple as Wordsworth in preferring his homely but vigorous Saxon tongue, when it was neglected by the court, and had not yet attained to the dignity of a literature, and rendered a similar service to his country to that which Dante rendered to Italy... In the [Prologue to the] Testament of [p. 488] Love he writes, “Let then clerkes enditen in Latin, for they have the propertie of science... and let Frenchmen in their French also enditen their queinte termes... and let us shewe our fantasies in soche wordes as we lerneden of our dames tonge."" He will know how to appreciate Chaucer best who has come down to him the natural way, through the meagre pastures of Saxon and ante-Chaucerian poetry. ... [p. 489] There is no wisdom that can take place of humanity, and we find that in Chaucer. We can expand at last in his breadth... He was worthy to be a citizen of England, while Petrarch and Boccaccio lived in Italy, and Tell and Tamerlane in Switzerland and in Asia, and Bruce in Scotland, and Wickliffe, and Gower, and Edward the Third, and John of Gaunt, and the Black Prince were his own countrymen as well as contemporaries; all stout and stirring names. ... On the whole, Chaucer impresses us as greater than his reputation. ... The affectionate mention which succeeding early poets make of him, coupling him with Homer and Virgil, is to be taken into the account in estimating his character and influence. ... p. 490] We admire Chaucer for his sturdy English wit. . . . But though it [the Prologue] is full of good sense and humanity, it is not transcendent poetry. ... [p. 491] Humor, however broad and genial, takes a narrower view than enthusiasm. To his own finer vein he added all the common wit and wisdom of his time. ... His genius does not soar like Milton's, but is genial and familiar. ... The charm of his poetry consists often only in an exceeding naturalness, perfect sincerity, with the behaviour of a child rather than of a man. Gentleness and delicacy of character are everywhere ap parent in his verse. ... Nor can we be mistaken respecting [p. 492] the essential purity of his character, disregarding the apology of the manners of the age. A simple pathos and feminine gentleness, which Wordsworth only occasionally approaches but does not equal, are peculiar to him. ... Such pure and genuine and childlike love of Nature is hardly to be found in any poet. ... [p. 493] There are many poets of more taste, and better manners, who knew how to leave out their dullness, but such negative genius cannot detain us long: we shall return to Chaucer still with love.","printed in] The Dial (Boston), vol. iv,
Jan. 1844, pp. 297-303. [Reprinted (revised) in] A Week on the
Concord and Merrimack Rivers, 1849, pp. 386-93. (Writings,
Riverside Edn., 1894-5, 10 vols., vol. i, pp. 364-5, 417-8, 436,
483-94.)
[p. 488] What a contrast between the stern and desolate poetry of
Ossian, and that of Chaucer.  ...When we come to the
[p. 484] pleasant English verse, the storms have all cleared away, and
it will never thunder and lighten more. The poet has come
within doors.  ...
[p. 485] Notwithstanding the broad humanity of Chaucer, and the
many social and domestic comforts which we meet with in his
verse, we have to narrow our vision somewhat to consider him,
as if he occupied less space in the landscape, and did not
stretch over hill and valley as Ossian does. Yet, seen from
the side of posterity, as the father of English poetry, preceded
by a long silence or confusion in history, unenlivened by any
strain of pure melody, we easily come to reverence him.  ...
Chaucer's is the first name after that misty weather in which
Ossian lived, which can detain us long. Indeed, though he
represents so different a culture and society, he may be
regarded as in many respects the Homer of the English poets.
Perhaps he is the youthfulest of them all.  ... He is so
natural and cheerful, compared with later poets, that we might
[p. 486] almost regard him as a personification of spring. ... It is
still the poetry of youth and life rather than of thought. ...
[p. 487] Chaucer had eminently the habits of a literary man and a
scholar. There were never any times so stirring that there
were not to be found some sedentary still. He was surrounded
by the din of arms.  ... He regarded himself always as one
privileged to sit and converse with books. He helped to
establish the literary class. His character as one of the
fathers of the English language would alone make his works
important, even those which have little poetical merit. He
was as simple as Wordsworth in preferring his homely but
vigorous Saxon tongue, when it was neglected by the court,
and had not yet attained to the dignity of a literature, and
rendered a similar service to his country to that which Dante
rendered to Italy... In the [Prologue to the] Testament of
[p. 488] Love he writes, “Let then clerkes enditen in Latin, for they
have the propertie of science... and let Frenchmen in their
French also enditen their queinte termes... and let us
shewe our fantasies in soche wordes as we lerneden of our
dames tonge."" He will know how to appreciate Chaucer best
who has come down to him the natural way, through the
meagre pastures of Saxon and ante-Chaucerian poetry.   ...
[p. 489] There is no wisdom that can take place of humanity, and
we find that in Chaucer. We can expand at last in his
breadth... He was worthy to be a citizen of England, while
Petrarch and Boccaccio lived in Italy, and Tell and Tamerlane
in Switzerland and in Asia, and Bruce in Scotland, and
Wickliffe, and Gower, and Edward the Third, and John of
Gaunt, and the Black Prince were his own countrymen as well
as contemporaries; all stout and stirring names.  ... On the
whole, Chaucer impresses us as greater than his reputation.  ...
The affectionate mention which succeeding early poets make
of him, coupling him with Homer and Virgil, is to be taken
into the account in estimating his character and influence.  ...
p. 490] We admire Chaucer for his sturdy English wit.   . . . But
though it [the Prologue] is full of good sense and humanity,
it is not transcendent poetry.  ...
[p. 491] Humor, however broad and genial, takes a narrower view
than enthusiasm. To his own finer vein he added all the
common wit and wisdom of his time.  ... His genius does
not soar like Milton's, but is genial and familiar.  ... The
charm of his poetry consists often only in an exceeding
naturalness, perfect sincerity, with the behaviour of a child
rather than of a man.
Gentleness and delicacy of character are everywhere ap¬
parent in his verse.  ... Nor can we be mistaken respecting
[p. 492] the essential purity of his character, disregarding the apology
of the manners of the age. A simple pathos and feminine
gentleness, which Wordsworth only occasionally approaches
but does not equal, are peculiar to him.  ...
Such pure and genuine and childlike love of Nature is
hardly to be found in any poet.  ...
[p. 493] There are many poets of more taste, and better manners,
who knew how to leave out their dullness, but such negative
genius cannot detain us long: we shall return to Chaucer
still with love.",
part2_p252_a1,Vol.2,Part II,p252,1843.,"Wright, Thomas.","A Selection of Latin Stories from manu scripts of the thirteenth and fourteenth centuries,","[in] Early English Poetry, Percy Soc., vol. viii, Notes, pp. 233-4. [The story “de caeco et ejus uxore,"" in the Appendix to Aesop and in Adolfus, the source of the Marchantes Tale.]","[in] Early English
Poetry, Percy Soc., vol. viii, Notes, pp. 233-4.
[The story “de caeco et ejus uxore,"" in the Appendix to
Aesop and in Adolfus, the source of the Marchantes Tale.]",
part2_p252_a3,Vol.2,Part II,p252,1844-5.,"Craik, George Lillie.","Sketches of Literature and Learning in England, with Specimens of the Principal Writers,","6 vols., vol. i, pp. 45, 103, 122, 189, 198-9, 215-16, 233-4, 242-3; vol. ii, pp. 9-90 [Chapter on Chaucer, much of it criticism of the theories of Tyrwhitt and Dr. Nott], 91-2, 96 [Chaucer and Gower], 101, 104, 108, 112-13 [Chaucer and Barbour], 138-146 [Chaucer's prose], 165, 166 [Caxton’s edition], 175 [Chaucer and science], 183-4 [Occleve and Lydgate], 191-3 [the Scottish Chaucerians], 227 [English prose after Chaucer], 238 [Dean Colet’s study of Chaucer], 248-9 [English poetry after Chaucer; Hawes, Lydgate], 257-8 [Scottish poets of early sixteenth cen tury], 260 [Chaucer and Surrey]; vol. iii, pp. 79, 80, 84, 91 [influence of Chaucer on Spenser], p. 88 [Chaucer mentioned with Homer and Shakespeare]; vol. v, pp. 84-5.",,
part2_p253_a1,Vol.2,Part II,p253,1844.,"Emerson, Ralph Waldo.","The Poet,","[in] Essays, Second Series, London, 1844, pp. 20, 26. (Works, Centenary edition, 12 vols., London, 1903, vol. iii, p. 31.)","When Chaucer, in his praise of ‘Gentilesse,’ compares
good blood in mean condition to fire, which, though carried
to the darkest house betwixt this and the mount of Caucasus,
will yet hold its natural office and burn as bright as if twenty
thousand men did it behold... we take the cheerful hint
of the immortality of our essence, and its versatile habit and
escapes, as when the gypsies say ""it is in vain to hang them,
they cannot die.""","[The Second Series of Essays appeared at Boston in 1844; the 1st edn. in B.M. is the London reprint (in the ""Catholic Series"") of the same year.]"
part2_p253_a2,Vol.2,Part II,p253,1844.,"Horne, Richard Hengist.","Comment,","[in] Letters of Elizabeth Barrett Browning to R. H. Horne, 1877, 2 vols., vol. i, pp. 239-41.","[Horne says that, to console Miss Barrett for his criticism
that her Eve travelled too far for a single night, he pointed
out to her that Chaucer makes fourteen or fifteen years elapse
during the action of the Knightes Tale.]",
part2_p253_a3,Vol.2,Part II,p253,1844.,"Hunt, James Henry Leigh.","A Jar of Honey from Mount Hybla,","no. ix, [in] Ainsworth’s Magazine, vol. vi, Sept., 1844, p. 278. (Ed. 1870, p. 172.)","Chaucer was a courtier and a companion of princes; nay,
a reformer also and a stirrer out in the world.  ... Yet as
he was a true great poet in everything, so in nothing more
was he so than in loving the country and the trees and
fields.",
part2_p253_a4,Vol.2,Part II,p253-255,1844.,"Hunt, James Henry Leigh.","Imagination and Fancy, or Selections from the English Poets,","illustrative of those First Requisites of their Art; with markings of the best passages, critical notices of the writers. And an Essay in Answer to the Question, “What is Poetry?"", pp. vii, 5-6, 15-17, 32-3, 62-3, 66, 72, 87, 141, 149, 151-2, 186-8, 213, 218-19, 253, 261-2, 278, 335.","[Preface, [The scope of the editor's intentions outlined and a refer¬
p. vii]
ence to the Balade “Hide, Absolon,” in Legend of Good
Women, Prol.]
[p. 5] [What is Poetry ?] Nay, the simplest truth is often so
. . . . . . . . . .
beautiful and impressive of itself, that one of the greatest
proofs of his [the Poet’s] genius consists in his leaving it to
stand alone, illustrated by nothing but the light of its own
[p. 6] the complete effect of many a simple passage in our old
tears or smiles, its own wonder, might, or playfulness. Hence
English ballads and romances, and of the passionate sincerity
in general of the greatest early poets, such as Homer and
Chaucer, who flourished before the existence of a ""literary
world,"" and were not perplexed by a heap of notions and
opinions, or by doubts how emotion ought to be expressed.
. . . . . . . . . .
[p. 15] Chaucer, for all he was ""a man of this world"" as well as
the poets' world, and as great, perhaps a greater enemy of
oppression than Dante, besides being one of the profoundest
[p. 16] elude the story of the famished father and his children, as
masters of pathos that ever lived, had not the heart to con¬
finished by the inexorable anti-Pisan.
. . . . . . . . . .
Chaucer's steed of brass, that was
So horsly and so quick of eye,
[Squieres T., l. 186]
is copied from the life. You might pat him and feel his
brazen muscles. Hobbes, in objecting to what he thought
childish, [in his letter prefixed to Gondibert] made a childish
mistake.  ...
[p.17] Hobbes did not see that the skill and beauty of these
fictions lay in bringing them within those very regions of truth
and likelihood in which he thought they could not exist.
Hence the serpent Python of Chaucer,
[Maunciples T., l. 5]
Sleeping against the sun upon a day,
when Apollo slew him.
. . . . . . . . . .
[p. 32] Fancy, however, is not incapable of sympathy with
Imagination. She is often found in her company; always,
in the case of the greatest poets; often in that of less, though
[p. 33] with them she is the greater favourite. Spenser has great
imagination and fancy too, but more of the latter; Milton
both also, the very greatest, but with imagination predomi¬
nant; Chaucer, the strongest imagination of real life, beyond
any writers but Homer, Dante, and Shakspeare, and in comic
painting inferior to none; Pope has hardly any imagination,
but he has a great deal of fancy; Coleridge little fancy, but
imagination exquisite. Shakspeare alone, of all poets that
ever lived, enjoyed the regard of both in equal perfection.
. . . . . . . . . .
[p. 62] Next to Homer and Shakspeare come such narrators as
the less universal, but still intenser Dante; Milton, with his
dignified imagination; the universal, profoundly simple
Chaucer; and luxuriant, remote Spenser–then the great
second-rate dramatists, unless those who are better acquainted
[p. 63] with Greek tragedy than I am, demand a place for them
before Chaucer.
. . . . . . . . . .
[p. 72] [Spenser.] Superfluousness, though eschewed with a fine
instinct by Chaucer in some of his latest works, where the
narrative was fullest of action and character, abounded in his
others.
. . . . . . . . . .
[p. 87] Upton, one of Spenser's commentators, in reference to the
trickling stream, has quoted in his note... some fine
lines from Chaucer, in which, describing the ""dark valley""
of Sleep, the poet says there was nothing whatsoever
in the place, save that,
A few wells
Came running fro the clyffes adowne,
That made a deadly sleeping sowne.
[B. of the Duchesse, ll. 160-162.]
. . . . . . . . . .
[p. 145] [Shakespeare.] He is equal to the greatest poets...
except in a certain primeval intensity, such as Dante’s and
Chaucer's.
[p. 151] Most people would prefer Ariosto's and Chaucer's narrative
poetry to his [Shakspeare’s]; the Griselda, for instance, and
the story of Isabel,–to the Rape of Lucrece. The intense
passion is enough. The misery is enough. We do not want
even the divinest talk about what Nature herself tends to
petrify into silence. Curœ ingentes stupent. Our divine poet
had not quite outlived the times when it was thought proper
[p. 152] for a writer to say everything that came into his head. He
was a student of Chaucer: he beheld the living fame of
Spenser; and his fellow-dramatists did not help to restrain
him.","[The references and passages are identical In the second edition, 1845.]"
part2_p256_a1,Vol.2,Part II,p256,1844.,"Knight, Charles.","William Caxton, the First English Printer,","pp. 21, 26, 32-34 [quotations illustrating city life in London], 38-40 [quotation from Caxton’s preface to Canterbury Tales, edn. 2], 41-3, 46, 47, 51, 152, 157, 187-8 [Caxton “the devoted printer of Chaucer""], 214, 216.",,
part2_p256_a2,Vol.2,Part II,p256,[n.a. 1844.],"Landor, Walter Savage.","Extract from a Letter to a Friend,","[quoted in] R. H. Horne’s New Spirit of the Age, 1844, 2 vols., vol. i, pp. 174-5.","I found the 'Faery Queen' the most delightful book to fall
asleep upon by the sea-side. Geoffrey Chaucer always kept me
wide awake, and beat at a distance all other English poets but
Shakspeare and Milton. In many places Keats approaches
him.","[See also above, 1837, Landor, An Ode.]"
part2_p256_a3,Vol.2,Part II,p256,1844.,"Milnes, Richard Monckton (Lord Houghton).","From Chaucer, [in] Poems of Many Years,",pp. 274-5.,"[Not in first edn., 1838. The poem is a modernisation of
'Truth,' and begins :]
Fly from the world and dwell with Truthfulness;
Sufficient be thy wealth, albeit small...",
part2_p256_a4,Vol.2,Part II,p256,1844.,"Nicolas, Sir Nicholas Harris.","The Wife of Chaucer,","[in] The Gentleman’s Magazine, Feb., 1844, new ser., vol. xxi, p. 160.","[Nicolas points out that the reviewer in the Jan. no. (see
below, Unknown), mistakenly states that Chaucer married
Philippa Picard, whereas Nicolas clearly said that he married
Philippa Roet.]",
part2_p256_a6,Vol.2,Part II,p256,1844.,"Patmore, Coventry Kersey Dighton.","Sonnet, [in] Poems,",p. 103.,"Rich Spenser, deep-toned Wordsworth, Chaucer green,
Shakspere, and mighty Milton, sought their fame
First in their own approval: we have seen
How the world’s followed.",
part2_p257_a1,Vol.2,Part II,p257,1844.,"Thoms, William John.","The History of Reynard the Fox,","Percy Soc, Preface, p. i, Introd., p. lxxiii [Chaucer’s Nonnes Prestes Tale a Reynard history], Notes, pp. 173, 176-8, 180, 182, 184-6, 190-1, 193.",,
part2_p257_a2,Vol.2,Part II,p257,1844.,Unknown.,"Review of Sir N. Harris Nicolas's Life of Chaucer,","prefixed to the Aldine edition of Chaucer's works, [q.v. below, 1845, in] The Athenæum, Feb. 10, 1844, pp. 125-7.","[This long review (seven columns, principally a summary of
the main events in Chaucer's career) gives full credit to Nicolas
for his discovery and use of documents relating to Chaucer's
life, and contrasts it favourably with Godwin’s speculative
theories.]",
part2_p257_a3,Vol.2,Part II,p257,1844.,Unknown.,"Review of Sir N. Harris Nicolas's Life of Chaucer,","[q.v. below, 1845, in] The Gentleman's Magazine, Jan. 1844, new ser., vol. xxi, pp. 3-19.","[This long and careful article gives a good appreciation of
Chaucer's work, his 'spirited representations of life and native
manners,'  his 'rich and quaint humour.'  It characterises
correctly the 'Lives' by Tyrwhitt and Godwin, and then gives
an abridgment of the facts as recorded by Nicolas, pointing
out that the exile to Zealand is pure fiction, as there is now
proof that Chaucer was in London, personally receiving his
pension, from 1380 to 1388. Some space is then given to
emphasising the influence of the active life Chaucer led, and
of the various offices he filled, upon his poetical work.]
[p. 17] His various occupations and calls into the world must have
been to him the richest volume of information he could open,
for he thus enlarged his views of society, and increased his
knowledge of the characters of men. ...
[p. 18] In truth, every description by Chaucer has a fresh, out-of¬
door, open-air look with it; it has the light of the sky upon
it; to him the market-place was a practical volume of moral
philosophy; his embassy to Genoa and Florence, a rich and
princely picture-book, filled with the costliest forms of nature
and art; and his comptrollership of the customs, an excellent
tome of never-ending casuistry.",
part2_p257_a4,Vol.2,Part II,p257-258,1844.,"Wright, Thomas.",Anecdota Literaria...,"ed. by Thomas Wright, pp. v, vi, 13-27.","[p. v] I was led to insert a few inedited fabliaux, by the accidental
discovery of one [the Miller and the two Clerks, from MS.
Berne] which appears to be the immediate original of one
of Chaucer's tales, which I have therefore chosen for the
purpose of showing how much remains to be done to produce
even a tolerable text of Chaucer's works.
[p. 13] After the fabliau of Dame Siriz, we can scarcely point out
a regular English fabliau till the time of Chaucer, who entered
more than any other old English writer into the spirit of the
French originals. Many of the stories in the Canterbury
Tales are translations from French fabliaux. It is singular
that a poet of so much talent as Chaucer should have written
scarcely a single original poem. I owe to the friendly com¬
munication of M. Paulin Paris of the Bibliothèque Royale at
Paris, the copy of the following stanzas addressed to Chaucer
by his friend and contemporary, the French poet Eustache
Deschamps. They... are remarkable as stating so strongly
his real character of a ""great translator.""...
[Text of Deschamps' ballade; q.v. below, App. B. [1386 ?].]
[pp. 14-  [Chaucer's stories probably not taken from Boccaccio, but
15]
from earlier French fabliaux. The text of the Miller of
[p. 23] Trumpington, from MS. Berne, no. 354, follows. Tyrwhitt's
text very corrupt: “there is perhaps not a single line in
Tyrwhitt’s edition of the Canterbury Tales which Chaucer
could possibly have written... all grammar is set at
defiance... the essay on the versification of Chaucer...
is a mass of confusion."" Chaucer's version of the Tale is
[p. 24]  given from MS. Harl., no. 7334, collated with MS. Lansdowne,
no. 861 (a) and MS. Harl., no. 1758 (b). ""In almost every
one of these variations, Tyrwhitt is wrong.""]",
part2_p259_a2,Vol.2,Part II,p259,1845-51.,"Brown, Ford Madox.",Chaucer at the Court of Edward III.,,,"[A painting on a large scale, now in the Municipal Gallery, Sydney. It was only finished in time for exhibition at the Academy in 1851, but Brovn conceived and began work for it in the autumn of 1845, taking the first suggestion from a passing reference in Sir James Mackintosh's History of England. He at once read the life (Godwin's) and the works of Chaucer, apparently for the first time. Chaucer (whose figure was painted from D. G. Rossetti) stands on a daïs and reads at a lectern to the Court assembled below him the lines from the Tale of the Man of Lawe, ll. 834-40:— Hire litel child lay weping on hire arm... And unto the heven hire eyen up she cast. See Brown's Diary In Præraphaelite Diaries and Letters, ed. Wm. Rossetti, 1900, passim, his own Exhibition Catalogue, 1865, and F. M. Hueffer's Ford Madox Brown, 1896, where the picture is reproduced, to face p. 71. The Chaucer is said by W. M. Rossetti (Dante Gabriel Rossetti, his Family Letters, 1895, 2 vols, vol. i, p. 170) to be 'a very fair portrait of Rossetti,' in whom, as well as in Morris and R. W. Dixon (q. v. below, bath 1855), their friands found a resemblance to the Occleve portrait.]"
part2_p260_a1,Vol.2,Part II,p260,1845.,"Hunt, James Henry Leigh.","Death and the Ruffians,","[a modern ization of the Pardoneres Tale, in] The New Monthly Magazine, Aug. 1845, vol. Ixxiv, p. 509. [Reprinted, revised, and with a preface in place of the brief note which appeared in 1845, in Stories in Verse, 1855, q.v.] (Poetical Works, ed. S. A. Lee, Boston, 1866, 2 vols., vol. i, pp. 218-26.)","[The version begins:]
In Flanders once there liv'd a company
Of foolish youth, a lawless set of three,
That, haunting every place of foul repute,
And giddy with the din of harp and lute,
Went dancing, and sat dicing, day and night,
And eat and drank beyond their nature's might,
And thus upon the devil’s own altar laid
The bodies and the souls that God had made...",
part2_p260_a2,Vol.2,Part II,p260,1845.,"[Leigh, Percival.]","The Lament of the Statues,","[in] Punch, 1845, p. 185.","[Protests of the poets against the proposal in the Report
of the Committee of the Royal Commission to erect statues of
them in the new Houses of Parliament. (Fourth Report of
the Commission, 1845, p. 9.)
Mr. M. H. Spielmann (The Portraits of Geoffrey Chaucer,
Chaucer Soc., 1900, p. 17) says that this is by P. Leigh.
Chaucer speaks first:]
Good sirs, I marvel what we herè maken,
Gretè folk, certès, be sometimes mistaken,
We standen in this stound by much errour,
Ne poet was in Parlement before...
[and four more lines; Spenser, Shakespeare, Milton, Dryden
and Pope follow, in more recognizable styles.]",
part2_p260_a3,Vol.2,Part II,p260,1845.,"Longfellow, Henry Wadsworth.","The Poets and Poetry of Europe,","Philadelphia, pp. 423-4 [Rom. Rose, ll. 21-134], 439 [La Belle Dame sans Merci, from Alain Chartier, the translation (really by Sir Richard Ros) given as Chaucer's], 508 [Chaucer's mention of Petrarch, Clerkes Prol., ll. 31-3].",,
part2_p260_a4,Vol.2,Part II,p260-262,1845.,"Lowell, James Russell.","Conversations on Some of the Old Poets,","Cambridge, Mass., First Conversation, ""Chaucer."" pp. 1-121; Second Conversation, ""The Old Dramatists"" pp. 126, 169-70. [Not in the Riverside Edn. of Lowell’s works. The quotations are all more or less modernized by Lowell himself; see p. 86.]","[pp. 15
and 16]
PHILIP : . . . You must put no faith at all in any idea
you may have got of Chaucer from Dryden or Pope. Dryden
appreciated his original better than Pope; but neither of them
had a particle of his humor, nor of the simplicity of his
pathos.  ... Pope was not a man to understand the quiet
tenderness of Chaucer, where you almost seem to hear the
hot tears falling, and the simple, choking words sobbed out.
I know no author so tender as he, not even Shakspeare.
[A comparison of the Knightes Tale, ll. 1903-1924, with
Dryden's version follows; and while Dryden's version is
described as ""the sentiment of Giles Scroggins, and the verse
of Blackmore,"" Chaucer's is considered ""perfect."" After some
further discussion Philip continues:]
[p. 21] The recording angel had but little trouble in footing
Chaucer's account. The uncleanness of his age has left a
smooch here and there upon his poems; but it is only in the
margin, and may be torn off without injury to the text. His
love of beauty was too sincere not to have made him truly
pious.  ...
[p. 22] I love to call him old Chaucer. The farther I can throw
him back into the past, the dearer he grows; so sweet is it to
mark how his plainness and sincerity outlive all changes of
[p. 24] the outward world. ... His simplicity often reminds me
of Homer; but, except in the single quality of invention,
I prefer him to the Ionian. Yet we must remember that he
shares this deficiency with Shakspeare, who scarcely ever
scrupled to run in debt for his plots.  ...
[p. 25] There is in him the exuberant freshness and greenness
of spring. Everything he touches leaps into full blossom.
His gladness and humor and pathos are irrepressible as a
[p. 26] fountain.  ... There is no nebulosity of sentiment about
him, no insipid vagueness in his sympathies. His chief merit,
the chief one in all art, is sincerity.
[A discussion, with quotations from the Nonne Prestes Tale,
follows, pp. 29-33, 40-47. Chaucer and Crabbe are compared,
p. 35; and the description of the Shipman in the Prologue
is read. Elizabeth Barrett's lines on Chaucer (q.v. above,
1844) cited, p. 38. Chaucer's piety is discussed, p. 58,
and the possibility, from the Clerkes Tale, of his having
boen in Italy and met Petrarch, pp. 63-64. The Clerkes Tale
is next discussed, pp. 65-7. Some of the other references
are: Troilus, pp. 73, 93, 112; Chaucer's love of nature,
p. 77; Legend of Good Women, pp, 84, 99; Cowden Clarke’s
Riches of Chaucer, p. 86; Knightes Tale, pp. 88, 100; Book
of the Duchesse, p. 96; Chaucer's early love, p. 98; Man of
Law's Tale, p. 107; Pardoneres Tale, p. 108; Wordsworth's
modernization of Troilus, pp. 86-112.
Second Conversation: p. 126. Chaucer, when in prison,
wrote a treatise on the astrolabe for his son; pp. 169-70.
Squieres Tale and Maunciples Tale, quotations.]",
part2_p262_a1,Vol.2,Part II,p262,1845.,"Nicolas, Sir Nicholas Harris.",Memoir of Chaucer,"[prefixed to the Aldine edition of the Works, q.v. above], pp. 9-107, Notes, pp. 119-144.","[This very carefully written memoir is the first 'Life' of
Chaucer to be based entirely on documentary evidence, and it
is consequently a valuable addition to Chaucer biography.
Nicolas prints many more documents than Godwin had done.
He disposes of the story (built up on the spurious Testament
of Love) of Chaucer's flight and exile in 1384, the return to
England in 1386, and imprisonment in the Tower till 1389,
by showing that Chaucer must have been in London from
1380 to May 1388, for during that period he regularly re¬
ceived his pension at the Exchequer with his own hands
(Issue Rolls from Easter, 3 Ric. II to Easter, 11 Ric. II).
Also at the very time when he was supposed to have been
a prisoner, he was sitting in Parliament as a knight of the
shire of Kent. Nicolas, however, does not doubt the authen¬
ticity of the Testament of Love, but regards it as an allegorical
composition.
This 'Life' must have been published in 1843, probably
in a limited edition, before it was issued with the Aldine
Poets; for it is reviewed in the Athenœum, Feb. 10, 1844
(as 'about to be published in the Aldine edition'), in the
Monthly Review, March, 1844, and the Gentleman’s Magazine,
Jan. 1844; for the first and last see above.]",
part2_p262_a2,Vol.2,Part II,p262-263,1845.,"North, Christopher [ps., i. e. John Wilson].","Specimens of the British Critics,","[in] Blackwood’s Edinburgh Magazine, April 1845, vol. lvii, pp. 503, 508; May, pp. 617-46; June, pp. 771-93; July, vol. lviii, pp. 114-28. [Published in volume form in 1846; the references are: pp. 63-4, 66, 77, 95, 111, 120, 157-266.]","[p. 617] Nothing is gained by attempting to deny or to disguise a
known and plain fact, simply because it happens to be a dis¬
tasteful one–Time has estranged us from Chaucer. Dryden
and Pope we read with easy, unearned pleasure. Their speech,
their manner of mind, and their facile verse, are of our age,
almost of our own day. The two excellent, graceful, and
masterly poets belong, both of them, to THIS NEW WORLD.
Go back a little, step over an imperceptible line, to the con¬
temporary of Dryden, Milton, and you seem to have overleaped
some great chronological boundary; you have transported
yourself into THAT OLD WORLD...
We call Chaucer the Father of our Poetry, or its Morn¬
ing Star. The poetical memory of the country stretches up to
him, and not beyond. The commanding impression which he
has made upon the minds of his people dates from his own
day. The old poets of England and Scotland constantly and
unanimously acknowledge him for their master. Greatest
names, Dunbar, Douglas, Spenser, Milton, carry on the
tradition of his renown and his reign.
In part he belongs to, and in part he lifts himself out of, his
age. The vernacular poetry of reviving Europe took a strong
stamp from one principal feature in the manners of the times.
The wonderful political institution of Chivalry-turned into a
romance in the minds of those in whose persons the thing
itself subsisted–raised up a fanciful adoration of women
[p. 615] into a law of courtly life; or, at the least, of courtly verse, to
which there was nothing answerable in the annals of the old
world.  .../
This exaggeration of an immense natural power, Love–
making, one might almost say, man's worship of woman the
great religion of the universe, and which was the ""amabilis
insania"" of the new poetry-long exercised an unlimited
monarchy in the poetical mind of the reasonable Chaucer.
See the longest and most desperate of his Translations–which
Tyrwhitt supposes him to have completed, though we have
[p. 619] only two fragments– seven thousand verses in place of twenty¬
two thousand–the ""ROMAUNT OT THE ROSE""...",
part2_p263_a1,Vol.2,Part II,p263-264,1845.,"Saunders, John.",Cabinet Pictures of English Life: Chaucer.,"[One of ""Knight's Weekly Volumes."" Revised and enlarged from the Penny Magazine and Knight's London, q.v. above, both 1841. This and the same author's Canterbury Tales from Chaucer (q.v. below) were reprinted together, revised, in 1889; this volume forms the first half of the reprint.]","[The contents of the volume are:
1. Introduction, with a general discussion of Chaucerian
matters, language, versification, and Dryden’s criticism.
2. Section L. “A Visit to the Tabard,” with notes on the
Tabard from without and within, and its locality, and a
general description of the pilgrims, with quotations
(revised, not from the Penny Magazine, but from
Knight's London, 1841, q.v. above).
3. Section II. ""Chivalry.""—The Knight, Squire and Yeoman.
4. Section III. ""Religion,""—The Monk, Friar, Prioress,
Sumpnour, Pardoner, and Parson.
5. Section IV. ""Domestic Life : Professional Men."" The
Sergeant at law, Doctor of Physic, Alchemist, Clerk of
6. Section V. ""Domestic Life—Agriculture"": The Franklin,
Oxenford.
7. Section VI. ""Domestic Life: Trade and Commerce.""
Miller, Reeve and Ploughman.
The Merchant, Shipman, Haberdasher, etc., Prentice,
The book illustrates social and political conditions in
Cook, and Wife of Bath.
Chaucer's times by means of general discussion and the
examination of his characters. Each chapter has a woodcut.]",
part2_p264_a1,Vol.2,Part II,p264,1845.,"[Saunders, John.]","Chaucer's, Canterbury Tales,","[in] The Penny Magazine, vol. xiv, [Knightes Tale] pp. 65-7, 81-3, 110-12, 118-20; [Man of Law’s Tale] 137-9, 146-8; [Wife of Bath’s Tale] 185-6, 235-6; [Freres Tale] 241-2, 258-9; [Clerkes Tale] 300-2, 310-11, 323-4; [Squieres Tale] 361-2, 406-7 : [Frankeleyns Tale] 437-8, 455-6; [Pardoneres Tale] 461-2; [Nonne Prestes Tale] 481-3; Chanouns Yemannes Tale] 497-8. [Epitomes interspersed with extracts from the Tales. For the revised edn. in 2 vols., see immediately below.]",,
part2_p264_a2,Vol.2,Part II,p264-266,1845-7.,"Saunders, John.","Canterbury Tales from Chaucer,","2 vols. Vol. i is one of ""Knight's Weekly Volumes""; vol. ii, 1847, was published by C. Cox. The series which appeared in the Penny Magazine, 1845 (q.v. immediately above), only contains a few sentences of the preface, and the extracts and prose summaries differ throughout. Of the contents of vol. ii, 1847, only the 1st-4th Tales had appeared in the Penny Magazine. For the revised edn. of 1889, see above, the same author’s Cabinet Pictures of English Life: Chaucer, 1845.]","[vol. i,  Three different modes have been adopted by the lovers of
p. 5]
Chaucer in their attempts to popularize his works.
First, they have modernized his poetry; that is to say,
re-written it, as poetry. Now, whenever a man shall arise
possessing exactly the same powers, views, tastes, and individual
characteristics as the great father of our literature, and will
undertake to give us a new version of the Canterbury Tales,
we have no doubt the task may be satisfactorily accomplished,
and not till then.  ...
[p. 6]  Secondly, the poetical has been transformed into a prose
narration; and thus the story, at least, has been freed from
the difficulties and hindrances caused by antiquated words or
pronunciations; but then it has necessarily been relieved at
the same time from all the subtler elements of the poetry.  ...
Thirdly, Chaucer's poetry has been presented in its own
proper form, with a modernized spelling, and an accented
pronunciation. Eventually, perhaps, this will be the method
permanently adopted for all popular editions of the poet; but,
at present, such books attract neither the student nor the
general reader: too lax for the one, they still remain¬
apparently—too irksome for the other.
In the following pages we have endeavoured to combine the
peculiar advantages offered by the two methods last named,
and to get rid of their drawbacks. We have proposed to
ourselves to make the whole course of the story clear by
resolving inconvenient or difficult passages of the poetry into
[p. 7] constantly refreshing himself from the ""well of English
prose; but, at the same time, to allow the reader to be
undefiled,"" by leaving all the remainder, including the finest
portions of the poetry, in its own nervous and beautiful
language...
[p. 11] [Specimen of the rendering of the Knightes Tale:]
Once, as old stories tell, there was a duke named Theseus,
the lord and governor of Athens, and who, in his time, was
such a conqueror, that there was not a greater under the sun.
He had won many a rich country. With his wisdom and
his chivalry, he conquered all the realm of the Amazons that
was formerly called Scythia,—
And wedded the freshe queen Hypolita,
and brought her, and also her young sister Emily, home with
him to his own country, with much glory and great solemnity.
. . . . . . . . . .
[p. 15] When that this worthy duke, this Theseus, hath slain Creon
and won Thebes,
Still in the field he took all night his rest.
[p. 16] And he did as he pleased with all the country. After the
battle and discomfiture, the pillers did their business; they
ransacked the heap of dead bodies, in order to strip them of
their armour and garments. And it so befell that they found
in the heap, pierced through with many a bloody grievous
wound, two young knights, lying by each other, in the same
kind of armour, which was full richly wrought. Of these two,
one was named Arcite, the other Palamon,
Not fully quick nor fully dead they were;
But by their coat armóur, and by their gear,
the heralds knew them well, as those who were of the royal
blood of Thebes, and born of two sisters. [&c., &e.]
[Then follow:
The Man of Law's Tale,
The Wife of Bath's Tale,
The Freres Tale,
The Clerkes Tale,
with ""Remarks"" on each at the end.
Vol. II:
The Squieres Tale,
The Frankeleyns Tale,
The Second Nonnes Tale,
The Pardoners Tale
The Chanouns Yemannes
The Prioresses Tale,
The Nonne Prestes Tale,
The Maunciples Tale,
Tale,
The Phisiciens Tale;
and selections from:
The Milleres Tale,
The Reves Tale,
The Marchantes Tale,
The Shipmannes Tale.
Concluding remarks on Chaucer's essential morality, with
special reference to the Frankeleyns Tale, and on his achieve¬
ment as restorer of learning and founder of our language and
literature.]
Each Tale is also followed by ""Remarks,"" and is illustrated
by the woodcut which appeared in The Penny Magazine, q.v.
above, 1845, Saunders.]",
part2_p266_a1,Vol.2,Part II,p266,1845.,"[Saunders, John.]","Chaucer,","[in] The Cabinet Portrait Gallery of British Worthies, 1845-7, 12 vols., vol. i, pp. 120-144.","[A biographical sketch, without criticism of Chaucer's poetry;
based in the main on the private first issue of Sir H.
Nicolas's Life, described as not yet published. The Court
of Love, the Complaint of the Black Knight and, except
so far as Nicolas had disproved the story of exile and imprison¬
ment, the Testament of Love, are accepted. Reviewed as the
work of Saunders, with his Chaucer and Canterbury Tales,
in the Athenœum, 1847, q.v. below, Unknown.]",
part2_p266_a2,Vol.2,Part II,p266,[c. 1845.],"Skeat, Walter William.",,"See below, App. A, 1823, Markham.",,
part2_p266_a3,Vol.2,Part II,p266,[1845.],Unknown.,"Griselda,","[in] Ballads and Metrical Tales, selected from Percy, Ritson, etc., pp. 27-37.","[An abridgement, modernised, of the Clerkes Tale.]",
part2_p266_a4,Vol.2,Part II,p266-267,1845.,Unknown.,"Glimpses of the Pageant of Literature,","no. 1, [in] Fraser's Magazine, Jan. 1845, vol. xxxi, pp. 27, 20-30.","[pp. 29-30] This is precisely the simple truthfulness of contemporary
manners portrayed by our own Chaucer... Homer's hero
wiping the moisture from his face, and Chaucer's nun letting
no particle of food drop into her lap, belong to similar ages
of imagination.",
part2_p267_a1,Vol.2,Part II,p267,1845.,"Wright, Thomas.","Meeting of the British Archaeological Asso ciation at Canterbury,","[in 1844, in] The Archaeological Album, 1845, pp. 19-23.","[Account of the Chequer Inn, where the Pilgrims are sup¬
posed to have lodged, with quotations from the ""supplement’
to the Canterbury Tales printed by Urry (i.e. the Tale of
Beryn).]",
part2_p267_a3,Vol.2,Part II,p267,1846.,"Brewer, Ebenezer Cobham.","Poetical Chronology of Inventions, Discoveries, Battles and of Eminent Men,",pp. 51-2.,"[p. 51] In Richard's reign SIDE-SADDLES first, came into English use,
And GOWER with merry CHAUCER, too, their rhapsodies
[p. 52] Cannons and Gunpowder disclose their most destructive
produce...
power;
Dantè & Petrarch sing their lays with Chaucer & John
Gower.",
part2_p267_a4,Vol.2,Part II,p267,1846.,"Browning, Robert.","Letter to Alfred Domett,","[dated] New Cross, Hatcham, March 19, 1846, [in] Robert Browning and Alfred Domett, ed. F. G. Kenyon, 1906, pp. 124-5.","You received, of course, I trust, the last number [Dramatic
Romances] with a letter. I don't think that at that time
Landor's all too generous lines about it had appeared.   ...
The first thing to notice is the kindness, and after, the blind¬
ness of such praise; but these acknowledged duly, surely
one may remark on the happy epithet ""hale"" as applied to
Chaucer. ...","[For Landor's poem see below, 1846.]"
part2_p267_a5,Vol.2,Part II,p267-268,1846.,"Browning, Robert.","Letters,","[in]The Letters of Robert Browning and Elizabeth Barrett Barrett, 1899, vol. i, pp. 393, 429.","[p. 393] [12 Jan. 1846.] That Mr. Powell... When I took pity on
him once on a time and helped his verses into a sort of
grammar and sense, I did not think he was a buyer of other
men's verses, to be printed as his own; thus he bought two
modernisations of Chaucer – 'Ugolino' and another story from
Leigh Hunt – and one 'Sir Thopas' from Horne, and printed
them as his own, as I learned only last week.
[p. 429] [23 Jan. 1846.] But when you find Chaucer's graver at his
work of 'graving smale seles' by the sun's light, you know
that the sun’s self could not have been created on that day–
do you 'understand' that, Ba?","[""Ba"" was Elizabeth Barrett's pet-name. For Powell's modernizations see above, 1841.]"
part2_p268_a1,Vol.2,Part II,p268,1846.,"Ellis, Sir Henry.","Original Letters, Third Series,","vol. i, p. xi, n.","[On the cultivation of French in the monasteries: the
Prioress's French.]",
part2_p268_a2,Vol.2,Part II,p268,1846.,"Fairholt, Frederick William.",Costume in England:,"a History of Dress to the end of the Eighteenth Century, pp. 140-1, 144-6, 167-8, 177, 215, 232, 407-618. (Third edition, 2 vols., 1885, enlarged and thoroughly revised by the Hon. H. A. Dillon, vol. i., pp. 128-29, 132-33, 154-55, 163, 200-220; vol. ii., Glossary.)","[p. 140] Chaucer,—the Shakspeare of the middle ages and certainly
the most original and extraordinary writer that England up to
that period had produced... has, in his immortal Canterbury
Tales, given us the best information connected with the costume
of the different grades in English society during this reign.
[p. 141-6] [Account of costumes described in the Prologue, Milleres
Tale, Persones Tale, and Plowmans Tale (treated as Chaucer's),
the last with many quotations.]
[pp. 167 [Chaucer's description of knightly costume, with quotations
-8]
[pp. 407
from Sir Thopas.]
-618]
[A Glossary of terms used in the description of costume from
the early times, contains many allusions to and quotations
from Chaucer.]","[The third edition in 2 vols, 1885, by H. A. Dillon, shows no material alteration in the above passages, except that the quotations are in some cases freed from modernization and that here and there Fairholt's text is slightly cut down.]"
part2_p268_a3,Vol.2,Part II,p268-269,1846.,"Hunt, James Henry Leigh.","Stories from the Italian Poets: with Lives of the Writers,","2 vols., vol. i, pp. 5, 55, 407n. ; vol. ii, pp. 21, 72, 88, 170.","[vol.1, Chaucer has told the greater part of this story [Ugolino]
p. 407 n.]
beautifully in his “Canterbury Tales;"" but he had not the
heart to finish it. He refers for the conclusion to his original
hight “Dant,"" the ""grete poete of Itaille;"" adding, that
Dante will not fail his readers a single word–that is to say,
not an atom of the cruelty.
Our great gentle-hearted countryman, who tells Fortune
that it was
""great cruelte
Such birdès for to put in such a cage,""
adds a touch of pathos in the behaviour of one of the children,
which Dante does not seem to have thought of :
""There day by day this child began to cry,
Till in his father's barme (lap) adown he lay;
And said, ‘Farewell, father, I muste die,’
And kissed his father, and died the same day.""",
part2_p269_a1,Vol.2,Part II,p269-271,1846.,"Hunt, James Henry Leigh.","Wit and Humour, Selected from the English Poets.","With an Illustrative Essay, and Critical Com ments, pp. 12, 18-19, 63, 73-121.","[p.12.] Humour... deals in incongruities of character and
circumstance,... Such is the melting together... of
the professional and the individual, or the accidental and the
permanent, in the Canterbury Pilgrims...
[pp. 18,
19]
[The Cock's address to the Hen:
For also siker as in principio...
etc. (Nonne Prestes Tale), quoted as an example of irony.]
[p.63] [Chaucer famous for the humours of nations and classes.]
[p. 74] I wish I could have given more than one comic story out
of Chaucer; but the change of manners renders it difficult at
any time, and impossible in a book like the present.
 . . . . . . . . .
[p. 75] When Chaucer is free from this taint of his age [i.e.
coarseness], his humour is of a description the most thoroughly
delightful; for it is at once entertaining, profound, and good¬
natured. If this last quality be thought a drawback by some,
as wanting the relish of personality, they may supply even
that (as some have supplied it), by supposing that he drew
his characters from individuals, and that the individuals were
very uncomfortable accordingly. I confess I see no ground
for the supposition beyond what the nature of the case
demands. Classes must of course be drawn, more or less,
from the individuals composing them; but the unprofessional
particulars added by Chaucer to his characters (such as the
Merchant's uneasy marriage, and the Franklin's prodigal son)
are only such as render the portraits more true, by including
them in the general category of human kind. The gangrene
which the Cook had on his shin, and which has been con¬
sidered as a remarkable instance of the gratuitous, is, on the
contrary (besides its masterly intimation of the perils of luxury
in general), painfully in character with a man accustomed to
breathe an unhealthy atmosphere, and to be encouraging bad
humours with tasting sauces and syrups. Besides, the Cook
turns out to be a drunkard.
[p. 76] Chaucer's comic genius is so perfect, that it may be said to
include prophetic intimations of all that followed it...
One of its characteristics is a certain tranquil detection of
particulars, expressive of generals; as in the instance just
mentioned of the secret infirmity of the Cook. Thus the
Prioress speaks French; but it is ""after the school of Stratford
at Bow."" Her education was altogether more showy than
substantial. The Lawyer was the busiest man in the world,
and yet he ""seemed busier than he was."" He made something
out of nothing, even in appearances.
Another characteristic is his fondness for seeing the spiritual
in the material; the mind in the man's aspect. He is as
studious of physiognomy as Lavater, and far truer. Observe,
too, the poetry that accompanies it,–the imaginative sympathy
in the matter of fact. His Yeoman, who is a forester, has a
head ""like a nut."" His Miller is as brisk and healthy as the
air of the hill on which he lives, and as hardy and as coarse¬
grained as his conscience. We know, as well as if we had
ridden with them, his oily-faced Monk; his lisping Friar (who
was to make confession easy to the ladies); his carbuncled
[p. 77] Summoner or Church-Bailiff, the grossest form of ecclesiastical
sensuality; and his irritable money-getting Reve or Steward,
with his cropped head and calf-less legs, who shaves his beard
as closely as he reckons with his master's tenants.
The third great quality of Chaucer's humour is its fair
play;—the truth and humanity which induces him to see
justice done to good and bad, to the circumstances which
moke men what they are, and the mixture of right and wrong,
of wisdom and of folly, which they consequently exhibit.
His worst characters have some little saving grace of good¬
nature, or at least of joviality and candour. Even the Pardoner,
however impudently, acknowledges himself to be a “vicious
man."" His best people, with one exception, betray some
infirmity. The good Clerk of Oxford, for all his simplicity
and singleness of heart, has not escaped the pedantry and
pretension of the college. The Good Parson seems without
a blemish, even in his wisdom; yet when it comes to his turn
to relate a story, he announces it as a ""little"" tale, and then
tells the longest and most prosing in the book, —a whole
sermonizing volume. ...
[p. 78] The only character in Chaucer which seems faultless,
is that of the Knight; and he is a man who has been all over
the world, and bought experience with hard blows. The poet
does not spare his own person. He describes himself as a fat,
heavy man, with an ""elvish"" (wildish?) countenance, shy,
and always ""staring on the ground.  ..
This self-knowledge is a part of Chaucer's greatness;
and these modest proofs of it distinguish him from every
other poet in the language. Shakespeare may have had as
much, or more. It is difficult to suppose otherwise.  ...
His sonnets are not without intimations of personal and other
defects; but they contain no such candid talking as Chaucer.
[p. 79] The father of English poetry was essentially a modest man.
He sits quietly in a corner, looking down for the most part
and meditating; at other times eyeing everything that passes,
and sympathising with everything; chuckling heartily at a
jest, feeling his eyes fill with tears at sorrow, reverencing
virtue, and not out of charity with vice. When he ventures
to tell a story himself, it is as much under correction of the
Host as the humblest man in the company; and it is no
sooner objected to, than he drops it for one of a different
description.
[Here follow selections, each with a modernized version
printed below, and notes: Characters of Pilgrims (Prologue).
The Friar's Tale. The Pardoner's way of Preaching. The
Merchant's Opinion of Wives. Gallantry of Translation (Cock
and the Fox). The Disappearance of the Fairies.]",
part2_p271_a1,Vol.2,Part II,p271-273,1846.,"Landor, Walter Savage.","Imaginary Conversations,","[in] Works, 1846, vol. i, pp. 337, 402-8; vol. ii, pp. 164-7, 229. (Imaginary Conversations, ed. C. G. Crump, 1891, 6 vols., vol. iii, pp. 159, 352, 389, 394; vol. iv, pp. 66-108, 239, 274-5, 283; vol. vi, p. 45n.)","[vol. vi,
p. 45 n.]
LANDOR, ENGLISH VISITER [sic], AND FLORENTINE VISITER.
Landor.  ... Since the time of Chaucer there have only
been two poets who at all resemble him; and these two are
widely dissimilar one from the other, Burns and Keats. The
accuracy and truth with which Chaucer has described the
manners of common life, with the fore-ground and back-ground,
aro also to be found in Burns, who delights in broader strokes
of external nature, but equally appropriate. He has parts
of genius which Chaucer has not in the same degree; the
animated and pathetic. Keats, in his Endymion, is richer in
imagery than either.
[vol. iv,  [Chaucer, Boccaccio, and Petrarca, slightly enlarged from
[This passage is not in the 1st edn. of 1829.]
pp. 66¬
108] the first edition of 1829.]
SOUTHEY AND LANDOR.
[p. 274]  Landor.  ... Keats is the most imaginative of our poets
after Chaucer, Spenser, Shakspeare, and Milton.
Southey. I am glad you admit my favourite, Spenser.
Landor. He is my favourite too, if you admit the expression
without the signification of precedency. I do not think
him equal to Chaucer even in imagination, and he appears
to me very inferior to him in all other points, excepting
harmony. Here the miscarriage is in Chaucer's age, not in
Chaucer, many of whose verses are highly beautiful, but never
(as in Spenser) one whole period. I love the geniality of his
temperature: no straining, no effort, no storm, no fury. His
vivid thoughts burst their way to us through the coarsest
integuments of language.  ... Chaucer first united the two
glorious realms of Italy and England. Shakspeare came
after, and subjected the whole universe to his dominion.
But he mounted the highest steps of his throne under those
[p. 275] bland skies which had warmed the congenial breasts of
Chaucer and Boccaccio. [Chaucer's and Shakespeare’s powers
of imagination greater than Spenser's.]
[Some brief remarks follow on Dryden’s criticism of Chaucer's
metre and his comparison of Chaucer with Boccaccio.]
[p. 283  Southey [to Landor]... It is hard upon Milton, and
harder still upon inferior poets, that every expression of his
used by a predecessor should be noted as borrowed or stolen.
Here in v. 822,
Will bathe the drooping spirits in delight
is traced to several, and might be traced to more. Chaucer,
in whose songs it is more beautiful than elsewhere, writes,
His harte bathed in a bath of blisse.
Probably he took the idea from the bath of knights. You
could never have seen Chaucer nor the rest when you wrote
those verses at Rugby on Godiva.  ...","[There was no Chaucer allusion in the 1st edn., 1824, and only a very few insignificant ones in the 2nd, 1826; for the 1st edn. of Chaucer, Boccaccio, Petrarca, see above, 1827.]"
part2_p273_a1,Vol.2,Part II,p273,1846.,"Landor, Walter Savage.","To Robert Browning,","[in] Works, 1846, vol. ii, p. 673. (Poems, ed. C. G. Crump, 2 vols., 1892, vol. ii, pp. 194-5.)","There is delight in singing, tho' none hear
Beside the singer: and there is delight
In praising, tho' the praiser sit alone
And see the prais'd far off him, far above.
Shakspeare is not our poet, but the world’s,
Therefore on him no speech! and brief for thee,
Browning! Since Chaucer was alive and hale,
No man hath walkt along our roads with step
So active, so inquiring eye, or tongue
So varied in discourse. But warmer climes
Give brighter plumage, stronger wing: the breeze
Of Alpine highths [sic] thou playest with, borne on
Beyond Sorrento and Amalfi, where
The Siren waits thee, singing song for song.","[For Browning's comment on this see above, 1846.]"
part2_p273_a2,Vol.2,Part II,p273,1846.,"Ruskin, John.","Modern Painters,","vol. ii, 1846, part iii, sec. ii, ch. ii, § 13, p. 149. (Works, ed. E. T. Cook and A. Wedderburn, 1903-12, 39 vols., vol. iv, p. 240.)","[Passing reference in a simile to] The grain upon the tongue
of Chaucer's sainted child.","[For the further references in Modern Painters, see below, 1854-6.]"
part2_p273_a3,Vol.2,Part II,p273,1846.,Unknown.,"Chaucer- His Age and Writings,","[in] The British Quarterly Review, Feb.-May, vol. iii, pp. 105-33.","[In Chaucer's time poetry was conceived to be the metrical
dissemination of information. Hence his prolixity and
pedantry. Great scale and elaborate detail in his poetry.]
[p. 132] In the age of Chaucer, writers had... to drive the plough
of their ideas through the stubborn soil of an unformed
language. And therefore it is that the word naïveté becomes
[p. 133] less applicable to the productions of English writers after the
age of Shakespeare; while it continues applicable to those of
Scottish writers to a later period.",
part2_p274_a2,Vol.2,Part II,p274,1847.,"Deshler, C. D.",Selections from the Poetical Works of Geoffrey Chaucer.,"With a concise life of that Poet... by C. D. Deshler, London. [Wiley and Putnam’s Library of American Books.]","[The volume contains an Introduction, notes on pronuncia¬
tion, and five chapters of biography and criticism (vitiated
through the usual acceptance of the Court of Love, Testament
of Love, etc.), discussing the condition of the language and
Chaucer’s effect on it, characteristics of his poetry, estimate of
women, omission to celebrate the great personages of his age,
&c. The selections which follow are divided into five
categories : I. Rural Descriptions; II. Paintings-Female
Characters; III. Paintings-Masculine Characters; IV. Nar¬
rative Poetry; V. Miscellaneous. Among these are extracts
from the non-Chaucerian Complaint of the Black Knight,
Cuckoo and Nightingale, &c. An Appendix gives some
information on and extracts from Gower, Lydgate, Gavin
Douglas, Story of Cockaygne, and Herrick.]",
part2_p274_a4,Vol.2,Part II,p274,1847.,"Hare, Julius Charles and Augustus William.","Guesses at Truth, by two Brothers.","First Series, pp. 60, 151; 151-2 [use of wight and folk in Chaucer]; 171 [use of you in Chaucer]; 307 [Chaucer's language]; 350 [union of grave and light in Chaucer], 371.",,
part2_p275_a1,Vol.2,Part II,p275,[1847-8.],"Knight, Charles.","Half Hours with the Best Authors,","4 vols., vol. i, p. 235 [Flowers]; vol. ii, p. 34 [Griselda]; vol. iii, p. 180 [Chaucer gave our literature a more popular and national character] ; pp. 318-23 [Godwin]; vol. iv, pp. 514-17 [""Dryden’s Good Parson""].","[vol. i,
p. 235]
The exquisite simplicity of our first great poet's account of
his love for the daisy may well follow Shakspere's spring¬
garland. Rarely could he move from his books; no game
could attract him; but when the flowers begin to spring,
""Farewell my book and my devotion.""
[L. G. W., Prol. l. 39.]
Above all the flowers in the mead he loves most
""... these flowres white and red...[to]
Of it, to doen it all réverence.
[Ib., ll. 42-53.]",
part2_p275_a2,Vol.2,Part II,p275,1847.,"Thackeray, William Makepeace ['Titmarsh, Michael Angelo’.]","A Grumble about the Christmas Books,","[in] Fraser's Magazine, Jan. 1847, vol. XXXV, p. 125.","Do you remember the dainty description of the Prioress in
Chaucer? It has lately been quoted in Leigh Hunt's charming
volume of Wit and Humour, and concludes with the account
of a certain talisman this delicate creature wore :—
""About hire arm a broche of golde ful shene
On which was first written a crowned A
And after Amor vincit omnia""
[Prol. ll. 158-62, misquoted.
The works of the real humourist have always this sacred
press-mark, I think.",
part2_p275_a3,Vol.2,Part II,p275,1847.,Unknown.,"Review of Canterbury Tales from Chaucer by John Saunders,","[in] The Athenæum, no. 1037, Sept. 11, 1847, p. 950.","[A long review, in the main appreciative of Saunders's
work, but the reviewer considers the plan of his Canterbury
Tales to savour too much of modernisation, which he strongly
condemns.]",
part2_p275_a4,Vol.2,Part II,p275,1847.,"Wright, Thomas.","On some early Latin Stories, imitated at a later period by Chaucer and Shakespeare,","read Dec. 16th, 1847, [in] Archaeologia, vol. xxxii, 1847, pp. 362-5.","[The Freres Tale derived from a lost fabliau, a Latin version
of which, “De Advocato et Diabolo,"" (MS. Cott. Cleopatra,
D. viii, f. 110) Wright describes as nearer to Chaucer than
that printed in his Percy Society collection of Latin stories.]",
part2_p275_a5,Vol.2,Part II,p275,1847-51.,"Wright, Thomas.",Introduction and Notes,"[in] The Canter bury Tales, Percy Society. See above, p. 274.",,
part2_p276_a1,Vol.2,Part II,p276,[n.a. 1848.],"Coleridge, Hartley.","Chaucer, [printed in] Poems,","1851, 2 vols., vol. ii, pp. 289-91. (Complete Poetical Works, Muses' Library, [1907,] pp. 317-8.)","How wayward oft appears the poet's fate,
Who still is born too early or too late!...
The fleeting language, to its trust untrue,
Vext by the jarring claims of old and new,
Defeats his beauty, makes his sense the fee
Of a blind, guessing, blundering glossary.
Thus Chaucer, quaintly clad in antique guise,
With unfamiliar mien scares modern eyes.
No doubt he well invented–nobly felt¬
But O ye Powers! how monstrously he spelt.
His syllables confound our critic men,
Who strive in vain to find exactly ten...
His language too, unpolished and-unfixt,
Of Norman, Saxon, Latin, oddly mixt–
Such words might please th' uneducated ears
That hail'd the blaring trumpets of Poictiers...
Yet, thou true Poet! let no judgment wrong
Thy rich, spontaneous, many-coloured song;
Just mirror of a bold, ambitious age
In passion furious, in reflection sage!...
When every beast, and bird, and flower, and tree,
Convey'd a meaning and a mystery;
And men in all degrees, sorts, ranks, and trades,
Knights, Palmers, Scholars, Wives, devoted Maids,
In garb, and speech, and manners, stood confest...
And told their state and calling by their vest.","[According to information kindly given by Mr. E. H. Coleridge, the copy ot Anderson’s Poets in which this was written probably did not come into Hartley Coleridge's possession (though nominally given to him by his father in 1803) till the death of his uncle Southey in 1843. These lines must therefore have been written between that year and the end of 1848, as Hartley Coleridge died 6 Jan. 1849.]"
part2_p276_a2,Vol.2,Part II,p276,[n.a. 1848.],"Coleridge, Hartley.","Notes on Shakespeare,","[written in a copy of Stockdale's edition of the Plays, printed in] Essays and Marginalia, ed. Derwent Coleridge, 1851, p. 189.","It is remarkable that he [Shakespeare] has scarce adopted a
single expression from the “Troilus and Cresseide"" of Chaucer,
the most beautiful diary of love ever written. The work of
Lollius is not to be found. I am disposed to think that
Chaucer, in disowning the invention of this sweet poem, only
followed the common practice of the minstrels.",
part2_p277_a1,Vol.2,Part II,p277,1848.,"[De Quincey, Thomas.]","Review of T. N. Talfourd's Final Memorials of Charles Lamb,","[in] The North British Review, Nov. 1848, vol. x, p. 208. (Collected Writings, ed. D. Masson, 1890, 14 vols, vol. v, p. 253.)","[Lamb] Being himself a Lincoln man, he treated Sir Hugh
of Lincoln,... as a true historical personage on the rolls
of Martyrdom.
[Author's footnote.] The story which furnishes a basis to... the
Canterbury Tale of Chaucer's Lady Abbess.","[For another reference by De Quincey to the Prioresses Tale, with the same error of 'Abbess' for 'Prioress,' see above, 1327.]"
part2_p277_a2,Vol.2,Part II,p277,1848.,"[De Quincey, Thomas.]","Review of the Works of Alexander Pope,","ed. W. Roscoe, [in] The North British Review, Aug. 1848, vol. ix, p. 305. (Collected Writings, ed. D. Masson, 1890, 14 vols., vol. xi, p. 58.)","At this hour, five hundred years since their creation, the
tales of Chaucer, never equalled on this earth for their tender¬
ness, and for life of picturesqueness, are read familiarly by
many in the charming language of their natal day, and
by others in the modernisations of Dryden, of Pope, and
Wordsworth.",
part2_p277_a3,Vol.2,Part II,p277-278,1848.,"Emerson, Ralph Waldo.","Shakspeare: or, the Poet,","[in] Repre sentative Men, London, 1850, pp. 145-6,160. (Centenary Edition, London [1903], vol. iv, pp. 197-8, 216.)","[p.197] He [the great poet who appears in illiterate times] knows
the sparkle of the true stone, and puts it in high place, wher¬
ever he finds it. Such is the happy position of Homer
perhaps, of Chaucer, of Saadi... The influence of Chaucer
is conspicuous in all our early literature; and more recently
not only Pope and Dryden have been beholden to him, but, in
the whole society of English writers, a large unacknowledged
debt is easily traced. One is charmed with the opulence which
feeds so many pensioners. But Chaucer is a huge borrower.
Chaucer, it seems, drew continually, through Lydgate and
Caxton [sic, see below, Notes and Queries, April 9, 1853, and
Aug. 12, 1854], from Guido di Colonna, whose Latin romance
of the Trojan war was in turn a compilation from Dares
Phrygius, Ovid and Statius. Then Petrarch, Boccaccio and
[p. 198] the Provençal poets are his benefactors: the Romaunt of the
Rose is only judicious translation from William of Lorris and
John of Meung; Troilus and Creseida from Lollius of Urbino:
the Cock and the Fox from the Lais of Marie: the House of
Fame, from the French or Italian; and poor Gower he uses as
if he were only a brick-kiln or stone-quarry out of which to
build his house. He steals by this apology,–that what he
takes has no worth where he finds it and the greatest where
he leaves it.","[This essay was read at a lecture in London in 1848, and was published in Representative Men, Boston, 1850. The London reprint of the same year is the first edn. in B.M.]"
part2_p278_a1,Vol.2,Part II,p278,1848.,"[Garnett, Richard, the Elder.]","Antiquarian Club-Books,","[in] The Quarterly Review, March 1848, vol. lxxxii, pp. 323, 339. [Reprinted in The Philological Essays of R. Garnett, edited by his Son, 1859, pp. 126, 143-4.]","[p. 323] [Seriously questions Thomas Wright's qualifications for edit¬
[p. 339] [Strong resemblance in grammar and idiom between Chaucer,
ing the Canterbury Tales.]
Orm, and Mannyng. Possibly Chaucer and Wyclif exercised
the same kind of influence in England as Dante and Boccaccio
did in Italy and Luther in Germany.]",
part2_p278_a2,Vol.2,Part II,p278,1848.,"Hare, Julius Charles and Augustus William.","Guesses at Truth, by two Brothers.","Second Series, p. 100.","[On the unwisdom of compressing Chaucer's heroic line into
an octosyllable.]",
part2_p278_a3,Vol.2,Part II,p278,1848.,"Landor, Walter Savage.","Letter to Monckton Milnes,","[printed in] John Keats, by Sidney Colvin, 1917, p. 537.","On my return to Bath... I find your valuable present
of Keatses [sic] Works.  ... Of all our poets, excepting
Shakespeare and Milton, and perhaps Chaucer, he has most
of the poetical character.  ... There is... a freshness such
as we feel in the glorious dawn of Chaucer.",
part2_p278_a4,Vol.2,Part II,p278-279,1848.,"Macaulay, Thomas Babington, Lord.","History of England,","1849-61, 5 vols., vol. i, pp. 20, 342. (Works, 1898, 12 vols., vol. i, pp. 21, 358.)","[p. 21] Nor were the arts of peace neglected by our fathers during
that stirring period [the fourteenth century].  ... A copious
and forcible language, formed by an infusion of French into
German, was now the common property of the aristocracy and
of the people. Nor was it long before genius began to apply
that admirable machine to worthy purposes. While English
warriors, leaving behind them the devastated provinces of
France, entered Valladolid in triumph and spread terror to
the gates of Florence, English poets depicted in vivid tints
all the wide variety of human manners and fortunes, and
English thinkers aspired to know, or dared to doubt, where
bigots had been content to wonder and to believe. The same
age which produced the Black Prince and Derby, Chandos
and Hawkwood, produced also Geoffrey Chaucer and John
Wycliffe.
[p. 358] About a day's journey south of Leeds, on the verge of
Shef-  a wild moorland tract, lay an ancient manor... which
field
was known by the name of Hallamshire. Iron abounded
there; and, from a very early period, the rude whittles
fabricated there had been sold all over the kingdom. They
had indeed been mentioned by Geoffrey Chaucer in one of his
Canterbury Tales. [Reves T. l. 13.]",[Vols. i and ii were published in November 1848 (D. N. B.).]
part2_p279_a1,Vol.2,Part II,p279,1849.,"B., N.","Chaucer's Grave,","[in] The Gentleman’s Magazine, Dec. 1849, new ser., vol. xxxii, pp. 594-5.","[Was Chaucer's grave desecrated on the occasion of Dryden's
interment? Reference to Dart's account, q.v. above, 1723,
vol. i, pp. 363-6.]",
part2_p279_a2,Vol.2,Part II,p279,1849.,"Froude, James Anthony.","The Nemesis of Faith,",p. 151.,"The poets, from Chaucer to Milton, were, without exception,
on the reforming side.",
part2_p279_a3,Vol.2,Part II,p279,[n.a. 1849.],"Hunt, James Henry Leigh.",Sonnet.,"[Quoted by C. Day in Notes and Queries, 22 Dec. 1849, vol. i, p. 122.]","Were I to name out of the times gone by,
The poets dearest to me, I should say,
Pulci for spirits, and a fine, free way,
Chaucer for manners, and a close, silent eye...",
part2_p280_a1,Vol.2,Part II,p280,1849.,"Ruskin, John.","The Seven Lampe of Architecture,","Note to chapter ii, §10, p. 202. (Works, Library edition, ed. E. T. Cook and A. Wedderburn, 39 vols., 1903-12, vol. viii, pp. 269-70.)","[p. 269] [On the lines: ""It may be perhaps permitted me to assume
that true architecture does not admit iron as a constructive
material,"" Ruskin says:]
Except in Chaucer's noble temple of Mars:
""And dounward from an hill under a bent,
Ther stood the temple of Mars, armipotent... [to]
Was tonne-gret of yren bright and shene.""
The Knightes Tale [ll. 1981-94].
[p. 270] There is, by the bye, an exquisite piece of architectural
colour just before:
"" And northward, in a turret on the wall
Of alabaster white, and red corall,
An oratorie riche for to see,
In worship of Diane of Chastitee.""
[ll. 1909-12.]
[This note was reprinted as it stands in the second edition
of 1855; in the third edition of 1880, however, it was altered
somewhat, the spelling of the lines quoted being modernised
and explanatory notes added.]",
part2_p280_a2,Vol.2,Part II,p280,1849.,"Ticknor, George.","History of Spanish Literature,","New York, 3 vols, vol. i, pp. 22 n., 85-6.","[pp. 85-6.] [Juan Ruiz de Hita, comparable to Chaucer, who wrote
a little later in the same century, in his prevailingly natural
and spirited tone, in seeking materials in northern French
poetry, in the mixture of devotion and immorality, in know¬
ledge of human nature, and in being a reformer of prosody;
he has not, however, ""the tenderness, the elevation, or the
general power of Chaucer.""]",
part2_p280_a3,Vol.2,Part II,p280-281,1849.,Unknown.,"The Times and Poetry of Chaucer,","by a New Con tributor, [in] The Knickerbocker Magazine, New York, Sept. and Oct. 1849, vol. xxxiv, pp. 236-41, 292-98.","[p. 238] He who shall study the poetry of this father of English
verse, will not be a dull, dry, dead piece of humanity; but if
he read with deep attention, he will feel that he is in the
presence of a master spirit, who is striking every chord that
vibrates in harmony with truth and nature in his soul.  ...
[p. 296] Few poets have equalled Chaucer in word painting. In one
bold, though antiquated expression, he shows us the character
of a ""Doctour of Phisicke.""
""For gold in phisike is a cordial,
Therefore he loved gold in special.""
[Prol. ll. 443-4.]
Such are a few samples of his manner of describing his
heroes and heroines: he gives us an outline cap-à-pie; un¬
covers the mind and shows us the very heart. Like Shakspeare
he had an intellect which rose far above all competition in
its power of judging character.  ... For conciseness and energy
united, come to the Tales of Chaucer.",
part2_p281_a1,Vol.2,Part II,p281-282,1849.,Unknown.,"Chaucer,","[in] The North British Review, Edinburgh, 1849, vol. x, pp. 293-328. [A review of Nicolas’s edition of the Works, Saunders' Cabinet Pictures and Canterbury Tales, Deshler's Selections, Horne’s Poems Modernised, and Cowden Clarke’s Tales from Chaucer and Riches of Chaucer.]","[p. 294] The first question, as it seems to us which we are bound
at once to ask or to answer, is–belongs he [Chaucer]
to the living or to the dead; does he or does he not speak
words of living interest to living men; is he or is he not
an integral part of our existing civilisation?...
... So far is his story from being strange and distant to us,
that we believe every one who investigates it for the first
time will feel astonished that it should have been possible
for any one, in the times of Cressy and of Poictiers, to
lead a life in all respects so nearly resembling that of an
accomplished and successful civilian at the present day.
[Here follow an appreciation of recent work on Chaucer,
especially that of Saunders and Nicolas, who are both con¬
trasted favourably with Godwin; and a life of Chaucer, largely
based on the latter, occupies pp. 299-314.]
. . . . . . . . . .
[p. 324] In its form it [the speech which Chaucer employed] was
the Saxon of Edward the Confessor, with such flectional
modifications as three centuries of further development had
effected; and in its substance it had superadded to the great
Saxon substratum such Norman words as the contact of three
centuries had gradually introduced...
[p. 325] A few observations before parting, for the purpose of fixing,
in some measure, the rank that he is entitled to hold among
our poets.   ... We do not venture to equal him to
the two greatest of them. With Milton, indeed, he can in
no wise be compared, for the difference in kind is so absolute
as to render it impossible to measure the degree; and by
Shakespeare he is unquestionably surpassed in his own
walk.  ...
As a poet of character- and as such chiefly he must be
viewed, we believe him to come nearer to Shakespeare than
any other writer in the language. There is the same vigour
in all that he pourtrays, the same tone of health belongs to it.
... We believe that no writer ever was so healthy as
[p. 326] Chaucer is essentially the poet of man. Brought up from
Chaucer.  ...
the first from among his fellows and discharging to the last
the duties of a citizen, he wandered not,–nor wished to
wander in solitary places. His poetry is that of reality.  ...
[pp. 327-  ... In many respects it seems to us that Chaucer resembles
8]
Goethe more than any of the poets of our own country. He
has the same mental completeness and consequent versatility
which distinguish the German; the same love of reality;
the same clearness and cheerfulness; and, in seeming con¬
tradiction to this latter characteristic, the same preference for
grief over the other passions, in his poetical delineations. In
minor respects, he also resembles him, and in one, not
unimportant, as marking a similarity of mental organization,
that, namely, of betaking himself at the close of a long life
spent in literature and affairs, to the study of the physical
sciences, as if here alone the mental craving for the positive
could find satisfaction.",
part2_p282_a1,Vol.2,Part II,p282,1849.,"Whittier, John Greenleaf.","Margaret Smith’s Journal,","Boston, 1859 [not in B.M.]. (Writings, Riverside Edn., 1888-89, 7 vols., vol. v, Prose, vol. i, p. 51.)","I think old Chaucer hath it right in his Pardoner's Tale
[ll. 549-55]:—
A likerous thing is wine, and drunkenness
Is full of striving and of wretchedness [etc.].",
part2_p282_a2,Vol.2,Part II,p282,1850.,"Boker, George Henry.","Letter to R. H. Stoddard,","[dated] Jan. 7, 1850, [quoted in] Recollections... by R. H. Stoddard, New York, 1903, p. 186.","Read Chaucer for strength, read Spenser for ease and
sweetness, read Milton for sublimity and thought, read
Shakespeare for all these things and for something else which
is his alone. Get out of your age as far as you can.",
part2_p283_a1,Vol.2,Part II,p283,1850.,"Bright, John.",Speech on abolition of capital punishment.,"The Life and Speeches of John Bright, 2 vols. 1881, by George Barnett Smith, vol. i, p. 307.","If you wish to teach the people to reverence human nature,
you must first show them that you reverence it yourselves.
An old English writer, Chaucer, says of his ""Parson""—
""Christ’s lore, and his Apostles twelve
He preached, but first he followed it himself;""
[Prol. ll. 527-8.]
and if we would teach men to reverence the lives of their
fellow-men the first and most powerful step we could take
would be to abandon the halter and the scaffold.",
part2_p283_a2,Vol.2,Part II,p283,1850.,"Bruce, John, and Others. (Committee for the Repair of the
Tomb of Geoffrey Chaucer.)","Advertisement,","[on the cover of] The Gentleman’s Magazine, Aug. 1850, new ser., vol. xxxiv, also in Notes and Queries, Feb. 22, and May 10, 1851, 1st ser., vol. iii, pp. 159, 383.","[The names of the Committee are–
John Bruce, Esq., Treasurer
Sir Frederick Madden, K.H.
S.A.
John G. Nichols, Esq., F.S.A.
J. Payne Collier, Esq. V.P.S.A.
Henry Shaw, Esq., F.S.A.
Peter Cunningham, Esq., F. S.A.
Samuel Shepherd, Esq., F.S.A.
W. Richard Drake, Esq., F.S.A.
William J. Thoms, Esq., F.S.A.
Thomas W. King, Esq., F.S.A.
A statement follows that the tomb ""is fast mouldering into
irretrievable decay,"" and that £100 ""will effect a perfect
repair;"" with an appeal for this sum.
On pp. 182-3, 293, 632 of vol. xxxiii, and on pp. 75,
280-2, 485 of vol. xxxiv, of The Gentleman’s Magazine, are
further notes, articles and appeals.]",
part2_p283_a3,Vol.2,Part II,p283,1850.,"Collier, John Payne.","Chaucer's Monument and Spenser's Death,","[in] The Gentleman’s Magazine, Nov. 1850, new series, vol. xxxiv. pp. 485-7.","[Collier argues from a passage in Wm. Warner's Albion's
England [q.v. above, 1606, vol. i, p. 178] that Spenser was
only accidentally and not designedly buried near Chaucer, the
couplet being:
"" Per accidens only interr'd
Nigh venerable Chaucer.""]",
part2_p283_a4,Vol.2,Part II,p283-284,1850.,"Dickens, Charles.","David Copperfield,","chap. xxvii, lii, pp. 287, 536. (Works, Gadshill Edition, ed. Andrew Lang, 1892-1908, 36 vols., vol. xiv, David Copperfield 2 vols., vol. i, pp. 487-8; vol. ii, p. 386.)","[p. 287]
""It was at Canterbury where we last met. Within the
shadow, I may figuratively say, of that religious edifice,
immortalized by Chaucer, which was anciently the resort of
Pilgrims from the remotest corners of-in short"" said Mr.
Micawber, “in the immediate neighbourhood of the cathedral.""
[p. 536] [Mr. Micawber is again speaking:] “So be it! For myself,
my Canterbury Pilgrimage has done much; imprisonment on
civil process, and want, will soon do more.""",
part2_p284_a1,Vol.2,Part II,p284,1850.,"Hunter, Joseph.",The Seal of Chaucer: copy of the deed to which it is appended : copy of a public instrument notifying to him his removal from his office of Clerk of the King's Works...,"Read May 14, 1850, [in] Archaeologia, vol. xxxiv, 1852, pp. 42-5.","[With a drawing of the seal and counterseal. The first
document is a deed of Thomas Chaucer of Ewelme, dated
20 May, 10 Henry IV (1409), q.v. above, vol. i, p. 19, the
second is of 17 June, 14 Richard II (1391), (Life Records
of Chaucer, p. 300), q.v. below, App. A, 1391.]",
part2_p284_a2,Vol.2,Part II,p284,[c. 1850.],"Landor, Walter Savage.","James I of Scotland,","[lines printed in] Letters and other Unpublished writings of Walter Savage Landor, ed. Stephen Wheeler, 1897, p. 205.","James! I will never call thy fortunes hard,
A happy lover and unrival’d bard.
For Chaucer, Britain's firstborn, was no more,
And the Muse panted after heavy Gower.",
part2_p284_a3,Vol.2,Part II,p284,[c. 1850.],"Noble, T.","Ovid’s Art of Love, Remedy of Love and Art of Beauty: to which is added Chaucer's Court of Love","[Maynwaring's version], etc., London, T. Noble.",,"[A reprint of the original edn. of 1709, q.v. above, vol. i, p. 310. The Chaucerian authorship of the Court of Love is nowhere questioned in the little book, which is a plain reprint without notes.]"
part2_p286_a1,Vol.2,Part II,p286,[a. 1850?],"Ruskin, John.","Letter on his early poem, The Last Song of Arion,","to W. H. Harrison. (Works, Library edition, ed. E. T. Cook and A. Wedderburn, 1903-12, 39 vols., vol. ii, p. 123.)","[Writers comparing their mistresses to the sun:] Only
one man has done that rightly, in the pure way—Chaucer.
‘Up rose the Sonne, and up rose Emilie!’
[Knightes T., l. 1415.]",[The editors state that this letter is undated but was probably written before 1850.]
part2_p287_a2,Vol.2,Part II,p287,1850.,Unknown.,"History of the English Language,","[in] The Edinburgh Review, Oct. 1850, vol. xcii, pp. 306, 310, 313-315, 317, 320, 323.","[pp. 313- [Chaucer's influence on the language; he introduced a
14]
large number of words from the French, and endeavoured,
though unsuccessfully, to introduce innovations of accent and
pronunciation.
As regards vocabulary; our most idiomatic writers have
never admitted more than a tenth that is not Anglo-Saxon;
our least never less of Anglo-Saxon than two-thirds.
Even in his translations, Chaucer will more than bear the
latter test, and in his original compositions he will more than
bear the former.]
[p. 314] Excepting a very few passages in which he makes a large
demand on general and abstract nouns (as of ethical qualities),
or of terms of art (as of physic or alchemy), his diction is more
purely Saxon than that of Swift. In his most graphic descrip¬
tions of character and incident, it will be found that all the
more vivid and expressive words and phrases–those which
are most poetical in their effect–are Anglo-Saxon; as, for
example, in his picture of the jovial monk of whom he says
that
'When he rode, men might his bridle hear
Gingling in a whistling wind, as clear
And eke as loud as doth his chapel bell;'
[Prol., ll. 169-71.]
and of the poor parson, of whom he writes
'That Cristes lore and his apostles twelve
He taught–but first he followed it himselve.'¹
[Prol., ll. 527-8.]
[The other references are brief.]","¹[Author's Note. ] The beautiful imitation by Dryden of Chaucer's description of the genuine minister of Christ is decidedly inferior, in simple force and vividness, to the original. Nor have Goldsmith or Cowper, in treating the same theme, equalled the graphic touches of our antique poet."
part2_p287_a3,Vol.2,Part II,p287-288,[n.a. 1850.],"Wordsworth, William.","Miscellaneous Memoranda,","[in] Memoirs of W. Wordsworth, by Christopher Wordsworth, 1851, 2 vols, vol. ii, p. 470.","When I began to give myself up to the profession of a poet
for life, I was impressed with a conviction, that there were
four English poets whom I must have continually before me
as examples—Chaucer, Shakespeare, Spenser and Milton.
These I must study, and equal if I could; and I need not
think of the rest.
[This paragraph was communicated to Christopher Words¬
worth by Crabb Robinson. The former says (vol. i, p. 27)
that in the dining-room at Rydal Mount ""are engravings
of poets–Chaucer, Spenser, Shakespeare, Ben Jonson and
Milton;"" and (vol. i, p. 49) that “the mind of Wordsworth was
indeed cheered at Cambridge... by visions of the illustrious
dead who had been trained in that University—Chaucer,
Spenser, Ben Jonson, Milton, Cowley, Dryden.""]",[Wordsworth died in 1850.]
part2_p160_a2,Vol.2,Part II,p160,1826.,"Barrett, afterwards Browning, Elizabeth Barrett.","Notes on proof sheets of a work by Uvedale Price,","[printed in] Elizabeth Barrett Browning, Hitherto Unpublished Poems and Stories, Bibliophile Society, Boston, 1914, 2 vols., vol. ii, pp. 67-8.","It has appeared to me that a trochee introduced before the
last foot (supposing the last foot to be an iambus) produces
an agreeable relief from the monotony of the usual heroic
structure. The following examples from Chaucer's Knight's
Tale are among the most melodious I can recollect–
""And sōlĭtāire hĕ wās ēvĕr ălōne
And wāīlĭng āll thĕ night mākĭng hĭs mōne.""",
part2_p185_a5,Vol.2,Part II,p185,1832.,"Le Bas, Charles Webb.","The Life of Wiclif,",pp. 211-12.,"[Wiclif's zeal and charity] have given occasion to the con¬
jecture that he may have been the real original of Chaucer's
celebrated picture of the Village Priest.
[Prol. ll. 477-528 quoted.]",
part2_p192_a3,Vol.2,Part II,p192,1834.,"Planché, James Robinson.","History of British Costume,","pp. 94, 96, 102 n., 113, 125, 148-9, 151, 154-5, 156-7, 161, 162, 163, 165, 166, 167, 181, 229.","[p. 94] [Queintise, in Rom. Rose.]
[p. 96] [Shoes ""decoped with lace,"" Rom. Rose.]
[p. 113] [Quotations from G. de Lorris on surquayne, and mention
that Chaucer translates it rockette. Rom. Rose, 1240.]
[p. 125] The apron is seen upon a female figure of this date
[Edward II]. It is afterwards mentioned by Chaucer as the
barme, or lap-cloth. [Milleres T., 50.]
[p. 148] [Quotation of Knightes T., 2026, Troilus, i, 109, &c. on
mourning garments.]
[p. 151] Chaucer, who wrote his ""Canterbury Tales"" towards the
close of this reign [Richard II], puts a two-fold lamentation
into the mouth of the parson concerning the ""sinful costly
array of clothing. . ."" [Persones Tale, 415.]
[pp.154-7] [Descriptions of the dress of the Richard II period, with
Chaucer quotations.]
[pp. 161-3] [Description of knightly accoutrements, with quotations
from The Knightes Tale, etc.]
[pp. 165-7] [Description of ladies' dress of the reign of Richard II, with
quotations from the Canterbury Tales.]",
part2_p226_a3,Vol.2,Part II,p226-227,1840.,"Barrett, afterwards Browning, Elizabeth Barrett.",Letter to R. H. Horne,"[on Chaucer Modernised, dated] Dec. 17th, 1840, [in] Letters of E. B. Browning to R. H. Horne, ed. S. R. T. Mayer. 1877, 2 vols., vol. i, pp. 107-10.","[p. 108] Notwithstanding all the merit and the grace, do not some
of the poems militate against the principle you set out with
[''gracefully and poetically to retain as much of the original
language of Chaucer as possible"" (p. 100)]? I venture to
think that the re-fashioners stand–some of them, and in a
measure–too far from Chaucer's side–however graceful the
attitude. You, yourself, and Wordsworth are most devoutly
near. Most of the contributors are so, but not all, for even
Mr. Leigh Hunt is sometimes satisfied in being with Chaucer
in the spirit, and spurns the accidents of body. But Mr.
Bell’s  ‘Mars and Venus‘  is too smooth and varnished, and
redolent of the nineteenth century, as appears to me, for spirit
or body. I think people will say, you might ‘keep more
Chaucer. . . .’",
part2_p227_a1,Vol.2,Part II,p227,1840.,"Halliwell, afterwards Halliwell-Phillipps, James Orchard.","The Volvelle, and on Chaucer's Treatise of the Astrolabe,","[in] Archæologia, vol. xxix, 1842, pp. 374-5. [Communicated to the Society, 19th March, 1840.]","[A vellum volvelle exhibited; its use explained from
Ashmole MS. 191, The Rewle of the Volvelle; Chaucer's
Astrolabe a translation ultimately from a Sanscrit original;
this fact discovered by Reuben Burrow (reference to Professor
Davies' History of Magnetical Discovery, p. 257); Nicholas
Strode was tutor to Chaucer's son at Oxford, as shown by
the colophon to a Cambridge MS. (Dd. iii. 53) of Chaucer’s
Astrolabe.]",[We have not been able to trace the reference to Davies.]
part2_p229_a1,Vol.2,Part II,p229,[n.a. 1841.],"Chaucer, Geoffrey.","The Canterbury Tales,",[in] Dove's Classics.,,"[A cheap reprint, classed with that in Bell's Poets by the anonymous reviewer of Chaucer Modernised in the Athenæum (q.v. below, 1841). Nothing is known of this series or of the edn. of the Canterbury Tales which formed part of it. The date is more probably near 1820-25, when there were many cheap series of poets like the Chiswick.]"
part2_p234_a1,Vol.2,Part II,p234,1841.,"Halliwell, afterwards Halliwell-Phillipps, James Orchard.",Ludus Coventriœ.,"A collection of Mysteries, formerly represented at Coventry on the Feast of Corpus Christi. (Shakespeare Society.) Notes, pp. 407, 416; Glossary, pp. 419-21, 423-4, 426-8, 432-4.","[Chaucer's definition of Tragedy in the Monkes Tale quoted.
[p. 407]
[p. 416] Chaucer's reference to the player's ""scaffold"" in the
Milleres Tale quoted.
Glossary. Remarks on Chaucer's use of asmatryk; belle;
berde; brayde; bysmare; do, don; fytt; flem; herborwe;
lymyd; nale; ore; pillid; stevene; upryth; ȝemanry.]",
part2_p242_a2,Vol.2,Part II,p242-243,1842.,"[Barrett, afterwards Browning, Elizabeth Barrett.]","The Book of the Poets,","[a review of the anonymous anthology so named (q.v. above [a. 1841]), in] The Athenæum, 1842, pp. 497-99, 520-22, 558-60, 706-8 728-9. [Reprinted (enlarged) in The Greek Chris tian Poets and the English Poets, 1863.] (Poetical Works, 1890, 6 vols., vol. v, pp. 203-4, 207-17, 226-9, 250-1, 259, 267.)","[p. 498] But it is in Chaucer we touch the true height, and look
abroad into the kingdoms and glories of our poetical literature,
–it is with Chaucer that we begin our ‘Book of the Poets.’
... And the genius of the poet shares the character of his
position: he was made for an early poet, and the metaphors
of dawn and spring doubly become him. A morning-star, a
lark's exaltation, cannot usher in a glory better. The “cheerful
morning face,” “the breezy call of incense-breathing morn,”  you
recognize in his countenance and voice: it is a voice full of
promise and prophecy. He is the good omen of our poetry,
the ""good bird,"" according to the Romans, ""the best good
angel of the spring,"" the nightingale, according to his own
creed of good luck, heard before the cuckoo.
Up rose the sunne, and uprose Emilie,
and uprose her poet, the first of a line of kings, conscious of
futurity in his smile. He is a king and inherits the earth,
and expands his great soul smilingly to embrace his great
heritage. Nothing is too high for him to touch with a thought,
nothing too low to dower with an affection... His senses are
open and delicate, like a young child’s–his sensibilities
capacious of supersensual relations, like an experienced
thinker's. Child-like, too, his tears and smiles lie at the edge
of his eyes, and he is one proof more among the many, that
the deepest pathos and the quickest gaieties hide together in
the same nature ... And because his imagination is neither
too ""high fantastical"" to refuse proudly the gravitation of the
earth, nor too ""light of love"" to lose it carelessly, he can
create as well as dream, and work with clay as well as cloud,
–and when his men and women stand close by the actual
ones, your stop-watch shall reckon no difference in the beating
of their hearts. He knew the secret of nature and art,—that
truth is beauty,—and saying ""I will make ‘A Wife of Bath’
as well as Emilie, and you shall remember her as long,"" we do
remember her as long. And he sent us a train of pilgrims,
each with a distinct individuality apart from the pilgrimage,
all the way from Southwark and the Tabard Inn, to Canterbury
and Becket's shrine; and their laughter comes never to an end,
and their talk goes on with the stars, and all the railroads
which may intersect the spoilt earth for ever, cannot hush the
""tramp, tramp"" of their horses' feet.
[More on Chaucer's versification, the supposed quarrel with
Gower, etc.]",
part2_p244_a2,Vol.2,Part II,p244,1842.,"C[larke,] C[harles] C[owden].","Chaucer,","[in the] Encyclopædia Britannia, 7th edition, vol. vi, pp. 336-8.","[This is a new article on Chaucer, the previous one (author
unknown) having appeared in all editions of the E.B. from
1778.]
[Possibly 1345 is more correct for Chaucer's birth than
1328, usually assigned because of Chaucer's deposition as to
his age in Oct. 1386. Account of Chaucer's offices and service
abroad; his flight and imprisonment. Short notice of the
editions, in which the Complaint of the Black Knight is
treated as authentic. Chaucer's chief merit in regard to
versification consisted in rendering it more natural, regular
and comprehensive, by discarding alliteration, and by reduc¬
ing the irregular Alexandrine metre to the heroic measure in
an uniform and equal number of syllables. But Wicklif con¬
tributed far more than Chaucer to the improvement of the
English language. There follows a short account of the Canter¬
bury Tales, and a quotation from Campbell’s appreciation
of Chaucer in Specimens of the British Poets (q. v. above,
1819).]",
part2_p246_a3,Vol.2,Part II,p246,1843.,"Chaucer, Geoffrey.","Poetical Works of Chaucer,","with an essay on his language, etc. by T. Tyrwhitt; Moxon. [The Canterbury Tales and essay are reprinted from Tyrwhitt's edition of 1775-8. For an account of this edn., see Chaucer, by E. P. Hammond, p. 139.]",,
part2_p246_a4,Vol.2,Part II,p246,1843.,"Barrett, afterwards Browning, Elizabeth Barrett.","Letter to John Kenyon,","[dated] March 25th, 1843, [in] Letters of Elizabeth Barrett Browning, 1897, vol. i, p. 128.","The poetical faculty, which expresses the highest moods
of the mind, passes naturally to the highest objects. Who
can separate these things? Did Dante? Did Tasso? Did
Petrarch? Did Calderon? Did Chaucer?... Chaucer,
with all his jubilee of spirit and resounding laughter, had
the name of Jesus Christ and God as frequently to familiarity
on his lips as a child has his father's name.",
part2_p246_a5,Vol.2,Part II,p246-247,1843.,"Barrett, afterwards Browning, Elizabeth Barrett.","Letter to Mrs. Martin,","[dated] May 26, 1843, [in] Letters of Elizabeth Barrett Browning, 1897, vol. i, p. 143.","No, you would certainly never recognise my prison if you
were to see it. [Here follows description of alterations in her
bedroom]... And Chaucer's and Homer's busts on guard
over those two departments of English and Greek poetry.",
part2_p252_a2,Vol.2,Part II,p252,[1838-44.],"Barrett, afterwards Browning, Elizabeth Barrett.","The Lost Bower, and A Vision of Poets,","[in] Poems by Elizabeth Barrett Barrett, 1844, vol. ii, pp 24, 104, 112-13. [In the preface these poems are said to have been written between 1838 and 1844.] [vol. ii, And Chaucer, with his infantine p. 24] Familiar clasp of things divine— That mark upon his lip is wine. [p. 104] ... If Chaucer had not travelled Through a forest by a well, He had never dreamt nor marvelled At those ladies fair and fell Who lived smiling without loving, in their island-citadel. . . . . . . . . . If it were a bird, it seemëd [p. 112] Most like Chaucer’s, which, in sooth, He, of green and azure dreamëd, While it sate in spirit-ruth [p. 113] On that bier of a crowned lady, singing nigh her silent mouth. [The reference in the stanza quoted from p. 104 is to the non-Chaucerian Isle of Ladies.]","[in] Poems by Elizabeth Barrett
Barrett, 1844, vol. ii, pp 24, 104, 112-13. [In the preface
these poems are said to have been written between 1838 and
1844.]
[vol. ii,
And Chaucer, with his infantine
p. 24]
Familiar clasp of things divine—
That mark upon his lip is wine.
[p. 104]
... If Chaucer had not travelled
Through a forest by a well,
He had never dreamt nor marvelled
At those ladies fair and fell
Who lived smiling without loving, in their island-citadel.
 . . . . . . . . .
If it were a bird, it seemëd
[p. 112]
Most like Chaucer’s, which, in sooth,
He, of green and azure dreamëd,
While it sate in spirit-ruth
[p. 113]
On that bier of a crowned lady, singing nigh her silent mouth.",[The reference in the stanza quoted from p. 104 is to the non-Chaucerian Isle of Ladies.]
part2_p256_a5,Vol.2,Part II,p256,1844.,"Palgrave, formerly Cohen, Sir Francis.","Fifth Report of the Deputy Keeper of the Public Records (March 25, 1844),","p. 21. For biographical purposes they [the Pell Records] abound in information which cannot be found elsewhere; and by their means Sir Harris Nicolas has been enabled to complete the collection of all the information which the Records afford concerning the Life of Chaucer, and for the composition of that very small volume he was compelled to examine from 20 to 50 Rolls per diem. [For Nicolas's Life of Chaucer, see below, Works, 1845.]","p. 21.
For biographical purposes they [the Pell Records] abound
in information which cannot be found elsewhere; and by
their means Sir Harris Nicolas has been enabled to complete
the collection of all the information which the Records afford
concerning the Life of Chaucer, and for the composition of
that very small volume he was compelled to examine from
20 to 50 Rolls per diem.","[For Nicolas's Life of Chaucer, see below, Works, 1845.]"
part2_p258_a1,Vol.2,Part II,p258,1845.,"Chaucer, Geoffrey.","Poetical Works of Chaucer,","with memoir by Sir N. H. Nicholas [q.v. below], 6 vols., Aldine edition of British Poets, vols. xlvii-lii. [Reprinted, 1852, and re-edited, 1866, by R. Morris. The text is Tyrwhitt's for the Canterbury Tales, that of the Chiswick edn., 1822, for the other works.]",,
part2_p258_a2,Vol.2,Part II,p258,1845.,"Barrett, afterwards Browning, Elizabeth Barrett.","Letter,","[dated 12 May, 1845, in] The Letters of Elizabeth Barrett Browning to R. H. Horne, ed. S. R. Townshend Mayer, 1877, 2 vol., vol. ii, pp. 175-6.","[p.176] Chaucer wrote on precisely the same principles (eternal
principles) [of metre] as the Greek poets did, I believe un¬
alterably; and you, who are a musician, ought [in Chaucer
Modernised] to have sung it out loud in the ears of the
public.",
part2_p259_a1,Vol.2,Part II,p259,1845.,"Barrett, afterwards Browning, Elizabeth Barrett.","Letters to Robert Browning,","[dated] 1845, [printed in] The Letters of Robert Browning and Elizabeth Barrett Barrett, 1899, vol. i, pp. 160, 267, 336-7.","[p. 160] [13 Aug. 1845.] Does not the old word King Lud’s men
stomped withal, claim identity with our 'stamping'? The a
and o used to 'change about,' you know, in the old English
writers—see Chaucer for it.
[p. 267] [6 Nov. 1845.] I have considered about Mr. Kenyon
and it seems best, in the event of a question or of a remark
equivalent to a question, to confess to the visits ‘generally
once a week’.. because he may hear, one, two, three different
ways,.. not to say the other reasons and Chaucer's charge
against ‘doubleness.’ I fear.. I fear that he (not Chaucer)
will wonder a little–and he has looked at me with scanning
spectacles already and talked of its being a mystery to him
how you made your way here...
[pp. 336,
[19 Dec. 1845.] And speaking of verse-somebody gave me
337]
a few days ago that Mr. Lowell’s book you once mentioned to
me. [...] But these American books should not be reprinted
here–one asks, what and where is the class to which they
address themselves?[...] here, with us, whoever wanted
Chaucer, or Chapman, or Ford, got him long ago–what else
have Lamb, and Coleridge, and Hazlitt, and Hunt and so on
to the end of their generations.. what else been doing
this many a year?","[The stops, except those in square brackets, are in the original text.]"
part2_p267_a2,Vol.2,Part II,p267,1846.,"Chaucer, Geoffrey.","Chaucer's Romaunt of the Rose, Troilus and Creseide, and the Minor Poems,","with the life of the poet, by Sir N. H. Nicolas. Pickering, 3 vols.",,"[A reprint of vols. iv-vi of Pickering's 1845 Aldine edn., with Nicolas's ""Life"" only.]"
part2_p274_a1,Vol.2,Part II,p274,1847-51.,"Chaucer, Geoffrey.","The Canterbury Tales of Geoffrey Chaucer,","a new text, 3 vols., printed for the Percy Society, ed. T. Wright, vols. xxiv-xxvi. Cokes Tale of Gamelyn).","[Vol. i. Introduction, pp. v-xlii. Text, pp. 1-295 (with the
Vol. ii. Text, pp. 1-386.
(the Tale of Beryn).
Vol. iii. Text, pp. 1-318, with the ""Merchauntes Second Tale""
The edition is annotated at the bottom of the pages.
Wright’s introduction consists of a sketch of Chaucer's life,
based on Sir N. H. Nicolas’s ""Life""; an examination of
the Tales, especially of their unfinished state and arrange¬
ment; an account of the editions; and a statement of the
""Plan of the present Edition,"" beginning with some remarks
on Chaucerian English, and stating the editor's reasons for
the selection of Harleian MS. 7334 as the basis of the text.
Reprinted in the Universal Library, 1853, q.v. below.]",
part2_p274_a3,Vol.2,Part II,p274,1847.,"Halliwell (afterwards Halliwell-Phillips), James Orchard.","A Dictionary of Archaic and Provincial Words,","obsolete phrases,/ proverbs and ancient customs, from the fourteenth century.",[Contains many words from Chaucer.],
