ID,Volume,Part,Page,Date,Author,Title,Imprint,Quotation,Headnotes
part3_p107_a1,Vol.2,part III,p107,1870.,"Brae, Andrew Edmund.","The Treatise of the Astrolabe of Geoffrey Chaucer,","edited by A. E. Brae, with notes and illustrations.","[The volume contains seven illustrations of Chaucer's Astro¬
labe, with a text of his treatise, an Appendix reprinting
essays on the astronomy of the Canterbury Tales; and a
series of notes on Chaucer’s astronomy.]",
part3_p107_a2,Vol.2,part III,p107-108,1870.,"Courthope, William John.","The Paradise of Birds,","pp. 9, 122-3.","[Man has exterminated all the feathered tribes, and the
insect is becoming the lord of creation. Maresnest, the
scientific theorist, and Windbag, the romantic poet, come to
the Paradise of Birds to beg two eggs of every species. They
are tried by a jury of birds, and plead the ""kindliness of
men to birds,"" giving as examples Aristophanes, Chaucer,
Gilbert White, etc.]
[p. 9] The Bird has thoughts like Man, but while he lives,
Each to one feeling various utterance gives,
Even in this life the grammar of the tree
Was by our Chaucer learned, and Canace.
[p. 122] If Man’s good work may cancel Man’s ill deed,
For us let English Chaucer intercede.
Think with what rhymes, what measures old and quaint,
He sings your love-day, and exalts your saint!
[p. 123] Think how he rose from bed betimes in spring,
To hear the Nightingale and Cuckoo sing!
NIGHTINGALE
O flower of the prime! O fountain of rhyme!
O lover of daisies! O poet of May!
Thy boon and my debt if I ever forget,
Let my heart have forgotten her lay.
Thou did drive from my view ""the lewd Cuckoo"";
And I was thy singer that whole May long,*
Time since has grown grey, but I love thee to-day,
And I solace my soul with thy song.
[The illustrated edition of 1889 has a picture of Chaucer in
the woods.]
* The Cuckoo and the Nightingale, ll. 226-30.",
part3_p108_a1,Vol.2,part III,p108-111,1870.,"Lowell, James Russell.","Chaucer,","[in] the North American Review, July 1870, vol. cxi, pp. 155-198. [Reprinted, revised and enlarged, in My Study Windows, 1871.] (Riverside edition of Works, 10 vols., 1890-91, vol. iii, pp. 290-366.)","[p. 293] It is good to retreat now and then beyond earshot of
the introspective confidences of modern literature, and to lose
ourselves in the gracious worldliness of Chaucer. Here was
a healthy and hearty man, so genuine that he need not ask
whether he were genuine or no, so sincere as quite to forget
his own sincerity, so truly pious that he could be happy in
the best world that God chose to make, so humane that he
loved even the foibles of his kind. Here was a truly epic
poet, without knowing it, who did not waste time in consider¬
ing whether his age were good or bad, but quietly taking it for
granted as the best that ever was or ever could be for him,
has left us such a picture of contemporary life as no man ever
painted. †A perpetual fountain of good sense,' Dryden calls
him, yes, and of good humor, too, and wholesome thought.†
[p. 300] It is not the finding of a thing, but the making something
out of it after it is found, that is of consequence. Accord¬
ingly, Chaucer, like Shakespeare, invented almost nothing.
[p. 322] †Chaucer ... drew from the South a certain airiness of
sentiment and expression, a felicity of phrase, and an elegance
of turn hitherto unprecedented and hardly yet matched in
our literature, but all the while kept firm hold of his native
soundness of understanding, and that genial humour which
seems to be the proper element of worldly wisdom. With
[p. 323] Dante, life represented the passage of the soul from a state
of nature to a state of grace; ... With Chaucer, life is a
pilgrimage, but only that his eye may be delighted with the
varieties of costume and character. There are good morals
to be found in Chaucer, but they are always incidental.
With Dante the main question is the saving of the soul, with
Chaucer it is the conduct of life.†
[p. 324-5] Chaucer is the first who broke away from the dreary
traditional style, and gave not merely stories, but lively
pictures of real life as the ever-renewed substance of poetry.
He was a reformer, too, not only in literature, but in morals.
But as in the former his exquisite tact saved him from all
eccentricity, so in the latter the pervading sweetness of his
nature could never be betrayed into harshness and invective.
... There is no touch of cynicism in all he wrote.
Dante's brush seems sometimes to have been smeared with
the burning pitch of his own fiery lake. Chaucer's pencil is
dipped in the cheerful colour-box of the old illuminators, and
he has their patient delicacy of touch, with a freedom far
beyond their somewhat mechanic brilliancy.
[p. 336] One of the world’s three or four great story tellers, he was
also one of the best versifiers that ever made English trip and
sing with a gayety that seems careless, but where every foot
beats time to the tune of the thought. By the skilful arrange¬
ment of his pauses he evaded the monotony of the couplet,
and gave to the rhymed pentameter, which he made our
heroic measure, something of the architectural repose of
blank verse. He found our language lumpish, stiff, unwilling,
too apt to speak Saxonly in grouty monosyllables; he left it
enriched with the longer measure of the Italian and Provençal
[p. 353] [Chaucer is a great narrative poet.] The power of diffusion
poets.
without being diffuse would seem to be the highest merit of
narration, giving it that easy flow which is so delightful.
Chaucer’s descriptive style is remarkable for its lowness of
tone—for that combination of energy with simplicity which
is among the rarest gifts in literature. ...
Not that Chaucer cannot be intense, too, on occasion; but
it is with a quiet intensity of his own, that comes in as it
were by accident. ...
Pandarus, looking at Troïlus,
'Took up a light and found his countenance
As for to look upon an old romance.'
With Chaucer it is always the thing itself and not the
description of it that is the main object. His picturesque bits
are incidental to the story, glimpsed in passing; they never
stop the way. His key is so low that his high lights are never
obtrusive.
[p. 356] Chaucer never shows any signs of effort, and it is a main
proof of his excellence that he can be so inadequately sampled
by detached passages—by single lines taken away from the
connection in which they contribute to the general effect.
He has that continuity of thought, that evenly prolonged
power, and that delightful equanimity, which characterize
the higher orders of mind. There is something in him of the
disinterestedness that made the Greeks masters in art. His
[p. 357] phrase is never importunate. His simplicity is that of
elegance, not of poverty. The quiet unconcern with which he
says his best things is peculiar to him among English poets,
though Goldsmith, Addison, and Thackeray have approached
it in prose.
When Chaucer describes anything, it is commonly by one
of those simple and obvious epithets or qualities that are so
easy to miss. Is it a woman? He tells us she is fresh, that
she has glad eyes. ... Sometimes he describes amply by the
merest hint, as where the Friar, before setting himself softly
down, drives away the cat. We know without need of more
words that he has chosen the snuggest corner.
[p. 360] Chaucer seems to me to have been one of the most purely
[p. 361] original of poets, as much so in respect of the world that is
about us as Dante in respect of that which is within us.
There had been nothing like him before, there has been
nothing since. He is original, not in the sense that he thinks
and says what nobody ever thought and said before, and what
nobody can ever think and say again, but because he is always
natural; because, if not always absolutely new, he is always
delightfully fresh, because he sets before us the world as it
honestly appeared to Geoffrey Chaucer, and not a world as it
seemed proper to certain people that it ought to appear.
[p. 365] In spite of some external stains, which those who have
studied the influence of manners will easily account for
without imputing them to any moral depravity, we feel that
we can join the pure-minded Spenser in calling him 'most
sacred, happy spirit.' If character may be divined from
works, he was a good man, genial, sincere, hearty, temperate
of mind, more wise, perhaps, for this world than the next, but
thoroughly humane, and friendly with God and men. I know
not how to sum up what we feel about him better than by
saying (what would have pleased most one who was indifferent
to fame) that we love him more even than we admire.",[Passages between †† did not appear in the North American Review.]
part3_p10_a1,Vol.2,part III,p10,1852-3.,"N., F. M.","Letters,","[in] The Gentleman’s Magazine, Sept. 1852, Jan., Feb., March, 1853, new series, vol. xxxviii, pp. 274-5, vol. xxxix, pp. 52-4, 169-70, 276-7.","[On English etymology, with many examples from Chaucer.]",
part3_p111_a1,Vol.2,part III,p111-112,1871.,"Brooke, Stopford Augustus.","The Descriptive Poetry of Chaucer,","[in] Macmillan’s Magazine, Aug. 1871, vol. xxiv, pp. 268-79.","[p. 269] The landscape of Chaucer is sometimes taken from the
Italian and sometimes from the French landscape. It possesses
almost always the same elements, differently mixed up in
different poems: a May morning—the greenwood, or a
garden—some clear running water—meadows covered with
flowers—some delectable place or other with an arbour laid
down with soft and fresh-cut turf. There is no sky, except in
such rapid allusions as this, ""Bright was the day and blue the
firmament;"" no cloud studies; no conception of the beauty of
wild nature.
His range, therefore, is extremely limited; but within the
limits his landscape is exquisitely fresh, natural, and true in
spite of its being conventional.
[p. 272] [Chaucer's love of colour.] But of all the colours which
Chaucer loved in nature, he loved best the harmony of white
and green in one of his favourite daisied meadows. ...
It may be in an age when colours in art had each their
peculiar religious significance, that Chaucer, a man who had
travelled in Italy and who had himself the instinct of sym¬
[p. 273] bolism, had some spiritual meaning in the constant association
of these two colours of white and green. Green, the hue of
spring, signified hope, and particularly the hope of Immor¬
tality; white was the emblem, among other things, of light
and joy. ...
Still dwelling on Chaucer's colour, it is curious the number
of concentrated pictures which are to be found in his
poems, pictures so sharply drawn in colour that they might
be at once painted from the description. He looks in and
the arbour is full of scarlet flowers, and down among them,
sore wounded, ""a man in black and white colour, pale and
wan,"" is lying, bitterly complaining. Scarlet, black, white,
one sees that, ""flashing upon the inward eye,"" not in outline,
nor in detail, but in colour, and that is the test whether a poet
is a good colourist or not. It is no common excellence. ...
There is a splendid study of colour, unequalled in its way
in our literature, in Chaucer's picture of the cock in the
""Nun’s Priests Tale."" The widow keeps in her yard a famous
stock of poultry,
""In which she had a cock, hight Chaunticlere [to]
And lik the burnischt gold was his colour.""
[p. 274] This simple childlikeness and intensity of Chaucer ...
are the first necessity of a poetic nature, ... This is the first
of those elements of his poetry which make his landscapes
impossible to be painted.
Of two other unpaintable things the landscape is also full—
of the scent of flowers, and the songs of birds, and now and
then of the noise of water.",
part3_p112_a1,Vol.2,part III,p112-113,1871-2.,"Eliot, George.","Chapter headings, [in] Middlemarch,","1871-2, 4 vols.","Chap. xii, vol. i, p. 180 [Milleres Tale, ll. 3774-5]; chap. xxi,
vol. i, p. 369 [Phicisiens Tale, Il. 50-52]; chap. 1, vol. iii, p.
108 [Shipmannes Prol., Il. 15-20]; chap. Ixv, vol. iv, p. 49
[Wife of Bath’s Prol., Il. 440-442].",
part3_p113_a1,Vol.2,part III,p113,1871-3.,"Furnivall, Frederick James.","Trial-Forewords to my ""Parallel- Text Edition of Chaucer's Minor Poems,"" for the Chaucer Society","(with a try to set Chaucer's works in their right order of time, 1871).—Corrections and Additions, 1872.—Further Corrections and Additions, 1873. (Chaucer Society.)",,
part3_p113_a2,Vol.2,part III,p113-114,1873.,"Furnivall, Frederick James.","Recent Work at Chaucer,","[in] Macmillan’s Magazine, March, 1873, vol. xxvii, pp. 383-93.","[p. 383] Taking it ... for granted that the study of Early English
has revived and is spreading, though miserably slowly, in
England and elsewhere, let us ask what that study has done for
Chaucer, that tenderest, brightest, most humourful sweet soul,
of all the great poets of the world, whom a thousand Englishmen
out of every thousand and one are content to pass by with a
shrug and a sneer.
[pp.383- [The gradual settling of the Chaucer canon which had been
7]
confused by Stowe and other early editors. Tyrwhitt’s con¬
tribution to this. Nicolas and the biographical facts.
Bradshaw's and ten Brink's work on the text; the rhyme¬
tests. The French and Italian periods first distinguished by
ten Brink.]
[p. 387] [The Compleynte to Pite the key to Chaucer's early sad
poetry, telling of his own unhappy love.]
[pp.388- [A suggested chronological list of the works in four periods,
9]
and an order of dates for the Canterbury Tales ""not yet quite
fully worked out. Thus far had one got when Mr. Hales
supplied the generalization wanted— 'Power of characterization
is the true test. ... The Tales too that take half-views of
life, like the Clerk’s ... the Man of Law's ... must be
before the best time too.'""
[p. 389] With this guide every reader can work out the succession
of the Tales for himself, and mix them with the Minor Poems
as ranged above. He will then see Chaucer, not only out¬
wardly as he was in the flesh—page, soldier, squire,
diplomatist, Custom-house officer, Member of Parliament, then
a suppliant for protection and favour, a beggar for money;
but inwardly as he was in the spirit—clear of all nonsense of
Courts of Love, etc.—gentle and loving, early timid and in
despair, sharing others' sorrow, and, by comforting them,
losing part of his own; yet long dwelling on the sadness of
forsaken love, seeking the ""consolation of philosophy,""
watching the stars, praying to the “Mother of God""; studying
books, and, more still, woman's nature; his eye open to all
the beauties of the world around him, his ear to the ""heavenly
harmony"" of birds' song; at length becoming the most
gracious and tender spirit, the sweetest singer, the best
pourtrayer, the most pathetic, and withal the most genial
and humourful healthy-souled man that England had ever
seen. Still, after 500 years, he is bright and fresh as the
glad light green of the May he so much loved; he is still
second only to Shakespeare in England, and fourth only to
him and Dante and Homer in the world. When will our
Victorian time love and honour him as it should? Surely, of
all our poets he is the one to come home to us most.
[p. 389]
[pp. 389
[Contrast between Chaucer and Tennyson.]
-90]
[The change in Chaucer marked by the development of
[pp. 390
humour.]
-3]
[The work of the Chaucer Society; the Six-text Edition; a
comparison of the MSS. made the Tales fall into their proper
places in the pilgrimage, and prepared the way for a real
edition. The Society’s other texts and studies. An appeal
for support.]
[Dr. Furnivall’s copy of his article with important additions
and alterations, is in the possession of the editor. One of
Dr. Furnivall’s additions reads thus:]
One may fairly claim then, for the Chaucer Society the
credit of having, with Mr. Bradshaw’s and Prof. ten Brink's
help, done the best work at and for Chaucer that has been
done since his death. It has explained the secret of his early
life, cleared his memory from the reproach of having written
many unworthinesses, and of having muddled his greatest
work; it has laid the sure founda tions for a fitting edition of
one of the greatest poets of mankind, and has made plainer to
modern English ears the music, to modern English eyes the
sunny soul, that cheered our ancestors in Wicliffe's day.",
part3_p115_a1,Vol.2,part III,p115-116,1873.,"Hales, John Wesley.","Chaucer and Shakespeare,","[in] the Quarterly Review, Jan. 1873, vol. cxxxiv, pp. 225-255. (Reprinted in Notes and Essays on Shakespeare, by John W. Hales, 1884, pp. 56-104.)","[p. 226] [An account of the Chaucer Society and the work of
Furnivall.]
[p. 227] Chaucer and Shakespeare have much in common. How¬
ever diverse the form of their greatest works, yet in spirit
there is a remarkable likeness and sympathy. Their geniuses
differ rather in degree than in kind. Chaucer is in many
respects a lesser Shakespeare. [Immaturity of the drama
as a literary form in Chaucer's day] ... Chaucer stands in
relation to the supreme Dramatic Age in a correspondent
position to that held by Scott. Chaucer lived in the morning
twilight of it, Scott in the evening. There can be little
doubt that both would have added to its lustre—that England
would have boasted one more, and Scotland at least one
great dramatist had they been born earlier and later
respectively. ...
[p. 230] Probably it was these piteous, but seemingly not inevi¬
table or reproachless, distresses [embarrassments due to
attachment to a court party] that impeded the completion
of the ""Canterbury Tales."" The original design, indeed,
is in itself too vast for realisation. Chaucer commits the
same error in this respect as Spenser does.
[p. 231] We have said that his genius exhibits a remarkable affinity
to that of Shakespeare—a closer affinity, we think, than that
of any other English poet. To Chaucer belongs in a high
measure what marks Shakespeare supremely—a certain
indefinable grace and brightness of style, an incomparable
archness and vivacity, an incessant elasticity and freshness,
an indescribable ease, a never faltering variety, an incapability
of dulness. ...
For skill in characterization who can be ranked between
Chaucer and Shakespeare? Is there any work, except the
'theatre' of Shakespeare, that attempts, with a success
in any way comparable, the astonishing task which Chaucer
sets himself? He attempts to portray the entire society
of his age from the crown of its head to the sole of its foot—
from the knight, the topmost figure of mediæval life, down
to the ploughman and the cook; and the result is a gallery
of life-like portraits, which has no parallel anywhere, with
one exception, for variety, truthfulness, humanity. [This
is elaborated.] ...
[p. 232] We ask, who among our poets, except Shakespeare, shall
be placed above Chaucer in this domain of art? In our
opinion there is not one of the Elizabethans that deserves
that honour. ...
[p. 234] [Chaucer’s pathos contrasted with Sterne’s and Shake¬
speare’s.]
[pp. 236-7] [Chaucer’s irony.]
[p. 237] It is because his spirit enjoyed and retained this lofty
freedom that it was so tolerant and capacious. He, like
Shakespeare, was eminently a Human Catholic, no mere
sectary. He refused to no man an acknowledgment of
[pp. 238- There is just one point of personal likeness between Chaucer
kindred. ...
9]
and Shakespeare that we wish to notice. Of each man, as
his contemporaries knew him, the chief characteristic was
a wonderful loveableness of Nature. [Quotations from
Jonson, Occleve, Lydgate, &c. on this point.]
[pp. 240- [On Shakespeare’s probable knowledge of Chaucer’s work,
2]
a subject not yet sufficiently investigated; with remarks
on Chaucer’s fame and accessibility in Shakespeare’s time.
The Two Noble Kinsmen considered, and the reason for no
mention of him in Richard II and Henry IV thought to be
that he would, as a poet, have seemed out of place in an
historical setting. Shakspere’s acquaintance with the
Knight’s Tale and Troylus to be seen in Midsummer-Night's
Dream, Two Noble Kinsmen, Venus and Adonis, Tarquin and
Lucrece, Troilus and Cressida, Romeo and Juliet; while in
As You Like It is seen knowledge of Gamelyn. Parallel
passages are quoted, and the subject is further discussed.]",
part3_p116_a1,Vol.2,part III,p116-117,1873.,"Rossetti, William Michael.","Chaucer's Troylus and Cryseyde compared with Boccaccio's Filostrato,","Prefatory Remarks, pp. iii-ix. (Chaucer Soc.).","[pp. iii, The most important point of absolute difference between
iv]
the Italian and the English poets—the most important
both in subject-matter and in scale of treatment—is in the
incidents which lead up to the actual amour between Troilus
and Chryseis. ... Chaucer has invented an entirely new series
of preliminaries; far more elaborate, and such as almost
to leave his Cryseyde in the position of a modest and chaste¬
minded woman, even after the amour is in full career. ...
The English poet neither schemes nor affects (if I do not
misapprehend) to invent an essentially different character:
but he leads up to the crisis by a more artful and more
sympathetic course of incident. ...
[A study of the two Pandaruses, the sources, etc., follows.]",
part3_p117_a1,Vol.2,part III,p117,1873.,Unknown.,"The Cycle of English Song,","II. [in] Temple Bar, vol. xxxviii, June-July, pp. 308-324, 458, 460-1.","[p. 311] He talked, a child, to children—the biggest, oldest, wisest,
cleverest child of the company—and so he amused them
[p. 312] incessantly. ... In a sense, ordinary persons now alive
may be said to have overtaken him, just as extraordinary
persons have far outstripped him. In the early dawn of English
poetry it required a man of the highest genius to feel what
nearly everybody now feels, and to put the feeling into words
which have almost passed into commonplace, and which would
indeed have done so but for the musical and cunning fashion
in which they are arranged. ... In a word, it is the childhood
[p. 313] of poetry. ... Nor is it nature only that he treats in this
childish, simple, superficial, non-artificial way. Men and
women, and all that men and women do, say, eat, drink, and
wear, he views and describes in the same plain, matter-of-fact,
exact, truthful fashion. ... Who are they? Where do they
come from? What are their names? ... [Chaucer's prolixity
[p. 315] typical of childhood.] Neither must it be supposed, in
anticipation of the criticism of later times ... that he is
so long-winded ... from the very depth and subtlety of his
art, and from a conviction that this is the only way of making
people see the things you want them to see. For it is not
the only way, nor yet the best way. Indeed, it is the worst
and lowest way of all the ways that do achieve the object. It
is the earliest way, the childish way; and Chaucer employed
it because he knew no other.",
part3_p117_a2,Vol.2,part III,p117-119,1874.,"Green, John Richard.","A Short History of the English People,","pp. 163-4, 212-6, 229, 231, 248-9, 287-90.","[p. 214] If with the best modern critics we reject from the list
of his genuine works the bulk of the poems which preceded
""Troilus and Cressida,"" we see at once that, familiar as he
was with the literature of the Trouvères, his real sympathies
drew him not to the dying verse of France, but to the new
and mighty upgrowth of poetry in Italy. ... But even
while changing, as it were, the front of English poetry,
Chaucer preserves his own distinct personality. If he quizzes
in the rime of Sir Thopaz the wearisome idleness of the
French romance, he retains all that was worth retaining of
the French temper, its rapidity and agility of movement, its
lightness and brilliancy of touch, its airy mockery, its gaiety
[p. 215] and good humour, its critical coolness and self-control. The
French wit quickens in him more than in any English
writer the sturdy sense and shrewdness of our national dis¬
position, corrects its extravagance, and relieves its somewhat
ponderous morality. If, on the other hand, he echoes the
joyous carelessness of the Italian tale, he tempers it with
the English seriousness. As he follows Boccaccio, all his
changes are on the side of purity; and when the Troilus of
the Florentine ends with the old sneer at the changeableness
of woman, Chaucer bids us ""look Godward,"" and dwells on
the unchangeableness of Heaven.
But the genius of Chaucer was neither French nor Italian,
whatever element it might borrow from either literature, but
English to the core.
[p. 216] It is the first time in English poetry that we are
brought face to face not with characters or allegories or
reminiscences of the past, but with living and breathing
men, men distinct in temper and sentiment as in face or
costume or mode of speech; and with this distinctness of
each maintained throughout the story by a thousand shades
of expression and action. It is the first time, too, that we
meet with the dramatic power which not only creates each
character, but combines it with its fellows, which not only
adjusts each tale or jest to the temper of the person who
utters it, but fuses all into a poetic unity. ... He has
received his training from war, courts, business, travel—a
training not of books, but of life. And it is life that he
loves—the delicacy of its sentiment, the breadth of its farce,
its laughter and its tears, the tenderness of its Grisildis or
the Smollett-like adventures of the miller and the schoolboy.
It is this largeness of heart, this wide tolerance, which enables
him to reflect man for us as none but Shakspeare has ever
reflected it [sic], but to reflect it with a pathos, a shrewd
sense and kindly humour, a freshness and joyousness of
[pp. 229
feeling, that even Shakspeare has not surpassed.
-31]
[Chaucer’s satire on the clerics.]
[p. 248]
Nothing brings more vividly home to us the social chasm
which in the fourteenth century severed the rich from the
poor than the contrast between the ""Complaint of Piers the
Ploughman"" and the ""Canterbury Tales."" The world of
wealth and ease and laughter through which the courtly
Chaucer moves with eyes downcast as in a pleasant dream
is a far-off world of wrong and of ungodliness to the gaunt
poet of the poor.","[The passages on Chaucer were re-bandled in Green's History of the English People, 1877-80.]"
part3_p119_a1,Vol.2,part III,p119-120,1874.,"Minto, William.","Characteristics of English Poets from Chaucer to Shirley,","Edinburgh, pp. vii, 1-58 [Chapter I: Geoffrey Chaucer], 59-66, 70-7, 81-2, 90, 91, 96, 99, 101-2, 105, 111-2, 122-6, 129-30, 133-4, 143, 146, 149, 151, 153, 170-1, 177, 213, 219-20, 300-1, 316, 392, 416, 453.","[The biography of Chaucer is based on the latest dis¬
coveries of Furnivall and other scholars, as well as on the
older material. Minto thinks the idea of Chaucer's ""hope¬
less passion"" in early life (based on the Complaint of Pity,
etc.) has been made too much of. A comparison between
Chaucer and Shakespeare in their knowledge of men is
made, p. 17. Ten Brink’s division of Chaucer’s work into
three periods is rejected, as it seems to Minto that from
first to last Chaucer had more affinity with the French than
with the Italians; and he adds: ""I can distinguish no
change either in his methods or in his spirit that is fairly
attributable to Italian influence,"" p. 19. The work of ten
Brink, Bradshaw and Furnivall in proving the non-
Chaucerian character of the Testament of Love, Assembly
of Ladies, Lamentation of Mary Magdalene, Court of Love,
Flower and Leaf, and Chaucer’s Dream, is described. As the
chief argument is the y-ye rhyme, and as this is found in the
Romaunt, the whole question, according to Minto, depends
largely on this poem. Minto argues for the genuineness
of the Court of Love. He remarks:]
[p. 21] It is simply incredible that these poems could have been
written by a poet whose name has perished. If he had
written before Chaucer, which could hardly be seriously
maintained, he could not but have become famous; and the
probability is that Chaucer would have mentioned him as
[p. 22] the model of his seven-line stanza. If he had written after
Chaucer, he would certainly have mentioned Chaucer in his
list of masters, according to the universal habit of the time.
The idea of deliberate forgery is out of the question; and if
the ""Court of Love"" had been the work of a forger or an
imitator, the artificial restriction of rhyme was precisely the
sort of thing he would labour to observe. Finally, the
""Court of Love"" is unmistakably imitated in the 'King’s
Quhair' of James I, whose captivity in England began
only five years after Chaucer's death, and yet he mentions
no master except Chaucer, Gower and Lydgate. That
makes it quite clear that James attributed the ""Court of
Love"" to Chaucer; and what need is there for further
evidence?
[Subsequent sections of the Chaucer portion are, II.
His Language, Metres and Imagery. III. The Chief
Qualities of his Poetry. IV. His Delineation of Character.]",
part3_p11_a1,Vol.2,part III,p11,1852.,"Smith, Alexander.","A Life Drama,","sc. iv. (Poems, 1853 [1st in B.M., a reissue?], p. 52; Poetical Works, ed. W. Sinclair, 1909, p. 36.)",Breezes are blowing in old Chaucer's verse.,
part3_p11_a2,Vol.2,part III,p11,1852.,Unknown.,"Review of The Life of Thomas Stothard, R.A., by Anne Eliza Bray,","[in] The Gentleman’s Magazine, Feb. 1852, new ser., vol. xxxvii, pp. 148-50.","[p. 150] Should Mrs. Bray . . . reprint her life of her famous
father-in-law ... she should certainly refer to the rival
Pilgrimage which Blake painted and engraved–a rival only
in the co-incidence of its appearance—for it is not only
Blake's poorest production, but a most sorry performance itself,
while Stothard’s fine composition has been happily described
by Scott, in his Life of Dryden, as ""executed with the genius
and spirit of a master, and all the rigid attention to costume
that could be expected by the most severe antiquary.""",
part3_p120_a1,Vol.2,part III,p120,1875.,"Longfellow, Henry Wadsworth.","The Masque of Pandora, and other Poems,","pp. 95-6, 140. (Writings, Riverside edn., vol. v, pp. 195, 196, 200, 217.)","[A Book of Sonnets:]
CHAUCER.
[p 200]
An old man in a lodge within a park;
The chamber walls depicted all around
With portraitures of huntsman, hawk, and hound,
And the hurt deer. He listeneth to the lark,
Whose song comes with the sunshine through the dark
Of painted glass in leaden lattice bound;
He listeneth and he laugheth at the sound,
Then writeth in a book like any clerk.
He is the poet of the dawn, who wrote
The Canterbury Tales, and his old age
Made beautiful with song; and as I read
I hear the crowing cock, I hear the note
Of lark and linnet, and from every page
Rise odors of ploughed field or flowery mead.",
part3_p12_a3,Vol.2,part III,p12,1853.,"Clough, Arthur Hugh.","Letter to Charles E. Norton,","[dated] Dec. 9, 1853, [printed in] Prose Remains of A. H. Clough, 1888, pp. 221-2.","Tell Child not to be too learned about his Chaucer, for my
sake; and above all, to make the verses scan. I hesitate
about recommending any indications of the metre in the
typography. But a set of simple directions emphatically and
prominently given at the outset (e.g. for the sounding or
silencing of the final e) will, I think, be essential. People
won't read Chaucer against their ears.","[Professor F. J. Child abandoned the scheme of editing Chaucer, considering the time unripe. For another letter by Clough on the same subject, see below, 1854.]"
part3_p12_a4,Vol.2,part III,p12,1853.,"FitzGerald, Edward.","Six Dramas of Calderon,","freely translated by Edward FitzGerald, pp. 173-4n. (Letters and Literary Remains, ed. W. Aldis Wright, 1902-3, 7 vols, vol. v, p. 271n.)","[To illustrate —
... give me my staff.
Alas, alas! and I with no strength left
To wield it, only as I halt along,
Feeling about with it to find a grave,
And knocking at deaf earth to let me in!
Three Judgment at a Blow. Act II, scene 1.
FitzGerald quotes in a note:
Ne dethe alas! ne wolle not [han] my life ...
Leve moder, let me yn.
Chaucer's Pardoner's Tale.
A better text of Chaucer's lines has been printed in
subsequent editions. For another reference by FitzGerald
to this passage, see below, 1856.]",
part3_p12_a5,Vol.2,part III,p12-13,1853.,"Landor, Walter Savage.","Imaginary Conversation, Archdeacon Hare and Walter Landor,","[in] Last Fruit off an Old Tree, pp. 107-8, 124. (Works, ed. C. G. Crump, 1891-3; Imaginary Conversations, vol. iv, pp. 407, 426.)","[Landor persuades Hare that Chaucer's spelling is much
better than the modern]
[p. 436] Shakespeare and Milton and Chaucer have more imagination
than any of those to whom the quality is peculiarly attributed.",
part3_p15_a1,Vol.2,part III,p15,1853-9.,"Parker, John Henry.","Some Account of Domestic Architecture in England,","[vol. ii] by the Editor of ""The Glossary of Architecture"" [J. H. Parker], Edward I.-Richard II., 1853, pp. 41 48-50, 54, 66 n., 67, 74, 87, 94, 97 n., 98, 116-7, 128, 132, 184 [quotations from Chaucer illustrating the high table, painted chambers, eating utensils, the Squire’s carving, minstrelsy at meals, door locks, sleeping chambers, gardens, the cook, sauces and inns], 270 [Chaucer retired to Donyngton Castle, in Berkshire, in the seventieth year of his age, about 1396]; [vol. iii] Richard II.-Henry VIII., 1859, pt. i, p. 47 [the Tabard, its destruction and rebuilding in the reign of Charles II.].",,"[Vol. i, by T. Hudson Turner, appeared in 1851, q.v.]"
part3_p15_a3,Vol.2,part III,p15,1854-6.,"Bell, Robert.",Introduction and Notes,to the Works of Chaucer [q.v. above].,,
part3_p15_a4,Vol.2,part III,p15-17,1854.,"Case, M. P.","Chaucer and his Times,","[in] Bibliotheca Sacra, Andover, Mass., April, 1854, art. viii, 2nd series, vol. xi, pp. 394-416.","[Chaucer ""a dim and shadowy figure."" An account of the
age of Chaucer, Wiclif's religious reform, Edward III and his
Queen Philippa, &c.]
[p. 404] [Remarks on the 'foreign air' of Chaucer's language at a
cursory glance.]
The English tongue ... was a rude mass, rudis indi¬
gestaque moles, a material the most unpromising possible for
genius to find an utterance in. The French had been used
by the higher classes, Latin by the learned, and the Saxon
by the common people; and during the period of Norman
ascendency, for more than two centuries, the Anglo-Saxon
had ceased to be a written language. It was only a dialect
of slaves, the patois of a crushed and despised race ...
[p. 405] Rarely, if ever, has the history of letters recorded such
a phenomenon as we here behold. A great genius, one of
the world’s elect bards, arises in a country and in an age
where the language is an unfit and an insufficient medium for
his utterances, and where he must not only create his forms
and conceptions, but, in some sense, the language also, with
which to clothe them ...
[pp. 406- [Remarks on the uncertainty of the chronology of Chaucer's
7]
life and writings, followed by a criticism of 'the two capital
allegories of Chaucer, the Hous of Fame, and the Flour and
the Lefe.]
[p. 409] In the Canterbury Tales, our poet leaves this fanciful
region where he had so fondly lingered, and places before
us persons and scenes of the most matter-of-fact kind possible.
This was his last and greatest work; the labor of his old age.
[pp. 409- [Here follows a detailed criticism of the characters in the
14]
Prologue.]
[p. 414] In seeking for Chaucer's prominent characteristics, we
recognize at once his great descriptive power. Every scene
and every character lives before us. His naturalness, also,
is most observable. Nothing is artificial; nature reigns
supreme everywhere. He is, in fact, preëminently a poet of
nature. He is the poet of spring, of the singing of the birds,
of the zephyrs, and the flowers. He is no weak nor lazy
copyist; he takes nothing at second hand.
[pp. 414- [Chaucer contrasted with Byron.]
15]
[p. 415] The popularity of Chaucer has experienced various vicissi¬
tudes. In the age of Queen Elisabeth [sic], he was truly
regarded as the first of English poets; and Spenser, his fond
admirer and copyist, when dying, requested, as an especial
honor, to be buried near his tomb. At other periods he has
not been so generally read. ...
[Hindrances to his popularity, the grossness of the times,
and the obsoleteness of the language; the latter easily
surmountable.]
[p. 416] Whatever the general and popular estimation of his writings
may be, he will be read so long as a love for nature and truth
shall remain among those who speak the English language.
He was worthy to lead off that noble band of British bards,
who will long reflect glory on the English name. It is a
conspicuous place which he holds among his compeers in
that 'House of Fame', which he has so graphically described
to us.",
part3_p17_a1,Vol.2,part III,p17,1854.,"Clough, Arthur Hugh.","Letter to F. J. Child,","[dated] Sept. 2, 1854. [printed in] Prose Remains of A. H. Clough, 1888, p. 228-9.","I hope the Chaucer is going on prosperously. I think you
should adopt means to make the metre quite obvious, at any
sacrifice of typographical prettiness. Yet I don't like the
grave accent, 'When Zephyrus eke with his sotè breth,' and
should almost prefer the ĕ, sotĕ, but that it seems unmeaning
to use a mark of quantity. Yet it is not a case of accent,
either. I think I should in one way or another mark every
syllable that would not now be pronounced, grevĕs and levès
and Emperourè’s daughter—the most correct mark would be
ë: Emperourë’s; sotë. And I should prefix to the whole a
very plain and short statement of the usage in these points.
I suppose there is not much doubt about a few general rules,
though Chaucer did not regularly observe them, as, for ex¬
ample, the use of the ĕ in adjectives after definite articles,
which it seems to me he omits occasionally, with French
adjectives, as if it was a matter of ear rather than rule. So
also with such Saxon dissyllables, as tymĕ, which is not in¬
variably a dissyllable, I think. And yet it would be worth
while giving a list of such words as are liable to be dissyllables.
However, ere this, I daresay you have settled all these pre¬
liminaries. I don’t quite see what you should do about the
Miller's and the Reve's Tales. I think explanation might be
[p. 229] a little retrenched there, so as to leave them in the ""decent
obscurity of a learned language.","[For another letter by Clough on the same subject see above, 1853.]"
part3_p17_a2,Vol.2,part III,p17-18,1854.,"Lowell, James Russell.","Leaves from my Journal in Italy and Elsewhere,","[in] Graham’s Monthly, April-June, 1854 [not in B M. See Bibliography of J. R. Lowell by G. W. Cooke]. (Writings, Riverside Edn., ll vols., vol. i, p. 184.)","I cannot describe our drive [from Subiaco to Tivoli] ...
It is not often that we can escape the evil genius of analysis
that haunts our modern daylight of self-consciousness ...
and enjoy a day of right Chaucer.",
part3_p19_a1,Vol.2,part III,p19,[c. 1854.],"Rossetti, Dante Gabriel.","Beauty and the Bird,","[a sonnet, in] Poems, 1870 (edn. 2, 1870, 1st in B.M.) p. 278. (Collected Works, ed. W. M. Rossetti, 1897, 2 vols., vol. i, p. 286.)","She fluted with her mouth as when one sips ...
Till her fond bird, with little turns and dips,
Piped low to her of sweet companionships.
And when he made an end, some seed took she
And fed him from her tongue ...
And like the child in Chaucer, on whose tongue
The Blessed Mary laid, when he was dead,
A grain,—who straightway praised her name in song:
Even so, when she, a little lightly red,
Now turned on me and laughed, I heard the throng
Of inner voices praise her golden head.","[Placed chronologically in the Collected Works after a poem attributed to about 1854 (see note, vol. i, p. 521). Mr. W. M. Rossetti (ib. vol. i, p. xxvii), after giving a list of poets who influenced D. G. Rossetti, says: ""The reader may perhaps be surprised to find some names unmentioned in this list ... Chaucer, Spenser, the Elizabethan dramatists (other than Shakespeare). Milton, Dryden, Pope, Wordsworth, are unnamed. It should not be supposed that he read them not at all or cared not for any of them; but if we except Chaucer in a rather loose way ... they were comparatively neglected.""]"
part3_p19_a2,Vol.2,part III,p19,1854.,"Thoreau, Henry David.","Walden,","Boston, p. 228. (Writings, Riverside Edn., 1894-5, 10 vols., vol. ii, pp. 330-31.)","Thus far I am of the opinion of Chaucer’s nun, who
Yave not of the text a pulled hen
That saith that hunters ben not holy men.
Prol. ll. 177-8.","[It was, of course, not the nun, but the monk, who held this opinion.]"
part3_p19_a3,Vol.2,part III,p19-20,1854.,Unknown.,"The Crystal Palace,","[in] Blackwood's Edinburgh Magazine, Sept. 1854, vol. Ixxvi, p. 335.","We summon then, our oldest poet, to celebrate as afar off,
for coming time, our newest Crystal Palace and its wonders, in
OF THE CRYSTAL PALACE.
CHAUCER'S DREAM
'As I slept I dreamt I was
Within a temple made of glass ...
Of metal that shone out full clear. ...
[Hous of Fame, ll. 119-27, and other passages strung together.]","[For a parallel see above, 1851, Notes and Queries, May 10.]"
part3_p1_a1,Vol.2,part III,p1,1851.,"Craik, George Lillie.","Outlines of the History of the English Language . . . for Colleges and Schools,","pp. 62, 70, 87-8 [Chaucer did not introduce French diction, the Testament of Love quoted as genuine], 95-102, 110-15, 117 [Chaucer’s English transitional, many references to Guest's History of English Rhythms], 136-6, Illustrative Specimens [from the Reves T. and Persones T.]",,
part3_p1_a2,Vol.2,part III,p1,1851.,"Emerson, Ralph Waldo.","The Conduct of Life,","London, 1860, pp. 5-6 [Essay on Fate, Knightes Tale, ll. 1663-72, quoted], 40 [Hous of Fame, ll. 43-51, quoted], 116 [Essay on Culture], 182 [Essay on Worship, Legend of Good Women, Il. 1037-43, quoted for ""Chaucer’s extraordinary confusion of heaven and earth in the picture of Dido""]. (Works, Centenary Edition, 1903, 12 vols., vol. vi, pp. 5, 6, 46, 132, 207.)",,"[Delivered as lectures in 1851, and published at Boston in 1860; the London reprint of the same year is the first edn. in B.M.]"
part3_p1_a3,Vol.2,part III,p1,1851.,"Emerson, Ralph Waldo.",Journal,"[quoted in notes to Representative Men, Centenary Edition, [1903,] vol. iv, p. 374].","[Emerson notices the absence in Goethe’s Faust of] the
cheerful, radiant, profuse beauty of which Shakspeare, of
which Chaucer, had the secret.",
part3_p1_a4,Vol.2,part III,p1-3,1851.,"FitzGerald, Edward.","Euphranor, a Dialogue on Youth,","pp. 63-6, 70. (Letters and Literary Remains, ed. W. A. Wright, 1902-3, 7 vols., vol. vi, pp. 237-40, 243-4, 246-7.)","[p. 63]
[Quotation of Prol., Il. 79-100:
'With him there was his Sonn, a yongé Squire. ..
to
'And karft before his Fadir at the table.']
'Chaucer, however,' said Euphranor when he had finished
[p. 64] the passage, 'allows his young squire more accomplish¬
ments than you would trust him with, Doctor. See, he
dances, draws, and even writes songs–quite a petit maître.'
'But also,' I added, 'is of ""grete strength,"" ""fair y-rides,""
and had already ""born him well in Chivauchie."" Besides,' con¬
tinued I ... 'in those days, you know, there was scarce any
reading, which usurps so much of knighthood now. Men left
that to the clergy; contented, as we before agreed, to follow
their bidding to pilgrimages and holy wars. Some gentler
accomplishments were needed then to soften manners, just as
we want rougher ones to fortify ours. ...
[p. 65] 'And look at dear old Chaucer himself,' said I, 'how the
fresh air of the Kent hills, over which he rode four hundred
years ago, breathes in his verses still. They have a perfume
like fine old hay, that will not lose its sweetness, having been
cut and carried so fresh. All his poetry bespeaks a man of
sound mind and body.'
[p. 66] [Chaucer and Shakespeare men of business.]
[p. 70] [Tenderness of Chaucer and Shakespeare.]
[In May, 1882, FitzGerald caused to be printed 50 copies
of a revised edn. of Euphranor. In this the passage on p. 65
of the 1851 edn., quoted above, disappears; while another
is inserted, which concludes (p. 50) with the following
paragraph:]
""They [Pepys and Parson Adams] were both prefigured
among those Canterbury Pilgrims so many years before,"" said I.
""Only think of it! Some nine-and-twenty, I think, 'by
aventure yfalle in feleweship,' High and Low, Rich and Poor,
Saint and Sinner, Cleric and Lay, Knight, Ploughman,
Prioress, Wife of Bath, Shipman, hunting Abbot-like Fryar,
Poor Parson (Adams' Progenitor) — Webster (Pepys’)—on
rough-riding 'Stot' or ambling Palfrey, marshall'd by mine
Host of the Tabard to the music of the Miller’s Bag-pipes, on
their sacred errand to St. Thomas'; and one among them
taking note of all in Verse still fresh as the air of those
Kentish hills they travelled over on that April morning four
hundred years ago.""
[Corresponding to the passing allusion on p. 70 of edn. 1851
to 'the whole familiar tenderness of this very Shakspeare and
Chaucer of ours' is (pp. 53-4) the following:]
""Wordsworth ?"" said I—a man of the Milton rather than
of the Chaucer and Shakspeare type–without humour, like
the rest of his Brethren of the Lake.""
""Not but he loves Chaucer as much as you can, Doctor,
for those fresh touches of Nature, and tenderness of Heart—
insomuch that he has re-cast the Jew of Lincoln's Story into
a form more available for modern readers.""
""And successfully?""
""Ask Lexilogus— Ah! I forgot that he never read
Chaucer...""
author of The Broad Stone of Honour, to Chaucer’s Squire in
[On p. 56 is added a comparison of Sir Kenelm Digby,
physical strength, and to Chaucer himself in his eye for
humours.]",
part3_p20_a1,Vol.2,part III,p20,1854.,Unknown.,"The Beard,","[in] The Westminster Review, July, 1854, new ser., vol. vi, p. 58.","In Richard II's reign, ... the beard was ""forked,"" ...
The venerable authority of Chaucer now comes in; and what
a glimpse is this he gives us of his ""Shipman"":—
""Hardy he was, and wise I undertake,
Here is vigour of delineation!
With many a tempest hadde his berd be shake""!
[The Frankeleyns ""white berd"" and the Merchantes
""forked berd"" also noted.]",
part3_p20_a2,Vol.2,part III,p20,1854.,"Wall, James W.","Early English Poets, Chaucer,","[in] The Knickerbocker Magazine, New York, May, vol. xliii, pp. 441-50.","[A short life, followed by some notice of the estimation in
which Chaucer was held by his successors (pp. 446-7), ending
with a short account and criticism of the Canterbury Tales.]",
part3_p20_a3,Vol.2,part III,p20,1855.,"Burne-Jones, Sir Edward Coley.",,"See below, 1855, Morris.",,
part3_p20_a4,Vol.2,part III,p20,1855.,"Chatelain, Jean Baptiste François Ernest de.",La Fleur et la Feuille :,"poème, avec le texte en regard, traduit en vers français de G. Chaucer par le Chevalier de Chatelain, London. See below, App. B.",,
part3_p20_a5,Vol.2,part III,p20,1855-8.,"Clarke, Mary Cowden.","Music among the Poets and Poetical Writers,","[in] The Musical Times, vol. vi, 1855, Feb. 1, p. 290, Feb. 5, p. 311, March 15, p. 343, April 1, p. 353, May 1, p. 383; vol, vii, May 15, p. 6, June 15, p. 37, July 1, p. 54, Aug. 1, p. 85; 1856, May 1, p. 235, July 1, p. 261, Aug. 1, p. 283, Dec. 1, p. 347; vol. viii, 1857, March I, p. 6, July 1, pp. 74, 79, Sept 1, p. 106, Nov. 1, pp. 137-8; 1858, Jan. 1, pp. 169-70, Feb. 1, p. 186, March 1, p. 207, June 1, p. 252, Aug. 1, p. 286, Oct. 1, pp. 317-18.","[Quotations with comments, more freely from Chaucer than
from any other poet.]",
part3_p21_a1,Vol.2,part III,p21,[c. 1855?],"Dixon, Richard Watson.",A Wedding Scene from Chaucer.,,"to H. C. Beeching, Dict. Nat. Biog., 1st Suppl., vol. ii, 1901,
[A painting, the only one of Dixon's that survives, according
p. 139. Dixon was a college friend of William Morris and
Burne-Jones, and no doubt shared their readings in Chaucer
(see below, 1855, Morris). Dean Beeching further notes (ib.
p. 140) that 'Dixon had a great look of Chaucer as he appears
in Hoccleve's portrait, and the resemblance was more than
external, reaching to a characteristic and humorous interest in
all sorts and conditions of people.' That the same resemblance
was also noticed in Morris and in D. G. Rossetti (q.v. above,
1845, F. M. Brown) is perhaps only a sign of the enthusiasm
of the Pre-raphaelites for Chaucer.]",
part3_p21_a2,Vol.2,part III,p21,1855.,"Dobell, Sydney Thompson.","America,","[printed in] Poetical Works. 1875, 2 vols., vol. i, p. 235.","Ye shall be
Lords of an Empire wide as Shakespeare’s soul,
Sublime as Milton's immemorial theme,
And rich as Chaucer's speech, and fair as Spencer's dream.",
part3_p21_a3,Vol.2,part III,p21,1855.,"Hunt, James Henry Leigh.","Beaumont and Fletcher,","or, The Finest Scenes, Lyrics and other Beauties of those two Poets . . . with . . . notes and . . . preface by Leigh Hunt, pp. 288 n., 294n.","[p. 288] [The Two Noble Kinsmen.]
Who dost pluck
With arm armipotent, etc.
A most magnificent image. The epithet armipotent is from
Chaucer, and employed in a manner not unworthy of that ill¬
understood master of versification. Chaucer took it from
Boccaccio, but turned it from prose into poetry, by putting
it in a right place :—
Vide in questa la casa del suo Dio
Armipotente, ed essa edificata
Tutta d’acciajo isplendido e pulio.
Teseide, lib. vii. st. 32.
And downward from an hill, under a bent,
There stood the temple of Mars armipotent,
Wrought all of burned stele, etc.","[This example, from the Two Nobel Kinsmen, of the use ot ""armipotent"" is not given in the New English Dictionary, one from 'Fairfax's Tasso, 1600, being given for this period. It is probable that the word has never been used in English without conscious reference to the passage from the Knightes Tale quoted by Leigh Hunt above.]"
part3_p22_a1,Vol.2,part III,p22,[c. 1855.],"Hunt, James Henry Leigh.","An Essay on the Sonnet,","[in] The Book of the Sonnet, ed. Leigh Hunt and S. Adams Lee, Boston, 1867, vol. i, pp. 65-6.","[p. 65] How are we to account for the non-appearance of a Sonnet
in the poems of Chaucer?—of Chaucer, who was so fond of
Italian poetry, such a servant of love, such a haunter of the
green corners of revery, particularly if they were ""small,""—
of Chaucer, moreover, who was so especially acquainted with
the writings of Petrarca’s predecessor, Dante, with those of
his friend Boccaccio, and who, besides eulogizing the genius
of Petrarca himself, is supposed to have made his personal
acquaintance at Padua? Out of the four great English poets,
Chaucer is the only one who has left us a sonnet of no kind
[p. 66] whatsoever, though he was qualified for every kind, and
though of none of the four poets it would seem more naturally
to have fallen in the way.
[Three reasons for this are suggested: (1) Chaucer's close
connection with France led him to French miscellaneous
poetry rather than Italian, (2) the sonnets of Dante and
Petrarch were not yet known in England, (3) Chaucer's own
propensity to narrative in poetry.] The second of these
reasons, however, I take to have been the chief. Had Chaucer
been familiar with the Sonnets of men whom he so admired,
the very lovingness of his nature would hardly have failed to
make him echo their tones!","[For the date, which should be two years later, see below, App. A, [c. 1857]."
part3_p22_a2,Vol.2,part III,p22-23,1855.,"Hunt, James Henry Leigh.","[Preface to] Death and the Ruffians modernized from Chaucer,","[in] Stories in Verse, pp. 262-3.","[This modernization of the Pardoners Tale first appeared,
without a preface, in 1845, q.v. It is followed in Stories in
Verse by Cambus Khan, Hunt's second version of part of
the Squiers Tale, which first appeared in Horne’s Chaucer
Modernized, 1841. q.v.]
[p. 262] The reader will do me great injustice, if he thinks that
modernizations like these are intended as substitutes for
what they modernize. Their only plea for indulgence is, that
they may act as incitements towards acquaintance with the
great original. Chaucer's stories are all complete of their
kind, all interesting in their plots, and surprising in their
terminations; and the satirical stories are as full of amuse¬
ment, as the serious are of nobleness and pathos. It is
therefore scarcely possible to repeat any one of them, in any
way, without producing, in intelligent readers, a desire to
know more of him; and so far, and so far only, such ventures
as the first of the two following become excusable. I heartily
[p. 263] agree with those critics who are of opinion, that no modern¬
izations of Chaucer, however masterly they might be, could
do him justice; for either they must be little else but re¬
spellings (in which case they had better be wholly such at
once, like Mr. Clarke’s, and profess to be nothing but aids
to perusal), or, secondly, they must be something betwixt
old style and new, and so reap the advantages of neither
(which is the case, I fear, with the one just mentioned); or
lastly, like the otherwise admirable versions by Dryden and
Pope, they must take leave in toto of the old manner of the
original, and proceed upon the merits, whatever those may be,
of the style of the modernizers; in which case Chaucer is sure
to lose, not only in manner but in matter.
""Conscience,"" for example, is now a word of two syllables.
In Chaucer's time it was a word of three—Con-sci-ence. How
is a modern hand to fill up the concluding line in the character
of the Nun, without spoiling it?
""And all was con-sci-ence and tender heart.""
""A tender heart"" would not do at all; nor can you find any
monosyllable that would.
So, still more emphatically, in the use of the old negative
n’as (was not) in the exquisite couplet about the officious
lawyer—
""No where so busy a man as he there n’as.""
(Pronounce noz),
""And yet he seemèd busier than he was.""
Here the capital rhyme with those two smart peremptory
monsyllables (noz and woz) and consequently the perfection of
the couplet, and part of the very spirit of the wit, must be
lost in the necessity for turning the old words into new.",
part3_p23_a1,Vol.2,part III,p23-25,1855.,"Milman, Henry Hart.","History of Latin Christianity,","vol. vi, pp. 432, 536, 545-550; 3rd edition, 1864, vol. ix, pp. 97, 232-3, 244-50.","[p. 224] [Outlines of Chaucer's biography, with mention of the
tradition that he was present at the wedding of Lionel and
Violante Visconti at Milan, and there met Petrarch. Sir Harris
Nicolas cited.]
[p. 245] Chaucer was master of the whole range of vernacular poetry,
which was bursting forth in such young and prodigal vigour,
in the languages born from the Romance Latin. He had read
Dante, he had read Petrarch; to Boccaccio he owed the ground¬
work of two of his best poems—The Knight's Tale ... and
Griselidis. I cannot but think that he was familiar with the
Troubadour poetry of the Langue d’Oc; of the Langue d’Oil,
he knew well the knightly tales of the Trouvères and the
Fabliaux, as well as the later allegorical school, which was
then in the height of its fashion in Paris.
[References to Man of Law’s Tale, Troilus, Squieres Tale,
Knightes Tale, Frankeleyns Tale, Clerkes Tale, Merchantes
Tale, Milleres Tale, Reves Tale, Sir Thopas, Nonnes Prestes
Tale, Rom. Rose, Hous of Fame.]
[p. 246] Yet all the while Chaucer in thought, in character, in
language is English—resolutely, determinately, almost boastfully
English [footnote: quotation from Testament of Love in sup¬
[p. 247] port of this]. The creation of native poetry was his deliberate
aim; and already, that broad, practical, humorous yet serious
view of life, of life in its infinite variety, that which reaches its
height in Shakespeare, has begun to reveal itself in Chaucer.
The Canterbury Tales, even in the Preface, represent, as in a
moving comedy, the whole social state of the times; they
display human character in action as in speech; and that
character is the man himself. . . . There is an example of every
order and class of society, high, low, secular, religious. As yet
each is distinct in his class, as his class from others. Contrast
Chaucer's pilgrims with the youths and damsels of Boccaccio.
Exquisitely as these are drawn, and in some respects finely
touched, they are all of one gay light class; almost any one
might tell any tale with equal propriety; they differ in name,
in nothing else.
In his religious characters, if not in his religious tales ...
Chaucer is by no means the least happy. In that which is
purely religious the poet himself is profoundly religious; in
his Prayer to the Virgin, written for the Duchess Blanche
of Lancaster, for whom also he poured forth his sad elegy; in
his Gentle Martyrs, S. Constantia and S. Cecilia: he is not
without his touch of bigotry, as has been said in Hugh of
Lincoln. But the strong Teutonic good sense of Chaucer had
[p. 248] looked more deeply into the whole monastic and sacerdotal
system. His wisdom betrays itself in his most mirthful, as in
his coarsest humour. He who drew the Monk, the Pardoner,
the Friar Limitour, the Summoner, had seen far more than the
outer form, the worldliness of the Churchmen, the abuse of
indulgences, the extortions of the friars, the licentiousness of
the Ecclesiastical Courts, of the Ecclesiastics themselves; he
had penetrated into the inner depths of the religion. Yet his
wisdom, even in his most biting passages, is tempered with
charity. Though every order, the Abbot, the Prioress, the
Friar, the Pardoner, the Summoner, are impersonated to the
life, with all their weaknesses, follies, affectations, even vices
and falsehoods, in unsparing freedom, in fearless truth, yet none
or hardly one, is absolutely odious. ... The Summoner, whose
[p. 249] office and the Archdeacon's Court in which he officiated seem to
have been most unpopular, is drawn in the darkest colours, with
his fire-red cherubim’s face, lecherous, venal, licentious. Above
all, the Parish Priest of Chaucer has thrown off Roman mediæval
sacerdotalism; he feels his proper place; he arrays himself
only in the virtues which are the essence of his holy function.
This unrivalled picture is the most powerful because the most
quiet, uninsulting, unexasperating satire. Chaucer's Parish
Priest might have been drawn from Wycliffe ... not at
Oxford ... but the affectionate and beloved teacher of his
humble flock. ... [The rest of the Chaucerian passage refers
to incidents and subjects connected with Chaucer only by the
acceptance of the Testament of Love as his.]",
part3_p25_a1,Vol.2,part III,p25-26,1855.,"Morris, William, and Burne-Jones, Sir Edward Coley.",Reading of Chaucer at Oxford,"[recorded in] The Life of William Morris, by J. W. Mackail, 2 vols, 1901, vol. i, p. 61.","[""During this year (1855) he (Morris) and Burne-Jones read
through Chaucer. He found, in the poet whom he afterwards
took for his special master, not merely the wider and sweeter
view of life which was needed to correct the harsh or mystical
elements of his own mediævalism, but the conquest of English
verse as a medium boundless in its range and perfect in its
flexibility."" Of Morris in 1854, Mr. Mackail says (ib. p. 39),
""The two books, which afterwards stood with him high and
apart beyond all others, Chaucer and Malory, were as yet
unknown to him."" See also Memorials of Edward Burne¬
Jones, by G. B.-J., 2 vols, 1904, vol. i, p. 104.
Morris is said (like D. G. Rossetti, see above, 1845, Brown,
and like R. W. Dixon, q.v. 1855) to have resembled the
Occleve portrait of Chaucer at this time.]",
part3_p27_a1,Vol.2,part III,p27,1855.,"Stanley, Arthur Penrhyn.","Historical Memorials of Canterbury,","pp. 104n., 118, 146, 164-77, 184-7, 189, 206.","[p. 165] [Canterbury Tales.] In the first place we may observe that
[p. 166] every element of society except the very highest and lowest
was represented ... These no doubt are selected as the
types of the classes who would ordinarily have been met on
such an excursion. ...
[p.167] And further, though the particular plan laid out in his
prologue, and the regulation of the whole by the host, is
evidently the poet's own creation; yet the practice of telling
stories on the journeys to and from Canterbury must have
been common in order to give a likelihood to such a plan. It
was even a custom for the bands of pilgrims to be accompanied
by hired minstrels and story-tellers. . .
[These marvellous tales gave rise to the proverbial expression
'a Canterbury Tale,' probably now extinct in England, but
surviving in America in the exclamation 'What a Canter¬
bury!'
The tales were in other cases probably related at the halts;
but in this instance on the road, those of the party who were
distant thus hearing nothing—'a circumstance which to some
extent palliates the relation of the coarser stories in a company
which contained the prioress, the nuns, the parson, and the
scholar.'
Remarks follow on the auspicious start in spring-time giving
'the colour to Chaucer's whole poem'; on the topographical
details of the route, the Tabard, and the approach to the city.
There are many other minor allusions.]","[The second and third Essays, which originally appeared in 1853 and 1852, contain
only passing references.]"
part3_p28_a1,Vol.2,part III,p28,1855.,"Trench, Richard Chenevix.","English Past and Present,","pp. 33-6, 46, 56, 79, 84, 86-7, 97-8, 101, 103, 110-13, 118, 121, 138-9, 143, 152, 159.","[pp. 33- [Trench believes, with Tyrwhitt, that Chaucer's influence in
6]
introducing French words into the language has been much
exaggerated; he only furthered a tendency already existing.
Yet his diction is much more French than Wycliffe's; some
of his French-derived words failed to retain their place in
English.]",
part3_p28_a2,Vol.2,part III,p28,1855.,Unknown.,"English Surnames,","[in] The Edinburgh Review, vol. ci, p. 355.","Camden, in a list of names of occupations, inserts that of
the great father of English poetry, Chaucer, adding by way of
necessary explanation, 'id est Hosier.' . . .
The Chaussure, commonly used in England when surnames
were first adopted by the commonalty, was of leather, covered
both the foot and the leg, and appears to have been called
Hose.* Hosier therefore is the same with Chaucier, which
comes from the Latin Calcearius.+
*Hose occurs as a surname Hosatus, etc., in the Close Rolls.
+Adelung, Wörterbuch, under Hose and Schuster; Du Cange, v. Ossa; and
Gesenius, Dissertatio Grammatica de Lingua Chauceri, p. 4.",
part3_p28_a3,Vol.2,part III,p28,1855.,Unknown.,"The Genius of Dryden,","[in] The Edinburgh Review, July, 1855, vol. cii, pp. 1, 3, 6, 9, 14, 26.","[p. 14] The early versification of Dryden is as superior to that of
Fairfax and Sandys as the versification of Fairfax and Sandys
is superior to that of Chaucer.",
part3_p28_a4,Vol.2,part III,p28,1855.,Unknown.,Review of Kingiley's Novels and Poems,"[in] The National Review, July 1855, vol. i, pp. 126-7.","[Thousands who only know Roger Bacon in connection with
his brazen head are familiar with the bright and living word¬
pictures of Chaucer. History and records go but a little way
in helping common minds towards the conception of bygone
manners and institutions.] But the poet comes, and not an
intelligent artisan nowadays but can ride with him and his
four and twenty [sic] in a company from the Southwark Tabard
that bright May morning on their pilgrimage to the shrine of
Thomas à Beckett. [Chaucer was familiar with the specula¬
tions of his day, but shows his knowledge in characters and
tales, not in discourses.]",
part3_p29_a1,Vol.2,part III,p29,1855.,"Wiseman, Nicholas Patrick Stephen, Cardinal.","On the Perception of Natural Beauty,","(a lecture, delivered 10 Dec., 1855), 1856, pp. 5-8, 24.","[p. 5] This intense love [of Nature] is to be found in the father
of our poetry, Chaucer. Narrow as was the limit of his
[p. 6] knowledge, or the range of his observation, he had those
instinctive perceptions which affection always bestows. His
descriptions of every aspect of nature ... have not been
surpassed by any modern poet.
[pp. 6-8] [Comparison of passages from the Parlement of Foules (Il
190-96 and 176-82) with Spenser, F. Q., Bk. ii, c. 1 and 2;
reference to the Flour and the Lefe.]
[p. 8] But before leaving these authors, I cannot but express a
natural regret, that in both too much, but I think exclusively
in the later one, every rich description of natural beauty
is connected with wantonness, voluptuousness, and debauch¬
ery. . .
[p. 24] [The idea that May is the month of the Virgin Mary is as
old as Chaucer; quotes Man of Law's Tale, Il. 848-54.]","[For Leigh Hunt's criticism on the passage from p. 8, see below, 1859.]"
part3_p29_a2,Vol.2,part III,p29,1856.,"Emerson, Ralph Waldo.",English Traits.,"Universities, p. 113, Literature, pp. 131-2, 144. (Works, Centenary edn., 1903, vol. v, pp. 200, 233-4, 256.)","[p. 233] A taste for plain strong speech, what is called a biblical
[p. 234] style, marks the English. ... Chaucer's hard painting of
his Canterbury pilgrims satisfies the senses.
[p. 256] We want the miraculous; the beauty we can manufacture
at no mill, can give no account of; the beauty of which
Chaucer and Chapman had the secret.",
part3_p29_a3,Vol.2,part III,p29-30,[1856.],"FitzGerald, Edward.","Salámán and Absal,","p. v, Prefatory Letter to Professor E. B. Cowell. (Letters and Literary Remains, ed. W. Aldis Wright, 1902-3, 7 vols., vol. vii, pp. 191, 210.)","[p.191] As for the much bodily omitted-it may readily be
guessed that an Asiatic of the 15th Century might say much
on such a subject that an Englishman of the 19th would not
care to read. Not that our Jámí is ever licentious like his
contemporary Chaucer, nor like Chaucer's Posterity in Times
that called themselves more civil.
[p. 210] [In later editions of Salámán and Absal, on the lines
Yearn, as is likely, to my Mother Earth,
Upon whose bosom I shall cease to weep,
And on my Mother's bosom fall asleep.
FitzGerald added the note:] The same figure is found in
Chaucer's ""Pardoner's Tale,"" and, I think, in other Western
poems of that era.","[FitzGerald quoted this passage from the Pardoner's Tale in his Calderon, q.v. above, 1853.]"
part3_p30_a1,Vol.2,part III,p30,1856.,"Knight, Charles.",The Popular History of England.,"8 vols. 1856-62; vol. i, 479-83, 489; vol. ii, pp. 11-13.","[vol. i.
pp. 479-
[Social classes in the fourteenth century illustrated by the
83]
Statute of Apparel, 1363, and Chaucer's pilgrims; quotations
from Prol.]
[vol. ii, [Chaucer a contributor to and a symptom of the spread of
pp. 11-
18]
knowledge in his day.]",
part3_p30_a2,Vol.2,part III,p30,1856.,"Landor, Walter Savage.",On Orthography.,"[Letter] To the Rev. Augustus Jessopp, [in] Fraser's Magazine, Feb. 1856, vol. liii, p. 244.","I much commend the late publisher of Milton's works for
observing his authography [sic]. The same had been done by
the judicious Tyrwhitt in his edition of Chaucer ...
I do not join you in your reprehension of Wordsworth for
modernizing Chaucer; because there are many who cannot
comprehend that admirable poet's versification, in which the
mute e, as in the French, is prolonged and sounded. Words¬
vorth is a poet of high merit, but neither of the same kind
nor of the same degree as Chaucer. He could no more have
written the Canterbury Tales, nor any poetry so diversified,
than he could have written the Paradise Lost ...","[Cf. Landor's letter, declining to take part in Horne’s modernization, above, 1841.]"
part3_p30_a3,Vol.2,part III,p30-31,1856.,"Lloyd, William Watkiss.","Critical Essay on Troilus and Cressida,","[in] The Dramatic Works of William Shakespeare, ed. S. W. Singer, 10 vols, vol. vii, pp. 316-9. [Reprinted in ""Critical Essays on the Plays of Shakespeare,"" 1875, pp. 322-4.]","[p. 316] Chaucer's Troilus and Cressida, in five long books, is a work
remarkable for more than its length; it is exceedingly full and
diffuse, a mere modicum of incident furnishes the simplest
skeleton to the large bulk, yet slowly as the story moves, it is
[p. 317] always moving, minute as are its details, they are ever touched
with liveliness; and archness and mock simplicity, irony most
delicate in grain is [sic] thrown over the whole, and gives a
fanciful glow to descriptions of otherwise literal nature. ...
[p. 318] There is some flatness perhaps in the last book both of
Chaucer and Boccaccio, from the falsehood of Cressida being
conveyed to Troilus at second-hand, by hearsay, cold letters,
and conclusively only by his love tokens being captured with
the equipments of Diomed. Shakespeare relieved this by
carrying him personally to the Greek tents.
The actual conclusion of Chaucer's poem is replete with
spirit generally in both conception and execution, but in no
point more so than in the compensation allotted to Troilus,
less it must be said for his merit, than for his simplicity and
suffering. It is after his troubles are over with his life that
he rises superior to the false loves and poor passions and pride
of a low world, and beholds the better end of existence.","[These Essays are reprinted from an edition of Shakespeare, of the same year, edited by W. W. Lloyd; there are further Chaucer allusions in the footnotes to this.]"
part3_p31_a1,Vol.2,part III,p31,1856.,"Maurice, Frederick Denison.","The Friendship of Books,","[a lecture delivered in 1856, printed in] The Friendship of Books, and other lectures, 1874, p. 16.","I might have spoken of the time of our Edward III, and
have given you some proofs that our first poet, Chaucer, was
a cordial, genial, friendly man, who could tell us a great
many things which we want to know about his own time,
and could also break down the barrier between his time and
ours.",
part3_p32_a1,Vol.2,part III,p32-33,1856.,"Ruskin, John.","Modern Painters,","1854-6, Volume iii, 1856, Part iv, Chapter vii, § 19, Chapter xiv, § 33. (Works, Library edn., ed. E. T. Cook and A. Wedderburn, 1903-12, 39 vols., vol. v, pp. 127, 273-4.)","[p. 127] Finally, as far as I can observe, it is a constant law that
the greatest men, whether poets or historians, live entirely in
their own age, and that the greatest fruits of their work are
gathered out of their own age. Dante paints Italy in the
thirteenth century; Chaucer, England in the fourteenth;
Masaccio, Florence in the fifteenth; Tintoret, Venice in the
sixteenth: all of them utterly regardless of anachronism and
minor error of every kind, but getting always vital truth out
of the vital present.
. . . . . . . . . . .
[p. 273] It is quite true that this [horror of a forest] is partly a char¬
acteristic, not merely of Dante, or of mediæval writers, but of
southern writers; for the simple reason that the forest, being with
them higher upon the hills, and more out of the way than in the
north, was generally a type of lonely and savage places; while
in England, the 'greenwood,' coming up to the very walls of the
towns, it was possible to be 'merry in the good greenwood,'
in a sense which an Italian could not have understood. Hence
Chaucer, Spenser, and Shakspere send their favorites per¬
petually to the woods for pleasure or meditation; and trust
their tender Canace, or Rosalind, or Helena, or Silvia, or
Belphœbe, where Dante would have sent no one but a con¬
demned spirit.",
part3_p33_a1,Vol.2,part III,p33-34,1856.,"Ruskin, John.","The Harbours of England,","[Illustrative text to Turner's drawings,] pp. 6-8. (Works, Library edn., ed. E. T. Cook and A. Wedderburn, 39 vols., 1903-12, vol. xiii, pp. 20-23.)","[p. 20] It is very interesting to note how repugnant every oceanic
[p. 21] idea appears to be to the whole nature of our principal
English mediæval poet, Chaucer. Read first The Man
of Lawe’s Tale, in which the Lady Constance is continually
floated up and down the Mediterranean, and the German
Ocean, in a ship by herself; carried from Syria all the way
to Northumberland, and there wrecked upon the coast;
thence yet again driven up and down among the waves for
five years, she and her child; and yet, all this while, Chaucer
does not let fall a single word descriptive of the sea, or
express any emotion whatever about it, or about the ship.
He simply tells us the lady sailed here and was wrecked
there; but neither he nor his audience appear to be capable
of receiving any sensation, but one of simple aversion, from
waves, ships, or sands. Compare with his absolutely apathetic
recital, the description by a modern poet of the sailing of a
vessel, charged with the fate of another Constance:
""It curled not Tweed alone, that breeze—
For far upon Northumbrian seas
It freshly blew, and strong;
... [to] The merry seamen laughed to see
Their gallant ship so lustily
Furrow the green sea foam.""
[Marmion, ii 1.]
Now just as Scott enjoys this sea breeze, so does Chaucer
the soft air of the woods; the moment the older poet lands,
he is himself again, his poverty of language in speaking of
the ship is not because he despises description, but because
he has nothing to describe. Hear him upon the ground in
Spring:
""These woodes else recoveren greene,
That drie in winter ben to sene,
[p. 22]
[to] Through which the ground to praisen is.""
[Rom. Rose, ll. 57-70.]
In like manner, wherever throughout his poems we find
Chaucer enthusiastic, it is on a sunny day in the ""good
greenwood,"" but the slightest approach to the seashore makes
him shiver; and his antipathy finds at last positive expression,
and becomes the principal foundation of the Frankeleine's Tale,
in which a lady, waiting for her husband’s return in a castle
by the sea, behaves and expresses herself as follows :—
""Another time wold she sit and thinke,
[to] 'Why han ye wrought this werk unresonable?'""
[Frankeleyns T., 129-44.]
The desire to have the rocks out of her way is indeed severely
punished in the sequel of the tale; but it is not the less
[p. 23] characteristic of the age, and well worth meditating upon, in
comparison with the feelings of an unsophisticated modern
French or English girl among the black rocks of Dieppe or
Ramsgate.",
part3_p35_a1,Vol.2,part III,p35,1856.,Unknown.,"Review of Poetical Works of Geoffrey Chaucer,","ed. Robert Bell, [in] The Christian Remembrancer, Oct. 1856, vol. xxxii, new series, pp. 327-56.","[A general account and welcome of Bell’s edition, with
references to previous editions. The treatment of The Testament
of Love for biographical purposes is new. The writer does
not pretend ""to trace all the particulars of his [Chaucer's]
life in The Testament of Love, or to distinguish what is
purely fictitious from what is intended to relate to real
events"": though he cannot help thinking that in one
sentence Chaucer intended to convey his love for his birth¬
place. The Court of Love is considered genuine, much space
is devoted to it, and there is some speculation as to Chaucer's
life at the University. The Cuckow and Nightingale and
Flour and Lefe are likewise accepted. The possibilities of
Chaucer’s adventures in Italy and the effect of his journeys
on his work are dwelt upon, pp. 344-5. There is a long
account and examination of the Hous of Fame, pp. 347-50,—
""one of the most admirable burlesque poems in the English
language,""—""which has not attracted so much attention as,
in our opinion, it deserves."" The review contains much
quotation from Chaucer, and the main pieces are examined
in some detail.]",
part3_p35_a2,Vol.2,part III,p35-36,1856.,Unknown.,"Review of Poetical Works of Geoffrey Chaucer,","ed. Robert Bell, [in] Fraser's Magazine, April, vol. liii, pp. 461-72.","[p. 462] As regards Chaucer, indeed, there is some excuse for
the comparative neglect of his writings by his countrymen.
In spite of all that has been written about the harmony of
his verse, and his portraiture of life, manners and nature, his
language is beset with no ordinary difficulties. As a language,
indeed, it is almost anomalous. It is not a foreign tongue,
neither is it our own. ...
[pp. 463-
4]
[The area of, and public for, written English very limited
in Chaucer's time; that for his new art still more so.]
[p. 465]
[The biographies; inadequacy of all before Nicolas's.]
[pp. 466-
70]
[An account of Chaucer's life.]
[p. 470]
From the circumstances of his position, Chaucer therefore
enjoyed the most abundant means of studying and representing
the character of his fellow-countrymen. And he had not
only the fairest opportunity for studying, but also a genius
and disposition peculiarly suited to the task. His powers of
observation were most keen and catholic; his sympathy with
every form of humanity intense; his curiosity was indefatig¬
able. . . .
[p. 471] Our age moves onward with such rapidity that we cannot
hope for any looking back to our elder literature as to a
general source of amusement or instruction. ... It would
[p. 472] accordingly be rash to predict, or even to hope, that Chaucer
will ever resume his station as a popular favourite. All that
we can claim for him is, therefore, the recognition of his
surpassing worth as an adjunct to the historian.",
part3_p36_a1,Vol.2,part III,p36,1856.,Unknown.,"Review of Poetical Works of Geoffrey Chaucer,","ed. Robert Bell, [in] Bentley’s Miscellany, March 1856, vol. xxxix, pp. 252-9.","[pp. 252- [Quotations from Byron, Berington, Denham, North, Tenny¬
4]
son, and Knight on Chaucer. Reference to the modernizations
published by Horne, 1841. On this work, following Bell,
the writer says:]
[p. 255] Wordsworth's Chaucer Wordsworthises. Leigh Hunt's
Chaucer is Leigh Huntish. Mrs. Browning's Chaucer in¬
dulges in Elizabeth Barrettisms. A reader acquainted with
the Lyrical Ballads, with the Story of Rimini, and with the
Vision of the Poets, has little difficulty, when conning these
several versions of the old bard, to discriminate between this
and that ""eminent hand,"" and distribute unhesitatingly suum
cuique.
[p. 256] [Praise of Bell’s edition, as making the true Chaucer known
to popular readers, with an account of Chaucer's versification
and language and a reprint of an accented passage from Bell.]
[pp. 256- [Further quotations from De Quincey, Alexander Smith,
9]
Camden, Elizabeth B. Browning, Coleridge, Dryden, Fitz¬
Gerald, Knight, Hippisley, and Bell, with a running com¬
mentary on the Canterbury Tales, Troilus and certain of
the minor poems. Chaucer's Dream (The Isle of Ladies) is
considered genuine.]",
part3_p36_a2,Vol.2,part III,p36-37,1856.,Unknown.,"Chaucer, Geoffrey,","[in] The English Cyclopædia . . . conducted by Charles Knight, Biog. vol. i, coll. 209-10.","[A life of Chaucer containing all the old legends, and
attributing to him the supposititious works, except the Testa¬
ment of Love, Nicolas’s rejection of which is quoted. Few can
read him with ease, and none without a dictionary; yet his
language can be mastered with a little pains, which would
be amply rewarded.]",
part3_p37_a1,Vol.2,part III,p37,1857-60.,"Chatelain, Jean Baptiste François Ernest de.","Contes de Cantorbéry,","traduits en vers français, 9 tom, London. [See below, App. B., and Chaucer devant la Critique, par C. F. E Spurgeon, Paris, 1911, p.316]",,
part3_p37_a2,Vol.2,part III,p37,1857-9.,"Child, Francis James.","English and Scottish Ballads,","8 vols., vol. i, pp. 80, 131; vol. ii, p. i; vol. iii, p. 137; vol. iv, p. 207; vol. v, p. 38; vol. viii, p. 152.","[vol. i
p. 181]
[Guy of Warwick mentioned by Chaucer among 'romances
of pris.'
[vol. ii,
p. 1]
[Glasgerion.]
[vol. iii,
p. 137]
HUGH OF LINCOLN. The exquisite tale which Chaucer has
put into the mouth of the Prioress exhibits nearly the same
incidents as the following ballad.",
part3_p37_a3,Vol.2,part III,p37-38,1857.,"Furnivall, Frederick James.","MS. Notes, Illustrations of the Prologue to Chaucer's Canterbury Tales,","dated ""Working Men’s College, 1857."" [The Notes consist of passages copied from different books in illustration of the various characters in the Prologue, and were used for lectures at the Working Men’s College in 1857-8. See Biography of Furnivall by John Munro in Frederick James Furnivall, 1911, p. xxxvi. The original note-book is in the possession of the present Editor. The contents are as follows.]","[p. 2]
""The Fat Friar."" Extract from Piers Plowman's Creed,
l. 435 (ed. Wright, 1856), beginning—
""Than turned I ayen
Whan I hadde all y-toted,
And fond in a freitoure
A frere on a benche,"" etc.
[p. 3]
""The Ploughman."" Paraphrase of long passage from the
Creed, l. 475 [or rather 831], etc.
[p. 6]
""The Ploughman's Diet and Work—recommended for the
Friars."" Extract from Creed, l. 1553, etc., and a note.
""See Vis. [vol.] i, [p.] 134.""
[p. 9]
""The Friars' Laziness, Greediness and Selfishness, and
want of kindness to one another."" Extract from Creed,
ll. 1437-82.
[p. 13]
""Priests—their residing in London."" Extract from Piers
Plowman, Prol. Il. 163-72.
[p. 17] ""Knight."" Extract from Leland, Itinerary (Somersetshire),
vol. II, fol. 53-4, vol. iii, 91 (of original).
[pp. 26, 27, 28 and inserted leaves]
""The Assault of Massoura (Excerpta Historica, Bentley,
1831, p. 64)."" The valour of Longespee fighting the
Saracens.
[p. 30] ""Franklins."" Extract from Fortescue, de Laudibus Legum
Angliae, cap. 29, temp. Hen. VI, 1422-61.
[p. 31] Extract from W. Lambarde, Perambulation of Kent, 1570,
published 1576, copied from edn. 1826, p. 8. Note on the
""Franklyns and Yeomen of England.""
[p. 32]. ""Doctor of Phisic."" ""For a first-rate skit on 'thes fisisiens
that helpeth men to dye' see 'A Poem on the Times of
Edward II,' ed. Hardwick (Percy Society), stanzas 39-44,
pp. 18-21.""
Extract from Piers Plouman, [vol.] I, [p.] 133 :—
""For murtheris are many leches,"" etc.
[p. 39] ""The Merchant, as to his selling scheeldes.""
Extract from Piers Plowman, C, vii, l. 278:—
""And if I sente over see
My servauntȝ to Brugges,"" etc.
[B. v, 392; C. vii, 278.]
[p. 41] ""Sergeantȝ (at law).""
Extract from Piers Plowman, i, 418:—
""Yet hoved there an hundred
In howves of selk,"" etc.
[pp. 42-3] ""Sergeant.""""Pervise."" Selden's note in Fortescue de
laudibus Legum Anglide, cap. 51.
[p. 43] Extract from Songs and Carols, 15th Century, ed. Wright,
for Percy Society, p. 36:
""If thou have out to do with the law to plete,"" etc.,
and from notes, p. 100: ""The Parvis or portico of St. Paul’s, in
London, was the common place of consultation among the
Lawyers."" ""See Victor Hugo’s Notre Dame as to the Parvise
there, in Paris.""
[End pages of book, an index of personages (such as Ancres,
Bachelers, Bishop, Clerks, etc.) mentioned in Piers Plowman,
under heads of ""Church,"" ""State and Household,"" and
""Trades and Professions.""]",
part3_p38_a1,Vol.2,part III,p38,1857.,"Kingsley, Charles.","Two Years Ago,","3 vols, vol. i, chapter vii, p. 168 [quotation of the beginning of Prol., perverted to suit the context]; vol. iii, chapter iii, p. 112 [reference to ""Chaucer's house of fame""]. (Works, 1880-85, 28 vols., vol viii, chapter vii, p. 105, chapter xxi, p. 386.)",,
part3_p39_a1,Vol.2,part III,p39,1857.,"Maurice, Frederick Denison.","Milton considered as a Schoolmaster,","[a lecture delivered in Jan. 1857, printed in] The Friendship of Books, and other Lectures, 1874, p. 273.","Geoffrey Chaucer was probably born in London. He was
Comptroller of the Petty Customs in the port of London.
He fell into disgrace with the Court by the part he took in
the election of a Lord Mayor. We have reason to remember
these facts; for if we owe ""the Testament of Love"" and
the ""Legend of Fair Women"" to the knowledge which he
acquired in Courts, or while on foreign embassies, we should
never, I conceive, have had the ""Canterbury Tales,"" but for
the acquaintance with homely English life which he learned
as a London citizen.",
part3_p3_a1,Vol.2,part III,p3,1851.,"Innes, Henry.","A Lecture on the Genius of Chaucer,",Malta.,"[A short sketch of Chaucer's life, followed by stories from
the Canterbury Tales.]",
part3_p3_a2,Vol.2,part III,p3,1851.,"Meredith, George.","Poems,","p. 22. [The dedication to T. L. Peacock is dated May, 1851.]","The Poetry of Chaucer.
Gray with all honours of age! but fresh featured and
ruddy
As dawn when the drowsy farm-yard has thrice heard
Chaunticlere.
Tender to tearfulness–childlike, and manly, and motherly;
Here beats true English blood richest joyance on sweet
English ground.",
part3_p41_a1,Vol.2,part III,p41,1857.,"Pauli, Reinhold.","Confessio Amantis of John Gower,","edited and collated . . . by Dr. R. Pauli, 3 vols., vol. i, Introductory Essay, pp. vi, xiii-xvi, xxix, xxxii, xxxv-vi, xxxviii, xliii.","[pp. xiii
-xv]
[Gower's relations with Chaucer; the evidence for a breach
in their friendship insufficient.]",
part3_p41_a2,Vol.2,part III,p41,1858.,"Bagehot, Walter.","Article on Charles Dickens [in] The National Review,","Oct. 5, 1858, p. 462. (Reprinted in Literary Studies, 1879, p. 188.)","[The symmetry of Chaucer's mind, his healthy sagacity and
ordered comprehension.] The Prologue to the Canterbury Tales
is in itself a series of memorial tablets to mediæval society;
each class has its tomb, and cach its apt inscription.",
part3_p41_a3,Vol.2,part III,p41,1858.,"Burne-Jones, Sir Edward Coley.",The Prioresses Tale.,,"[A painting in oils on a cabinet belonging to William
Morris, representing the Virgin placing the grain on the ""little
clergeon’s"" tongue. Burne-Jones began a replica of this picture
in 1869, which was only completed and exhibited in 1898.
See Sir Edward Burne-Jones, by Malcolm Bell, 1899, pp. 40, 70.
See also the list of Burne-Jones's works by J. P. Anderson in
O. G. Destrée, Les Préraphaélites, Bruxelles, [1895].]",
part3_p41_a4,Vol.2,part III,p41,1858.,"Clough, Arthur Hugh.","Letter to Professor F. J. Child,","[dated] April 10, 1858, [printed in] Prose Remains of Arthur H. Clough, 1888, p. 241.","Do you see that the Frenchman [de Chatelain] who trans¬
lated 'the Canterbury Tales' has found at Paris the original
of the 'Squire’s Tale,' 30,000 lines? I wonder if it is like
Spenser’s in any respect.",
part3_p42_a1,Vol.2,part III,p42,1858.,"Cust, Katherine Isabella.","Introduction [to] The Ancient Poem of Guillaume de Guileville entitled le Pèlerinage de l’Homme, compared vith the Pilgrim's Progress of John Bunyan; edited [by K. I. Cust] from Notes collected by the late Mr. Nathaniel Hill,","pp. ix, xi, 3-9, 11, 38-9, 41-2, appendix p. xxxv.","[p. ix.] [Quotation from a translation in a hand of c. 1630 from
Pits (q.v. below, App. A., a. 1616) in MS. Harl. 4826, on
Lydgate.]
[pp. 5-6] [Chaucer's A.B.C.; three stanzas of the English text side
by side with De Guileville’s French.]
[p. 7] [Chaucer’s imitation at the end of The Book of the Duchesse,
""Right thus me mett, as I you tell,"" etc., of De Guileville's
description (also quoted) of being waked by the convent-bell,—
Ce me sembla en ce moment
Si que de lespouentement
Esueille et desdormy fu [etc.].
[pp. 8-9] [Quotation from Lydgate's Pilgrimage of the passage excus¬
ing himself from translating the A.B.C., already translated by
Chaucer, with the proofs that the translation of the Pilgrimage
from De Guileville in MS. Cotton Vitellius, C. xiii, was by
Lydgate.]
[pp. 38-9] [On the Dream Prologue in O.F. literature, with extracts
from De Guileville's Pèlerinage and Chaucer's Book of the
Duchesse.]
[pp. 41-2] [On the ""Go little book"" formula with which early poets
and dreamers sent forth their books, with quotation from
""Chaucer's"" Flour and the Lefe.]",
part3_p42_a2,Vol.2,part III,p42,1858.,"De Vere, Aubrey Thomas.","Select Specimens of the English Poets with Biographical Notices, &c.,","ed. Aubrey de Vere, pp. 1-3 [biographical and critical notice of Chaucer]; pp. 3-8 [extracts from Canterbury Tales, Il. 43-164, 2765-808, 5240-96), 20-1, 131. [Reprinted in The Household Poetry Book, an Anthology of English-speaking Poets from Chaucer to Faber, 1893 (same pagination).]",,
part3_p42_a3,Vol.2,part III,p42,1858.,"Emerson, Ralph Waldo.",Persian Poetry,"[in] The Atlantic Monthly, April, 1858, vol. i, p. 729, [reprinted in] Letters aud Social Aims, 1875, p. 226 [ed. 1876, the first in B.M.]. (Works, Centenary Edition, 1903, 12 vols., vol. viii, p. 252.)","The law of the ghaselle, or shorter ode, requires that the
poet insert his name in the last stanza. ... We remem¬
ber but two or three examples in English poetry: that of
Chaucer, in the ""House of Fame"" . . . .",
part3_p43_a1,Vol.2,part III,p43,1858.,H.,"Chaucer's Monument,","[in] The Gentleman's Magazine, new series, vol. iv, Feb. 1858, p. 83.","[A letter complaining that Chaucer's tomb was still not
restored and was moreover ""entirely hemmed in by umbrella
stands.""]",
part3_p43_a2,Vol.2,part III,p43,1858.,"Holmes, Oliver Wendell.","The Autocrat of the Breakfast Table,","ch. iv, v, [in] The Atlantic Monthly, Feb., March, 1858, vol. i, p. 462, 619; 1st vol. edn., Boston, 1858, pp. 92, 125. (Writings, 1891, 13 vols., vol. i, pp. 82-3, 110.)","[pp. 82-3] Men often remind me of pears in their way of coming to
maturity. . . . Rich, juicy, lively, fragrant, russet-skinned old
Chaucer was an Easter-Beurré; the buds of a new summer
were swelling when he ripened.
[p. 110] As the one word ""moi"" revealed the Stratford-atte-Bowe¬
taught Anglais . . .",
part3_p43_a3,Vol.2,part III,p43,1858.,"Hunt, James Henry Leigh.","The Tapiser's Tale, attempted in the manner of Chaucer,","[in] Fraser’s Magazine, Feb. 1858, vol. Ivii, pp. 160-3.","[The Tale is that of the miracle of the Field of Flowers,
from Mandeville, and is preceded by an introductory note,
and by a prologue, in which ""occasion has been taken to
suppose that the Carpenter has just been telling a tale, which
his hearers have found tedious . . . and that the Host . . .
feels himself warranted in rebuking the narrator.""
The Prologue begins:]
The Carpenter, whan that his tale was done,
Which sette us nigh on sleepyng everych one ...
Lookèd as big and highe, as thof his lore
Gaf him Saint Joseph for his auncestor ...",
part3_p43_a4,Vol.2,part III,p43-44,1858.,"Landor, Walter Savage.","Old-fashioned Verse,","[in] Dry Sticks, p. 44.","In verse alone I ran not wild
When I was hardly more than child,
Contented with the native lay
Of Pope or Prior, Swift or Gay ...
Then listened I to Spencer's strain,
Till Chaucer's Canterbury train
Came trooping past, and carried me
In more congenial company.
Soon my soul was hurried o’er
This bright scene: the ""solemn roar""
Of organ, under Milton's hand,
Struck me mute ...",
part3_p44_a1,Vol.2,part III,p44,1858-9.,"Marsh, George Perkins.","Lectures on the English Language,","New York, 1860, pp. 18. 22 and n., 30, 49-50, 71, 103, 111-3, 168-9, 174-7, 180, 252 n., 257-8, 323 and n., 391, 415, 424, 432-3, 468, 473, 500-1, 526-8, 530, 534 n., 539, 546, 603, 625, 675-6. dated 1859. An edn. of 1860, is in Bodl.; edn. 4, London, 1863, is the first in B.M.","[p. 22] In original power, and in all the highest qualities of poetry,
no Continental writer of that period, with the single exception
of Dante, can, for a moment, be compared with Chaucer, who,
only less than Shakespeare, deserves the epithet, myriad¬
minded.
[p. 168] There are few instances ... where a single writer has
exerted so great ... an influence on the language of his time
as Chaucer. ... Gower and Chaucer, writing for ladies and
cavaliers, used the phraseology most likely to be intelligible
and acceptable to courtiers. ... Wycliffe and his associates,
[p. 169] in their biblical translations, use few foreign words ... but
in their own original writings, they employ as large a propor¬
tion of Romance vocables as occurs in those of Chaucer's
works where they are most numerous. In the Squires Tale,
nine per cent. of the words are of Continental origin, in the
Nonne Prestes Tale the proportion falls to seven, while in the
prose Persones Tale ... it rises to eleven. ... It is the
selection of his vocabulary, and the structure of his periods,
that mark his style as his own, and it is a curious fact, that of
the small number of foreign words employed by him and by
Gower, a large share were in a manner forced upon them by
the necessities of rhyme; for while not less than ninety parts
in a hundred of their vocabularies are pure Anglo-Saxon,
more than one fourth of the terminal words of their verses are
Latin or French.","[These lectures were delivered in 1858-9, and the Congress copyright entry is For Marsh's second series of lectures see below, 1862.]"
part3_p48_a1,Vol.2,part III,p48,1858-9.,Unknown.,"The Arms, Armour and Military Usages of the Fourteenth Century,","[in] The Gentleman’s Magazine, Jan. 1858— April, 1859, new ser., vol. iv. pp. 3-18, 123-38, 235-51, 347-58, 459-67, 575-92; vol. v, pp. 3-19, 99-114, 211-27; 323-39; 435-51, 547-63; vol. vi, pp. 3-21, 111-23, 227-43, 339-55.",[Quotations from Chaucer throughout.],
part3_p48_a2,Vol.2,part III,p48-49,1859.,B.,"Geoffrey Chaucer,","[in] The Dublin University Magazine, March, 1859, vol. liii, pp. 272-87.","[p. 272] [An account of Chaucer's seven chief biographers and com¬
mentators—Leland, Thomas Speght, Thomas Fuller, Urry,
Tyrwhitt (""a gentlemanlike and learned dryasdust""), and
Sir Harris Nicolas:]
The copious Godwin closes the roll in his quartette of four
volumes, octavo. Doctor Johnson has no life of Chaucer, as he
has none of Shakspeare, or of Spenser. At times he celebrates
the owls, and passes by the eagles. There is a very full and
agrecable little book published ... in 1841, entitled ""Chaucer
Modernized."" It is a highly Philo-Chaucerian and chivalric
small volume, and sets out like Don Quixote ... bent on
righting wrongs on behalf of its poet against every translator
who had ventured to meddle with the ark of the antique text,
or the sacredness of the Saxon; and thus he casts out of the
saddle Messrs. Ogle, Lipscombe, and Boyce ... and runs a
tilt against Henry Brooke ... and is only half pleased with
Lord Thurlow, who revised and published ""The Knight's
Tale""; also ""the Flower and Leaf,"" which is the most beautiful
and pure of all Chaucer's works ...
[p. 278] Beyond all doubt his works are not known in proportion to
their great merit. The early English must be learned before
they can be enjoyed; ... the tongue of Chaucer has passed
away, except from the pages of works as old as his own.
Yet to his intense admirers, the difficulties of his language are
regarded as producing a kind of esoteric sacredness which
involves the text with a mystery akin to the Books of the
Sibyl ... His unintelligible obsoleteness, to minds so framed,
resembles the high flavour of an antique Stilton or the taste
of an æruginous coin; and one connoisseur [Landor, q.v.
above, 1841] has gone so far as to say ""he would wish to
keep Chaucer for himself and a few friends.""
[A life of the poet is given, containing the old inaccuracies,
due to acceptance of the apocryphal pieces.]
1859. Braune, George Martin. The Persone of a Toun.
[A poem (92 pp.) in imitation of the style and stanza of
Spenser, 'as a mean between the times of Chaucer and our
own,' but owing no more than the suggestion to Chaucer's
Parson.]",
part3_p49_a1,Vol.2,part III,p49,1859.,"Braune, George Martin.",The Persone of a Toun.,,"[A poem (92 pp.) in imitation of the style and stanza of
Spenser, 'as a mean between the times of Chaucer and our
own,' but owing no more than the suggestion to Chaucer's
Parson.]",
part3_p49_a2,Vol.2,part III,p49,1859.,"FitzGerald, Edward.","Letter to George Crabbe,","Oct. 4, 1859, [printed in] More Letters of Edward FitzGerald, with Preface by W. Aldis Wright, 1901, p. 50.","Chaucer I don't want: and am glad you should take to
him. I told you of the Tales I thought would please you:
The Clerk of Oxford (Griseldis), the Pardoners, and the
Knight and Squire. Read also all the Prologue Narrative
between the Tales. One must feel Chaucer is akin to Shake¬
speare, in his Humour, Sympathy and Activity of Life, but
he has not Sounded such Depths of Thought and Feeling.",
part3_p49_a3,Vol.2,part III,p49,1859.,"Hunt, James Henry Leigh.","English Poetry versus Cardinal Wiseman,","[in] Fraser's Magazine, Dec., vol. lx., pp. 749-53, 755, 760-2.","[A defence of Chaucer and Spenser against the charge of
associating natural beauty with ""wantonness, voluptuousness,
and debauchery.""]","[Cardinal Wiseman's opinions, here controverted, were expressed in his lecture ""On the Perception of Natural Beauty,"" q. v. above, 1855. Hunt had announced his intention of replying in Fraser's Magazine. See his letters to Edmund Peel and B. W. Proctor (Barry Cornwall) of 4 Nov. and 5 Dec. 1858 (Correspondence, 1862, vol. ii, pp. 240, 264)."
part3_p51_a1,Vol.2,part III,p51,1859.,"Riley, Henry Thomas.",Munimenta Gildhallæ Londoniensis,"(Rolls Ser.), vol i, 1859, Liber Albus, p. 553.","Dimissio Portæ de Algate facta Galfrido Chaucer.
[For this lease see above, 1374, May 10, vol. i, p. 3. The
entry given here is translated in Riley's Liber Albus, 1860,
p. 475, and the lease itself is translated in his Memorials of
London and London Life, 1868.]",
part3_p51_a2,Vol.2,part III,p51,1859.,"[Riley, Henry Thomas?].","Lease of the 'mansio' over Aldgate to Chaucer,","extracted from Guildhall, Letter Book G., in] The Gentleman’s Magazine, March 1859, new ser., vol. vi, p. 243.",,"[See above, 1374, May 10, vol i, p. 3.]"
part3_p51_a3,Vol.2,part III,p51,[1859.],"Starkey, Alfred.","The Prioress' Tale, and other Poems.",,"[The title-poem, which is in sixty-two sesta rima stanzas,
is stated in the preface to be “founded on the same subject as
Chaucer's of the same name. I do not think,"" the author
adds, ""that I can justly be accused of plagiarism. . . It is
something, however, to have trodden, ever so vaguely, near
the footsteps of a great genius."" The tale is ""protestantized,""
e. g. such details as the ""Alma Redemptoris Mater"" are
omitted.]",[Not in B.M.; Bodl. 280. s. 229; information kindly given by Miss K. M. Pogson.]
part3_p51_a4,Vol.2,part III,p51-52,1859.,Unknown.,"Review [of] The Poetical Works of Geoffrey Chaucer,","edited by Robert Bell. . . 1855, [in] The London Review, July 1859, vol. xii, pp. 285-303.","[pp. 285- [A short sketch of Chaucer's life, noting the rejection by
291]
Nicolas of the episodes dependent on the Testament of Love,
and laying stress on the substantial nature of the patronage
Chaucer received.]
[p. 292] All that is peculiar, all that seems now so distant and
unattainable, in the poetry of Chaucer, arises from the one
great typical fact, that it is always nothing more nor less than
the telling of a story ...
We must conceive of the people of the Middle Ages as
children in their love of stories, and in their adoration of
those who could tell them. . . Hence originated a poetical
complexion or turn, which everything seems to have assumed,
and the passionate cultivation of poetry by all classes. It
seems incredible to us, but it was undoubtedly the case, that
in the Middle Ages poetry formed the chief delight of the
people. [Evidence of this in Chaucer: Troilus and Book of
the Duchesse quoted.]
[p. 293] He [Chaucer] cares not at all for the praise of originality or
invention ... he cares for nothing but his story. Hence he
is quite content to become a translator, if he has seen a good
story in a foreign tongue. [Contrast in this between the age
of Chaucer, like all great periods, and the unpoetical and
would-be original nineteenth century. Explanation of the
cause: loss of enjoyment. ""To our forefathers every old
thing was really a new thing: every new thing is an old thing
to us."" The cure, a study of such as Chaucer.]
[p. 298] We come then to discuss the great distinguishing marks of
the mind and power of Chaucer. They seem to be four in
number: dramatic fearlessness and breadth, workmanlike
directness, comparatively non-intellectual character, and sense
[p. 299] of beauty. [Expansion of these four points.]",
part3_p52_a1,Vol.2,part III,p52,1859.,"Vaughan, Robert.","Revolutions in English History,","3 vols, vol. i, pp. 479-81, 563-5.","[p. 479] Poet of manners as he is, the compass of subject included
in his works is a conspicuous fact ... Chaucer appears to
have the power of understanding the pleasures of the most
ethereal virtue, and those found in the most free and riotous
indulgence of the sensuous passions. The comedy and tragedy
of earth, the hell in it, and the heaven above it, were open to
him.
[pp. 480- [Chaucer's material partly derived from literature, partly from
1]
the world about him.]
[p. 564] [The Canterbury Tales shew grossness side by side with
simple faith:] The clerk and the monk, the prioress and the
nun, are all among the listeners to these impure stories.",
part3_p52_a2,Vol.2,part III,p52-53,1860.,"Chaucer, Geoffrey.","Canterbury Tales of Chaucer,","to which are added, An Essay on his language and versification, and an Introductory Discourse, together with notes and a glossary, by T. Tyrwhitt, F.R.S., with memoir and critical dissertation by the Rev. G. Gilfillan, Edinburgh, 3 vols.","[The glossary is arranged in the margin. Gilfillan's memoir
and dissertation, ""The Genius and Poetry of Chaucer,"" pre¬
cede the second and third vols. respectively.
The memoir contains all the old mistakes, based on the
Court of Love and Testament of Love, and is very flamboyantly
written; e. g. Chaucer's position was at best that ""of a pen¬
sionary dependent, nourished on the rinsings of the royal
cellar."" Doubtful whether he died ""a Papist or a Protestant.""
The Dissertation is written in the same style and contains
many allusions to Chaucer's ""ruggedness,"" and to his Wycliffite
views.]",
part3_p53_a1,Vol.2,part III,p53,1860.,"Bulwer, Edward, 1st Lord Lytton.","Letter to his son,","[printed in] The Life of Edward Bulwer, by his grandson, 1913, 2 vols., vol. ii, pp. 419-20.","I am amazed at his [Chaucer’s] wonderful accuracy of
rhythm; according to his own accentuation, there are as few
lines with a defective foot as there are in Dryden. His metre,
too, is extremely artful. As a general rule, he always has his
stop at the end of a couplet, does not break into verses as
blank verse does. But he makes his pause of the ultimate
sense, by a preference so marked that he must have arrived at
it by a rule of art, at the end of a first line. . . The effect of
this is both [sic] surprise, and with him it is music; the relief
from the rhyme has a melody.",
part3_p53_a2,Vol.2,part III,p53,1860.,"Gilfillan, George.",,"See above, Canterbury Tales.",,
part3_p53_a3,Vol.2,part III,p53,[a. 1860.],"Irving, David.","The History of Scottish Poetry,","by David Irving . . . edited by John Aitken Carlyle [from the MS. which Irving left unpublished at his death in 1860], Edinburgh, 1861, pp. 37n., 52, 68n., 70n., 73, 85, 95, 102n., 107-9, 134n., 136n., 141-2, 170, 173, 175n., 187, 193, 212-14, 218, 219n., 221, 231-2, 239, 242n., 244, 267-8, 272, 283n., 298, 310n., 326, 341. [Some of the references are almost identical with those in the Lives of the Scottish Poets, 1804. Some chapters, including that on Barbour, had appeared as articles in the Encyclopædia Britannica.]","[p. 95] [Reference to Barbour as the contemporary and in some
respects the rival of Chaucer.]
[p. 107] [Comparison, by quotation of passages in Barbour’s Bruce
and Chaucer’s Romaunt.]
[Many other brief references, with quotations from Tyrwhitt
and Nott on versification, language, &c.]",
part3_p53_a4,Vol.2,part III,p53,1860.,"J., J. C.","MS. of Chaucer's Minor Poems,","[letter, in] The Gentleman's Magazine, Dec. 1860, new ser., vol. ix, pp. 642-5.","[The Sion Coll. MS. of the A.B.C. The writer comments
severely on Bell’s text.]",
part3_p54_a1,Vol.2,part III,p54-55,1861-2.,"Arnold, Matthew.","On Translating Homer, and Last Words on Translating Homer,","lectures delivered at Oxford, 1861-2. (Works, 1903-4, 15 vols., vol. v, pp. 186, 222, 274, 276, 278-9.)","'To translate Homer suitably,' says Mr. Newman, 'we need
a diction sufficiently antiquated to obtain pardon of the reader
for its frequent homeliness.' ... Antiquated!—but to whom?
... The diction of Chaucer is antiquated; does Mr. Newman
suppose ... that Homer's diction seemed antiquated to
Sophocles, as Chaucer's diction seems antiquated to us? ...
[p. 222] It is in didactic poetry that the tensyllable couplet has
most successfully essayed the grand style. In narrative poetry
this metre has succeeded best when it essayed a sensibly lower
style, the style of Chaucer, for instance; whose narrative
manner, though a very good and sound manner, is certainly
neither the grand manner nor the manner of Homer.
[p. 274] And another [of Mr. Newman's readers] says : 'Doubtless
Homer’s dialect and diction were as hard and obscure to a later
Attic Greek as Chaucer to an Englishman of our day' ...
[p. 278] When language is antiquated for that particular purpose for
which it is employed,—as numbers of Chaucer's words, for
instance, are antiquated for poetry,—such language is a bad
representative of language which, like Homer's, was never
antiquated for that particular purpose for which it was
employed. ... When Chaucer, who uses such [antiquated]
words, is to pass current amongst us, to be familiar to us,
as Homer was familiar to the Athenians, he has to be modern¬
ised, as Wordsworth and others set to work to modernise
him ...
[p. 279] Chaucer's words, the words of Burns, great poets as these
were, are yet not thus an established possession of an English¬
man’s mind, and therefore they must not be used in rendering
Homer into English.",
part3_p55_a1,Vol.2,part III,p55,1861-3.,"Blades, William.","The Life and Typography of William Caxton,","2 vols., vol. i, pp. 48n, 73, 80, 151-2, 173-4, 278, vol. ii, pp. xviii, xxxvi, Iviii, 45-7, 51-2, 61-71, 138, 162-7, 169-70, 254, 260, 263, 265-77, 281-8, 290-91, plates xiv, xvii, xlii.","[Descriptions of and references to Caxton's editions of
Chaucer.]",
part3_p55_a2,Vol.2,part III,p55,1861.,"Burne-Jones, Sir Edward Coley.",Cupid's Forge.,,"[A painting in water-colour, illustrating the opening of the
Parlement of Foules. See M. Bell, Sir E. Burne-Jones, 1894,
pp. 30, 31; and for Chaucer's influence on BurneJones,
which was very great, see ibid., pp. 86-89.]",
part3_p56_a1,Vol.2,part III,p56,1861.,"Craik, George Lillie.","A Compendious History of English Literature and of the English Language,","2 vols., vol. i, pp. vii, viii, 98n., 107, 170-1, 191, 207-8, 227, 246-306 [a chapter on Chaucer], 307-8, 316-7, 319, 321, 324-5, 342-7, 360-1, 367, 378-9, 382, 385-6, 410-1, 425, 432-4, 441, 488-9, 493, 495, 497; vol. ii, p. 102.","of Nott's theory that Chaucer’s verse is rhythmical, shewing
[The chapter on Chaucer is largely devoted to a refutation
both by old tradition and by the evidence of the changes in
the language, that Chaucer was a metrist, and the introducer
into English of iambic metre (pp. 247-69). Chaucer a great
poet and ""the Homer of his country"" (pp. 269-72). His
sources. Specimens from Rom. Rose, Hous of Fame, and
Canterbury Tales. Some non-Chaucerian pieces are quoted as
genuine.]",
part3_p56_a2,Vol.2,part III,p56,1861.,"De Vere, Aubrey Thomas.","Chaucer, and Spenser,","[in] The Sisters, Inisfail, and other Poems, pp. 64-5, 100.","[p. 65] In Spring, when the breast of the lime-grove gathers
Its roseate cloud, when the flush’d streams sing,
And the mavis tricks her in gayer feathers;
Read Chaucer then; for Chaucer is spring!
On lonely evenings in dull Novembers ...
Read Chaucer still!
[p. 100] [""Spenser"": brief reference to ""the well-head of Chaucer.""]",
part3_p56_a3,Vol.2,part III,p56,1861.,"Edman, L. E.","A Specimen of Chaucer's Language,","with Explanatory Notes, a Philological Essay, Upsala.","[Introduction with short life of Chaucer and analysis of the
Canterbury Tales, followed by a specimen of the first 100 lines
of the Prologue, then 58 pages of notes on the language of
those lines.]",
part3_p56_a4,Vol.2,part III,p56,1861.,"Landor, Walter Savage.","Letter to A. de N. Walker,","[dated] Florence, August, 1861, [printed in] Letters and other Unpublished Writings of Walter Savage Landor, ed. Stephen Wheeler, 1897, pp. 123, 171.","It would be worth a scholar's while to trace the different
spellings of the same words from Chaucer down to the pre¬
sent day. Many are spelt better by him than by any author
since. He avoids the reduplication of vowels ea etc., and
ends the word with e.
[Landor expresses the same opinion in a letter to the
Athenæum (April 20, 1861, pp. 529-30), remarking that he
has read Chaucer attentively several times. See also above,
1856, and immediately below.]",
part3_p57_a1,Vol.2,part III,p57,[c. 1861.],"Landor, Walter Savage.",Chaucer.,,"MS. of which was sold by Messrs. Maggs, Catalogue no. 340, 1915,
[An unpublished prose fragment of some 50 lines, the autograph
no. 1789].
There is no poet excepting Homer whom I have studied so
attentively as Chaucer. They are the ablest of their respective
countries. It may be doubted, and must be whether the
language in the Iliad and Odyssee was exactly as we find it
now . . .
The learned Pisistratus and his sons collected all they
found ... Chaucer by the care of studious and learned men
remains as we find him, even in spelling. This is worthy of
notice and thankfulness. We find many words in his Canter¬
bury Tales spelt better than we spell them now. Several
of these I have noted in my Imaginary Conversations and
elsewhere ...
Chaucer was the builder of our language ...","[Messrs. Maggs have very kindly given us the following note: ""The little MS. was not dated, but judging from our remembrance of the handwriting, we should think it would be of a rather late date in his carcer."" Internal evidence confirms this. See iminediately above.]"
part3_p57_a2,Vol.2,part III,p57,1861.,"Landor, Walter Savage.","Milton and Marvel,","[in] The Athenæum, May 18, 1861, p. 661. (Imaginary Conversations, ed. C. G. Crump, 1891, 6 vols., vol. v, p. 34.)","Milton. Frequently do I read the Canterbury Tales, and
with pleasure undiminished.† They are full of character and
of life. You would hardly expect in so early a stage of our
language such harmony as comes occasionally on the ear; it
ceases with the verse, but we are grateful for it, shortly as
it stays with us.
† [Landor's note :] A Bachelor of Arts, a Mr. Pycroft, without any
authority, classes W. S. Landor with Byron and Wordsworth, as holding
Chaucer cheap. Let this Conversation indicate the contrary. There is
one art-namely, the ars poctica—in which the Bachelor is unlikely to
take his Master’s degree.","[For a further allusion to Pycroft by Landor see below, 1863.]"
part3_p59_a1,Vol.2,part III,p59,1861.,"Pauli, Reinhold.","Pictures of Old England,","translated by E. C. Otté, 1861. [The German original was published at Gotha, 1860.]",,
part3_p59_a2,Vol.2,part III,p59,1861.,"Peacock, Thomas Love.","Gryll Grange,","capp. viii and xxxiv, pp. 59 n., 296. (Ed. 1896, introd. by G. Saintsbury, pp. 53 n., 273).","[Cap. viii: quotation from Cooks Prologue, A, ll. 4347-8
(Jakke of Dover). Cap. xxxiv: quotation from Prologue,
ll. 731-6.]",
part3_p59_a3,Vol.2,part III,p59,1861.,"Reynolds, Samuel Harvey.","Dante and his English Translators,","[in] The Westminster Review, January, 1861, vol. xix, pp. 203, 229. [Reprinted in Studies in Many Subjects, 1898, pp. 3, 34.]","[p. 34] It would hardly be untrue to say that there is more of
Dante's influence traceable in Chaucer's poems—more genuine
evidence that Dante had been read and loved—than in the
vhole body of English literature (Milton's writings alone
excepted) from Chaucer's time to our own.",
part3_p59_a4,Vol.2,part III,p59,1861.,"Ruskin, John.","Tree Twigs,","[a lecture delivered at the Royal Institution, April 19, 1861, printed in] The London Review, April 27, 1861, pp. 476-7. (Works, ed. E. T. Cook and A. Wedderburn, 1903-12, 39 vols., vol. vii, p. 474.)","[p. 474] The main function of the flower, therefore, is accomplished
only in its death; that of the leaf depends on prolonged work
during its life.
This difference in the operation of the flower and leaf has
attracted the attention of all great nations, as a type of the
various conditions of the life of man. Chaucer's poem of
the Flower and the Leaf, in which the strongest knights and
noblest ladies worship the goddess of the leaf in preference to
the goddess of the flower, is perhaps the clearest expression of
the feeling of the middle ages in this respect.",
part3_p59_a5,Vol.2,part III,p59-60,1861.,Unknown.,"Review of Bell’s Annotated Series of British Poets,","[in] The Quarterly Review, Oct. 1861, vol. cx, pp. 436-8, 440, 442, 449.","[p. 437] The Anglo-French dialect of Chaucer, interspersed with
Latinisms, which, like Milton, he failed to naturalize, was not
aptly described as a ""well of English undefiled."" It is rather
such chivalric English as Froissart might have employed, and
within a century it was obsolete. Except in the rare passages
of humour and vivid description, which in style belongs to no
special age, the substance of his bulky volume refers as closely
[p. 438] to the mediæval times, as Homer's to the heroic. Chaucer's
longest production is his translation of the once-famous
""Roman de la Rose."" ... He seems to have been wanting
in a certain lightness of touch, conciseness, and melody; and
hence the Iyrical manner of the Troubadours and of the early
poets of Italy and Swabia is unrepresented in his collection.
But, this excepted, he has given admirable specimens of every
form of poetical literature then practised; closing in his old
age with that magnificent Prologue to the Pilgrimage, which
gives intimations of a vast advance in nature and invention.
... His poems neither were, nor could be, precursors or models
in any strict sense for the poets of modern England. Chaucer
is the Hesperus of what, in absence of a better term, we must
call our Feudal Ages.",
part3_p60_a1,Vol.2,part III,p60,1861.,"Wright, Thomas.","Essays on Archæological Subjects,","2 vols., vol. ii, pp. 45, 57-60, 75-6, 259.","[vol. ii, [While nearly all the obsolete words in the other writers are p. 57]
Anglo-Saxon, the great proportion in Chaucer are French:
[pp. 75-6] [Chaucer (Boke of the Duchesse, Il. 434-42, quoted) shews
hence he is easier to read.]
[vol. ii, [The fabliaux of the thirteenth century, with all their
that Arabic numerals were not yet in general use.]
p. 259]
spirit and satire, and much of their objectionable characteristics,
took an English form in the hands of Chaucer.]",
part3_p60_a2,Vol.2,part III,p60,1862.,"Arnold, Thomas.","A Manual of English Literature,","pp. 47-58, 60-1, 63, 65, 68, 270-7, 279, 290, 412.","[In the first, historical, section of the book is a short
biography (pp. 47-55), in which the Court of Love and
Testament of Love are accepted as genuine, followed by a
chronological table and account of the periods of his work.
The second half is divided into accounts of the various genres,
and under Narrative Poetry an account is given of the Canter¬
bury Tales. This very jejune work was frequently revised
and reprinted, in 1867, 1873, 1885, 1888, and 1897.]",
part3_p60_a3,Vol.2,part III,p60-61,1862.,"Borrow, George.","Wild Wales–Its People, Language and Scenery,","3 vols., vol. i., pp. 216-7.","[On a miller’s man shewing a knowledge of Taliesin and
Huw Morris:]
""What a difference,"" said I to my wife, after we had
departed, ""between a Welshman and an Englishman of the
lower class. What would a Suffolk miller's swain have said
if I had repeated to him verses out of Beowulf or even Chaucer,
and had asked him about the residence of Skelton?""",
part3_p61_a1,Vol.2,part III,p61,1862.,"Burne-Jones, Sir Edward Coley.","Designs to illustrate ""The Legend of Good Women.""",,"[Some of these were executed in glass in 1864 by Morris, and
are at Peterhouse, Cambridge, as also is a portrait of Chaucer,
designed by Burne-Jones in 1874. See M. Bell, Sir E. Burne-
Jones, 1899, p. 32.]",
part3_p61_a2,Vol.2,part III,p61-62,1862.,"Child, Francis James.",Observations on the Language of Chaucer,"[in the] Memoirs of the American Academy, new ser., vol. viii, 1863, pp. 445-502. [Rearranged and reprinted by A. J. Ellis in Early English Pronunciation, 1869-75, q.v., below.]","[This is the first minute and scholarly analysis of Chaucer's
language, and it marks an epoch in the study of the poet, for
it made possible the full solution of the question of the right
scansion of the Canterbury Tales. It consists of classified
lists of Chaucer’s vocabulary and grammatical forms, and is
preceded by an introductory note:]
[pp. 445- [Wright’s edn. of the Canterbury Tales employed, as being
6]
based on a single good MS. and fairly accurate. The prevalent
ignorance of the English language of that period.]
[p. 446] We are a long way off from a knowledge of the English of
the fourteenth century, and still further from a satisfactory
edition of Chaucer.
Indeed, there is reason to doubt (and the editors may find
some comfort in the thought) whether there ever was an
accurate copy of a poem by Chaucer, except his own, or a
manuscript corrected by his hand. Certainly this would not
be an absolutely extravagant inference from what he says
""unto his own Scrivener.""
Adam Scrivener was only the first in a long line of cor¬
rupters ... Adam may have been heedless and stupid, but
... he might justly plead the unsettled state of the language
in part excuse. It was undoubtedly very hard for an humble
scribe to remember and observe all the nice differences between
[p. 447] the courtly style of his patron and the vulgar dialect ... Chaucer
thought the prospect of his verses being preserved as he wrote
them very unpromising and he expresses his apprehension
thus... [Troilus, v, 1793-6].
his verses was a thousand times justified by the course of
This anxiety of Chaucer about the writing and reading of
events. [The copyists and editors. Tyrwhitt's textual prin¬
ciple his weak point. A new edition undesirable until an
editor arises who will make thorough work with the MSS.
[p.449] That diversity in English which made Chaucer apprehensive
Bell’s edition likely to block the way for a good while.]
of damage to his verses may have been so considerable, that
we could not be sure of restoring them to perfect purity, even
if we had several manuscripts of the date 1400 before us. But
by far the larger part of the irregularities and corruptions with
vhich the text is now loaded are undoubtedly of later origin,
and there is no reason why, (if we are allowed only to take for
granted that Chaucer had an ear, and meant to write good
metre,+) by taking pains enough, by a patient comparison of
[p. 450] apparently uncorrupted verses, followed by a collation of good
contemporary manuscripts, and of the forms of earlier and
contemporary authors, we should not at last obtain a text
approximately correct.
[p.449 +[Child’s note.] Of course, unless Chaucer wrote good metre, there
n.] is an end to all inquiry into the forms of his language. Nothing can
be more absurd than Dr. Nott’s theory upon this point... or more
[p. 450 just than Tyrwhitt’s remarks... Is it not surprising... that a man
n.] of sense and taste should write as follows? ""At the same time, many
of his lines evidently consist... of ten syllables only; and such a
construction of verse, for ordinary purposes, is become so much more
agreeable to modern usage and taste, that his poetry had better be so read
whenever it can be done, even at the cost of thereby somewhat violating the
exactness of the ancient pronunciation.""—Craik’s Hist. Eng. Lit. i. 249.",
part3_p62_a1,Vol.2,part III,p62-63,1862.,"Furnivall, Frederick James.","Preface [to] Robert of Brunnes Handlyng Synne (Roxburghe Club),","pp. iv, xxii, xxv, 435, 447.","[p. iv]
So far as narrative power and versification are concerned,
he [Brunne] seems to me the worthiest forerunner of Chaucer,—
the cheery dear old man, who so loved women, and the ""glad
light green"" of spring [from the Flour and the Lefe], and
made his verse instinct with the grace and brightness that
he saw in the objects of his love.
[p. xxii] The MS. [of Handlyng Synne] was accordingly copied, and
then came the question as to how much of the text was
Robert's own, and how much translated from Wadington.
The only way to answer this was by printing Wadington's
text opposite Brunne's—e course I had often desired to see
taken with Chaucer and his originals, so-called.",
part3_p63_a2,Vol.2,part III,p63,1862.,"Kent, William Charles Mark.","Chaucer at Woodstock,","[in] Dreamland, with other Poems, pp. 10-16.","[A poem describing Chaucer basking in the sun in his
garden, and seeing his Canterbury Pilgrims pass by as in a
vision.]",
part3_p63_a3,Vol.2,part III,p63,1862.,"Lytton, Edward Bulwer, Lord.","Essay on the Influence of Love upon Literature and Real Life,","[first printed in Miscellaneous Prose Works, 1868, 3 vols., vol. ii, p. 371-2; and reprinted in Works, Knebworth edn., Quarterly Essays, 1875, pp. 351-2.]","[p. 351] Chaucer receives him [Love] from the Provençal and the
Italian, as they had received him from the Saracen and the
Arab. Where Chaucer, however, appears to write most from
his own Anglo-Norman inspiration, love is not very serious. ...
[p.352] We may doubt whether Chaucer experienced in his own
life more of actual love than a chivalrous fantasy, or a light
intrigue.",
part3_p63_a4,Vol.2,part III,p63-64,1862.,"Marsh, George Perkins.",Origin and History of the English Language,"[based on lectures delivered at Boston, U.S.A., in 1860-61], London, 1862, pp. 10, 17, 19, 134-6, 138, 147, 196-8, 215-6, 284, 286-7, 297, 303, 315-7, 335, 365, 372; Lecture IX, Chaucer and Gower, pp. 379-453, 454, 455, 456, 458, 463, 465, 482-5, 506, 511, 566, 569-70.","[Lecture ix begins with a general account of the English
language at Chaucer's birth, pp. 379-81.]
[p. 381] Chaucer did not introduce into the English language words
[p. 382] which it had rejected as aliens before, but out of those which
had been already received he invested the better portion with
the rights of citizenship, and stamped them with the mint
mark of English coinage. ...
Of the Romance words found in his writings, not much
above one hundred have been suffered to become obsolete,
while a much larger number of Anglo-Saxon words employed
by him have passed altogether out of use.
[Linguistic conditions ready for Chaucer, p. 385. Chaucer's
introduction of Romance words less than is supposed; the
translation of the Romaunt is used in evidence, pp. 390-1.
Chaucer not an historical poet, pp. 393-5. Chaucer's sources
and his acknowledgments: contents of books common property
in the middle ages, pp. 395-99. His Italian sources, pp. 400-1.
Discussion of the Romaunt, pp. 401-7.]
[p. 418] It cannot be said that the poem [Troilus] is essentially
improved by the changes of the translator, though, in some
passages, great skill in the use of words is exhibited, and the
native humour of Chaucer pervades many portions of the
story. ...
[The Flour and the Lefe discussed, pp. 414-6. General
account of the Canterbury Tales, pp. 417-31.]
[p. 419] He is essentially a dramatist, and if his great work
does not appear in the conventional dramatic form, it is an
accident of the time.","[For Marsh's earlier series of lectures see above, 1858-9.]"
part3_p65_a1,Vol.2,part III,p65,1862.,"Peacock, Thomas Love.","Letter to Lord Broughton,","[dated] Feb. 22, 1862, [printed in] A Biographical Notice by his grand-daughter Edith Nicolls, p. xlvii. (Works, ed. Cole, 1875, vol. i, p. xlvii.)","I have more pleasure in reading through books which I
have read and admired before than in reading anything new.
The three last old works which I have so gone through were
""Rabelais,” Chaucer's “Canterbury Tales,” and the “Morgante
Maggiore.""",
part3_p65_a2,Vol.2,part III,p65,1862-3.,"Ruzkin, John.","Munera Pulveris,","chapters iii, v, vi, Coinkeeping, Government and Mastership, and Appendix vi. [first published as Essays on Political Economy, in] Fraser’s Magazine, Dec. 1862, vol. Ixvi, p. 749n., April, 1863, vol. Ixvii, pp. 446n., 457, 462; 1st vol. ed., 1872 (as Munera Pulveris), in Works, 1871- 80, 11 vols., vol. ii, pp. 84, 126n., 162-3n., 186. (Works, ed. E. T. Cook and A. Wedderburn, 1903-12, 39 vols., vol. xvii, pp. 208, 244, 273, 292.)","[p. 206] [Chaucer, like Plato, Dante, Shakspere, etc., spoke in
enigmas.]
[p. 244]
[Quotation from Romaunt of the Rose, ll. 177-80.]
[p. 273]
[Chaucer's feeling respecting birds.]
[p. 202] [Appendix vi: Quotation from Romaunt of the Rose, Il.
1142-3.]",
part3_p65_a3,Vol.2,part III,p65-66,1862.,"Smith, Alexander.","Geoffrey Chaucer,","[in] The Museum, Jan. 1862, vol. i, pp. 459-66. [Reprinted, much revised, in Dreamthorp, 1863, pp. 211-45.]","[p. 459] Chaucer is admitted on all hands to be a great poet, but by
the general public, at least, he is not frequently read. He is
like a cardinal virtue, a good deal talked about, a good deal
praised, a good deal admired, but very seldom practised.
[Reasons for this :] He is an ancient... He is garrulous,
homely and slow-paced... He does not dazzle by sentences;
[p. 460] he is not quotable. [His kindliness; visible in his face.
Inadequacy of the modernizers :] Dryden and Pope did not
translate Chaucer, or modernize Chaucer; they committed
assault and battery upon him...
[p. 461] [Chaucer's clearness of outline justifies Hazlitt's epithet
'intense.' Colour and gaiety of his world. The Canterbury
Tales a gathering up of tales written at different times.
Observation shewn in the Prologue; dramatic variety of the
tales; pathos of the tale of Constance.]","[In Dreamthorp the passage on the modernizers is replaced by a contrast between Chaucer and Spenser, which is extracted from an article, Edmund Spenser, in The Museum, July, 1862, vol. ii, p. 151. The latter part of the essay is practically rewritten, and concludes with prose summaries of the Knightes and Man of Law's Tales.]"
part3_p66_a1,Vol.2,part III,p66,1862.,Unknown.,"Mediæval English Literature: Chaucer,","[in] The National Review, Jan. 1862, vol. xiv, pp. 1-37.","[The book nominally reviewed is Bell's edn. of the Poetical
Works of Chaucer, in 8 vols., 1854-56. Chaucer's literary
character and genius is reviewed as influenced by his age and
its limitations; hence he is often careless and prolix, and he
lacks historical perspective (p. 8). His genius, though of the
rarest kind, was not of the highest order (p. 9). The essential
characteristic of it is a strong sense of the real (p. 12). Some
account follows of Chaucer's life and reading (pp. 14-16), and
his works are then reviewed in some detail, arranged in
six divisions: Grave Stories; Comic Stories; Pieces of suffi¬
cient extent to stand alone; Allegorical and Personal Poems;
Miscellaneous Pieces; Prose Works.]",
part3_p66_a2,Vol.2,part III,p66,1862.,"Weymouth, Richard Francis.","Bishop Grosseteste’s ""Castle of Love,”","[a paper, read Nov. 13, 1862, printed in] Transactions of the Philological Society, 1862-3, [1864,] p. 59.","Chaucer... has generally preferred a five-fold ictus in his
Canterbury Tales, though the number of his syllables varies
from eight to twelve: see for instance, in his description of
the Friar, the second and fourth of these lines [Prol., ll. 246¬
50],—
It is not honest, it may not avaunce,
For | to de|len with | such | poraile,
But al with riche and sellers of vitaille.
And óver|al thér e|ny pro|fyt schulde | arise,
Curteys | he was | and lowle of | servise.",
part3_p66_a3,Vol.2,part III,p66,1862.,"Wright, Thomas.","History of Domestic Manners and Sentiments in England during the Middle Ages,","(reprinted, with additions, as The Homes of Other Days, a History, etc., 1871), pp. 133-4, 139, 142, 155, 171-2, 188, 210-1, 217, 242, 248-9, 279, 281, 284-6, 288-9, 313, 315, 319-22, 325, 335, 372, 395-8, 405, 419, 439.","[pp.133- [Details of houses in Milleres T., T. of Gamelyn, Somp¬
noures T., Nonne Prestes T.]",
part3_p67_a1,Vol.2,part III,p67,1863.,"Arnold, Matthew.","Maurice de Guérin,","[in] Fraser's Magazine, Jan. 1863, vol. Ixvii, p. 48. [Reprinted in Essays in Criticism, 1865, p. 83, and as a preface to the Journal of Maurice de Guérin, 1867.] (Works, 1903-4, 15 vols., vol. iii, p. 91.)","For English poetical production on a great scale, for an
English poet deploying all the forces of his genius, the ten¬
syllable couplet was, in the eighteenth century, the established,
one may almost say the inevitable, channel. Now this
couplet, admirable (as Chaucer uses it) for story-telling not
of the epic pitch, and often admirable for a few lines even in
poetry of a very high pitch, is for continuous use in poetry
of this latter kind inadequate.",
part3_p67_a2,Vol.2,part III,p67,1863.,"[Blanchard, Edward Litt Leman. (""Francisco Frost."")]","Harlequin and Friar Bacon; or great grim John of Gaunt, and the enchanted lance of Robin Goodfellow: an entirely new... pantomime,","(Astley’s Pantomime, 1863-4), [1864].","[Scene II shews Chaucer, the Host, and the rest of the
Pilgrims at the Tabard; Scene III shews them on the road.
Chaucer has a speaking part, but no attempt at archaism is
made. The text is followed by a note on the Tabard Inn.
For the authorship, see The Life and Reminiscences of E. L.
Blanchard, by Clement Scott and Cecil Howard, 1891, 2 vols.,
vol i, p. 285.]",
part3_p67_a3,Vol.2,part III,p67,1863-64.,"Chambers, Robert.","The Book of Days,","a Miscellany of Popular Antiquities in connection with the Calendar, edited by R. Chambers, 2 vols ; vol. i, 1863, pp. 53, 220, 339, 472; vol ii, 1864, pp. 493-4.","[vol. i,
p. 58]
[Chaucer's allusion to the Man in the Moon, Troilus, i,
1024.]
[p. 220] In the middle ages, solemn betrothal by means of the
ring often preceded matrimony, and was sometimes adopted
between lovers who were about to separate for long
periods. Chaucer, in his Troilus and Cresseide, describes the
heroine as giving her lover a ring, upon which a love-motto
was engraved, and receiving one from him in return.
[p. 472] [Reference made to Chaucer being often called poet¬
laureate, to the offices held by him, and to several curious
grants of which he was the recipient.]
[vol. ii,
[p. 493-4] [Biographical notice.]",
part3_p68_a1,Vol.2,part III,p68-69,1863.,"Landor, Walter Savage.","Heroic Idylla, with additional Poems,","pp. 142-3, 181, 224, 270.","TO CHAUCER.
[p. 142]
Chaucer, O how I wish thou wert
Alive and, as of yore, alert!
Then, after bandied tales, what fun
Would we two have with monk and nun.
Ah, surely verse was never meant
To render mortals somnolent.
In Spenser’s labyrinthine rhymes
I throw my arms o’erhead at times,
Opening sonorous mouth as wide
As oyster shells at ebb of tide...
No bodyless and soulless elves
I seek, but creatures like ourselves...
Thou wast content to act the squire
Becomingly, and mount no higher,
Nay, at fit season to descend
Into the poet with a friend,
Then ride with him about the land
In lithesome nut-brown boots well tann'd...
The lesser Angels now have smiled
To see thee frolic like a child,
And hear thee, innocent as they,
Provoke them to come down and play.
[SQUIBS, CRACKERS, SERPENTS, etc...]
I leaving good old Homer, not o’erlong,
Enjoy the merriment of Chaucer's tales.
[WRONGS HAVE I SUFFERED...]
Wrongs have I suffered, great and many,
Insufferable never any
Like that prepensely murderous one
An Oxford hang-dog rogue has done,
Who shoved me on a bench with men
Biting the point of Chaucer's pen.
Chaucer I always loved, for he
Led me to woo fair Poesie.
He of our craft the worthy foreman
Stood gallantly against the Norman,
[p. 181]
[p. 224]
And in good humour tried to teach
Reluctant churls our native speech.
Now I must mount my cob and hurry
To join his friends at Canterbury,
A truly English merry party,
Tho' none so jocular and hearty.
[James Pycroft's Ways and Works of Men of Letters, 1861, pp. 79, 379, in here
referred to. See above, 1861, Landor.]
[p. 270] ON THE WIDOW'S ORDEAL, BY WASHINGTON IRVING.
Chaucer I fancied had been dead
Some centuries, some four or five;
By fancy I have been misled
Like many; he is yet alive.
The Widow's Ordeal who beside
Could thus relate? Yes, there is one,
He bears beyond the Atlantic wide
The glorious name of Washington.",
part3_p71_a1,Vol.2,part III,p71-72,1864.,"Chaucer, Geoffrey.",Works.,[Projected editions.],"[In 1864 Professor Earle, W. Aldis Wright and Henry
Bradshaw undertook to edit for the Clarendon Press a standard
library edition of Chaucer. Work on it was in progress in
1866 and 1867. In 1870 Professor Earle gave up the editor¬
ship-in-chief, and, after refusals by Aldis Wright and Skeat,
Bradshaw accepted it, but soon found that he had not the
time.
Also in 1864 Alexander Macmillan proposed to Bradshaw a
small edition in the Globe series. So late as 1879, in con¬
junction with Furnivall, Bradshaw had some specimen pages
printed, but no more came of it. See for these schemes,
G. W. Prothero, A Memoir of Henry Bradshaw, 1888, pp.
108-9, 223-5, and, for Bradshaw’s Chaucer studies in general,
ib., pp. 14, 122, 143, 212-23.]",
part3_p72_a1,Vol.2,part III,p72,1864.,"Chaucer, Geoffrey.",The Prologue to the Legend of Good Women.,"[The text of the earlier version, privately printed from the Cambridge MS. for Henry Bradshaw. See Hammond, Chaucer, p. 381. No copy in B.M. or University Library, Cambridge.]",,
part3_p72_a2,Vol.2,part III,p72,1864.,"Bradshaw, Henry.",,"See above, Works, and The Prologue to the Legend of Good Women.",,
part3_p72_a3,Vol.2,part III,p72,1864.,"Burne-Jones, Sir Edward Coley.",The Dream of Good Women.,,"[A stained glass window, at Peterhouse, Cambridge.]",
part3_p72_a4,Vol.2,part III,p72,1864.,"Dickens, Charles.","Our Mutual Friend,","2 vols., 1864-6, vol. i, chap. iii, x, pp. 13, 89. (Works, Gadshill edition [1897-1908], 36 vols., vol. xxiii, pp. 21, 145.)","[p. 21] Mortimer looked at the boy, and the boy looked at the
bran-new pilgrims on the wall, going to Canterbury in more
gold frame than procession, and more carving than country.
[p. 145] Veneering shoots out of the study wherein he is accus¬
tomed, when contemplative, to give his mind to the carving
and gilding of the Pilgrims going to Canterbury [i. e. probably
the print after Stothard].",
part3_p72_a5,Vol.2,part III,p72,1864.,"Earle, John.",,"See above, Works.",,
part3_p72_a6,Vol.2,part III,p72,1864-7.,"Morley, Henry.","English Writers,","vol. i, pp. 21-2 [Chaucer's debt to Italy], 771-5 [his debt to France; his life, without the apocryphal episodes, the Testament of Love being treated as a genuine but purely imaginative work]; vol. ii, pp. 1-5 [Chaucer the first fully English writer]; 39-43 [Petrarch and Boccaccio]; 66-9, 107-8, 135-6, 138-9 [Gower]; 140-338 [chapters iv-vii, devoted to Chaucer; p. 140, his character sociable and free from bitterness; pp. 141-65, his life; The Court of Love treated as genuine; pp. 165-335, his works described and analysed in a chronological order (Troilus being compared at some length with the Filostrato, and Chaucer's refinements on Boccaccio pointed out, pp. 237-43); pp. 335-6, cause of his greatness; pp. 336-7, his verse regular; pp. 337-8, his English]; 425, 429-32 [Lydgate]; 434 [Occleve].","[In the revised and enlarged edn., 11 vols., 1887-95, chapters
vi-xiii, pp. 83-347, of vol. v (1890) are devoted to Chaucer; many
brief passages relating to him are scattered up and down the whole
work.]",
part3_p73_a1,Vol.2,part III,p73,1864.,"O'Hagan, John.","Chaucer,","[in] The Afternoon Lectures on Literature and Art, delivered in the Theatre of the Museum of Industry, St. Stephen’s Green, Dublin, 1863-9, 5 series, ser. ii, 1864, pp. 247-77.","[pp. 247- [Chaucer's language having very soon become obsolete, he
50]
never could nor can be a popular favourite; even Dryden's
[pp.250- excellent imitations are as much Dryden as Chaucer. Chaucer's
53]
life, with no mention of the Testament of Love or the episodes
[pp. 253- founded on it. His versification; the final vowel and the
4]
[pp.254- French element in the pronunciation. The Court of Love
7]
'Chaucer's earliest work.' The Canterbury Tales; the
[pp. 257-
77]
characters and their stories. Chaucer's coarseness inexcusable
and also dramatically inartistic. His vivid pictures of society
in the fourteenth century.]",
part3_p74_a2,Vol.2,part III,p74-75,1864.,"Ruskin, John.","Sesame and Lilies,","Lecture ii, Of Queen's Gardens. [Delivered 14 Dec., 1864,] 1st vol. ed., 1865, p. 138. (Works, ed. E. T. Cook and A. Wedderburn, 1903-12, 39 vols., vol. xviii, pp. 118-19.)","Now I could multiply witness upon witness of this kind
[of the queenly power of women] upon you if I had time.
I would take Chaucer and show you why he wrote a Legend
of Good Women; but no Legend of Good Men.",
part3_p75_a1,Vol.2,part III,p75,1864.,"Tennyson, Alfred, Lord.","Letter to the Duke of Argyll,","[printed in] Tennyson; a Memoir by his Son, 1897, 2 vols, vol. ii, p. 3.","One cannot exactly say of him [Garibaldi] what Chaucer
says of the ideal knight, ""As meke he was of port as is a
maid."" He is more majestic than meek.","[Tennyson enjoyed reading Chaucer aloud more than any poet except Shakespeare and Milton. See Tennyson: a Memoir, vol. ii, pp. 83, 284.]"
part3_p75_a2,Vol.2,part III,p75,1864,"Wright, William Aldis.",,"See above, Works.",,
part3_p75_a3,Vol.2,part III,p75,1865.,"Bradshaw, Henry.","[Advertisement of] An Attempt to Ascertain the State of Chaucer's Works, as they were left at his death, with some notices of their subsequent history.",,"[The advertisement, inserted by Macmillan on the front page
of Notes and Queries, Aug. 12, 1865, begins with the words
""Shortly will be published,"" but Bradshaw did not advance
far into the work, of which only the introductory pages were
found after his death. The Skeleton of Chaucer's Canterbury
Tales summed up his results; see below, 1867.]",
part3_p75_a4,Vol.2,part III,p75,1865.,"Burne-Jones, Sir Edward Coley.",Chaucer's Dream.,,"[A water-colour, illustrating the non-Chaucerian Isle of
Ladies. Burne-Jones painted a larger and much altered
version in 1871. For other Chaucerian subjects painted by
him see above, 1858, 1861, 1862, 1864. He also painted, in
1874 and succeeding years, a series of scenes from the
Romaunt of the Rose. See M. Bell, Sir E. Burne-Jones, 1899,
and O. G. Destrée, Les Préraphaélites [1895].]",
part3_p75_a5,Vol.2,part III,p75-76,1865.,"Collier, John Payne.","A Bibliographical and Critical Account of the Rarest Books in the English Language,","vol. i, pp. viii*, xii*, xli*, xliv*, 87, 97-8, 128-9, 147, 191, 200, 227, 255, 267, 280, 338, 400, 526; vol. ii, pp. 92, 101-2, 145, 178, 183, 238, 295, 378, 418, 424, 427-8, 440, 464, 477, 485-6, 546.","[Editions of Chaucer and allusions to him in old literature.]
[p. xli*] We do not know that it has been observed upon, but it is a
fact, that no less a poet than Chaucer was the earliest intro¬
ducer of classical measures into our language. He commences
his prose version of Boethius with these two hexameter
lines ...
""Alas, I wepyng am constrayned to begin verse of sorowful
mater,
That whilom in flourisshyng studye made delytable verses.""",
part3_p76_a1,Vol.2,part III,p76,1865.,"Furnivall, Frederick James.","The Wright's Chaste Wife,","by Adam of Cobsam, ed. F. J. Furnivall, E.E.T.S., Preface, p. vii.","Would that we knew as much of Adam of Cobsam as of
our White-Rose king. He must have been one of the Chaucer
breed. ...
[To this a footnote was added in ed. 2, 1869, on Chaucer's
Carpenter and the Milleres T.]",
part3_p76_a2,Vol.2,part III,p76,1865.,"[Furnivall, Frederick James?]","[Article in] The Reader,","May 27, 1865, p. 598.","[No thorough testing of Chaucer MSS. ever yet carried out.]
It may be that a further testing of the two texts [the Harleian,
used by Wright, and the Ellesmere] will establish the supe¬
riority of the ""Ellesmere"" MS. in readings, though it is later
in date, and may necessitate its being taken as the basis of the
new Oxford edition, should the University Press proposal for
one ever be carried into effect. ... It is clear to any eye that
these illustrations [i. e. those of the Ellesmere MS.] are much
later than the MS. (which is about 1430 A.D.) ... and have
thus unfortunately thrown discredit on the MS. itself. On
the question of which of the two schemes—Professor Child’s,
of printing the six or eight texts, or the Oxford one, of print¬
ing one and collating the others—is the more deserving of
support, we can only say that we wish well to both,
though we fear the Oxford one, if carried out first, might
prevent the success of Professor Child’s. The true way would
be for the Oxford Press delegates to take both schemes in
hand, to print the six or eight texts as material for their
editor, or better, their editors, and then issue their one text,
without collations, which are always a bother. ... They
would be producing a book worthy of their own reputation,
and of our own bright poet of the dawn.",
part3_p77_a1,Vol.2,part III,p77,1865.,"Furnivall, Frederick James.","Chaucer and Arthur,","[review of Thynne's Animadversions, ed. Kingsley, and Morte Arthure, ed. Perry (E.E.T.S.), in] The Reader, 18 November, 1865, pp. 565-6.","We put Chaucer before Arthur, for we care more about
him; the more we read him the more we love him, sunning
ourselves in the bright sheen of his humour, and sniffing the
fragrance of his verse, as on a bright spring day on his own
Kent downs. The old man is the foremost and most
glowing figure of all the troop of our early writers; and,
of all, he is the one we can take closest home to ourselves,
for he has written himself in his books, if ever writer has,
and we know the man from soul to skin.",
part3_p77_a2,Vol.2,part III,p77,1865.,"Hook, Walter Farquhar.","Lives of the Archbishops of Canterbury,","1860-76, 12 vols., vol. iii, 1865, pp. 37n., 40-1, 47, 67, 69n.","[p. 67] [Against Chaucer's evidence of the demoralisation of the
clergy of his time must be set his picture of a parish priest.]
[p. 69] [Identification of Chaucer's good priest with Wyclif im¬
possible; if intended by Chaucer, it must have been as a
masked sarcasm. Robert Bell quoted. Further improbability
""that the gay and licentious poet should have been intimate
with the reformer.""]",
part3_p77_a3,Vol.2,part III,p77-78,1865.,"Kingsley, George Henry.",Chaucer. Animaduersions . . . by Francis Thynne ...,"edited by G. H. Kingsley, Early English Text Soc., pp. iv, vi, viii, ix, xi, xii.","[p. xi] The old story of Chaucer's having been fined for beating
a Franciscan friar in Fleet Street is doubted by Thynne,
though hardly, I think, on sufficient grounds. Tradition
(when it agrees with our own views) is not lightly to be
disturbed, and remembering with what more than feminine
powers of invective ""spiritual"" men seem to be not unfre¬
quently endowed, and also how atrociously insolent a Fran¬
ciscan friar would be likely to be (of course from the best
motives) to a man like Chaucer, who had burnt into the
very soul of monasticism with the caustic of his wit, I shall
continue to believe the legend for the present. If the
mediæval Italians are to be believed, the cudgelling of a friar
was occasionally thought necessary even by the most faithful,
and I see no reason why hale Dan Chaucer should not have
lost his temper on sufficient provocation.
strong denunciation of the reviewer by Furnivall in The
[A review of Kingsley in the Saturday Review led to a
Reader, Feb. 3, 1866, q.v. below. The second edition, 1875,
edited by F. J. Furnivall, with a new preface by Kings¬
ley, and hindwords by Furnivall, contains other Chaucer
references.]",
part3_p78_a1,Vol.2,part III,p78,1865.,"Laing, David.","The Poems and Fables of Robert Henryson,","ed. David Laing, pp. xix, xxi-ii, xxv-ix [The Testament of Cresseid and Chaucer's Troilus. Also numerous references to Chaucer, chiefly quotations from Chalmers, in the notes.]",,
part3_p78_a2,Vol.2,part III,p78-79,1865.,"Maurice, Frederick Denison.","On Books,","printed in] The Friendship of Books and other Lectures, 1874, pp. 76-7.","[pp. 76- Chaucer was possibly the friend of Wycliffe—certainly
7]
shared many of his sympathies and antipathies. He loved
the priest, or, as he was called, the secular priest, who went
among the people, and cared for them as his fellow-country-
men; he intensely disliked the friars, who flattered them and
cursed them, and in both ways governed them and degraded
them. His education had been different from Wycliffe's, his
early poetical powers had been called forth by the ladies and
gentlemen of the court. He mingled much French with his
speech, as they did; he acquired from them a kind of
acquaintance with life which Wycliffe could not obtain in
the Oxford schools. Had he remained under their influence
he might have been merely a very musical court singer; but
he entered into fellowship with common citizens. He became
a keen observer of all the different forms of life and society
in his time—a keen observer, and, as all such are, genial,
friendly, humorous, able to understand men about him by
sympathising with them, able to understand the stories of the
past by his experience of the present. Without being a
reformer like Wycliffe, he helped forward the Reformation
by making men acquainted with themselves and their fellows,
by stripping off disguises, and by teaching them to open
their eyes to the beautiful world which lay about them.
Chaucer is the genuine specimen of an English poet—a type
of the best who were to come after him; with cordial affection
for men and for nature; often tempted to coarseness, often
yielding to his baser nature in his desire to enter into all the
different experiences of men; apt through this desire, and
through his hatred of what was insincere, to say many things
of which he had need to repent, and of which he did repent;
but never losing his loyalty to what was pure, his reverence
for what was divine. ... The English books which live
through ages are those which connect themselves with human
life and action. His other poems, though graceful and
harmonious, are only remembered, because in his ""Canter-
bury Tales"" he has come directly into contact with the
hearts and thoughts, the sufferings and sins, of men and
women, and has given the clearest pictures we possess of all
the distinctions and occupations in his own day.",
part3_p7_a1,Vol.2,part III,p7,1851.,"Turner, Thomas Hudson.","Some Account of Domestic Architecture in England from the Conquest to the End of the Thirteenth Century,","Oxford, 1851, pp. 122, 146. [For the continuation of this work, by J. H. Parker, see below, 1853.]","[p. 122] Perhaps the earliest [hostel or tavern] in London was the
Saracen's Head in Friday Street, Chepeside, where Chaucer,
in his youth, saw the Grosvenor arms hanging out; the poet
did not make his acquaintance with the Tabard in Southwark
till a later date.",
part3_p7_a2,Vol.2,part III,p7,1851.,Unknown.,"Review of Wright's Canterbury Tales,","vol iii, [in] The Athenæum, March 15, 1851, pp. 294-5.","[A long review, praising Wright’s principle of printing from
a single MS. and giving the variations of others; surprise is
expressed that he had not used the Ellesmere MS., and hope
that he would add the other poems, a glossary, and a bio¬
graphy which should, without being diffuse like Godwin's,
contain the new facts which have come to light since Nicolas
published his.]",
part3_p80_a1,Vol.2,part III,p80-81,1865.,"Ruskin, John.","The Cestus of Aglaia,","Chapter iii, Patience. [in] The Art Journal, April, 1865, vol. iv, pp. 101-2; [revised and enlarged in] On the Old Road, 1885, vol. i, pt. ii, pp. 468, 471-2. (Works, ed. E. T. Cook and A. Wedderburn, 1903-12, 39 vols., vol. xix, pp. 82-6.)","[p. 82]
""Dame Paciencë sitting there I fonde,
With facë pale, upon an hill of sonde.""
[Parlement of Foules, ll. 242-3.]
[p. 84] I should like truly to know what Chaucer means
by his sand-hill. ... Sometimes I would fain have it to
mean the ghostly sand of the horologe of the world. ...
Sometimes I like to think that she is seated on the sand
because she is herself the Spirit of Staying, and victor over
all things that pass and change. ... And sometimes I
think, though I do not like to think (neither did Chaucer
mean this, for he always meant the lovely thing first, not
the low one), that she is seated on her sand-heap as the
only treasure to be gained by human toil. ...
But of course it does not in the least matter what it
means. All that matters specially to us in Chaucer's vision,
is that, next to Patience (as the reader will find by looking
at the context in the Assembly of Foules), were ""Beheste""
and ""Art"";—Promise, that is, and Art: and that although
these visionary powers are here waiting only in one of the
outer courts of Love, and the intended patience is here only
the long-suffering of love; and the intended beheste, its
promise; and the intended art, its cunning,—the same powers
companion each other necessarily in the courts and ante¬
chambers of every triumphal home of man.",
part3_p82_a1,Vol.2,part III,p82,1866.,"Arnold, Matthew.","The Study of Celtic Literature,","part iv, [in] The Cornhill Magazine, May 1866, p. 541, and July 1866, p. 113. (Works, 1903-4, 15 vols., vol. v, p. 79.)","German schools have the good habit of reading and com¬
menting on German poetry, as we read and comment on
Homer and Virgil, but do not read and comment on Chaucer
and Shakespeare.",
part3_p82_a2,Vol.2,part III,p82,1866.,"Bond, Sir Edward Augustus.","New Facts in the Life of Geoffrey Chaucer,","[in] The Fortnightly Review, Aug., 1866, vol. vi, pp. 28-35.","[Essay on the two parchment leaves which had been pasted
down to the covers of MS. Add. 18,632, and were found to
be fragments of the Household Accounts of the Duchess of
Clarence. The name of Geoffrey Chaucer is met with three
times, the period covered being the regnal years 30, 31, 32,
and 33—evidently of Edward III.—corresponding with the
years 1356 to 1359. The record shows that Chaucer, at the
outset of his career, was closely connected with the court and
its functions. See above, vol. i, p. 1.]",
part3_p82_a3,Vol.2,part III,p82,1866.,"Chatelain, Jean Baptiste François Ernest de.","L’Hostellerie du Tabard,","1866, [in] A travers Champs, London, 1867.",,"[The Chevaller de Chatelain lived and wrote in England; this poem is noticed in Notes and Queries, March 16, 1867, 3rd ser., vol. xi, p. 227.]"
part3_p82_a4,Vol.2,part III,p82,1866.,"Dickens, Charles.","Letter to Sir James Emerson Tennent,","[dated] Aug. 20th, 1866, [in] Letters of Charles Dickens, 1880-2[1879-81], 3 vols., vol. ii, pp. 259-60.","Chaucer certainly meant the Pardonere to be a humbug,
living on the credulity of the people. After describing the
sham reliques [sic] he carried, he says:
But with these relikes whawne [sic] that he found
[and five following lines.]
And the worthy Watts (founder of the charity [the Refuge for
Poor Travellers]) may have had these very lines in his mind
when he excluded such a man.",
part3_p82_a5,Vol.2,part III,p82,1866.,"Eastwood, Jonathan, and Wright, William Aldis.",The Bible Word-Book.,,"[Many quotations from Chaucer or poems then
attributed to him.]",
part3_p83_a1,Vol.2,part III,p83,1866.,"Green, Henry.","Obsolete Words in Whitney, with parallels chiefly from Chaucer, Spenser and Shakespeare,","[in] Whitney’s ""Choice of Emblems"" (1586) . . . ed. H. Green, pp. 253-65.","create (= created), deface, defame, fardle, feare (= terrify),
[Agaste, amisse, annoy, bale, bane, boorde, carle, carpes,
fonde, gate, let, mislike, moe, mowes, newfanglenes, nones,
pill, roome, shamefastnes, sield (= happy), sithe, stithe, teene,
unrest, ure, wonne, worlde.]",
part3_p83_a2,Vol.2,part III,p83,1866.,"Hazlitt, William Carew.",Remains of the Early Popular Poetry of England ...,"edited . . . by W. C. Hazlitt (Library of Old Authors), 4 vols., 1864-6, vol. iii, 1866, pp. 98-9 [Introduction to The Mylner of Abington].","[p. 99] In an artistic and constructive point of view, the Mylner of
Abington is superior to its predecessor [Chaucer's Reves
Tale), and while it is quite as entertaining, it is much less
gross.","[J. R. Lowell singled out this judgment as evidence that Hazlitt was ""an editor without taste, discrimination or learning."" (Review of the Library of Old Authors, in Works, Riveraide Edn., 1890, 11 vols., vol. i, p. 320.)]"
part3_p83_a3,Vol.2,part III,p83,1866.,"Maurice, Frederick Denison.","On the Representation and Education of the People,","pp. 57-9, 67.","[p.57] Chaucer appears certainly to have been concerned in the
insurrection of John of Northampton.
[p. 58] [Chaucer, as essentially the English citizen, the link between
the literature of Court and Commons. His wide appreciation
of English life.]
He has been called a Wycliffite. He is not that. He is
simply an Englishman. He hates Friars, because they are not
English and not manly.
[p. 59] [Becket's shrine had acquired a national sanctity, of the
origin of which Chaucer was not critical.]",
part3_p83_a4,Vol.2,part III,p83,1866.,"Morris, Richard.",,"See above, The Poetical Works, ed. R. Morris.",,
part3_p84_a1,Vol.2,part III,p84,1866.,"Skeat, Walter William.",,"See above, The Poetical Works, ed. R. Morris.",,
part3_p85_a1,Vol.2,part III,p85,1866.,"Swinburne, Algernon Charles.","William Blake,","1868, pp. 50, 58, 61, 89n., 137. (New edn., 1906, pp. 55, 64, 67, 97-8n., 152.)","[Entered here in error ; the first edn. appeared in 1868.]
[pp. 97-8n.] [A long note on ""Chaucer's"" Court of Love, his ""most
beautiful of young poems,"" calling attention to the paganism
of its tone, and comparing it in this respect with Aucassin and
Nicolette.]
[p.152] Mixed with this [Blake's] fervour of desire for more perfect
freedom, there appears at times an excess of pity (like Chaucer's
in his early poems) for the women and men living under the
law, trammelled in soul or body.",
part3_p85_a2,Vol.2,part III,p85,1866.,Unknown.,"Chaucer—His Position, Life, and Influence,","[in] The Westminster Review, July, 1866, vol. xxx, pp. 184-200.","[A long and appreciative article of a general nature, with
a good deal about Chaucer’s life and times, and something
on his language, and on the text of the Canterbury Tales in
recent editions.]
[p.184] Chaucer ... may be read with comparative ease. There
are a few of his phrases obscure; a few of his endings silent;
a few of his words obsolete. But we require neither grammar
nor glossary to understand and enjoy him.
[p. 199] Not much has yet been done to make Chaucer's works
more popular or more intelligible. [There are great difficulties,
his text is uncertain, often obscure. Tyrwhitt has done a
great deal to remove obscurities, though he] often unnecessarily
and pretentiously displays his abstruse and curious learning.
[But in spite of his pedantry, Tyrwhitt’s text of the C. Tales
in 1755 [sic], seems as good as that of Wright, in 1847.
The worst features of Tyrwhitt’s edn. reappear in that of
Routledge [1863], where ""none of Tyrwhitt’s mistakes are
corrected nor his defects supplied."" Robert Bell’s edn.
1854, is the best, by this editor nearly everything which
can explain or illustrate his author has been skilfully con¬
densed.] But it is not likely that all Chaucer's writings—
consisting, as they mostly do, of translations,—can ever
become popular. We still require an edition ot the ""Canter¬
bury Tales"" in which the obsolete words, opinions and
customs will be explained, and the obsolete pronunciation
indicated.",
part3_p86_a1,Vol.2,part III,p86,1866.,Unknown.,"Catalogue of the First Special Exhibition of National Portraits . . . on Loan to the South Kensington Museum,","April 1866, pp. 3, 193.","[p. 3] 8. GEOFFREY CHAUCER. Lent by Bodleian Library,
Oxford.
Poet; b. in London; believed to have been partly educated
at Cambridge; was in the service of King Edward III;
patronised by John of Gaunt; married Philippa Rouet,
daughter of a knight of Hainault; imprisoned on occasion of
the persecution of the Lollards; d. 25th Oct. 1400; bu. in
Westminster Abbey.
Three-quarters miniature, looking to r., white head-
covering and dress; inscribed ""Caucer, 1400."" Panel, 1 ft.
2 in. x 101|2 in.
9. GEOFFREY CHAUCER. [Lent by] Mr. J. P. Seddon.
... To waist, small life-size, face three-quarters to r.;
dated 1400. Panel, 19 x 14 in.
Stated to have been preserved for more than three cen¬
turies in the family of Stokes of Llanshaw Court, Gloucester;
[p. 193] [Quotation from the Athenæum, Ap. 14, 1866, q.v. immedi¬
given in 1803 to Benjamin Dyke.
ately below.]",[These portraits are Spielmann’s nos. VI and VII.]
part3_p86_a2,Vol.2,part III,p86,1866.,Unknown.,National Portrait Exhibition,"(see last entry), [in] The Athenæum, April 14, 1866, p. 502, col. 2.","In the two portraits of Chaucer (7 and 8) [a mistake for
8 and 9] we see reproductions of that which Occleve painted
from memory (Harleian MS. 4866) treated by different
hands, of which those which produced No. 8 [meaning
No. 9] were by far the more skilful.",
part3_p86_a3,Vol.2,part III,p86,1867.,"Chaucer, Geoffrey.","Chaucer. The Prologue, the Knightes Tale, the Nonne Prestes Tale, from the Canterbury Tales,","edited by R. Morris, Oxford. (Clarendon Press Series.)","[Introduction, pp. v-xlviii. The Court of Love, Complaint
of the Black Knight, Chaucer's Dream (Isle of Ladies), the
Flower and the Leaf, and all the Roman de la Rose, are certainly,
the Testament of Love hesitatingly, allowed to be genuine. A
brief biography, based on the facts then known, followed by
analyses of the Prologue and two Tales included in this
volume, a summary of Chaucerian grammar and metre, and a
table of contemporary events.]",
part3_p87_a1,Vol.2,part III,p87,1867.,"Chaucer, Geoffrey.","The Clerk's Tale,","edited by W. Aldis Wright, from MS. D. 4. 24. in the University Library, Cambridge. Privately printed, Cambridge.",,
part3_p87_a2,Vol.2,part III,p87,1867-71.,"Bradshaw, Henry.",The Skeleton of Chaucer's Canterbury Tales: an attempt to distinguich the several fragments of the work as left by the author,"(Memoranda, no. iv), preface dated 1867, title page 1868, and postscript 1871. (Collected Papers, 1889, pp. 102-48.)","[This is the only printed result of Bradshaw's Chaucer
work, which was largely the cause of the foundation of the
Chaucer Society. For the editions of the Works projected by
him see above, 1864, Works. In 1865 ""An attempt to
ascertain the state of Chaucer's works as they were left at his
death, with some notices of their subsequent history"" was
advertised as shortly to be published (q. v. above, 1865); of
this the introductory pages alone were found among his papers
(see G. W. Prothero, A Memoir of Henry Bradshaw, 1888,
p. 347). This memorandum was, it seems, printed as a tenta¬
tive preparation for the larger work. But in the postscript of
1871 Bradshaw bids farewell to Chaucer work, the Library
claiming his time.
He divides the Canterbury Tales into twelve fragments, and
prints the beginnings and ends of these and of his subdivisions
of them. The MSS. are classified by their arrangement of the
Tales, which corresponds with their classification by textual
value. Not only mentions of time and place occurring in the
'links' are used, but orthographical and rhyme tests. Gamelyn
is retained, in Frag. 1.]",
part3_p87_a3,Vol.2,part III,p87,1867.,"Collier, John Payne.","General Introduction [to] Seven English Poetical Miscellanies,","7 vols., vol. i [Tottell], pp. i-iii.","[Godfray’s 1532 edn. of Chaucer's Works really the first
English miscellany. The Testament of Love, which appears
there first, is one of the non-Chaucerian pieces. This a
new point, in the writer's belief, for Warton and later bio¬
graphers, including Sir Harris Nicolas, attribute it to Chaucer,
though the last notices the contradiction it seems to give
to the tradition of Chaucer's committal to the Tower, etc.
Quotation from the end of The Testament of Love, in which
Troilus and its author are highly praised; an impossibility
for Chaucer to have written this. Thus all that the book
contains as to the author's share in the tumults in the city
and his imprisonment does not apply to Chaucer. This
conclusion supported by a comparison of style. The Testament
of Love probably written by some admiring imitator of
Chaucer's translation of Boethius.]","See also below, Notes and Queries, 1867, Collier"
part3_p88_a1,Vol.2,part III,p88,1867.,"Furnivall, Frederick James.","Early English Text Society, Third Annual Report of the Committee,","Jan 1867, pp. 2, 5-6.","[p. 2] Two other events the Committee also allude to with
pleasure: 1. The publication of an accurate Text from
the best MS. of each of Chaucer's Poetical Works by
Mr. Richard Morris (though, unfortunately, without the
collation and notes that the editor desired to add); and,
2, The undertaking to edit Bishop Percy's long-hidden
[p. 5] [In a list of 32 Texts that can be produced this year, if
folio MS.
funds enough are supplied:]
Chaucer. The Household Accounts of Elizabeth, wife of
Prince Lionel, in which Chaucer is mentioned; with the
other documents relating to the Poet. To be edited by
E. A. Bond, Esq., Keeper of the MSS. in the British
[p. 6] Chaucer's Prose Works. To be edited from the MSS.
Museum.
with an Essay on the Dialect of Chaucer, by R. Morris, Esq.;
and a Treatise on the Poet's Pronunciation, by Alexander
J. Ellis, Esq., F.R.S. ...
A glance at the List above will show what important and
interesting contributions will be made to our Literature if
only the first twenty of these books can be produced this
year: a new Romance ... traces of CHAUCER (with a
discussion of his dialect and pronunciation).",
part3_p88_a2,Vol.2,part III,p88,1867.,"Furnivall, Frederick James.","The Early English Text Society,","[an announcement of the Extra Series, to begin with an edition of Chaucer's prose works, and an appeal for more support, in] The Gentleman’s Magazine, Aug. 1867, new ser., vol. iv, p. 213.",,
part3_p88_a3,Vol.2,part III,p88,1867.,"Furnivall, Frederick James.","A New 'Envoy' of Chaucer's,","in The Athenæum, no. 2081, Sept. 14, 1867, p. 333.","[A copy of 'Fle fro the pres', from MS. Add. 10,340
(Boethius), then being copied for the E.E.T.S.; the best and
completest text known, the envoy not having been printed
before.]",
part3_p88_a4,Vol.2,part III,p88-90,1867.,"Furnivall, Frederick James.","The Chaucer Society,","[the Society’s Manifesto, in] The Gentleman’s Magazine, Dec. 1867, new ser., vol. iv, pp. 782-3.","This Society has been founded in order to do honour to
Chaucer, and to let the lovers and students of him see how
far the best unprinted manuscripts of his works differ from the
printed texts. It will deal with the works of no other man—
except so far as may be found necessary for the illustration of
Chaucer—and will be dissolved as soon as all the good manu¬
scripts of the poet's works, and all matter wanted for their
illustration, are in type. It is not intended to interfere with
any edition of Chaucer's works, past or future, but to sup¬
plement them all, and afford material for the improvement of
his text. Eight or ten years will suffice, if the Society be well
supported, to finish its work.
If men said it was well done for Lord Vernon to reprint the
first four printed texts of Dante's""Divina Commedia""—if we
know it is well done of the Early English Text Society to
print the three versions of Chaucer's great contemporary’s
work, William Langland’s ""Vision of Piers Ploughman""—it
cannot be ill done of us to print all the best MSS. of him who
is allowed to be the greatest among our early men. ... It is
hardly too much to say that every line of Chaucer contains
points that need reconsideration. Our proposal then is to
begin with ""The Canterbury Tales,"" and to give of them (in
parallel columns in royal 4to) six of the best unprinted manu¬
scripts known, and to add in another quarto the six next best
MSS., if 300 subscribers join the Society. The first six MSS.
to be printed will probably be, The Lansdowne (Brit. Mus.),—
The best Ashburnham (if Lord Ashburnham will consent to its
publication; if not, the best Sloane),—The Ellesmere,—The
Hengwrt,—The best Oxford (probably the Corpus MS.),—The
best Cambridge (Univ. Libr.).
In securing the fidelity of the texts, Mr. Richard Morris,
Mr. J. W. Hales, myself, and others (who will form the
Committee of the Society) will take part. The first essay in
illustration of Chaucer's works that will be published by
the Society will be, ""A detailed Comparison of Chaucer's
'Knight’s Tale' with the 'Teseide' of Boccaccio,"" by Henry
Ward, Esq., of the MS. Department of the British Museum ...
The Society will begin its work on the 1st of January,
1868. Professor Child gives 50l. to start it ...
Members' names and subscriptions may be sent pro tempore
to yours, &c.
FREDK. J. FURNIVALL,
3, Old Square, Lincoln's Inn, W.C.
P.S. — An honorary secretary who cares enough for
Chaucer to take some trouble in working the Society is
wanted ...","[This letter, or manifesto, appeared also in the Athenæum in an earlier and slightly shorter form (no. 2108, 1867, vol. ii, p. 467), and was heralded by a briet announcement in the preceding no., p. 485. Various modifications in the plan outlined above were made. In the Six-Text Print the Petworth and not a Sloane MS. was substituted for the Ashburnharo, and Dr. Ward's study of the Knightes Tale and the Teseide never appeared.]"
part3_p8_a1,Vol.2,part III,p8,1851.,Unknown.,"Biographical Sketches of Eminent British Poet . . . intended for teachers, Dublin, Geoffrey Chaucer,",pp. 1-11.,"[A very brief biography, accepting the events based on The
Testament of Love, followed by quotations in praise of Chaucer
from Campbell, Southey, Leigh Hunt, etc.]","[This book was probably intended to be a companion to the Selections from the British Poets, Dublin, 1851, q.v. below. Both were published by direction of the Commissioners of National Education in Ireland.]"
part3_p8_a2,Vol.2,part III,p8,1851.,Unknown.,"Selections from the British Poets, . . . from Chaucer to the present Time ...","Dublin, 1851, vol. i, p. 337 [""Truth""]; vol. ii, pp. 4-5 [""Spring""], 105-6 [""An April Day""], 210-12 [""The Good Parson""], 253 [""The Daisy""], 365, 399.","[The first four pieces are more or less modernised, the third
so much so that its original cannot be identified. The first
stanza reads:
All day the low-hung clouds have dropt
Their garner'd fulness down;
All day the soft grey mist hath wrapt
Hill, valley, grove and town.
This reappears in several later school anthologies, the latest
we have found being H. C. Bowen's Studies in English, 1876.]",
part3_p8_a3,Vol.2,part III,p8-9,1852.,"Clough, Arthur Hugh.","Lecture on the Development of English Literature from Chaucer to Wordsworth,","[printed in] Prose Remains of A. H. Clough, 1888, pp. 333-42.","[p. 334] In commencing such a conspectus [of the mutual reaction of
literature and national character in England], I can have no
hesitation in selecting the first name: English Literature
begins with Chaucer. ... The picture of all that pertains to
those first exhibitions (for good or for evil, or for both) of our
English genius and temper you may see surviving unfaded in
the lively colouring of the ""Canterbury Tales."" ... What,
[p. 335] for example, can be truer to permanent English likings
and dislikings ... than these lines in description of the
Monk? [Quotation, Prol., Il. 173-8, 183-8.] Certainly we
may still find in old England ladies—I quote Chaucer—
paining themselves to counterfeit cheer of court, and be
estately of manere, and to be held worthy of reverence; busy
or busy-seeming lawyers [quotation, Prol., Il. 321-2]; country
gentlemen, great at the sessions, and greater at the dinner
table; the tried soldier, silent and unpretending; the young
[p. 336] soldier, much the reverse; the merchant, so discreet and
steadfast [quotation, Prol., l. 282]; religious and laborious
parish-clergymen, and church dignitaries, not very religious,
and not at all laborious.
[p. 342] [Chaucer, by the copious admission of Norman-French
elements, completed and transformed 'our homely meagre
Semi-Saxon into a civilised and living speech.']",
part3_p90_a1,Vol.2,part III,p90,1867.,"[Furnivall, Frederick James?]",,"See below, Unknown.",,
part3_p90_a2,Vol.2,part III,p90,1867.,"Hazlitt, William Carew.","Handbook to the Popular, Poetical and Dramatic Literature of Great Britain from the Invention of Printing to the Restoration,",pp. 96-9.,"[A list of editions of Chaucer, with notes of some copies.]",
part3_p90_a3,Vol.2,part III,p90,1867.,"Longfellow, Henry Wadsworth.","Notes [to] The Divine Comedy of Dante Alighieri,","translated by H. W. Longfellow, 1867, [reprinted in] Writings, Riverside edn., 11 vols, [1886], vol. ix, pp. 187, 203 ['perse,' Prol., l. 441], 208 [gluttony, Persones Tale], 218 [avarice, ib.], 222 [wrath, ib.], 223, 242 [Theseus, Knightes Tale, Il. 1-16], 244 [Deianire, Monkes Tale], 248 [description of a wood, Inferno xiii, compared with Knightes Tale], 252, 274 [Jason, L.G.W.], 276 [simony, Persones Tale], 287 [reference to Henryson’s Testament of Creseida as Chaucer’s], 293, 332-3, 342-3, 347; vol.x, pp. 171, 214 [Chaucer's quotation from Purg. vii, 121, etc. in Wife of Bath’s Tale, ll.269-76], 230 [the sculptures on the wall of Purgatory (Purg. x, 29, etc.) compared with the temples of Venus, Mars and Diana in Knightes Tale], 275 [Fortuna Major, Troilus, iii, 1415-20], 306 ['vernage,' Merchantes Tale, l. 563), 308 [reference to the Complaint of the Black Knight as Chaucer's]; vol. xi, pp. 168-9 [quotations from Hous of Fame, Anelida, and (Lydgate’s) Ballade in commendation of Our Lady], 212 [Demophoön, L.G.W., Il. 2441-51], 250 [Testament of Love quoted as Chaucer's], 252, 254, 258 [imitation in Troilus, v, 1863-5, of Paradiso, xiv 28-30], 264, 277, 289-90 [Troilus, iv, 995-1043, with the original passage on foreknowledge from Boethius, quoted], 341, 382 [the invocation to the Virgin, Second Nonnes Tale, Il. 36-56, quoted to illustrate the opening of Paradiso, xxxiii].",,
part3_p90_a4,Vol.2,part III,p90,1867.,"Mackay, Charles.","A Thousand and One Gems of English Poetry, selected and arranged by Charles Mackay,","Introduction, p. iii. [On pp. 1 and 2 are the following extracts from Chaucer:] Praise of Women, The Young Squire [Prol. Il. 79-100], Arcita’s Dying Address [Knightes T., Il. 2771-2780], Good Counsel of Chaucer.",,
part3_p90_a5,Vol.2,part III,p90-91,1867.,"Morris, Richard.",Specimens of Early English ...,"A.D. 1250-A.D. 1400, with grammatical introduction, notes and glossary, Oxford. (Clarendon Press Series.)","[Various references to Chaucer in the Grammatical
Introduction.
The specimens from Chaucer (pp. 345-366) are the
Pardoneres Tale, and the Prioresse Tale. In the preface
(p. vii) the editor says : ""the extracts from Chaucer's Canter¬
bury Tales are limited to two short narratives, because a more
extended selection, by the present editor, is in the press"" (i. e.
the Prologue, etc., q.v. above).]",
part3_p91_a1,Vol.2,part III,p91,1867.,"Morris, William.","The Life and Death of Jason,","Book xvii, ll.5-24, pp. 317-8.","Would that I
Had but some portion of that mastery
That from the rose-hung lanes of woody Kent
Through these five hundred years such songs have sent
To us, who, meshed within this smoky net
Of unrejoicing labour, love them yet.
And thou, O Master!—Yea, my Master still,
Whatever feet have scaled Parnassus' hill,
Since like thy measures, clear, and sweet, and strong,
Thames' stream scarce fettered drave the dace along
Unto the bastioned bridge, his only chain.—
O Master, pardon me, if yet in vain
Thou art my Master, and I fail to bring
Before men’s eyes the image of the thing
My heart is filled with: thou whose dreamy eyes
Beheld the flush to Cressid’s cheeks arise,
As Troilus rode up the praising street,
As clearly as they saw thy townsmen meet
Those who in vineyards of Poictou withstood
The glittering horror of the steel-topped wood.","[This is taken from the final edition as printed in Works, with introductions by his daughter, May Morris, 1910, vol. li, pp. 259-60. The only difference in the 1867 version is that line 14 there reads— 'Thames' stream scarce fettered bore the bream along.']"
part3_p93_a1,Vol.2,part III,p93,1867.,"Part, William A.","Spenser,","[a letter, in] The Gentleman's Magazine, April, 1867, new ser., vol. iii, pp. 501-2.",[Lancashire words used by Chaucer.],
part3_p93_a2,Vol.2,part III,p93,1867.,"Ruskin, John.",On the Present State of Modern Art.,"[A lecture, delivered June 7, 1867; first printed in full in] Works, ed. E. T. Cook and A. Wedderburn, 1903-12, 39 vols, vol. xix, pp. 207-8.","[p. 207] This first cartoon is a sketch for tapestry, from Chaucer,
of Love bringing in Alcestis. ... In Chaucer the Spirit
of Love which leads her is only that of perfect human
passion:—
'Yclothed was this mighty God of Love
In silk, embroudered full ot red rose leaves—
The freshest since the world was first begun—
And his gilt hair was crowned with a sun
Instead of gold;
And in his hand methought I saw him hold
Two fiery darts, as the coals red;
And angel-like his wings I saw him spread.1
[p. 208] But in this design the painter has gone farther into the
meaning of the old Greek myth, and he has given the Spirit
of the Love that lives beyond the grave. ...
Then this second cartoon, also from the Legend of Good
Women, is of the two wives of Jason—Hypsipyle and
Medea.
1 [Editor's note]: ""From the Prologue to the Legende of Goode Women. Chaucer
wrote, after the first line—
'In silke embrouded, ful of grene greves
In which a fret of rede rose leves.'
The fith line continues, 'for hevynesse and wyghte'; and then Ruskin omits two
lines. The last line but one is, in the original, 'Two firy dartes, as the gledes
rede.' The sketches (by Burne-Jones) are Plates VI, VII, in vol. xix.]",
part3_p94_a1,Vol.2,part III,p94,1867.,"Ruskin, John.","Time and Tide by Weare and Tyne,","Letter XVII, Difficulties, [dated] April 3, 1867, [in] Leeds Mercury, [and in] Manchester Daily Examiner and Times, April 13, 1867. (2nd vol. ed., 1868, [1st in B.M.], p. 104. (Works, ed. E. T. Cook and A. Wedderburn, 1903-12, 39 vols., vol. xvii, p. 402.)","Shakespeare and Chaucer,—Dante and Virgil.— ... all
the men of any age or country who seem to have had Heaven’s
music on their lips, agree in their scorn of mechanic life.",
part3_p94_a2,Vol.2,part III,p94,1867.,"Swinburne, Algernon Charles.","Review of Morris's Life and Death of Jason,","[in] The Fortnightly Review, July, 1867, new ser., vol. ii, pp. 22-3, 26, 28.","[p. 22] ""Jason"" is a large and coherent poem, completed as con¬
ceived; the style throughout on a level with the invention.
In direct narrative power, in clear forthright manner of pro¬
cedure, not seemingly troubled to select, to pick and sift and
winnow, yet never superfluous or verbose, never straggling or
jarring; in these high qualities it resembles the work of
Chaucer. Even against the great master his pupil may fairly
be matched for simple sense of right, for grace and speed of
step, for purity and justice of colour. In all the noble roll of
our poets there has been since Chaucer no second teller of
tales, no second rhapsode comparable to the first, till the
advent of this one.
[p. 23] The romance poets have never loved the sea as have the
tragic poets; Chaucer simply ignores it with a shiver; . . .",
part3_p94_a3,Vol.2,part III,p94,1867.,Unknown.,"Early English Texts,","[in] The Edinburgh Review, Jan. 1867, vol. cxxv, pp. 225, 231-2, 244, 251.","[Criticism of the chauvinism of French critics, especially
Sandras and Le Clerc (q.v. below, App. B., 1859, 1862) for
their attempt to class Chaucer with the trouvères.]",
part3_p94_a4,Vol.2,part III,p94,1867.,"Unknown. [Furnivall, Frederick James?]","Note,","[in] The Athenæum, no. 2094, Dec. 14, 1867.","A new and interesting testimony to Chaucer's worth turns
up unexpectedly in the Courtesy poem of 'Lytil Johan,' in
the Balliol MS. ... The writer, a disciple of Lydgate, is
telling his Little Jack what to read, and, like a wise man,
names the best poets of the day, Gower, Chaucer, Occleve,
Lydgate, and thus apostrophizes Chaucer. [Quotes stanzas
48-50. See above, 1477, vol. i, p. 57.]",
part3_p94_a5,Vol.2,part III,p94,1867.,"Wright, William Aldis.",,"See above, The Cerk's Tale.",,
part3_p95_a1,Vol.2,part III,p95-96,1868-77.,"Chaucer, Geoffrey.",A Six-Text Print of Chaucer's Canterbury Tales,"in Parallel Columns from the following MSS.: 1. The Ellesmere; 2. The Hengwrt 154; 3. The Cambridge Univ. Libr. Gg. 4. 27; 4. The Corpus Christi Coll., Oxford; 5. The Petworth; 6. The Lansdowne 851. Edited by F. J. Furnivall. Chaucer Society, 8 parts, 1868-77, oblong 8vo.","[The six-text edition contains when complete :—
(1) The Dedication: To Prof. Francis James Child, etc.
(2) Specimens of the two chief moveable Prologues in the
Canterbury Tales when they are moved from their right
places, and of some of the substitutes for them (pp. i*-xx*):
I. Specimens of the Man of Law's End-Link, the real
Shipman's Prologue, when moved from its right
place.
II. Specimens of the Spurious Prologue to the Shipman's
Tale.
III. Specimens of the Squire's End-Link (which should
head the Franklin's Tale), when the Franklin's
Tale is moved from its right place, and the
Squire's End-Link is used as the Merchants'
Prologue.
IV. Specimens of the False Prologues to the Franklin's
Tale when it is moved from its right place after
the Squire's Tale.
(3) Trial-Tables (now superseded) of the Groups of Tales,
and their order in Chaucer's ""Canterbury Tales,"" according to
the Edited Manuscripts and Tyrwhitt. (pp. xxi*-xxiii*.)
(4) Drawings of the 23 tellers of the 24 Canterbury Tales,
copied from the Ellesmere MS., and cut on wood, by Mr. W.
H. Hooper, and coloured after the originals, under his direction,
(9 leaves, bound at the end of vols. i and ii—pts. iii and iv—
in the B.M. copy.)
(5) The Texts of the Tales from the six MSS. (pp. 1-685),
and including, (5) Appendix to Group A. The Spurious
Tale of Gamelyn (with its spurious Head-Links) from the
following 6 MSS.:—Royal MS. 18. C. ii.; Harleian 1758;
Sloane, 1685; Corpus MS. (Oxford); Petworth MS.;
Lansdowne MS. 851 (pp. xxv-Ixxvii.)
(6) Ryme-Index to the Ellesmere Manuscript of Chaucer's
Canterbury Tales. By Henry Cromie, M.A., 1875. [pp.
1*-255*,— or in oblong triple pages, i†-Ixxxv†: and including
the Notes and Corrections for the Ryme-Index, i†-lxxxviii†;
1st ser. 45 and 46.]
A Temporary Preface to the Six-Text Edition of Chaucer's
[In 1868 Dr. Furnivall published separately (2nd ser. 3):
Canterbury Tales, attempting to shew the true order of the
Tales, and the days and stages of the pilgrimage, etc., etc.]
of the sequence of the Tales as set forth in the Six-Text
[See Skeat's Evolution of the Canterbury Tales for a study
edition. Each of the texts constituting the Six-Text edition
was printed separately, for editorial use, 1868-77: Child
himself had conceived the idea of printing a six or eight-
text Chaucer. See the notice of a note on the subject in the
Reader, under 1865, Furnivall (?)]","[Later publications of the Chaucer Society have for the most part been omitted, as being generally accessible and known to members of the Society.]"
part3_p96_a1,Vol.2,part III,p96-97,1868-70.,"Morris, William.",The Earthly Paradise.,"Prologue: The Wanderers, Part i, 1868, p. 3; L’Envoi, Part iv, 1870, pp. 439-442.","Forget six counties overhung with smoke,
Forget the snorting steam and piston stroke,
Forget the spreading of the hideous town;
Think rather of the pack-horse on the down,
And dream of London, small, and white and clean,
The clear Thames bordered by its gardens green;
Think, that below bridge the green lapping waves
Smite some few keels that bear Levantine staves,
Cut from the yew wood on the burnt-up hill,
And pointed jars that Greek hands toiled to fill,
And treasured scanty spice from some far sea,
Florence gold cloth, and Ypres napery,
And cloth of Bruges, and hogsheads of Guienne;
While nigh the thronged wharf Geoffrey Chaucer's pen
Moves over bills of lading—mid such times
Shall dwell the hollow puppets of my rhymes.
[p. 439] [L’Envoi. The poet addresses his book :]
Nay, let it pass, and hearken! Hast thou heard
That therein * I believe I have a friend,
Of whom for love I may not be afeard?
It is to him indeed I bid thee wend ...
Well, think of him, I bid thee, on the road,
And if it hap that midst of thy defeat,
Fainting beneath thy follies' heavy load,
*i.e. in ""The Land of Matters Unforgot.""
My Master, GEOFFREY CHAUCER, thou do meet,
Then shalt thou win a space of rest full sweet;
[p. 440] Then be thou bold, and speak the words I say,
The idle singer of an empty day!
""O Master, O thou great of heart and tongue,
Thou well mayst ask me why I wander here
In raiment rent of stories oft besung!
But of thy gentleness draw thou anear,
And then the heart of one that held thee dear
Mayst thou behold!"" ...
[p. 441] O Master, if thine heart could love us yet,
Spite of things left undone, and wrongly done,
Some place in loving hearts then should we get,
For thou, sweet-souled, didst never stand alone,
But knew’st the joy and woe of many an one—
—By lovers dead, who live through thee, we pray,
Help thou us singers of an empty day!
Fearest thou, Book, what answer thou mayst gain
Lest he should scorn thee, and thereof thou die?
Nay, it shall not be.—Thou mayst toil in vain
And never draw the House of Fame anigh;
Yet he and his shall know whereof we cry,
Shall call it not ill-done to strive to lay
The ghosts that crowd about life’s empty day.",
part3_p97_a1,Vol.2,part III,p97,1868.,"Swinburne, A. C.",William Blake.,"See above, 1866.",,
part3_p97_a2,Vol.2,part III,p97,1868.,"Waller, John Green.","[A Painted Window,","designed by J. G. Waller, with medallions of Chaucer and Gower, and with scenes from Chaucer’s life and poems, placed over Chaucer's tomb in Westminster Abbey as the gift of Dr. Rogers.]",,
part3_p97_a3,Vol.2,part III,p97,1869.,"Browne, Matthew. [pseud., i.e. Rands, William Brighty.]","Chaucer's England,",2 vols.,"[Chapters on ""The Poet of the Canterbury Tales,"" and ""The
Story and the Pilgrims,"" followed by others on various aspects of
mediæval life. Diffuse and inaccurate but not without merit.]",
part3_p97_a4,Vol.2,part III,p97-98,1869-89.,"Ellis, Alexander James.","On Early English Pronunciation, with especial reference to Shakespeare and Chaucer.","Including a rearrangement of Prof. F. J. Child’s memoirs on the language of Chaucer and Gower [q.v. above, 1862], Parts i and ii, London, Chaucer Society and E.E.T. Soc., 1869; Part iii, 1871; Part iv, 1875; Part v, 1889.","[The parts directly concerning Chaucer’s language are:
Part i, chap. i, pp. 26-30, summary of the method of
investigation used in chap. iv, and comparative table of
the pronunciation of Chaucer, Spenser, Dryden and
Goldsmith; chap. iv, 'On the pronunciation of English during
the 14th century, as deduced from an examination of the
rhymes in Chaucer and Gower,' pp. 241-416: Principles of
the investigation (no real faulty rhymes in Chaucer), pp.
241-57; The Vowels, pp. 258-307; The Consonants, pp.
308-17; On the pronunciation of e final in the 14th
century [its use proved by rhymes from the Harl. MS.;
table of rules, p. 342], pp. 318-42; F. J. Child’s Obser¬
vations on the language of Chaucer and Gower [q.v. above,
1862], pp. 342-97; Chaucer’s pronunciation and ortho¬
graphy [with a table of probable sounds of the letters],
pp. 397-404. Part iii, 1871, chap. vii, 'Illustrations of
the Pronunciation of English during the 14th century,'
pp. 633-742: Chaucer, pp. 633-725: Critical text of
Prologue [illustrating the previous conclusions, the text from
the seven MSS. on the versos, and the phonetic transcript
on the rectos], pp. 680-725 [prefaced by notes on]:
Pronunciation of long u and of ay, ey, as deduced from
a comparison of the orthographies of seven MSS. of the
Canterbury Tales [the Society’s six texts and MS. Harl.
7334], pp. 634-56; Treatment of final e in the critical
text, pp. 646-8; Metrical peculiarities of Chaucer, pp. 648-9;
Chaucer’s treatment of French words, pp. 650-1; Penn¬
sylvania German the analogue of Chaucer’s English, pp.
652-63; F. W. Gesenius on the language of Chaucer,
pp. 664-71; M. Rapp on the pronunciation of Chaucer,
pp. 672-7; Instructions for reading the phonetic transcript
of the Prologue, pp. 677-9.]",
part3_p98_a1,Vol.2,part III,p98-107,1870.,"[Baynes, Thomas Spencer.]","The Text of Chaucer,","[in] the Edinburgh Review, July, 1870, vol. cxxxii, pp. 1-45.","[p. 1] It is a national reproach that after the lapse of nearly five
hundred years we are still without a critical and illus¬
trative edition of Chaucer’s poetical works. Excepting
Shakspeare, no English poet so thoroughly requires and
[p. 2] deserves careful editing as Chaucer; and, in the essential
characteristics of his genius, no English poet comes nearer
to Shakspeare.
[pp. 2, 3] [Chaucer’s dramatic insight, love of nature, wide human
interest, and felicity of expression.]
[p. 3] These excellences have justly made Chaucer not only the
father of English poetry, the greatest of our dramatists before
the rise of the regular drama, but one of the most delightful
and habitually read of all English poets. The many eulo¬
gistic references to him by later writers both in prose and
verse, down to the close of the Elizabethan period, show how
constantly he was studied during the two centuries after his
death.
[Lydgate, Occleve, Douglas, Wilson, Puttenham, Ascham,
Fox, Camden, Sidney, Spenser, Milton, among his admirers.]
Dryden, again, did his utmost to popularise the more
striking of the 'Canterbury Tales,' and has left, perhaps,
the best critical estimate of their author we possess. During
the eighteenth century there were several elaborate attempts
to make English readers better acquainted with Chaucer,
whose language had by that time become too archaic for
the effortless enjoyment of ordinary readers. And in our
own day, notwithstanding the obstacles interposed by a
grammar and vocabulary partially obsolete, Chaucer has
reappeared in a greater number of forms, and is, perhaps,
more generally read and studied, than any of the great
Elizabethan poets except Shakspeare.
These circumstances render it the more surprising, and,
we may add, the more discreditable to our national scholar¬
ship, that no complete critical edition of Chaucer's poetical
works should yet have been produced. The reproach is one
of old standing, and many suggestions have from time to
time been made with the view of wiping it away.
[Quotation of Dr. Johnson’s note on his projected edition.
A correct edition called for by Godwin and Todd.]
[p. 5] The truth is, that until the last few years the greater part
of Chaucer’s poetical works have never, strictly speaking,
been edited at all. 'Troilus and Cressid,' a story nearly as
long as the 'Æneid,' the 'Romaunt of the Rose,' the 'House
of Fame,' the 'Legend of Good Women,' and the minor
poems, collected and published together for the first time
by Thynne in 1532, were printed from defective and im¬
perfect manuscripts without any critical oversight or correc¬
tion; and from that time to our own day they have been
reprinted from the black-letter folios without any attempt
at systematic critical revision. The 'Canterbury Tales'
have, indeed, fared somewhat better, having been more than
once carefully edited by critics in many respects well qualified
for the task. But much still remains to be done for the text
of Chaucer’s greatest work; and still more, perhaps, for the
adequate explanation of its language and allusions. We
have as yet no satisfactory and authoritative text even of
the 'Canterbury Tales'; and the best published text, that
recently revised by Mr. Morris, to which we shall presently
refer in detail, is without note or comment of any kind.
The work which Johnson projected, and which a succession
of eminent scholars and critics have so earnestly desiderated,
still remains, therefore, to be done.
In these circumstances the formation of a Chaucer Society,
mainly for the purpose of printing the best existing manu¬
scripts of the poet’s works, ought to be matter of hearty con¬
gratulation to all lovers of English literature. Our public
and private libraries are rich in Chaucer manuscripts, and
the best of these must be available for critical use before an
authoritative, complete and satisfactory text of Chaucer can
be produced. But the only way of placing these manu¬
scripts within the reach of English scholars is by printing
them; and, if done at all, this must obviously be the work
of a special Society. With this end in view, the Chaucer
Society was accordingly founded two years ago.
[Account of the Chaucer Society’s aims and publications.
[p.7] Value of the latter to students. Only seventy subscribers
in England, and thirty in the United States. Readers
recommended to subscribe.]
[p. 8] From what we have said it will be seen that the publi¬
cations of the Chaucer Society are preparing the way for a
complete edition of Chaucer’s works in the twofold direction
of text and commentary. The requirements of such an
edition are an authoritative text based on a comparison of
the best manuscripts, and an adequate explanation in the
shape of notes and commentary of Chaucer’s learning and
literary studies, his allusions, language and versification.
The first point is the text; and, in order to estimate fairly
the work the Chaucer Society is doing in this respect, it is
necessary to glance at the history of the printed texts down
to the present time. Caxton printed the 'Canterbury
Tales' twice, the first time from a very corrupt manuscript,
and the second time from a much better one. 'Troilus and
Cressid,' 'The House of Fame,' 'The Assembly of Fowls,'
and some minor pieces, were printed by Caxton’s coadjutors
and successors, Wynken de Worde and Pynson. The first
edition of Chaucer’s poetical works was that published in
1532, and edited by W. Thynne. In his curious dedication
to Henry VIII, Thynne claims to have corrected, by com¬
parison with the manuscripts, those parts of the poet’s works
already printed, and to have published the rest for the first
time. [Thynne quoted; see above, 1532, vol. i, p. 79].
As may be surmised from this extract, Chaucer did not
benefit much from Thynne’s supervision, his text of the
'Canterbury Tales' being in some respects inferior to that
of Caxton’s second reprint, while the minor poems are
crowded with verbal corruptions. Stowe, the next editor,
added little to Thynne’s work, except some miscellaneous
poems, 'now imprinted for the first time,' which fill twenty
pages of his massive folio. These poems are of doubtful
authority, being more in Lidgate’s manner than Chaucer's;
but the longest of them, 'The Court of Love,' has kept its
place in the subsequent editions of the poet’s works. The
third chief edition published during the sixteenth century is
[p. 9] that edited by Speight, and in many respects he may fairly
be regarded as the first editor, strictly so called, of Chaucer.
Thynne and Stowe paid but little attention to the text;
and neither of them attempted anything in the way of
illustration or commentary. Speight attended in a manner
to both these departments of an editor’s duty; and, though
his alterations in the text are comparatively few and unim¬
portant, they are still in the main improvements. But his
claims as an editor rest mainly on his explanations of
Chaucer’s language. He is the first that attempted any
detailed explanation of archaic words and phrases; and his
glossary, with all its imperfections, entitles him to the grateful
remembrance of Chaucer students. ... Speight’s compact
folio, first published in 1598, again in 1602, with some im¬
provements, and a third time in 1687, with a few trifling
additions, continued to be the standard edition of Chaucer
throughout the whole of the seventeenth century. Down to
the beginning of the eighteenth century, indeed, the collected
works of our more celebrated poets generally appeared in
the folio form, and the folio belongs to the pre-critical period
of our literary history. Urry’s ambitious work, which ap¬
peared in 1721 and has the distinction of being the tallest of
all the Chaucer folios, is certainly no exception. The licen¬
tious alterations of the text, in which Urry habitually in¬
dulged, have simply made it perversely corrupt in every
part. . . .
[p. 10] The first editor of any part of Chaucer's works who dis¬
played anything like the spirit and power of genuine criticism
was undoubtedly Dr. Thomas Morell, best remembered per¬
haps by his learned 'Thesaurus' ... Dr. Morell was, how¬
ever, an English as well as a classical scholar, having edited
Spenser, and commenced the publication of the 'Canterbury
Tales' on a thoroughly complete and satisfactory plan. The
only matter of regret is that he did not carry out his admirable
scheme and finish the work he had so well begun. The first
volume of the projected work, and we believe the only one
ever issued, appeared in 1737, and was entitled 'The Can¬
terbury Tales of Chaucer in the original, from the most
authentic manuscripts, with references to authors ancient
and modern, various readings, and explanatory notes.'
This volume contains the 'Prologue' and the 'Knight’s
Tale,' a modern version of each being appended to the
original text. Tyrwhitt refers to it in terms of high but just
praise; and it appears from his reference to have been the
only part of the work that had been published. ... This
part is, however, quite sufficient to show that in undertaking
to edit Chaucer Dr. Morell took a just and comprehensive
view of the work to be done, and that he possessed many
of the higher qualities essential to its successful execution.
His plan includes minute attention both to text and com¬
mentary; and in dealing with the text 'he set out,' says
Tyrwhitt,  'upon the only rational plan, that of collating the
best manuscripts and selecting from them the genuine read¬
ings.' [Then follow comments and quotations on Morell and
Urry’s views of Chaucer’s versification.]
[p. 12] Tyrwhitt comes next as an editor of Chaucer, and his
edition of the 'Canterbury Tales' is so well known that it
is needless to specify its merits and defects in detail. In
our judgment, the merits of the work far outweigh its defects,
although in the present state of our knowledge the text
must no doubt be regarded as seriously defective. Still on
the whole Tyrwhitt has done more for Chaucer than any
other single editor. It is no doubt true that he was un¬
acquainted with the niceties of Chaucer’s grammar, and their
intimate connexion with the mechanism of his verse; and
[p. 13] Mr. Wright, in the introduction to his edition of the 'Canter¬
bury Tales,' has emphasized these deficiencies in somewhat
sweeping terms. But Tyrwhitt was a sagacious critic, pos¬
sessing great literary knowledge, taste, and industry; and
he brought all his powers and acquirements to the illustration
of his favourite author, often with the happiest results. ...
The next step in the history of Chaucer texts is the publi¬
cation of this manuscript—the Harleian—by Mr. Wright in
1847. This publication represents something like a revolution
in the plan of editing Chaucer, and at once raises the whole
question as to the best method of dealing with the text. At
first sight Mr. Wright seems to make out a strong case for his
own plan. After noticing that the grammatical forms of the
fourteenth century underwent a considerable change about the
middle of the fifteenth, and that copyists of this date usually
employed the language of the time rather than of the author
they are copying, he contends that the only satisfactory plan
of editing Chaucer is to select the oldest and best manuscript,
and to adhere to it faithfully throughout. The opposite plan,
which had hitherto been usually followed, he condemns
indeed in no very measured terms :—
'It is evident, therefore,' he says, 'that the plan of forming
the text of any work of the periods of which we are speaking
from a number of different manuscripts, written at different
times and different places, is the most absurd plan which it
is possible to conceive. Yet this was the method professedly
followed by Tyrwhitt in forming a text of the ""Canterbury
Tales"" of Chaucer.'
And after pointing out Tyrwhitt’s special disqualifications
as a student of manuscripts, he adds :—
'Under these circumstances it is clear that to form a satis¬
factory text of Chaucer, we must give up the printed editions,
and fall back upon the manuscripts; and that instead of
bundling them altogether, we must pick out one best manu¬
script which also is one of those nearest to Chaucer's time.
The latter circumstance is absolutely necessary, if we would
reproduce the language and versification of the author. At
the same time it cannot but be acknowledged that the earliest
manuscript might possibly be very incorrect and incomplete,
from the ignorance or negligence of the scribe who copied
it. This, however, is not the case with regard to Chaucer's
[p. 14] ""Canterbury Tales."" The Harleian manuscript, No. 7334,
is by far the best manuscript of Chaucer's ""Canterbury
Tales"" that I have yet examined, in regard both to antiquity
and correctness. The handwriting is one which would at
first sight be taken by an experienced scholar for that of the
latter part of the fourteenth century, and it must have been
written within a few years after 1400, and therefore soon
after Chaucer’s death and the publication of the ""Canterbury
Tales."" Its language has very little, if any, appearance of
local dialect; and the text is in general extremely good, the
variations from Tyrwhitt being usually for the better.'
This reasoning seems, as we have said, sufficiently conclu¬
sive, and it has very naturally determined the course of sub¬
sequent editors, both Mr. Bell and Mr. Morris having followed
Mr. Wright’s plan, and adopted the text he had selected.
But the publication of the Chaucer Society six-text edition
of the 'Prologue' and 'Knight’s Tale' has very much
destroyed the force of Mr. Wright’s plea in favour of adhering
strictly to a single text. A comparison of the Harleian
text with the six now publishing by the Society, will show
that there are numberless points of grammar, metre, or sense
in which it may be improved by careful collation, and that
the old plan must still be followed before we can hope to
secure a satisfactory and authoritative text. ...
[p 15] The latest text of Chaucer’s poetical works, that edited by
Mr. Morris, and substituted for Tyrwhitt’s in the new issue of
the Aldine Series, is undoubtedly also the best. Mr. Morris
is one of our most accurate and accomplished early English
scholars, and no better editor of a mediæval text could possibly
be found. After examining several manuscripts of the
'Canterbury Tales,' he agreed with Mr. Wright in thinking
the Harleian text the best, and it has accordingly been
selected and faithfully adhered to throughout. Clerical
errors and corrupt readings were corrected by collation with
other manuscripts, especially the Lansdowne, and a careful
examination of Mr. Morris’s text will show how painstaking
he has been in this part of his work. The rest of the poems
have been edited from the manuscripts where they existed,
and the result is the best text of Chaucer that has yet
appeared. ...
A comparison of Mr. Morris’s text of the 'Prologue' and
the 'Knight’s Tale' with the texts of the Society, has,
however, convinced us that the question as to possible
improvement must be answered decisively in the affirmative.
Knowing beforehand the excellence of the Harleian text, and
the general agreement of the six other manuscripts, we have
[p. 16] been surprised indeed at the number of emendations of
greater or less importance they afford. In the 'Prologue'
alone there are, in our judgment, upwards of fifty lines that
may be improved by collation either in sense or metre, while
in the 'Knight’s Tale' the better readings are in proportion
to its length even more numerous and important. These
better readings affect mainly the metre, the meaning, or the
poetical expressiveness of the existing text. Some, again,
effect marked improvements in minutiæ of grammar, em¬
phasis, and spelling.
[pp. 16-33] [Examples are given and various readings discussed.]
[p.33] Quite as much still remains to be done for the illustration as
for the text of Chaucer’s poetical works. There are in his
writings almost innumerable points of philological, literary,
or historical interest that require to be elucidated. Chaucer
was not only familiar with every phase of contemporary life,
but profoundly read in all existing literature. He knew by
intimate personal experience the tastes and habits, the
pursuits and recreations, the superstitions and beliefs, of all
ranks and classes amongst his own countrymen; and his
public employments had enlarged the field of his observation
so as to include almost every country in Europe. He had
seen active military service abroad, and had taken part in
splendid public ceremonials at home; had lived habitually
in courts, camps and great cities, as well as in the congenial
[p. 34] retirement of country life. The whole world of nature and
human experience was in this way mirrored in his sunny
intellect, while the higher influences of both had melted
serenely into the quiet depths of his curiously meditative
and observant mind. As a natural result there is a mellowed
fulness in his maturer delineations; a joyous animation, a
living truth, a variety and completeness of detail in his pictures
of life that obscure at first the purely literary or academical
accomplishments of his mind; or rather, perhaps, it would be
more correct to say that in his later works the learning and
knowledge of life are so fused by imaginative sympathy into
a new poetical whole, that there is at first no distinct con¬
sciousness of the separate elements. ... On closer ex¬
amination, however, the range and minuteness of Chaucer's
learning becomes clearly apparent. He employed materials
derived from all existing literatures home and foreign; not
only the early English chronicles and stories, the Norman-
French romances and fables, the new epic and Iyrical poetry
of Italy, and the whole range of Latin literature, including
not only the classics proper, as well as the science and art,
the history and philosophy ot the time, but also Byzantine
legends and brilliant fragments of Eastern romance, that
had passed into Europe in the wake of the returning
Crusaders. The adequate illustration of Chaucer thus re¬
quires, in addition to a minute acquaintance with the state
of the language in his day, a full knowledge of con¬
temporary literature and history. No single editor has as
yet united these requirements. Tyrwhitt, who studied with
some care the literature and history of the fourteenth
century, was comparatively ignorant of Chaucer’s language;
while recent editors, such as Mr. Wright and Mr. Morris,
who are well acquainted with Chaucer’s language, have
attempted hardly anything in the way of literary or historical
illustration.
But the primary requirement of all expository criticism
of Chaucer is undoubtedly the full interpretation of his
language. ... There is still, however, a great deal to be
done for the elucidation of Chaucer's language; and, un¬
fortunately, Mr. Morris, who of living scholars is in many
respects best qualified for the work, has confined his labours
in this direction to a revision of previous glossaries. ...
[p. 40] This [comparison with Piers Plowman] points to an import¬
[An examination of Morris’s Glossary follows.]
ant means of interpreting Chaucer’s language which has not
as yet been turned to anything like adequate account. We
refer to the critical examination of the writings of his con¬
temporaries and immediate successors. The more carefully
the early literature of the fourteenth century is studied, the
more clearly will it appear that Chaucer’s additions to the
vocabulary of the language are far less numerous than is
commonly supposed. He has been charged with adulterating
the English speech of his time by the wholesale importation
of foreign, and especially of Norman-French, words. In his
early translations and paraphrases from Norman-French he
occasionally, it is true, transfers words mainly for the con¬
venience of their rhymes. But with these exceptions his
importations are comparatively few. His real superiority
lies in the admirable taste and judgment displayed in the
[p. 41] selection of his vocabulary, the natural reflex of his keen and
exquisite sensibility to the latent significance of language.
The perfection of his art lies in his subtle insight into the
deeper meaning of words, and his power of combining them
in the most felicitous manner. He is not fond of verbal
novelties for their own sake, and his obscurities of phrase
and diction may generally therefore be explained by a
reference to the literature of the fourteenth and fifteenth
centuries. The works of Gower and Lidgate, especially the
latter, are of essential service in this respect.",[Information as to the authorship of this article was kindly supplied by the Editor of the Edinburgh Review.]
part3_p9_a1,Vol.2,part III,p9,1852.,"Edgar, Andrew.","Popular Literature,","[in] Tusculana, pp. 116, 118-19, 127-8.","[p. 118] We never rise from their perusal [i. e. of the Canterbury
[p. 119] phraseology, their popularity at the present day would be un¬
Tales] without a conviction that, but for their antique
bounded. . . They present to us men as they were, and in
truth, as they always will be. . . The masterly narrative of
Hume conveys but an imperfect notion of those times, in
comparison with what may be derived from the ""Canterbury
Tales."" We are presented with the very form and pressure of
the age. . . We are admitted behind the scenes; we inspect
the interior of society. We see causes beginning to operate of
which we now enjoy the effects. We see the clergy meeting
with the contempt and sneers of wise observers. . . We see
the rising influence of the people. . . Then in addition to
all this we have fancy and imagination shedding their radiance
over all, romance so like truth, poetry so full of nature.
Would not a writer of such powers, and such a character, but
for the unfortunate drawback to which we have alluded, and
which the failure of every attempt has rendered us almost
hopeless of ever seeing removed, be likely to find favour in the
eyes of a generation who pay such homage to the mirrored life
of Shakespeare, and who take such delight in ""the pictured
page"" of Scott?","[This passage was quoted in extenso by a reviewer in the Gentleman's Magazine, March, 1858, new ser., vol. xxxix, pp. 286-7, and commended as ""a little over wrought, but in the main just.""]"
part3_p9_a2,Vol.2,part III,p9-10,1852.,"Mitford, Mary Russell.","Recollections of a Literary Life,","3 vols.; vol. i, p. 111; vol. ii, pp. 176, 236; vol. iii, pp. 189-91, 194.","[iii. 190] These towers [Donnington] with their battlements, and the
deep, arched entrance . . . speak of little but war in its
sternest form; but the little hall, with its beautiful groined
roof, and a certain mixture of rude splendour and homely
comfort, . . . tells of the genial poet whose healthy, cordial,
[p. 191] hearty spirit must have made him the delight of every board,
and most especially of his own.
I was much tempted to extract some passage in harmony
with this feeling; some bright and life-like portrait from the
description of the Canterbury Pilgrims, or that inimitable
character of the good Parson, which amongst its innumerable
merits has none higher than the proof it affords of Chaucer's
own love of piety and virtue. . . . I subjoin (taking no other
freedom than that of changing the orthography) one of my
own favourite bits, . . . full as it seems to me of tenderness,
pathos and truth.
[Quotation–Man of Law’s Tale, Il. 722-875.]","[For Miss Mitford's letter and sonnet on this occasion, see above, 1815."
part3_p12_a1,Vol.2,part III,p12,[1853.],"Chaucer, Geoffrey",The Canterbury Tales;,"A New Text, with illustrative Notes by T. Wright. Universal Library (Ingram, Cooke and Co.), Poetry, Vol ii [Reprinted with additions in 1860.]","[A reprint of Wright’s Percy Society edn., 1848-51, q.v.]",
part3_p12_a2,Vol.2,part III,p12,1853.,"Chaucer, Geoffrey",The Canterbury Tales ...,"from the text and with the notes and glossary of T. Tyrwhitt, . . . A new edition. Illustrated by Edward Courbould. (Routledge’s British Poets.) [Re-issued in Routledge’s Standard Library in 1878, 1882, etc.]",,
part3_p15_a2,Vol.2,part III,p15,1854-56.,"Chaucer, Geoffrey","Works of Chaucer,","8 vols., in Bell's Annotated Edition of the English Poets. [The introductions and notes are by Robert Bell. Re-edited in 1878, q.v. below.]","[Vol. i contains the Biography and Literary Introduction.
The Biography, though the usual apocryphal pieces, except
the Testament of Love, are accepted, is a good gathering-up
of the facts then known, based on Tyrwhitt, Godwin, Nicolas,
etc. The residence at Donnington Castle is not accepted.
The Introduction deals with Chaucer’s learning, language,
metre, etc. The various pieces in the text have each an Intro¬
duction and notes. The apocryphal pieces include The Court
of Love, Parlement of Foules, Cuckoo and Nightingale, Flour
and Lefe, vol. iv; Chauceres Dreme (The Island of Ladies),
vol. vi; Complaint of the Black Knight, Balade de Vilage
(= Vissage) sans Peynture, Chaucer's Prophecy, Orisoun to
the Virgin, Lamentation of Mary Magdalen, Praise of
Women, Eight Goodly Questions, Lines to the King and
Knights of the Garter, vol. viii, the latter four pieces being
included in Poems Attributed to Chaucer.]",
part3_p34_a1,Vol.2,part III,p34-35,[n.b. 1856.],"Smith, Alexander.","Sydney Dobell,","[in] Last Leaves, 1868, p. 179.","Chaucer and Spenser are the fountain-heads of all succeed¬
ing English poetry. Chaucer is the father of the humorous,
kindly, dramatic, genially-lyrical men; Spenser of the intense,
allegorical, didactic, remote, and, by comparison, unsocial men.
Shakespeare, Dryden, Burns, Byron, Browning, draw descent
from Chaucer. Milton, Young, Wordsworth, Shelley, and
Tennyson from Spenser.","[Written after the publication (in 1856) of Dobell's England in Time ol War. Smith
died in 1867.]"
part3_p70_a1,Vol.2,part III,p70-71,[n. a. 1863.],"Smith, Alexander.","William Dunbar,","[in] Dreamthorp, 1863, pp. 67-72, 81.","[p. 68] Chaucer... appeared at a time when the Saxon and
Norman races had become fused.... He was the first great
poet the island produced; and he wrote for the most part in
the language of the people.... In his earlier poems he was
under the influence of the Provençal Troubadours, and in his
""Flower and the Leaf"" and other works of a similar class, he
riots in allegory.... He lived in a brilliant and stirring
time; he was connected with the court; he served in armies;
he visited the Continent; and, although a silent man, he
carried with him, wherever he went, and into whatever
[p. 69] company he was thrown, the most observant eyes perhaps that
ever looked curiously out upon the world. ... And so it was
that, after mixing in kings' courts, and sitting with friars in
taverns, and talking with people on country roads, and travel¬
ling in France and Italy, and making himself master of the
literature, science, and theology of his time, and when perhaps
touched with misfortune and sorrow, he came to see the depth
of interest that resides in actual life. ... It is difficult to
define Chaucer's charm. He does not indulge in fine senti¬
ments; he has no bravura passages; he is ever master of him¬
self and of his subject. The light upon his page is the light
[p. 70] of common day.... It is his shrewdness, his conciseness, his
ever-present humour, his frequent irony, and his short homely
line—effective as the play of the short Roman sword—which
strikes the reader most. [Chaucer and Fielding compared in
their common-sense and English relish for fact.] Chaucer was
a Conservative in all his feelings; he liked to poke his fun at
the clergy, but he was not of the stuff of which martyrs are
made...
[p. 71]
Chaucer was born about 1328, and died about 1380.","[Probably reprinted from a review. Irving's History a Scottish Poetry (1860) is spoken of (p. 75) as ""published the other day.""]"
part3_p74_a1,Vol.2,part III,p74,[n. a. 1864?],"Pater, Walter Horatio.","Conversation with Mr. Richard C. Jackson,","[in] The Life of Walter Pater, by Thomas Wright, 1907, 2 vols., vol. ii, pp. 267-8.","[p. 268] One day, when Pater and Mr. Jackson were visiting an
acquaintance, Pater chanced to take up a rather rare little book
called Chaucer Modernised. He remarked that he had never
seen it before, and frankly admitted that he was entirely
ignorant of the literature connected with Chaucer; that, more¬
over, of Chaucer himself and his work he knew very little.
""Of course,"" he added, “I have heard of the Canterbury Tales,
but I did not know that they were considered of sufficient
importance to be modernised.""
[Mr. Jackson exclaims upon Pater's ignorance of English
literature, which however he finds natural in ""a Tutor of
Oxford,"" and offers to shew him a work in his library which
cannot fail to open his eyes.]
Pater duly presented himself early one morning, and Mr.
Jackson placed before him the magnificent Black Letter
Chaucer above described [ed. Speght, 1598]. Opening the
book, Pater gave an exclamation of wonder and delight, and
all that day he sat poring over its pages, scarcely saying a
word.
[In the evening he made severe observations on the neglect
of English in education, concluding:]
""Books like this or facsimiles of them ought to be in all
schools and colleges."" ... Then pointing to the portrait of
Chaucer he said : ""This portrait, dight with heraldry, has as
much within it as a vast number of the so-called commentaries
of the Bible.""","[It is obvious from the phrasing alone that this story is untrue as it stands. The whole book is full of equal and even greater absurdities. But it may be based on some real expression of regret on Pater's part at his ignorance of Chaucer, and is perhaps worth quoting on that account. If Pater was ""a Tutor of Oxford"" at the time, it must have been in or after 1864, when he took his Fellowship at Brasenose. Mr. Jackson had inherited Charles Lamb's library, and this may have been the copy mentioned above, 1823. He also (Wright, vol. ii, p. 180) owned, and shewed to Pater, Blake's original oil-sketch for the Canterbury Pilgrims.]"
part3_p81_a1,Vol.2,part III,p81,1866.,"Chaucer, Geoffrey",The Poetical Works of Geoffrey Chaucer.,"Aldine edition, ed. R. Morris, 6 vols.","[With Sir N. H. Nicolas' Life, and Tyrwhitt's Essay and
Discourse, and a glossary. To the Essay are appended some
sections on Chaucer's metres by W. W. Skeat. The Court of
Love and the Cuckow and the Nightingale, Chaucer's Dream
(The Isle of Ladies) and the Flour and the Lefe are included
in the text.]
[Preface, In this edition of Chaucer's poetical works Tyrwhitt's text
p. v]
has been replaced by one based upon manuscripts ...
No better manuscript of the Canterbury Tales could be
found than the Harleian manuscript, 7334, which is far more
uniform and accurate than any other I have examined; it has,
therefore, been selected and faithfully adhered to throughout
[pp. vi- as the text of the present edition. [MS. Lansdowne 851 and
viii]
the MSS. employed by Tyrwhitt also used to check MS.
Harl. Examples of successful emendations introduced, and of
the final e. A list of the poems included and of the MSS.
used.]",
part3_p114_a1,Vol.2,part III,p114-115,"1873, etc.","Furnivall, Frederick James, and others.","Notices of Chaucer Discoveries, Notes, Correspondence, etc.,",[in] The Athenæum [and] The Academy.,"[In 1873 Dr. Furnivall contributed a series of notices of
recent Chaucerian discoveries to the Athenæum, and later he
and others published notes, etc., frequently in the Academy
and less frequently in the Athenæum.]",
